elapsed_s,gpu,mem_used_mb,util_pct,temp_c,power_w
0.1,0,1439,0,51,22.13
0.1,1,55,0,34,7.03
0.1,2,15,0,55,20.66
2.2,0,1439,0,51,21.58
2.2,1,55,0,34,7.15
2.2,2,15,0,55,20.40
4.3,0,1439,0,52,24.82
4.3,1,55,0,35,8.52
4.3,2,15,0,55,23.28
6.3,0,1439,0,51,22.02
6.3,1,55,0,35,7.30
6.3,2,15,0,55,21.25
8.4,0,1439,0,51,21.58
8.4,1,55,0,34,7.03
8.4,2,15,0,55,20.30
10.5,0,1439,1,51,22.01
10.5,1,55,0,34,7.30
10.5,2,15,0,55,20.45
12.6,0,1439,0,51,22.93
12.6,1,55,0,35,11.72
12.6,2,15,0,55,30.02
14.7,0,1439,0,51,21.59
14.7,1,55,0,34,7.14
14.7,2,15,0,55,20.73
16.7,0,1439,0,51,21.75
16.7,1,55,0,34,6.99
16.7,2,15,0,55,20.38
18.8,0,1439,0,51,25.56
18.8,1,55,0,35,8.94
18.8,2,15,0,55,23.90
20.9,0,1439,0,51,21.86
20.9,1,55,0,35,7.75
20.9,2,15,0,55,21.77
23.0,0,1439,0,51,21.53
23.0,1,55,0,34,7.04
23.0,2,15,0,55,20.38
25.1,0,1439,0,51,22.61
25.1,1,55,0,34,7.02
25.1,2,15,0,54,20.51
27.2,0,1439,0,51,23.26
27.2,1,55,0,35,11.46
27.2,2,15,0,55,29.86
29.3,0,5133,100,58,215.78
29.3,1,55,0,34,7.09
29.3,2,15,0,54,20.65
31.3,0,2253,100,60,240.31
31.3,1,55,0,34,6.92
31.3,2,15,0,54,21.07
33.4,0,1569,17,57,148.23
33.4,1,55,0,35,9.21
33.4,2,15,0,55,25.07
35.5,0,2613,76,62,286.30
35.5,1,55,0,35,7.44
35.5,2,15,0,55,22.78
37.6,0,2613,57,61,170.19
37.6,1,55,0,34,6.74
37.6,2,15,0,54,21.52
39.7,0,5365,96,63,189.53
39.7,1,55,0,34,6.81
39.7,2,15,0,54,21.27
41.7,0,2677,97,65,264.65
41.7,1,55,0,35,7.35
41.7,2,15,0,55,22.95
43.8,0,11913,100,67,276.47
43.8,1,55,0,34,6.87
43.8,2,15,0,54,20.98
45.9,0,11761,97,68,293.75
45.9,1,55,0,34,6.92
45.9,2,15,0,54,21.04
48.0,0,2623,45,64,165.18
48.0,1,55,0,35,11.35
48.0,2,15,0,55,29.52
50.1,0,2623,0,66,146.02
50.1,1,55,0,35,7.73
50.1,2,15,0,54,21.63
52.2,0,1825,0,64,95.89
52.2,1,55,0,34,6.89
52.2,2,15,0,54,20.87
54.2,0,5585,69,68,218.38
54.2,1,55,0,35,8.05
54.2,2,15,0,55,22.65
56.3,0,2485,58,68,194.32
56.3,1,55,0,35,6.78
56.3,2,15,0,55,22.80
58.4,0,2069,30,67,207.59
58.4,1,55,0,34,6.89
58.4,2,15,0,54,20.63
60.5,0,1653,0,66,108.82
60.5,1,55,0,34,6.72
60.5,2,15,0,54,20.69
62.6,0,5477,100,70,185.26
62.6,1,55,0,35,11.19
62.6,2,15,0,55,29.29
64.7,0,1715,0,67,169.23
64.7,1,55,0,34,6.48
64.7,2,15,0,54,21.15
66.7,0,2629,23,69,213.00
66.7,1,55,0,34,5.82
66.7,2,15,0,54,20.76
68.8,0,2341,20,69,157.76
68.8,1,55,0,35,7.23
68.8,2,15,0,54,23.67
70.9,0,2153,0,68,116.22
70.9,1,55,0,35,6.50
70.9,2,15,0,54,22.22
73.0,0,3575,46,71,189.76
73.0,1,55,0,34,6.07
73.0,2,15,0,54,20.77
75.0,0,6073,42,73,218.51
75.0,1,55,0,34,6.00
75.0,2,15,0,54,21.18
77.1,0,4141,38,73,212.48
77.1,1,55,0,35,10.33
77.1,2,15,0,54,29.58
79.2,0,3725,67,74,245.55
79.2,1,55,0,34,5.99
79.2,2,15,0,54,21.45
81.3,0,6445,4,75,236.05
81.3,1,55,0,34,5.68
81.3,2,15,0,54,21.36
83.4,0,4461,99,76,236.35
83.4,1,55,0,35,7.57
83.4,2,15,0,54,24.27
85.5,0,4301,55,76,215.42
85.5,1,55,0,35,6.42
85.5,2,15,0,54,22.46
87.6,0,4141,80,77,254.58
87.6,1,55,0,34,5.73
87.6,2,15,0,54,21.24
89.6,0,4205,81,78,260.40
89.6,1,55,0,34,5.82
89.6,2,15,0,54,21.45
91.7,0,4237,68,78,263.01
91.7,1,55,0,35,10.21
91.7,2,15,0,54,29.24
93.8,0,4013,84,79,266.13
93.8,1,55,0,34,5.95
93.8,2,15,0,54,21.71
95.9,0,3739,68,80,247.96
95.9,1,55,0,34,5.64
95.9,2,15,0,54,21.74
98.0,0,5851,100,80,219.22
98.0,1,55,0,35,7.66
98.0,2,15,0,54,25.16
100.1,0,3719,45,80,193.80
100.1,1,55,0,35,6.57
100.1,2,15,0,54,21.62
102.2,0,3495,0,75,105.11
102.2,1,55,0,34,5.98
102.2,2,15,0,54,21.16
104.3,0,6089,0,76,118.07
104.3,1,55,0,34,6.91
104.3,2,15,0,54,21.72
106.4,0,6681,100,80,225.26
106.4,1,55,0,35,6.86
106.4,2,15,0,54,22.58
108.5,0,4455,37,80,198.87
108.5,1,55,0,34,6.80
108.5,2,15,0,54,21.09
110.6,0,4195,54,80,226.37
110.6,1,55,0,34,6.98
110.6,2,15,0,54,21.65
112.7,0,4193,63,80,264.93
112.7,1,55,0,35,9.08
112.7,2,15,0,54,29.26
114.8,0,4673,67,80,261.95
114.8,1,55,0,34,7.07
114.8,2,15,0,54,21.69
116.9,0,4705,73,82,272.44
116.9,1,55,0,34,6.58
116.9,2,15,0,54,21.54
119.0,0,4409,91,83,271.36
119.0,1,55,0,35,7.43
119.0,2,15,0,54,23.30
121.1,0,7865,100,83,251.21
121.1,1,55,0,35,6.78
121.1,2,15,0,54,22.10
123.1,0,6617,100,83,267.46
123.1,1,55,0,34,5.96
123.1,2,15,0,54,20.87
125.2,0,4985,100,83,268.93
125.2,1,55,0,34,5.89
125.2,2,15,0,54,20.96
127.3,0,5113,63,84,291.35
127.3,1,55,0,35,10.11
127.3,2,15,0,54,29.34
129.4,0,4313,90,83,244.43
129.4,1,55,0,34,5.74
129.4,2,15,0,54,21.79
131.4,0,6831,100,83,180.28
131.4,1,55,0,34,5.56
131.4,2,15,0,54,21.15
133.5,0,6223,100,84,253.57
133.5,1,55,0,35,7.18
133.5,2,15,0,54,23.57
135.6,0,6253,100,84,263.89
135.6,1,55,0,35,6.16
135.6,2,15,0,54,22.45
137.6,0,4241,40,83,229.32
137.6,1,55,0,34,5.61
137.6,2,15,0,54,21.04
139.7,0,4429,57,83,217.02
139.7,1,55,0,34,5.61
139.7,2,15,0,54,21.26
141.8,0,2141,0,80,187.48
141.8,1,55,0,35,9.89
141.8,2,15,0,54,29.51
143.9,0,6683,100,83,274.45
143.9,1,55,0,34,5.82
143.9,2,15,0,54,20.80
145.9,0,3421,100,82,233.75
145.9,1,55,0,34,5.84
145.9,2,15,0,54,20.71
148.0,0,13151,100,85,280.92
148.0,1,55,0,35,7.87
148.0,2,15,0,54,24.47
150.1,0,13473,100,82,265.13
150.1,1,55,0,35,6.02
150.1,2,15,0,54,21.71
152.2,0,23115,89,85,270.78
152.2,1,55,0,34,5.84
152.2,2,15,0,54,20.72
154.2,0,23147,100,85,286.92
154.2,1,55,0,34,5.79
154.2,2,15,0,54,20.79
156.3,0,22715,100,84,256.50
156.3,1,55,0,35,10.27
156.3,2,15,0,54,22.92
158.4,0,25083,100,84,193.20
158.4,1,55,0,34,6.01
158.4,2,15,0,54,20.87
160.5,0,22203,75,84,195.62
160.5,1,55,0,34,5.89
160.5,2,15,0,54,20.93
162.5,0,22715,76,84,251.12
162.5,1,55,0,35,7.87
162.5,2,15,0,54,24.81
164.6,0,22811,72,84,245.57
164.6,1,55,0,35,6.44
164.6,2,15,0,54,22.58
166.7,0,4027,20,82,239.66
166.7,1,55,0,34,6.77
166.7,2,15,0,54,21.28
168.8,0,5269,71,85,259.02
168.8,1,55,0,34,7.32
168.8,2,15,0,54,22.11
170.9,0,5397,86,85,274.76
170.9,1,55,0,35,7.53
170.9,2,15,0,54,22.19
173.0,0,4757,85,85,266.81
173.0,1,55,0,34,6.93
173.0,2,15,0,54,21.39
175.1,0,7637,19,85,220.43
175.1,1,55,0,34,6.91
175.1,2,15,0,54,21.33
177.2,0,8149,32,85,223.80
177.2,1,55,0,35,11.40
177.2,2,15,0,54,29.42
179.2,0,7893,100,84,212.61
179.2,1,55,0,34,6.84
179.2,2,15,0,54,21.18
181.3,0,5461,55,85,232.98
181.3,1,55,0,34,6.20
181.3,2,15,0,54,20.78
183.4,0,5461,79,85,260.04
183.4,1,55,0,35,6.86
183.4,2,15,0,54,22.84
185.5,0,5397,73,85,248.38
185.5,1,55,0,35,6.49
185.5,2,15,0,54,22.60
187.6,0,5429,83,86,262.52
187.6,1,55,0,34,5.60
187.6,2,15,0,54,21.31
189.6,0,5397,82,86,255.96
189.6,1,55,0,34,6.09
189.6,2,15,0,54,21.41
191.7,0,5397,84,86,277.18
191.7,1,55,0,35,10.10
191.7,2,15,0,54,28.89
193.8,0,2499,43,86,256.51
193.8,1,55,0,34,5.99
193.8,2,15,0,54,21.33
195.9,0,7013,100,86,209.96
195.9,1,55,0,34,5.80
195.9,2,15,0,54,20.69
197.9,0,3061,100,83,253.97
197.9,1,55,0,35,7.56
197.9,2,15,0,54,23.30
200.0,0,4009,100,84,232.06
200.0,1,55,0,35,5.64
200.0,2,15,0,54,22.45
202.1,0,3871,58,85,203.91
202.1,1,55,0,34,5.86
202.1,2,15,0,54,20.97
204.1,0,2225,0,83,137.40
204.1,1,55,0,34,6.12
204.1,2,15,0,54,21.10
206.2,0,6433,100,85,263.66
206.2,1,55,0,35,10.38
206.2,2,15,0,54,28.60
208.3,0,7969,100,86,254.65
208.3,1,55,0,34,6.01
208.3,2,15,0,54,21.18
210.4,0,3521,26,83,191.57
210.4,1,55,0,34,5.80
210.4,2,15,0,54,20.89
212.4,0,3521,27,83,184.51
212.4,1,55,0,35,7.44
212.4,2,15,0,54,24.32
214.5,0,2753,0,81,163.72
214.5,1,55,0,35,6.27
214.5,2,15,0,54,22.11
216.6,0,6433,100,84,255.42
216.6,1,55,0,34,5.76
216.6,2,15,0,54,20.67
218.7,0,5747,100,85,246.44
218.7,1,55,0,34,5.82
218.7,2,15,0,54,20.87
220.7,0,3903,75,84,237.61
220.7,1,55,0,35,10.46
220.7,2,15,0,54,29.56
222.8,0,6705,37,83,135.18
222.8,1,55,0,34,5.89
222.8,2,15,0,54,21.03
224.9,0,5777,100,85,268.13
224.9,1,55,0,34,6.01
224.9,2,15,0,54,20.70
227.0,0,3935,100,82,237.38
227.0,1,55,0,35,9.02
227.0,2,15,0,54,24.57
229.1,0,3489,47,82,205.74
229.1,1,55,0,35,7.38
229.1,2,15,0,54,22.50
231.2,0,3745,86,83,231.88
231.2,1,55,0,34,6.99
231.2,2,15,0,54,21.04
233.2,0,2881,49,82,191.09
233.2,1,55,0,34,7.06
233.2,2,15,0,54,21.12
235.3,0,6461,100,84,230.63
235.3,1,55,0,35,7.72
235.3,2,15,0,54,22.07
237.4,0,13415,100,85,263.91
237.4,1,55,0,34,6.93
237.4,2,15,0,54,20.72
239.5,0,13353,70,83,272.31
239.5,1,55,0,34,6.75
239.5,2,15,0,54,20.80
241.6,0,13385,100,85,273.15
241.6,1,55,0,35,10.51
241.6,2,15,0,54,29.06
243.7,0,13353,100,86,278.12
243.7,1,55,0,35,6.53
243.7,2,15,0,54,21.79
245.8,0,13417,100,86,277.28
245.8,1,55,0,34,6.33
245.8,2,15,0,54,20.79
247.9,0,13449,100,86,269.29
247.9,1,55,0,35,7.13
247.9,2,15,0,54,22.35
250.0,0,13449,100,86,275.94
250.0,1,55,0,35,6.20
250.0,2,15,0,54,22.41
252.1,0,13449,92,86,271.32
252.1,1,55,0,34,5.88
252.1,2,15,0,54,20.65
254.2,0,13417,100,86,246.90
254.2,1,55,0,34,6.09
254.2,2,15,0,54,20.86
256.3,0,12239,100,87,246.11
256.3,1,55,0,35,10.25
256.3,2,15,0,54,28.98
258.4,0,15685,100,87,253.48
258.4,1,55,0,34,6.11
258.4,2,15,0,54,20.96
260.5,0,14277,100,87,258.37
260.5,1,55,0,34,5.93
260.5,2,15,0,54,20.71
262.5,0,12837,84,87,254.60
262.5,1,55,0,35,7.22
262.5,2,15,0,54,23.53
264.6,0,12357,84,86,266.98
264.6,1,55,0,35,6.30
264.6,2,15,0,54,22.36
266.7,0,15397,39,84,246.84
266.7,1,55,0,34,5.74
266.7,2,15,0,54,21.26
268.8,0,12933,94,87,252.74
268.8,1,55,0,34,5.57
268.8,2,15,0,54,20.94
270.8,0,12773,89,87,264.29
270.8,1,55,0,35,10.49
270.8,2,15,0,54,29.26
272.9,0,12837,91,87,274.59
272.9,1,55,0,34,5.88
272.9,2,15,0,54,21.63
275.0,0,15781,98,87,280.54
275.0,1,55,0,34,5.70
275.0,2,15,0,54,21.09
277.1,0,15845,93,87,265.51
277.1,1,55,0,35,7.61
277.1,2,15,0,54,23.94
279.1,0,15941,100,87,265.59
279.1,1,55,0,35,6.64
279.1,2,15,0,54,22.46
281.2,0,16069,100,87,269.69
281.2,1,55,0,34,5.82
281.2,2,15,0,54,20.75
283.3,0,13125,100,88,263.15
283.3,1,55,0,34,6.04
283.3,2,15,0,54,20.84
285.4,0,12645,97,88,280.22
285.4,1,55,0,35,7.19
285.4,2,15,0,54,28.94
287.4,0,13125,98,88,281.81
287.4,1,55,0,34,6.48
287.4,2,15,0,54,21.25
289.5,0,15751,100,87,274.99
289.5,1,55,0,34,6.87
289.5,2,15,0,54,21.06
291.6,0,14375,100,87,273.69
291.6,1,55,0,35,9.07
291.6,2,15,0,55,24.38
293.7,0,13223,94,87,282.56
293.7,1,55,0,35,7.00
293.7,2,15,0,55,21.66
295.8,0,13575,85,87,261.57
295.8,1,55,0,34,6.59
295.8,2,15,0,54,20.93
297.9,0,4197,70,87,231.32
297.9,1,55,0,35,7.35
297.9,2,15,0,54,21.35
299.9,0,3973,57,86,221.18
299.9,1,55,0,35,6.37
299.9,2,15,0,55,22.62
302.0,0,3973,64,85,212.19
302.0,1,55,0,34,6.60
302.0,2,15,0,54,20.92
304.1,0,6725,32,83,190.28
304.1,1,55,0,34,6.93
304.1,2,15,0,54,21.02
306.2,0,6181,46,86,244.05
306.2,1,55,0,35,11.34
306.2,2,15,0,55,29.04
308.3,0,6597,100,86,253.20
308.3,1,55,0,34,6.61
308.3,2,15,0,54,20.90
310.4,0,6757,75,86,230.63
310.4,1,55,0,34,6.48
310.4,2,15,0,54,20.51
312.5,0,5815,100,86,257.11
312.5,1,55,0,35,8.03
312.5,2,15,0,55,22.77
314.5,0,4005,75,86,223.42
314.5,1,55,0,35,6.91
314.5,2,15,0,55,21.95
316.6,0,3749,43,84,207.49
316.6,1,55,0,34,6.18
316.6,2,15,0,54,20.94
318.7,0,3941,88,86,269.75
318.7,1,55,0,34,6.52
318.7,2,15,0,54,20.96
320.8,0,3749,75,86,264.10
320.8,1,55,0,35,9.94
320.8,2,15,0,55,29.55
322.9,0,3717,64,84,243.66
322.9,1,55,0,34,6.03
322.9,2,15,0,54,21.44
325.0,0,13589,59,84,232.52
325.0,1,55,0,34,5.75
325.0,2,15,0,54,21.03
327.0,0,3113,54,83,215.00
327.0,1,55,0,35,7.63
327.0,2,15,0,55,23.52
329.1,0,6473,100,85,257.50
329.1,1,55,0,35,6.60
329.1,2,15,0,55,22.18
331.2,0,6633,38,85,239.88
331.2,1,55,0,34,5.84
331.2,2,15,0,55,20.81
333.2,0,6153,100,85,243.18
333.2,1,55,0,34,6.03
333.2,2,15,0,55,20.80
335.3,0,6697,95,85,249.24
335.3,1,55,0,35,10.11
335.3,2,15,0,55,29.35
337.4,0,6953,96,83,243.53
337.4,1,55,0,34,5.93
337.4,2,15,0,55,20.91
339.5,0,4169,31,83,228.17
339.5,1,55,0,34,5.70
339.5,2,15,0,55,20.59
341.5,0,3625,34,82,181.83
341.5,1,55,0,35,7.88
341.5,2,15,0,55,24.30
343.6,0,6569,100,83,195.21
343.6,1,55,0,35,6.09
343.6,2,15,0,55,21.82
345.7,0,6089,100,84,239.47
345.7,1,55,0,34,6.23
345.7,2,15,0,55,20.61
347.8,0,6089,100,84,219.22
347.8,1,55,0,34,6.79
347.8,2,15,0,55,20.71
349.9,0,5993,100,84,257.33
349.9,1,55,0,35,7.47
349.9,2,15,0,55,22.19
352.0,0,3593,86,82,226.05
352.0,1,55,0,34,6.77
352.0,2,15,0,55,20.67
354.1,0,6447,96,85,258.50
354.1,1,55,0,34,6.85
354.1,2,15,0,55,21.29
356.2,0,3855,93,85,283.09
356.2,1,55,0,35,8.83
356.2,2,15,0,55,24.78
358.2,0,3951,100,85,270.90
358.2,1,55,0,35,7.61
358.2,2,15,0,55,22.63
360.3,0,4111,87,85,280.06
360.3,1,55,0,34,6.71
360.3,2,15,0,55,21.26
362.4,0,3855,95,85,266.48
362.4,1,55,0,35,7.30
362.4,2,15,0,55,22.01
364.5,0,4143,94,86,282.75
364.5,1,55,0,35,7.17
364.5,2,15,0,55,22.15
366.6,0,6671,100,85,257.65
366.6,1,55,0,34,6.52
366.6,2,15,0,55,20.68
368.6,0,6799,100,85,260.40
368.6,1,55,0,34,6.34
368.6,2,15,0,55,20.70
370.7,0,3343,100,85,271.15
370.7,1,55,0,35,10.26
370.7,2,15,0,55,29.01
372.8,0,6959,100,85,261.58
372.8,1,55,0,34,5.84
372.8,2,15,0,55,21.01
374.8,0,7055,100,86,268.80
374.8,1,55,0,34,5.63
374.8,2,15,0,55,20.69
376.9,0,4111,90,86,290.47
376.9,1,55,0,35,7.06
376.9,2,15,0,55,23.14
378.9,0,6767,88,86,262.26
378.9,1,55,0,35,5.86
378.9,2,15,0,55,22.21
381.0,0,4239,96,86,289.66
381.0,1,55,0,34,5.71
381.0,2,15,0,55,21.05
383.1,0,7439,97,86,275.50
383.1,1,55,0,34,5.91
383.1,2,15,0,55,21.15
385.2,0,4303,97,87,287.93
385.2,1,55,0,35,9.89
385.2,2,15,0,55,29.42
387.2,0,4399,94,87,287.88
387.2,1,55,0,34,5.85
387.2,2,15,0,55,21.41
389.3,0,4111,93,86,273.42
389.3,1,55,0,34,5.77
389.3,2,15,0,55,21.23
391.4,0,6831,96,86,274.90
391.4,1,55,0,34,7.34
391.4,2,15,0,55,23.89
393.4,0,6767,100,86,257.63
393.4,1,55,0,35,6.00
393.4,2,15,0,55,22.49
395.5,0,3215,100,87,268.69
395.5,1,55,0,34,5.84
395.5,2,15,0,55,20.76
397.5,0,6895,100,87,270.63
397.5,1,55,0,34,5.93
397.5,2,15,0,55,20.92
399.6,0,7023,100,87,277.45
399.6,1,55,0,35,10.45
399.6,2,15,0,55,29.08
401.7,0,4015,96,87,263.41
401.7,1,55,0,34,6.13
401.7,2,15,0,55,21.08
403.8,0,3951,96,87,285.80
403.8,1,55,0,34,5.86
403.8,2,15,0,55,21.22
405.8,0,4207,99,85,276.64
405.8,1,55,0,34,8.74
405.8,2,15,0,55,24.13
407.9,0,3983,96,87,281.32
407.9,1,55,0,35,7.32
407.9,2,15,0,56,22.35
410.0,0,4303,100,87,260.47
410.0,1,55,0,34,6.90
410.0,2,15,0,55,20.90
412.1,0,4207,96,87,284.02
412.1,1,55,0,34,7.08
412.1,2,15,0,55,21.23
414.2,0,4111,97,85,268.86
414.2,1,55,0,35,12.06
414.2,2,15,0,56,29.65
416.2,0,13973,94,87,269.62
416.2,1,55,0,34,7.01
416.2,2,15,0,55,21.26
418.3,0,13909,96,86,281.99
418.3,1,55,0,34,6.86
418.3,2,15,0,55,21.01
420.4,0,12431,99,86,273.64
420.4,1,55,0,35,9.21
420.4,2,15,0,56,24.88
422.5,0,15855,79,86,258.39
422.5,1,55,0,35,7.35
422.5,2,15,0,56,22.36
424.6,0,15887,100,87,263.24
424.6,1,55,0,34,7.06
424.6,2,15,0,55,20.68
426.7,0,15567,100,87,262.26
426.7,1,55,0,34,7.34
426.7,2,15,0,55,20.78
428.8,0,16143,100,87,281.87
428.8,1,55,0,35,11.97
428.8,2,15,0,56,29.18
430.9,0,13167,98,87,270.57
430.9,1,55,0,34,7.21
430.9,2,15,0,55,20.90
432.9,0,15759,100,85,270.70
432.9,1,55,0,34,7.04
432.9,2,15,0,55,21.13
435.0,0,12975,98,87,284.53
435.0,1,55,0,35,11.01
435.0,2,15,0,56,29.37
437.1,0,13199,98,87,288.63
437.1,1,55,0,34,6.68
437.1,2,15,0,55,22.31
439.1,0,22585,100,87,284.35
439.1,1,55,0,34,6.49
439.1,2,15,0,55,21.07
441.2,0,22553,100,87,281.96
441.2,1,55,0,34,6.43
441.2,2,15,0,55,20.80
443.3,0,22555,100,88,284.36
443.3,1,55,0,35,11.21
443.3,2,15,0,56,22.38
445.4,0,22587,100,87,280.14
445.4,1,55,0,34,6.62
445.4,2,15,0,55,20.60
447.5,0,22523,98,87,279.30
447.5,1,55,0,34,6.61
447.5,2,15,0,55,20.65
449.5,0,22523,100,87,280.93
449.5,1,55,0,35,11.09
449.5,2,15,0,56,29.12
451.6,0,31845,98,88,279.39
451.6,1,55,0,34,6.78
451.6,2,15,0,55,20.96
453.7,0,31717,100,87,279.79
453.7,1,55,0,34,6.36
453.7,2,15,0,55,20.62
455.8,0,31525,99,87,280.87
455.8,1,55,0,34,6.22
455.8,2,15,0,56,20.56
457.9,0,31333,100,87,275.59
457.9,1,55,0,35,6.40
457.9,2,15,0,56,21.82
459.9,0,32197,100,87,276.86
459.9,1,55,0,34,5.89
459.9,2,15,0,56,20.58
462.0,0,22337,100,87,243.65
462.0,1,55,0,34,6.17
462.0,2,15,0,55,20.83
464.1,0,22371,97,87,275.97
464.1,1,55,0,35,10.53
464.1,2,15,0,56,29.78
466.2,0,22115,90,88,276.24
466.2,1,55,0,34,7.03
466.2,2,15,0,56,21.59
468.3,0,7347,94,86,248.18
468.3,1,55,0,34,6.98
468.3,2,15,0,56,21.29
470.3,0,6587,100,86,245.11
470.3,1,55,0,35,8.16
470.3,2,15,0,56,23.98
472.4,0,6587,100,86,265.80
472.4,1,55,0,35,7.83
472.4,2,15,0,56,22.44
474.5,0,6275,91,85,269.42
474.5,1,55,0,34,7.15
474.5,2,15,0,56,20.73
476.6,0,7717,100,87,263.83
476.6,1,55,0,34,7.31
476.6,2,15,0,56,20.81
478.7,0,5535,91,87,238.24
478.7,1,55,0,35,11.91
478.7,2,15,0,56,29.37
480.7,0,5471,95,87,273.23
480.7,1,55,0,34,7.42
480.7,2,15,0,56,21.47
482.8,0,4895,94,87,271.34
482.8,1,55,0,34,7.11
482.8,2,15,0,56,21.22
484.9,0,5343,94,87,272.79
484.9,1,55,0,35,9.10
484.9,2,15,0,56,25.16
487.0,0,3851,93,87,272.08
487.0,1,55,0,35,7.61
487.0,2,15,0,56,22.23
489.1,0,5065,97,87,290.70
489.1,1,55,0,34,6.97
489.1,2,15,0,56,21.36
491.2,0,5315,94,87,289.18
491.2,1,55,0,34,7.24
491.2,2,15,0,56,21.44
493.2,0,7875,97,87,288.77
493.2,1,55,0,35,11.92
493.2,2,15,0,56,30.00
495.3,0,5315,100,87,268.41
495.3,1,55,0,34,6.89
495.3,2,15,0,56,21.62
497.4,0,7843,96,87,285.40
497.4,1,55,0,34,6.95
497.4,2,15,0,56,21.23
499.5,0,4483,100,87,275.96
499.5,1,55,0,35,11.51
499.5,2,15,0,56,29.52
501.6,0,7747,83,84,237.29
501.6,1,55,0,34,7.43
501.6,2,15,0,56,21.19
503.7,0,8355,100,86,264.17
503.7,1,55,0,34,7.12
503.7,2,15,0,56,21.05
505.7,0,5379,98,87,272.95
505.7,1,55,0,34,6.63
505.7,2,15,0,56,21.25
507.8,0,5219,98,87,290.13
507.8,1,55,0,35,11.02
507.8,2,15,0,56,29.72
509.9,0,5123,98,87,289.99
509.9,1,55,0,34,6.64
509.9,2,15,0,56,21.33
512.0,0,5283,98,87,290.39
512.0,1,55,0,34,6.63
512.0,2,15,0,56,21.52
514.0,0,5251,95,87,289.12
514.0,1,55,0,35,10.88
514.0,2,15,0,56,29.86
516.1,0,5187,95,87,286.89
516.1,1,55,0,34,6.49
516.1,2,15,0,56,21.69
518.2,0,4899,97,87,284.51
518.2,1,55,0,34,5.82
518.2,2,15,0,56,21.27
520.3,0,7939,100,87,280.94
520.3,1,55,1,34,5.99
520.3,2,15,0,56,21.28
522.3,0,4867,34,86,249.63
522.3,1,55,0,35,6.48
522.3,2,15,0,56,22.71
524.4,0,7395,71,87,274.23
524.4,1,55,0,34,6.01
524.4,2,15,0,56,21.36
526.5,0,7555,100,87,261.97
526.5,1,55,0,34,7.03
526.5,2,15,0,56,21.19
528.6,0,7715,100,87,262.73
528.6,1,55,0,35,11.60
528.6,2,15,0,56,29.99
530.7,0,9155,100,87,263.29
530.7,1,55,0,34,7.20
530.7,2,15,0,56,21.16
532.8,0,5283,96,87,266.80
532.8,1,55,0,34,6.95
532.8,2,15,0,56,21.03
534.9,0,4867,85,86,278.87
534.9,1,55,0,35,8.89
534.9,2,15,0,56,24.84
537.0,0,5315,98,87,291.68
537.0,1,55,0,35,7.17
537.0,2,15,0,56,23.05
539.1,0,4803,98,87,289.96
539.1,1,55,0,34,6.89
539.1,2,15,0,56,21.26
541.2,0,5283,98,87,290.44
541.2,1,55,0,34,7.04
541.2,2,15,0,56,21.45
543.3,0,4167,89,87,279.94
543.3,1,55,0,35,11.60
543.3,2,15,0,56,29.16
545.3,0,7111,94,85,269.36
545.3,1,55,0,34,7.31
545.3,2,15,0,56,21.14
547.4,0,13233,92,87,263.50
547.4,1,55,0,34,7.11
547.4,2,15,0,56,21.24
549.5,0,25467,100,87,272.59
549.5,1,55,0,35,11.24
549.5,2,15,0,57,24.96
551.6,0,25499,100,87,255.57
551.6,1,55,0,35,7.64
551.6,2,15,0,57,22.20
553.7,0,25757,79,84,258.08
553.7,1,55,0,34,6.85
553.7,2,15,0,56,20.88
555.8,0,4643,99,87,244.82
555.8,1,55,0,34,6.98
555.8,2,15,0,56,21.13
557.8,0,4805,100,86,269.59
557.8,1,55,0,35,10.72
557.8,2,15,0,57,22.02
559.9,0,5033,90,87,260.70
559.9,1,55,0,34,6.46
559.9,2,15,0,56,21.08
562.0,0,5033,86,87,262.21
562.0,1,55,0,34,6.09
562.0,2,15,0,56,21.66
564.1,0,5061,96,86,277.92
564.1,1,55,0,35,10.08
564.1,2,15,0,57,30.23
566.2,0,4901,82,85,253.18
566.2,1,55,0,34,5.90
566.2,2,15,0,56,21.89
568.2,0,4369,95,87,289.54
568.2,1,55,0,34,5.72
568.2,2,15,0,56,21.43
570.3,0,5067,99,87,296.40
570.3,1,55,0,34,5.67
570.3,2,15,0,56,21.51
572.4,0,5323,98,87,295.47
572.4,1,55,0,35,10.41
572.4,2,15,0,57,22.62
574.5,0,4459,74,84,263.07
574.5,1,55,0,34,5.66
574.5,2,15,0,56,21.09
576.6,0,5387,93,86,259.86
576.6,1,55,0,34,6.04
576.6,2,15,0,56,21.04
578.6,0,8523,89,84,258.06
578.6,1,55,0,34,10.13
578.6,2,15,0,57,29.79
580.7,0,5035,98,87,263.98
580.7,1,55,0,34,6.09
580.7,2,15,0,56,21.13
582.8,0,4747,99,87,297.32
582.8,1,55,0,34,5.69
582.8,2,15,0,56,21.38
584.9,0,7239,98,86,274.50
584.9,1,55,0,34,6.81
584.9,2,15,0,57,24.27
587.0,0,7431,100,87,256.73
587.0,1,55,0,35,6.99
587.0,2,15,0,57,22.76
589.0,0,5019,90,86,272.88
589.0,1,55,0,34,6.83
589.0,2,15,0,56,21.20
591.1,0,2837,75,85,196.52
591.1,1,55,0,34,6.93
591.1,2,15,0,56,21.48
593.2,0,6403,100,86,262.67
593.2,1,55,0,35,11.55
593.2,2,15,0,57,29.45
595.3,0,6875,100,83,241.20
595.3,1,55,0,34,7.35
595.3,2,15,0,56,21.28
597.4,0,5655,100,86,264.07
597.4,1,55,0,34,6.93
597.4,2,15,0,56,20.98
599.4,0,7415,100,85,259.65
599.4,1,55,0,35,9.01
599.4,2,15,0,57,24.56
601.6,0,7511,100,86,272.85
601.6,1,55,0,35,7.43
601.6,2,15,0,57,22.29
603.7,0,5079,84,86,277.89
603.7,1,55,0,34,6.82
603.7,2,15,0,57,21.18
605.8,0,4759,89,86,286.62
605.8,1,55,0,34,7.01
605.8,2,15,0,57,21.62
607.9,0,5015,96,87,291.64
607.9,1,55,0,35,7.48
607.9,2,15,0,57,23.28
610.1,0,4983,87,86,280.17
610.1,1,55,0,34,6.83
610.1,2,15,0,57,21.53
612.2,0,4919,96,86,291.52
612.2,1,55,0,34,6.81
612.2,2,15,0,57,21.64
614.3,0,5113,84,87,286.35
614.3,1,55,0,35,8.67
614.3,2,15,0,57,25.24
616.4,0,5017,94,86,290.47
616.4,1,55,0,35,7.39
616.4,2,15,0,57,21.90
618.5,0,4857,98,87,294.39
618.5,1,55,0,34,6.42
618.5,2,15,0,57,21.63
620.6,0,5113,91,87,291.91
620.6,1,55,0,35,7.30
620.6,2,15,0,57,22.01
622.7,0,5081,95,87,284.60
622.7,1,55,0,35,6.32
622.7,2,15,0,57,22.70
624.8,0,4665,98,87,293.27
624.8,1,55,0,34,5.86
624.8,2,15,0,57,21.52
626.9,0,6873,98,86,269.82
626.9,1,55,0,34,5.96
626.9,2,15,0,57,21.36
628.9,0,7481,100,87,279.28
628.9,1,55,0,35,9.98
628.9,2,15,0,57,29.96
631.0,0,7737,100,85,253.03
631.0,1,55,0,34,6.10
631.0,2,15,0,57,21.02
633.1,0,7833,84,87,263.15
633.1,1,55,0,34,5.94
633.1,2,15,0,57,20.88
635.1,0,7513,100,86,270.07
635.1,1,55,0,34,7.36
635.1,2,15,0,57,22.80
637.2,0,4665,95,87,272.36
637.2,1,55,0,35,6.27
637.2,2,15,0,57,23.12
639.3,0,4953,80,86,273.29
639.3,1,55,0,34,6.03
639.3,2,15,0,57,21.47
641.4,0,5049,92,87,275.69
641.4,1,55,0,34,6.04
641.4,2,15,0,57,21.58
643.5,0,4889,87,86,278.24
643.5,1,55,0,34,10.21
643.5,2,15,0,57,29.62
645.6,0,4921,50,84,258.08
645.6,1,55,0,34,6.79
645.6,2,15,0,57,21.75
647.7,0,4921,82,86,262.13
647.7,1,55,0,34,6.83
647.7,2,15,0,57,21.41
649.8,0,5017,84,85,266.15
649.8,1,55,0,35,8.60
649.8,2,15,0,57,24.11
651.9,0,4505,91,86,265.91
651.9,1,55,0,35,7.56
651.9,2,15,0,57,22.64
654.0,0,5145,79,87,278.35
654.0,1,55,0,34,6.86
654.0,2,15,0,57,21.58
656.1,0,5017,97,87,291.93
656.1,1,55,0,34,6.93
656.1,2,15,0,57,21.66
658.1,0,5081,98,87,294.73
658.1,1,55,0,35,11.40
658.1,2,15,0,57,30.28
660.2,0,4537,96,86,270.56
660.2,1,55,0,34,7.16
660.2,2,15,0,57,21.98
662.3,0,17343,100,86,261.09
662.3,1,55,0,34,7.13
662.3,2,15,0,57,21.44
664.4,0,27561,100,87,263.60
664.4,1,55,0,35,9.22
664.4,2,15,0,57,29.78
666.5,0,26313,98,87,272.72
666.5,1,55,0,34,7.49
666.5,2,15,0,57,21.27
668.6,0,26345,100,87,282.07
668.6,1,55,0,34,7.15
668.6,2,15,0,57,20.99
670.6,0,26441,100,87,280.28
670.6,1,55,0,34,7.63
670.6,2,15,0,57,20.93
672.7,0,23401,100,86,284.69
672.7,1,55,0,35,7.31
672.7,2,15,0,57,30.02
674.8,0,24777,100,86,276.44
674.8,1,55,0,34,6.82
674.8,2,15,0,57,20.99
676.9,0,24169,99,86,267.39
676.9,1,55,0,34,7.04
676.9,2,15,0,57,21.10
679.0,0,24329,100,86,282.61
679.0,1,55,0,35,11.16
679.0,2,15,0,57,30.26
681.1,0,24073,98,87,289.14
681.1,1,55,0,34,6.77
681.1,2,15,0,57,20.92
683.1,0,24073,94,86,286.20
683.1,1,55,0,34,6.41
683.1,2,15,0,57,20.86
685.2,0,24105,96,86,286.53
685.2,1,55,0,34,7.07
685.2,2,15,0,57,21.36
687.3,0,24137,96,87,288.64
687.3,1,55,0,35,6.21
687.3,2,15,0,57,22.57
689.3,0,24169,100,87,284.97
689.3,1,55,0,34,5.93
689.3,2,15,0,57,20.80
691.4,0,24201,100,87,284.61
691.4,1,55,0,34,6.17
691.4,2,15,0,57,20.89
693.5,0,24201,100,87,286.16
693.5,1,55,0,35,10.69
693.5,2,15,0,57,29.85
695.6,0,24137,100,87,283.53
695.6,1,55,0,34,6.13
695.6,2,15,0,57,21.09
697.6,0,24105,100,87,288.05
697.6,1,55,0,34,5.78
697.6,2,15,0,57,20.83
699.7,0,24041,99,87,283.45
699.7,1,55,0,34,7.07
699.7,2,15,0,57,22.45
701.8,0,23849,99,87,284.60
701.8,1,55,0,35,6.37
701.8,2,15,0,57,21.97
703.8,0,16021,100,85,270.29
703.8,1,55,0,34,5.78
703.8,2,15,0,57,20.85
705.9,0,13483,63,84,262.05
705.9,1,55,0,34,6.96
705.9,2,15,0,57,21.05
708.0,0,13259,99,87,292.96
708.0,1,55,0,35,11.71
708.0,2,15,0,57,30.19
710.1,0,13547,98,87,292.09
710.1,1,55,0,34,7.01
710.1,2,15,0,57,21.80
712.2,0,13099,99,87,288.92
712.2,1,55,0,34,6.80
712.2,2,15,0,57,21.33
714.3,0,13675,99,87,292.06
714.3,1,55,0,35,8.51
714.3,2,15,0,57,23.67
716.3,0,13131,94,87,287.40
716.3,1,55,0,35,7.90
716.3,2,15,0,57,22.64
718.4,0,13675,96,87,291.09
718.4,1,55,0,34,6.91
718.4,2,15,0,57,21.25
720.5,0,13579,98,87,287.66
720.5,1,55,0,34,6.83
720.5,2,15,0,57,21.23
722.6,0,13515,99,87,288.59
722.6,1,55,0,35,11.65
722.6,2,15,0,58,29.88
724.7,0,13163,98,87,286.74
724.7,1,55,0,34,7.26
724.7,2,15,0,57,21.51
726.7,0,16203,100,87,248.40
726.7,1,55,0,34,7.34
726.7,2,15,0,57,21.28
728.8,0,15981,100,87,273.56
728.8,1,55,0,35,9.36
728.8,2,15,0,58,24.64
730.9,0,15309,100,87,270.48
730.9,1,55,0,35,7.61
730.9,2,15,0,57,21.40
733.0,0,15821,80,87,245.73
733.0,1,55,0,34,7.22
733.0,2,15,0,57,20.97
735.1,0,15949,100,87,263.61
735.1,1,55,0,35,7.26
735.1,2,15,0,57,20.95
737.2,0,13453,98,87,294.43
737.2,1,55,0,35,7.70
737.2,2,15,0,58,23.18
739.3,0,14253,97,87,289.35
739.3,1,55,0,34,7.16
739.3,2,15,0,57,21.45
741.3,0,13549,98,87,270.78
741.3,1,55,0,34,7.26
741.3,2,15,0,57,21.32
743.4,0,4483,100,87,287.01
743.4,1,55,0,35,11.26
743.4,2,15,0,58,30.05
745.5,0,4955,98,87,283.58
745.5,1,55,0,34,7.26
745.5,2,15,0,57,21.64
747.6,0,5243,84,87,278.80
747.6,1,55,0,34,7.21
747.6,2,15,0,57,21.39
749.7,0,4123,100,87,264.62
749.7,1,55,0,35,7.49
749.7,2,15,0,57,21.85
751.7,0,7387,100,87,260.77
751.7,1,55,0,35,6.88
751.7,2,15,0,58,21.65
753.8,0,6109,100,86,251.95
753.8,1,55,0,34,6.62
753.8,2,15,0,57,20.86
755.9,0,6635,90,84,268.13
755.9,1,55,0,34,6.57
755.9,2,15,0,57,21.09
758.0,0,4643,97,87,291.34
758.0,1,55,0,35,10.02
758.0,2,15,0,58,30.42
760.0,0,4515,100,87,274.26
760.0,1,55,0,34,5.93
760.0,2,15,0,57,21.52
762.1,0,4535,96,87,291.31
762.1,1,55,0,34,5.81
762.1,2,15,0,57,21.33
764.2,0,5143,77,87,279.82
764.2,1,55,0,35,7.86
764.2,2,15,0,58,23.26
766.3,0,4983,77,86,258.31
766.3,1,55,0,35,7.42
766.3,2,15,0,58,22.61
768.4,0,5207,98,87,294.87
768.4,1,55,0,34,6.69
768.4,2,15,0,57,21.21
770.5,0,5143,92,87,289.76
770.5,1,55,0,34,6.90
770.5,2,15,0,57,21.43
772.6,0,5079,86,86,289.04
772.6,1,55,0,35,11.06
772.6,2,15,0,58,29.97
774.7,0,5015,94,87,291.82
774.7,1,55,0,34,7.04
774.7,2,15,0,57,21.42
776.8,0,5079,97,87,284.19
776.8,1,55,0,34,6.82
776.8,2,15,0,57,21.21
778.9,0,7639,39,86,264.33
778.9,1,55,0,35,8.68
778.9,2,15,0,58,30.10
781.0,0,7543,100,87,272.70
781.0,1,55,0,35,7.11
781.0,2,15,0,58,21.34
783.0,0,4663,100,87,265.85
783.0,1,55,0,34,6.90
783.0,2,15,0,57,20.78
785.1,0,7351,100,86,276.33
785.1,1,55,0,34,7.00
785.1,2,15,0,57,20.91
787.2,0,7927,94,86,263.86
787.2,1,55,0,35,7.37
787.2,2,15,0,58,29.72
789.3,0,5047,97,87,289.50
789.3,1,55,0,34,6.77
789.3,2,15,0,57,21.30
791.4,0,8023,100,87,282.98
791.4,1,55,0,34,6.80
791.4,2,15,0,57,21.28
793.4,0,4791,96,87,291.07
793.4,1,55,0,35,8.99
793.4,2,15,0,58,30.08
795.5,0,4887,97,87,287.38
795.5,1,55,0,34,7.13
795.5,2,15,0,57,21.58
797.6,0,5143,61,84,261.64
797.6,1,55,0,34,6.99
797.6,2,15,0,57,21.09
799.7,0,4855,98,87,291.65
799.7,1,55,0,35,7.64
799.7,2,15,0,57,21.29
801.8,0,5273,97,87,288.87
801.8,1,55,0,35,7.40
801.8,2,15,0,58,23.06
803.9,0,5273,98,87,287.17
803.9,1,55,0,34,6.88
803.9,2,15,0,58,21.49
806.0,0,4665,97,87,281.80
806.0,1,55,0,34,6.88
806.0,2,15,0,57,21.54
808.1,0,5113,97,87,286.53
808.1,1,55,0,35,10.77
808.1,2,15,0,58,29.60
810.1,0,7641,100,86,260.60
810.1,1,55,0,34,6.62
810.1,2,15,0,58,21.32
812.2,0,5145,89,87,268.09
812.2,1,55,0,34,6.55
812.2,2,15,0,58,20.86
814.3,0,7801,83,86,257.31
814.3,1,55,0,34,7.12
814.3,2,15,0,58,21.46
816.3,0,5497,99,86,260.91
816.3,1,55,0,35,6.37
816.3,2,15,0,58,22.20
818.4,0,4857,100,86,259.30
818.4,1,55,0,34,5.71
818.4,2,15,0,58,20.84
820.5,0,8025,100,86,292.80
820.5,1,55,0,34,5.82
820.5,2,15,0,58,21.37
822.6,0,5113,97,87,267.55
822.6,1,55,0,35,10.04
822.6,2,15,0,58,30.18
824.6,0,5081,92,87,284.20
824.6,1,55,0,34,6.10
824.6,2,15,0,58,21.33
826.7,0,8153,100,87,287.78
826.7,1,55,0,34,6.77
826.7,2,15,0,58,21.25
828.8,0,5241,98,87,282.99
828.8,1,55,0,35,8.43
828.8,2,15,0,58,22.86
830.9,0,5049,96,87,289.86
830.9,1,55,0,35,7.24
830.9,2,15,0,58,22.94
832.9,0,5145,94,86,287.52
832.9,1,55,0,34,6.67
832.9,2,15,0,58,21.19
835.0,0,4117,85,87,277.29
835.0,1,55,0,34,6.71
835.0,2,15,0,58,21.35
837.1,0,7029,90,84,264.76
837.1,1,55,0,35,11.49
837.1,2,15,0,58,29.71
839.2,0,6709,82,87,256.74
839.2,1,55,0,34,7.18
839.2,2,15,0,58,21.16
841.3,0,5461,100,87,256.75
841.3,1,55,0,34,6.89
841.3,2,15,0,58,20.87
843.4,0,8373,100,85,253.07
843.4,1,55,0,35,8.80
843.4,2,15,0,58,29.91
845.5,0,8469,56,86,253.11
845.5,1,55,0,35,7.47
845.5,2,15,0,58,22.03
847.5,0,8597,100,86,278.02
847.5,1,55,0,34,6.71
847.5,2,15,0,58,20.95
849.6,0,7317,100,86,249.00
849.6,1,55,0,34,6.94
849.6,2,15,0,58,21.20
851.7,0,4597,79,85,240.49
851.7,1,55,0,35,11.80
851.7,2,15,0,58,30.50
853.8,0,4405,61,85,244.85
853.8,1,55,0,34,7.06
853.8,2,15,0,58,22.06
855.9,0,6709,100,85,264.07
855.9,1,55,0,34,6.94
855.9,2,15,0,58,21.40
858.0,0,5301,100,85,253.76
858.0,1,55,0,35,8.92
858.0,2,15,0,58,29.89
860.0,0,6901,100,85,257.80
860.0,1,55,0,35,6.42
860.0,2,15,0,58,21.38
862.1,0,7655,66,85,254.26
862.1,1,55,0,34,5.56
862.1,2,15,0,58,21.02
864.2,0,6517,100,85,271.66
864.2,1,55,0,34,6.10
864.2,2,15,0,58,20.98
866.2,0,4111,82,84,263.84
866.2,1,55,0,35,5.99
866.2,2,15,0,58,29.96
868.3,0,6735,63,85,225.50
868.3,1,55,0,34,5.44
868.3,2,15,0,58,21.69
870.4,0,6129,100,85,258.47
870.4,1,55,0,34,5.95
870.4,2,15,0,58,21.06
872.5,0,6833,100,85,248.34
872.5,1,55,0,35,10.30
872.5,2,15,0,58,30.33
874.5,0,7793,100,85,258.93
874.5,1,55,0,35,6.07
874.5,2,15,0,58,21.62
876.6,0,3283,92,85,255.00
876.6,1,55,0,34,5.67
876.6,2,15,0,58,21.31
878.7,0,3093,80,84,233.52
878.7,1,55,0,34,6.80
878.7,2,15,0,58,22.05
880.7,0,5939,100,84,204.01
880.7,1,55,0,34,6.30
880.7,2,15,0,58,22.39
882.8,0,7439,97,84,262.23
882.8,1,55,0,34,5.51
882.8,2,15,0,58,21.10
884.9,0,6511,95,84,275.74
884.9,1,55,0,34,6.02
884.9,2,15,0,58,21.26
887.0,0,6511,94,84,235.63
887.0,1,55,0,35,11.15
887.0,2,15,0,58,30.21
889.0,0,3951,94,84,247.87
889.0,1,55,0,34,7.01
889.0,2,15,0,58,21.30
891.1,0,4419,87,84,260.76
891.1,1,55,0,34,6.88
891.1,2,15,0,58,22.26
893.2,0,4669,92,84,259.39
893.2,1,55,0,35,8.79
893.2,2,15,0,58,23.07
895.3,0,4273,94,85,276.53
895.3,1,55,0,35,7.32
895.3,2,15,0,58,22.51
897.4,0,4465,98,84,280.81
897.4,1,55,0,34,6.63
897.4,2,15,0,58,21.53
899.5,0,4167,94,85,279.79
899.5,1,55,0,34,6.86
899.5,2,15,0,58,21.66
901.5,0,4565,98,85,296.59
901.5,1,55,0,35,11.68
901.5,2,15,0,58,30.30
903.6,0,4081,99,86,297.35
903.6,1,55,0,34,6.80
903.6,2,15,0,58,21.76
905.7,0,4783,98,86,298.50
905.7,1,55,0,34,6.69
905.7,2,15,0,58,21.43
907.8,0,4803,95,86,297.67
907.8,1,55,0,35,8.85
907.8,2,15,0,58,23.83
909.9,0,7363,100,86,268.96
909.9,1,55,0,35,7.84
909.9,2,15,0,58,22.31
912.0,0,9507,98,85,262.27
912.0,1,55,0,34,6.74
912.0,2,15,0,58,20.93
914.1,0,7683,94,85,270.91
914.1,1,55,0,34,7.03
914.1,2,15,0,58,20.97
916.2,0,7747,100,85,272.71
916.2,1,55,0,35,7.58
916.2,2,15,0,58,30.01
918.2,0,5315,100,84,257.62
918.2,1,55,0,34,7.10
918.2,2,15,0,58,21.03
920.3,0,5283,95,86,297.56
920.3,1,55,0,34,6.92
920.3,2,15,0,58,21.13
922.4,0,5347,96,86,283.95
922.4,1,55,0,35,9.12
922.4,2,15,0,58,30.18
924.5,0,5347,82,86,276.43
924.5,1,55,0,35,7.15
924.5,2,15,0,58,21.91
926.6,0,5539,89,86,288.54
926.6,1,55,0,34,6.85
926.6,2,15,0,58,21.37
928.7,0,5247,85,86,288.78
928.7,1,55,0,35,7.25
928.7,2,15,0,58,21.38
930.8,0,5567,99,86,289.57
930.8,1,55,0,35,7.08
930.8,2,15,0,58,22.76
932.8,0,5183,97,86,285.54
932.8,1,55,0,34,6.16
932.8,2,15,0,58,21.27
934.9,0,5567,80,86,284.20
934.9,1,55,0,34,6.14
934.9,2,15,0,58,21.41
937.0,0,5631,93,87,285.27
937.0,1,55,0,35,9.96
937.0,2,15,0,58,29.86
939.1,0,5535,93,87,283.04
939.1,1,55,0,34,6.00
939.1,2,15,0,58,21.49
941.1,0,5663,96,87,282.97
941.1,1,55,0,34,5.83
941.1,2,15,0,58,21.17
943.2,0,5439,98,87,289.01
943.2,1,55,0,35,7.33
943.2,2,15,0,58,22.26
945.3,0,8063,100,87,271.50
945.3,1,55,0,35,7.83
945.3,2,15,0,58,22.80
947.4,0,7387,78,86,252.95
947.4,1,55,0,34,7.14
947.4,2,15,0,58,20.82
949.5,0,6847,100,86,259.15
949.5,1,55,0,34,7.33
949.5,2,15,0,58,20.91
951.5,0,5853,100,86,254.34
951.5,1,55,0,35,11.70
951.5,2,15,0,58,29.81
953.6,0,7115,100,86,264.06
953.6,1,55,0,34,7.16
953.6,2,15,0,58,21.51
955.7,0,4675,97,87,264.44
955.7,1,55,0,34,6.80
955.7,2,15,0,58,21.10
957.8,0,4643,96,87,290.23
957.8,1,55,0,35,8.78
957.8,2,15,0,58,23.43
959.9,0,4451,95,87,290.37
959.9,1,55,0,35,7.13
959.9,2,15,0,58,22.75
962.0,0,4603,97,87,279.90
962.0,1,55,0,34,7.01
962.0,2,15,0,58,21.43
964.0,0,4951,95,87,291.45
964.0,1,55,0,34,7.01
964.0,2,15,0,58,21.53
966.1,0,7703,70,87,255.77
966.1,1,55,0,35,11.44
966.1,2,15,0,58,30.24
968.2,0,7543,100,86,262.76
968.2,1,55,0,34,7.11
968.2,2,15,0,58,21.12
970.3,0,4375,100,87,268.32
970.3,1,55,0,34,6.89
970.3,2,15,0,58,20.96
972.4,0,7255,100,86,272.52
972.4,1,55,0,35,8.80
972.4,2,15,0,58,30.36
974.5,0,4887,98,87,293.05
974.5,1,55,0,35,6.91
974.5,2,15,0,58,21.75
976.6,0,7479,100,86,270.26
976.6,1,55,0,34,7.05
976.6,2,15,0,58,21.10
978.7,0,6743,100,87,260.11
978.7,1,55,0,34,7.06
978.7,2,15,0,58,20.78
980.8,0,4919,74,87,283.97
980.8,1,55,0,35,7.60
980.8,2,15,0,58,29.70
982.9,0,4951,78,87,274.53
982.9,1,55,0,34,6.95
982.9,2,15,0,58,21.30
985.0,0,4759,80,86,277.92
985.0,1,55,0,34,6.41
985.0,2,15,0,58,21.60
987.1,0,5111,82,87,275.39
987.1,1,55,0,35,8.29
987.1,2,15,0,58,29.99
989.1,0,5015,97,87,291.25
989.1,1,55,0,34,6.24
989.1,2,15,0,58,21.82
991.2,0,5335,97,87,288.00
991.2,1,55,0,34,5.86
991.2,2,15,0,58,21.44
993.3,0,4953,97,87,286.62
993.3,1,55,0,35,6.47
993.3,2,15,0,58,21.43
995.3,0,4537,98,87,288.98
995.3,1,55,0,35,6.08
995.3,2,15,0,58,23.03
997.4,0,7641,100,87,274.99
997.4,1,55,0,34,5.94
997.4,2,15,0,58,21.23
999.5,0,7545,100,87,270.69
999.5,1,55,0,34,6.03
999.5,2,15,0,58,21.08
1001.5,0,7129,100,87,265.10
1001.5,1,55,0,35,10.48
1001.5,2,15,0,58,29.85
1003.6,0,7769,100,87,277.77
1003.6,1,55,0,34,6.11
1003.6,2,15,0,58,21.29
1005.7,0,4825,97,87,290.29
1005.7,1,55,0,34,6.71
1005.7,2,15,0,58,21.09
1007.8,0,6841,100,87,278.71
1007.8,1,55,0,35,7.96
1007.8,2,15,0,58,21.74
1009.9,0,4985,77,86,265.28
1009.9,1,55,0,35,7.34
1009.9,2,15,0,58,22.12
1011.9,0,7609,100,87,284.50
1011.9,1,55,0,34,6.94
1011.9,2,15,0,58,21.23
1014.0,0,5209,93,87,288.74
1014.0,1,55,0,34,7.15
1014.0,2,15,0,58,21.06
1016.1,0,5177,90,87,286.87
1016.1,1,55,0,35,11.69
1016.1,2,15,0,58,30.37
1018.2,0,5177,98,87,287.84
1018.2,1,55,0,34,7.06
1018.2,2,15,0,58,21.43
1020.3,0,4793,98,87,282.99
1020.3,1,55,0,34,7.12
1020.3,2,15,0,58,21.31
1022.4,0,4437,94,87,274.01
1022.4,1,55,0,35,8.88
1022.4,2,15,0,58,23.25
1024.4,0,7189,87,86,270.86
1024.4,1,55,0,35,7.30
1024.4,2,15,0,58,23.06
1026.5,0,6901,100,87,247.84
1026.5,1,55,0,34,7.12
1026.5,2,15,0,58,20.96
1028.6,0,6869,100,87,274.81
1028.6,1,55,0,34,7.14
1028.6,2,15,0,58,20.95
1030.7,0,6247,100,86,254.52
1030.7,1,55,0,35,11.98
1030.7,2,15,0,58,30.02
1032.8,0,6311,100,87,258.05
1032.8,1,55,0,34,7.25
1032.8,2,15,0,58,21.17
1034.8,0,6151,100,86,261.76
1034.8,1,55,0,34,7.03
1034.8,2,15,0,58,20.98
1036.9,0,6933,100,87,275.66
1036.9,1,55,0,35,8.76
1036.9,2,15,0,58,30.27
1039.0,0,4373,73,87,271.70
1039.0,1,55,0,35,7.34
1039.0,2,15,0,58,22.24
1041.1,0,4437,98,86,284.60
1041.1,1,55,0,34,6.56
1041.1,2,15,0,58,21.46
1043.1,0,4181,97,87,279.25
1043.1,1,55,1,34,6.03
1043.1,2,15,0,58,21.49
1045.2,0,3925,84,87,278.18
1045.2,1,55,0,35,6.09
1045.2,2,15,0,58,30.42
1047.3,0,3445,100,87,278.51
1047.3,1,55,0,34,5.82
1047.3,2,15,0,58,21.89
1049.3,0,6805,100,87,263.75
1049.3,1,55,0,34,6.28
1049.3,2,15,0,58,20.98
1051.4,0,6837,95,86,262.46
1051.4,1,55,0,35,8.00
1051.4,2,15,0,58,29.86
1053.5,0,3925,100,87,270.51
1053.5,1,55,0,35,6.41
1053.5,2,15,0,58,21.23
1055.5,0,6645,100,87,274.46
1055.5,1,55,0,34,5.62
1055.5,2,15,0,58,21.31
1057.6,0,7189,100,86,273.31
1057.6,1,55,0,34,5.90
1057.6,2,15,0,58,20.92
1059.7,0,7317,100,87,282.52
1059.7,1,55,0,35,6.41
1059.7,2,15,0,58,30.23
1061.7,0,4693,91,87,284.53
1061.7,1,55,0,34,5.89
1061.7,2,15,0,58,21.35
1063.8,0,4373,94,87,282.30
1063.8,1,55,0,34,6.19
1063.8,2,15,0,58,21.36
1066.0,0,4181,97,87,278.13
1066.0,1,55,0,35,11.60
1066.0,2,15,0,58,30.12
1068.0,0,3893,95,87,284.80
1068.0,1,55,0,34,7.08
1068.0,2,15,0,58,21.81
1070.1,0,7029,87,86,261.02
1070.1,1,55,0,34,7.02
1070.1,2,15,0,58,21.35
1072.2,0,6901,69,86,228.83
1072.2,1,55,0,35,8.42
1072.2,2,15,0,58,21.28
1074.3,0,6293,87,86,245.05
1074.3,1,55,0,35,7.81
1074.3,2,15,0,58,22.48
1076.4,0,3797,100,85,264.88
1076.4,1,55,0,34,7.23
1076.4,2,15,0,58,20.99
1078.5,0,3413,83,86,265.34
1078.5,1,55,0,34,7.24
1078.5,2,15,0,58,21.61
1080.6,0,6581,100,86,260.05
1080.6,1,55,0,35,11.34
1080.6,2,15,0,58,29.89
1082.6,0,4117,63,85,244.28
1082.6,1,55,0,34,7.18
1082.6,2,15,0,58,21.14
1084.7,0,7125,100,86,244.42
1084.7,1,55,0,34,6.86
1084.7,2,15,0,58,21.25
1086.8,0,4245,81,85,229.67
1086.8,1,55,1,35,8.73
1086.8,2,15,0,58,22.67
1088.9,0,3733,93,86,288.55
1088.9,1,55,0,35,7.32
1088.9,2,15,0,58,22.50
1091.0,0,4085,79,86,277.40
1091.0,1,55,0,34,6.93
1091.0,2,15,0,58,21.48
1093.1,0,3989,93,86,279.98
1093.1,1,55,0,34,7.02
1093.1,2,15,0,58,21.42
1095.1,0,6965,100,86,265.02
1095.1,1,55,0,35,11.71
1095.1,2,15,0,58,30.42
1097.2,0,16741,100,86,263.74
1097.2,1,55,0,34,6.97
1097.2,2,15,0,58,21.35
1099.3,0,16743,100,86,266.19
1099.3,1,55,0,34,6.56
1099.3,2,15,0,58,20.97
1101.4,0,13639,100,87,271.62
1101.4,1,55,0,35,8.49
1101.4,2,15,0,58,23.51
1103.5,0,13703,95,86,282.68
1103.5,1,55,0,35,7.04
1103.5,2,15,0,58,22.54
1105.5,0,13735,88,86,280.39
1105.5,1,55,0,34,6.10
1105.5,2,15,0,58,21.05
1107.6,0,13767,100,87,279.83
1107.6,1,55,0,34,6.21
1107.6,2,15,0,58,21.02
1109.7,0,13735,99,87,282.71
1109.7,1,55,0,35,6.68
1109.7,2,15,0,59,30.07
1111.8,0,13671,100,87,282.14
1111.8,1,55,0,34,6.22
1111.8,2,15,0,58,21.20
1113.8,0,13543,92,87,275.29
1113.8,1,55,0,34,6.10
1113.8,2,15,0,58,20.97
1115.9,0,22719,100,87,282.44
1115.9,1,55,0,35,7.72
1115.9,2,15,0,58,24.42
1118.0,0,25109,100,86,265.94
1118.0,1,55,0,35,6.11
1118.0,2,15,0,58,21.45
1120.0,0,22551,95,87,279.74
1120.0,1,55,0,34,5.62
1120.0,2,15,0,58,21.33
1122.1,0,25175,97,87,277.28
1122.1,1,55,0,34,5.92
1122.1,2,15,0,58,21.43
1124.2,0,24375,100,85,235.94
1124.2,1,55,0,35,6.76
1124.2,2,15,0,59,22.50
1126.3,0,22839,74,86,240.43
1126.3,1,55,0,34,6.80
1126.3,2,15,0,58,21.02
1128.3,0,22839,96,87,280.02
1128.3,1,55,0,34,7.08
1128.3,2,15,0,58,21.72
1130.4,0,22583,95,87,277.74
1130.4,1,55,0,35,11.04
1130.4,2,15,0,59,30.24
1132.5,0,22359,95,86,278.25
1132.5,1,55,0,34,6.89
1132.5,2,15,0,58,21.68
1134.6,0,22711,92,86,274.48
1134.6,1,55,0,34,6.69
1134.6,2,15,0,58,21.53
1136.7,0,22647,95,87,273.32
1136.7,1,55,0,35,8.37
1136.7,2,15,0,58,22.40
1138.7,0,4249,98,87,278.64
1138.7,1,55,0,35,7.19
1138.7,2,15,0,59,23.13
1140.8,0,4427,98,87,293.22
1140.8,1,55,0,34,6.92
1140.8,2,15,0,58,21.24
1142.9,0,8497,100,87,285.71
1142.9,1,55,0,34,6.95
1142.9,2,15,0,58,21.30
1145.0,0,17275,67,86,278.92
1145.0,1,55,0,35,11.52
1145.0,2,15,0,59,29.76
1147.1,0,23525,100,87,282.72
1147.1,1,55,0,34,7.17
1147.1,2,15,0,58,21.17
1149.2,0,23397,100,87,283.06
1149.2,1,55,0,34,6.97
1149.2,2,15,0,58,20.69
1151.2,0,26917,99,87,284.98
1151.2,1,55,0,35,8.66
1151.2,2,15,0,59,22.73
1153.4,0,23781,100,87,277.95
1153.4,1,55,0,35,7.80
1153.4,2,15,0,59,22.10
1155.5,0,23909,99,87,289.30
1155.5,1,55,0,34,6.96
1155.5,2,15,0,58,20.66
1157.5,0,23909,100,87,284.40
1157.5,1,55,0,34,6.97
1157.5,2,15,0,58,20.79
1159.6,0,23941,100,87,285.28
1159.6,1,55,0,35,11.41
1159.6,2,15,0,59,30.25
1161.7,0,23909,96,87,283.71
1161.7,1,55,0,34,6.76
1161.7,2,15,0,58,20.73
1163.8,0,23941,90,87,283.14
1163.8,1,55,0,34,6.88
1163.8,2,15,0,58,20.76
1165.9,0,23973,100,87,283.92
1165.9,1,55,0,35,8.88
1165.9,2,15,0,59,23.77
1168.0,0,24005,96,87,284.53
1168.0,1,55,0,35,6.72
1168.0,2,15,0,59,21.10
1170.1,0,23973,100,87,282.86
1170.1,1,55,0,34,6.81
1170.1,2,15,0,58,20.70
1172.2,0,24069,100,87,282.35
1172.2,1,55,1,34,7.11
1172.2,2,15,0,58,20.77
1174.3,0,33327,97,87,285.09
1174.3,1,55,0,35,6.94
1174.3,2,15,0,59,29.93
1176.4,0,33327,99,87,282.95
1176.4,1,55,0,34,6.26
1176.4,2,15,0,58,21.01
1178.4,0,33039,100,87,284.54
1178.4,1,55,0,34,6.64
1178.4,2,15,0,58,20.83
1180.5,0,32815,97,87,284.13
1180.5,1,55,0,35,10.73
1180.5,2,15,0,59,30.00
1182.6,0,32623,100,87,282.63
1182.6,1,55,0,35,7.00
1182.6,2,15,0,58,20.83
1184.7,0,35791,77,86,262.59
1184.7,1,55,0,34,6.03
1184.7,2,15,0,58,20.78
1186.7,0,33263,100,87,280.14
1186.7,1,55,0,35,7.86
1186.7,2,15,0,58,20.67
1188.8,0,33487,99,87,283.04
1188.8,1,55,0,35,7.57
1188.8,2,15,0,59,22.57
1190.9,0,33359,100,87,285.02
1190.9,1,55,0,34,6.98
1190.9,2,15,0,58,20.75
1193.0,0,33359,100,87,282.95
1193.0,1,55,0,34,7.14
1193.0,2,15,0,58,20.73
1195.1,0,33359,100,87,281.96
1195.1,1,55,0,35,11.84
1195.1,2,15,0,59,29.67
1197.2,0,33295,100,87,280.90
1197.2,1,55,0,34,7.15
1197.2,2,15,0,58,20.94
1199.3,0,33327,100,87,283.62
1199.3,1,55,0,34,6.89
1199.3,2,15,0,58,20.48
1201.4,0,33359,100,87,284.88
1201.4,1,55,0,35,8.60
1201.4,2,15,0,59,21.39
1203.5,0,33327,100,87,283.15
1203.5,1,55,0,35,7.57
1203.5,2,15,0,59,21.86
1205.6,0,33199,100,87,282.28
1205.6,1,55,0,34,7.02
1205.6,2,15,0,58,20.64
1207.7,0,33071,100,87,285.34
1207.7,1,55,0,34,7.34
1207.7,2,15,0,58,20.74
1209.8,0,32975,100,87,283.04
1209.8,1,55,0,35,11.87
1209.8,2,15,0,59,30.15
1211.9,0,32815,100,87,282.09
1211.9,1,55,0,34,7.22
1211.9,2,15,0,58,21.20
1213.9,0,33103,100,87,282.73
1213.9,1,55,0,34,7.18
1213.9,2,15,0,58,20.86
1216.0,0,35919,99,87,279.82
1216.0,1,55,0,35,8.78
1216.0,2,15,0,59,24.83
1218.1,0,36271,100,87,284.76
1218.1,1,55,0,35,7.81
1218.1,2,15,0,59,22.45
1220.2,0,36047,100,87,264.10
1220.2,1,55,0,34,7.01
1220.2,2,15,0,58,20.60
1222.3,0,33807,100,87,284.17
1222.3,1,55,0,34,7.27
1222.3,2,15,0,58,20.71
1224.4,0,33423,100,87,285.21
1224.4,1,55,0,35,11.66
1224.4,2,15,0,59,29.76
1226.5,0,33423,100,87,285.05
1226.5,1,55,0,34,7.56
1226.5,2,15,0,58,20.62
1228.6,0,33423,99,87,282.59
1228.6,1,55,0,34,7.16
1228.6,2,15,0,58,20.80
1230.7,0,33423,100,87,287.21
1230.7,1,55,0,35,9.03
1230.7,2,15,0,59,30.11
1232.7,0,33487,100,87,284.64
1232.7,1,55,0,34,7.07
1232.7,2,15,0,58,21.70
1234.8,0,33487,100,87,283.77
1234.8,1,55,0,34,6.93
1234.8,2,15,0,58,20.68
1236.9,0,33455,100,87,282.77
1236.9,1,55,0,34,7.30
1236.9,2,15,0,58,20.72
1239.0,0,33551,100,88,284.83
1239.0,1,55,0,35,7.39
1239.0,2,15,0,59,22.43
1241.1,0,33551,100,87,285.20
1241.1,1,55,0,34,7.17
1241.1,2,15,0,58,20.66
1243.2,0,33391,95,87,283.35
1243.2,1,55,0,34,7.26
1243.2,2,15,0,58,20.90
1245.3,0,33423,98,87,283.72
1245.3,1,55,0,35,11.94
1245.3,2,15,0,59,29.94
1247.4,0,33231,98,87,280.90
1247.4,1,55,0,34,7.54
1247.4,2,15,0,58,21.05
1249.5,0,33071,99,87,282.98
1249.5,1,55,0,34,7.07
1249.5,2,15,0,58,20.70
1251.6,0,33039,97,87,282.55
1251.6,1,55,0,35,7.99
1251.6,2,15,0,59,23.40
1253.6,0,33071,100,87,285.73
1253.6,1,55,0,35,7.71
1253.6,2,15,0,59,21.83
1255.7,0,33295,97,87,282.42
1255.7,1,55,0,34,7.12
1255.7,2,15,0,58,20.61
1257.8,0,33295,99,87,283.30
1257.8,1,55,0,34,7.27
1257.8,2,15,0,58,20.75
1259.9,0,33295,100,87,281.63
1259.9,1,55,0,35,11.51
1259.9,2,15,0,59,30.23
1262.0,0,33327,99,87,284.53
1262.0,1,55,0,34,7.11
1262.0,2,15,0,58,21.23
1264.1,0,33327,100,87,285.09
1264.1,1,55,0,34,7.22
1264.1,2,15,0,58,20.62
1266.2,0,33327,100,87,283.26
1266.2,1,55,0,35,9.08
1266.2,2,15,0,59,24.09
1268.3,0,33359,100,87,285.35
1268.3,1,55,0,35,7.33
1268.3,2,15,0,59,22.30
1270.4,0,33327,98,87,283.47
1270.4,1,55,0,34,6.89
1270.4,2,15,0,58,20.56
1272.4,0,33359,100,87,281.67
1272.4,1,55,0,34,7.08
1272.4,2,15,0,58,20.75
1274.5,0,33423,100,87,284.99
1274.5,1,55,0,35,11.42
1274.5,2,15,0,59,30.12
1276.6,0,33295,98,87,283.74
1276.6,1,55,0,34,7.41
1276.6,2,15,0,58,20.87
1278.7,0,33199,99,87,283.29
1278.7,1,55,0,34,7.14
1278.7,2,15,0,58,20.68
1280.8,0,32943,100,87,285.48
1280.8,1,55,0,35,11.69
1280.8,2,15,0,59,24.80
1282.8,0,32911,100,87,284.51
1282.8,1,55,0,34,6.95
1282.8,2,15,0,59,22.67
1284.9,0,32975,100,87,284.81
1284.9,1,55,0,34,6.91
1284.9,2,15,0,59,20.65
1287.0,0,33327,99,87,278.64
1287.0,1,55,0,34,6.96
1287.0,2,15,0,59,21.16
1289.1,0,33327,100,87,284.10
1289.1,1,55,0,35,11.57
1289.1,2,15,0,59,22.44
1291.2,0,33359,100,87,284.98
1291.2,1,55,0,34,6.95
1291.2,2,15,0,58,20.75
1293.3,0,33391,100,87,282.77
1293.3,1,55,0,34,7.32
1293.3,2,15,0,58,20.78
1295.4,0,33391,100,87,286.97
1295.4,1,55,0,35,11.81
1295.4,2,15,0,59,29.77
1297.5,0,23435,100,87,221.28
1297.5,1,55,0,34,6.99
1297.5,2,15,0,59,20.98
1299.6,0,23397,100,87,288.99
1299.6,1,55,0,34,6.94
1299.6,2,15,0,59,20.69
1301.7,0,23461,94,87,290.92
1301.7,1,55,0,35,7.70
1301.7,2,15,0,59,23.07
1303.8,0,26437,95,87,289.44
1303.8,1,55,0,35,7.31
1303.8,2,15,0,59,22.34
1305.9,0,26405,87,87,268.32
1305.9,1,55,0,34,6.97
1305.9,2,15,0,59,21.04
1307.9,0,26245,100,86,262.16
1307.9,1,55,0,34,6.82
1307.9,2,15,0,59,21.16
1310.0,0,23205,99,87,284.97
1310.0,1,55,0,35,11.89
1310.0,2,15,0,59,30.65
1312.1,0,22821,97,87,291.89
1312.1,1,55,0,34,6.81
1312.1,2,15,0,59,21.86
1314.2,0,23205,100,87,265.74
1314.2,1,55,0,34,6.82
1314.2,2,15,0,59,21.20
1316.3,0,23045,98,87,292.52
1316.3,1,55,0,35,9.01
1316.3,2,15,0,59,24.17
1318.4,0,25221,100,87,279.10
1318.4,1,55,0,35,7.63
1318.4,2,15,0,59,22.51
1320.4,0,23461,100,86,278.94
1320.4,1,55,0,34,7.08
1320.4,2,15,0,59,20.77
1322.5,0,23589,95,87,297.27
1322.5,1,55,0,34,7.14
1322.5,2,15,0,59,21.28
1324.6,0,23045,98,87,294.13
1324.6,1,55,0,35,11.07
1324.6,2,15,0,59,30.17
1326.7,0,23493,98,87,292.89
1326.7,1,55,0,34,6.97
1326.7,2,15,0,59,21.49
1328.8,0,23429,98,87,287.27
1328.8,1,55,0,34,6.92
1328.8,2,15,0,59,21.18
1330.9,0,23301,98,87,292.32
1330.9,1,55,0,35,11.81
1330.9,2,15,0,59,24.83
1333.0,0,23269,97,87,290.50
1333.0,1,55,0,34,7.23
1333.0,2,15,0,59,23.05
1335.0,0,26373,100,87,277.20
1335.0,1,55,0,34,6.86
1335.0,2,15,0,59,21.02
1337.1,0,22821,100,86,263.70
1337.1,1,55,0,34,7.02
1337.1,2,15,0,59,20.94
1339.2,0,23205,100,87,270.52
1339.2,1,55,0,35,11.93
1339.2,2,15,0,59,22.53
1341.3,0,23205,98,87,293.07
1341.3,1,55,0,34,6.83
1341.3,2,15,0,59,21.24
1343.4,0,25829,100,87,285.56
1343.4,1,55,0,34,7.12
1343.4,2,15,0,59,21.23
1345.4,0,23301,99,87,293.40
1345.4,1,55,0,35,11.51
1345.4,2,15,0,59,25.19
1347.5,0,26373,100,87,280.67
1347.5,1,55,0,34,7.16
1347.5,2,15,0,59,21.41
1349.6,0,5581,100,87,276.70
1349.6,1,55,0,34,6.91
1349.6,2,15,0,59,21.10
1351.7,0,5295,98,87,291.03
1351.7,1,55,0,34,6.83
1351.7,2,15,0,59,22.44
1353.8,0,5233,93,86,292.78
1353.8,1,55,0,35,11.88
1353.8,2,15,0,59,22.38
1355.9,0,5617,97,87,288.03
1355.9,1,55,0,34,6.75
1355.9,2,15,0,59,21.45
1357.9,0,5041,98,87,290.54
1357.9,1,55,0,34,7.06
1357.9,2,15,0,59,21.48
1360.0,0,6513,100,87,265.66
1360.0,1,55,0,35,10.81
1360.0,2,15,0,59,30.64
1362.1,0,4913,93,84,263.85
1362.1,1,55,0,34,6.59
1362.1,2,15,0,59,21.15
1364.2,0,4881,98,87,286.78
1364.2,1,55,0,34,6.33
1364.2,2,15,0,59,21.23
1366.2,0,7921,97,87,274.34
1366.2,1,55,0,35,7.14
1366.2,2,15,0,59,23.28
1368.3,0,8049,100,87,262.91
1368.3,1,55,0,35,7.30
1368.3,2,15,0,59,22.10
1370.4,0,8209,100,85,273.63
1370.4,1,55,0,34,6.61
1370.4,2,15,0,59,20.73
1372.5,0,4977,86,86,253.78
1372.5,1,55,0,34,6.77
1372.5,2,15,0,59,20.89
1374.5,0,5261,100,86,273.18
1374.5,1,55,0,35,11.25
1374.5,2,15,0,59,30.48
1376.6,0,8365,100,86,271.12
1376.6,1,55,0,34,6.88
1376.6,2,15,0,59,21.20
1378.7,0,4499,94,87,253.58
1378.7,1,55,0,34,6.68
1378.7,2,15,0,59,20.75
1380.8,0,7731,100,86,260.60
1380.8,1,55,0,35,7.94
1380.8,2,15,0,59,24.05
1382.9,0,6567,100,86,262.05
1382.9,1,55,0,35,6.99
1382.9,2,15,0,59,22.90
1385.0,0,4187,91,84,263.82
1385.0,1,55,0,34,6.65
1385.0,2,15,0,59,20.95
1387.1,0,4603,67,85,250.80
1387.1,1,55,0,34,7.04
1387.1,2,15,0,59,21.06
1389.2,0,4099,98,86,295.46
1389.2,1,55,0,35,11.75
1389.2,2,15,0,59,30.00
1391.2,0,4869,98,86,290.94
1391.2,1,55,0,34,7.14
1391.2,2,15,0,59,21.76
1393.3,0,7845,92,86,278.41
1393.3,1,55,0,34,7.01
1393.3,2,15,0,59,21.46
1395.4,0,2723,77,86,235.09
1395.4,1,55,0,35,11.48
1395.4,2,15,0,59,24.74
1397.5,0,6341,100,85,257.39
1397.5,1,55,0,35,6.62
1397.5,2,15,0,59,21.11
1399.6,0,7029,100,85,252.27
1399.6,1,55,0,34,6.20
1399.6,2,15,0,59,21.12
1401.7,0,5793,100,86,261.38
1401.7,1,55,0,34,5.97
1401.7,2,15,0,59,21.07
1403.7,0,5057,98,86,274.75
1403.7,1,55,0,35,11.15
1403.7,2,15,0,59,23.13
1405.8,0,4929,98,86,295.40
1405.8,1,55,0,34,6.29
1405.8,2,15,0,59,21.84
1407.9,0,4609,92,86,269.92
1407.9,1,55,0,34,6.55
1407.9,2,15,0,59,21.74
1410.0,0,4673,97,86,295.79
1410.0,1,55,0,35,10.79
1410.0,2,15,0,59,25.50
1412.0,0,4865,98,86,295.43
1412.0,1,55,0,34,6.26
1412.0,2,15,0,59,21.89
1414.1,0,5121,97,86,294.55
1414.1,1,55,0,34,5.51
1414.1,2,15,0,59,21.55
1416.2,0,7745,96,86,289.64
1416.2,1,55,0,34,5.51
1416.2,2,15,0,59,22.25
1418.2,0,5121,97,86,248.92
1418.2,1,55,0,35,6.05
1418.2,2,15,0,59,22.71
1420.3,0,31903,100,86,283.39
1420.3,1,55,0,34,5.52
1420.3,2,15,0,59,20.92
1422.4,0,31903,100,86,282.65
1422.4,1,55,0,34,5.82
1422.4,2,15,0,59,20.95
1424.5,0,36223,100,86,269.43
1424.5,1,55,0,35,10.91
1424.5,2,15,0,59,30.65
1426.6,0,34209,100,86,269.79
1426.6,1,55,0,34,6.97
1426.6,2,15,0,59,20.98
1428.7,0,34337,100,86,268.74
1428.7,1,55,0,34,6.96
1428.7,2,15,0,59,20.96
1430.8,0,32193,100,86,267.85
1430.8,1,55,0,35,7.76
1430.8,2,15,0,59,23.15
1432.9,0,33953,100,86,284.95
1432.9,1,55,0,35,7.14
1432.9,2,15,0,59,22.86
1434.9,0,36705,100,87,259.80
1434.9,1,55,0,34,6.80
1434.9,2,15,0,59,21.00
1437.0,0,33089,100,86,268.11
1437.0,1,55,0,34,7.04
1437.0,2,15,0,59,21.00
1439.1,0,33345,100,86,281.47
1439.1,1,55,0,35,11.50
1439.1,2,15,0,59,30.22
1441.2,0,32513,100,86,280.04
1441.2,1,55,0,34,7.28
1441.2,2,15,0,59,21.12
1443.3,0,32865,100,86,286.92
1443.3,1,55,0,34,6.82
1443.3,2,15,0,59,20.85
1445.4,0,32865,100,86,288.55
1445.4,1,55,0,35,8.74
1445.4,2,15,0,59,23.62
1447.5,0,32897,100,86,284.52
1447.5,1,55,0,35,6.64
1447.5,2,15,0,59,21.90
1449.5,0,32929,96,86,289.90
1449.5,1,55,0,34,6.67
1449.5,2,15,0,59,20.88
1451.6,0,32961,100,86,283.33
1451.6,1,55,0,34,6.88
1451.6,2,15,0,59,21.03
1453.7,0,32961,100,86,287.13
1453.7,1,55,0,35,11.45
1453.7,2,15,0,59,30.56
1455.8,0,32769,100,87,284.09
1455.8,1,55,0,34,6.99
1455.8,2,15,0,59,21.42
1457.9,0,32545,99,87,286.72
1457.9,1,55,0,34,7.03
1457.9,2,15,0,59,20.92
1460.0,0,32353,100,87,284.04
1460.0,1,55,0,35,11.65
1460.0,2,15,0,59,30.01
1462.1,0,34689,100,87,279.66
1462.1,1,55,0,34,7.33
1462.1,2,15,0,59,21.38
1464.2,0,33281,100,87,238.80
1464.2,1,55,0,34,7.05
1464.2,2,15,0,59,20.95
1466.2,0,32929,100,87,287.15
1466.2,1,55,0,34,7.09
1466.2,2,15,0,59,20.86
1468.3,0,32929,99,87,286.46
1468.3,1,55,0,35,11.59
1468.3,2,15,0,59,30.31
1470.4,0,32929,96,86,284.20
1470.4,1,55,0,34,6.58
1470.4,2,15,0,59,20.93
1472.5,0,32929,100,87,288.44
1472.5,1,55,0,34,6.59
1472.5,2,15,0,59,20.71
1474.6,0,32929,98,86,283.71
1474.6,1,55,0,35,10.90
1474.6,2,15,0,59,30.48
1476.6,0,32993,95,87,285.43
1476.6,1,55,0,34,6.33
1476.6,2,15,0,59,21.35
1478.7,0,32993,100,87,285.64
1478.7,1,55,0,34,6.17
1478.7,2,15,0,59,20.83
1480.8,0,32929,100,87,288.74
1480.8,1,55,0,34,6.38
1480.8,2,15,0,59,21.25
1482.9,0,32993,100,87,285.46
1482.9,1,55,0,35,7.14
1482.9,2,15,0,59,22.41
1484.9,0,32897,100,87,282.85
1484.9,1,55,0,34,6.56
1484.9,2,15,0,59,20.67
1487.0,0,32801,100,87,283.48
1487.0,1,55,0,34,7.05
1487.0,2,15,0,59,20.87
1489.1,0,32737,100,87,284.53
1489.1,1,55,0,35,11.48
1489.1,2,15,0,59,30.19
1491.2,0,32609,99,87,283.70
1491.2,1,55,0,34,7.13
1491.2,2,15,0,59,21.08
1493.3,0,32961,98,87,284.46
1493.3,1,55,0,34,7.07
1493.3,2,15,0,59,20.82
1495.4,0,32961,98,87,283.05
1495.4,1,55,0,35,8.72
1495.4,2,15,0,59,23.17
1497.4,0,32993,100,87,285.98
1497.4,1,55,0,35,7.09
1497.4,2,15,0,59,21.76
1499.6,0,32993,100,87,282.54
1499.6,1,55,0,34,6.89
1499.6,2,15,0,59,20.78
1501.7,0,33025,100,87,283.96
1501.7,1,55,0,34,7.00
1501.7,2,15,0,59,20.79
1503.8,0,33057,100,87,284.04
1503.8,1,55,0,35,11.51
1503.8,2,15,0,59,30.70
1505.8,0,33025,100,87,284.69
1505.8,1,55,0,34,6.97
1505.8,2,15,0,59,21.15
1507.9,0,32993,99,87,283.38
1507.9,1,55,0,34,6.99
1507.9,2,15,0,59,20.69
1510.0,0,32961,100,87,283.32
1510.0,1,55,0,35,9.16
1510.0,2,15,0,59,23.88
1512.1,0,13535,100,87,233.20
1512.1,1,55,0,35,7.44
1512.1,2,15,0,59,20.98
1514.2,0,13717,98,87,292.64
1514.2,1,55,0,34,6.95
1514.2,2,15,0,59,21.23
1516.3,0,13685,98,87,286.25
1516.3,1,55,0,34,7.06
1516.3,2,15,0,59,21.24
1518.4,0,13237,98,87,289.92
1518.4,1,55,0,35,11.41
1518.4,2,15,0,59,30.08
1520.5,0,13365,100,87,269.44
1520.5,1,55,0,34,6.88
1520.5,2,15,0,59,21.10
1522.5,0,13461,98,87,290.77
1522.5,1,55,0,34,7.03
1522.5,2,15,0,59,21.20
1524.6,0,12821,72,87,257.75
1524.6,1,55,0,35,11.52
1524.6,2,15,0,59,30.37
1526.7,0,13461,77,85,262.31
1526.7,1,55,0,34,6.88
1526.7,2,15,0,59,21.41
1528.8,0,16341,96,87,264.62
1528.8,1,55,0,34,6.92
1528.8,2,15,0,59,21.07
1530.9,0,16533,98,87,249.29
1530.9,1,55,0,34,6.74
1530.9,2,15,0,59,20.95
1532.9,0,13429,88,86,269.52
1532.9,1,55,0,35,7.55
1532.9,2,15,0,59,22.65
1535.0,0,16053,100,87,276.64
1535.0,1,55,0,34,6.78
1535.0,2,15,0,59,21.33
1537.1,0,13621,98,87,297.12
1537.1,1,55,0,34,6.92
1537.1,2,15,0,59,21.26
1539.2,0,13527,98,87,294.31
1539.2,1,55,0,35,11.32
1539.2,2,15,0,59,30.31
1541.3,0,13143,98,87,292.80
1541.3,1,55,0,34,6.76
1541.3,2,15,0,59,21.64
1543.4,0,13591,99,87,292.32
1543.4,1,55,0,34,6.72
1543.4,2,15,0,59,21.43
1545.5,0,13527,98,87,289.95
1545.5,1,55,0,35,8.59
1545.5,2,15,0,59,22.41
1547.5,0,13207,100,87,277.12
1547.5,1,55,0,35,7.39
1547.5,2,15,0,59,22.94
1549.6,0,13399,98,87,291.91
1549.6,1,55,0,34,6.74
1549.6,2,15,0,59,21.35
1551.7,0,31659,100,87,261.95
1551.7,1,55,0,34,7.11
1551.7,2,15,0,59,21.49
1553.8,0,31371,100,87,283.20
1553.8,1,55,0,35,11.48
1553.8,2,15,0,59,29.90
1555.9,0,31307,99,87,284.02
1555.9,1,55,0,34,6.73
1555.9,2,15,0,59,21.20
1558.0,0,31211,100,87,283.11
1558.0,1,55,0,34,6.78
1558.0,2,15,0,59,20.83
1560.1,0,34507,98,87,287.83
1560.1,1,55,0,35,8.87
1560.1,2,15,0,59,25.35
1562.1,0,34379,100,87,274.79
1562.1,1,55,0,35,7.42
1562.1,2,15,0,59,22.33
1564.2,0,31947,100,87,262.01
1564.2,1,55,0,34,6.62
1564.2,2,15,0,59,21.04
1566.3,0,31371,100,87,286.85
1566.3,1,55,0,34,6.77
1566.3,2,15,0,59,21.01
1568.4,0,15739,100,87,263.70
1568.4,1,55,0,35,7.14
1568.4,2,15,0,59,30.41
1570.5,0,12251,100,86,274.45
1570.5,1,55,0,34,6.72
1570.5,2,15,0,59,21.28
1572.6,0,13147,100,84,258.17
1572.6,1,55,0,34,6.98
1572.6,2,15,0,59,21.30
1574.7,0,14267,99,87,294.23
1574.7,1,55,0,35,9.11
1574.7,2,15,0,59,30.81
1576.8,0,12763,98,87,296.53
1576.8,1,55,0,35,7.39
1576.8,2,15,0,59,21.86
1578.8,0,12379,98,87,294.69
1578.8,1,55,0,34,6.71
1578.8,2,15,0,59,21.40
1580.9,0,12923,98,87,294.45
1580.9,1,55,0,35,7.78
1580.9,2,15,0,59,21.39
1583.0,0,12507,98,87,292.34
1583.0,1,55,0,35,7.68
1583.0,2,15,0,59,30.25
1585.1,0,12923,97,87,292.43
1585.1,1,55,0,34,6.95
1585.1,2,15,0,59,21.52
1587.2,0,15707,98,87,292.66
1587.2,1,55,0,34,7.05
1587.2,2,15,0,59,21.55
1589.3,0,12507,99,87,267.34
1589.3,1,55,0,35,11.31
1589.3,2,15,0,59,30.51
1591.4,0,12605,61,87,272.55
1591.4,1,55,0,34,7.03
1591.4,2,15,0,59,21.64
1593.5,0,15101,98,87,283.11
1593.5,1,55,0,34,6.66
1593.5,2,15,0,59,21.32
1595.5,0,15741,100,87,265.20
1595.5,1,55,0,35,8.22
1595.5,2,15,0,59,24.09
1597.6,0,33905,100,87,273.24
1597.6,1,55,0,35,6.59
1597.6,2,15,0,59,23.06
1599.7,0,33105,95,86,273.86
1599.7,1,55,0,34,6.30
1599.7,2,15,0,59,20.98
1601.7,0,34065,100,87,265.75
1601.7,1,55,0,34,6.45
1601.7,2,15,0,59,21.20
1603.8,0,31057,95,86,277.00
1603.8,1,55,0,35,11.12
1603.8,2,15,0,59,29.97
1605.9,0,31057,97,87,287.22
1605.9,1,55,0,34,7.04
1605.9,2,15,0,59,21.18
1608.0,0,31249,98,87,283.89
1608.0,1,55,0,34,6.55
1608.0,2,15,0,59,20.74
1610.1,0,31249,98,87,283.42
1610.1,1,55,0,35,8.27
1610.1,2,15,0,59,24.44
1612.2,0,31281,100,87,285.45
1612.2,1,55,0,35,7.43
1612.2,2,15,0,59,22.17
1614.3,0,31313,100,87,285.34
1614.3,1,55,0,34,6.88
1614.3,2,15,0,59,20.72
1616.4,0,31313,100,87,284.13
1616.4,1,55,0,34,7.02
1616.4,2,15,0,59,20.88
1618.5,0,31345,97,87,284.90
1618.5,1,55,0,35,11.65
1618.5,2,15,0,59,30.52
1620.6,0,31345,99,87,285.73
1620.6,1,55,0,34,6.91
1620.6,2,15,0,59,20.76
1622.7,0,40699,97,87,287.75
1622.7,1,55,0,34,6.82
1622.7,2,15,0,59,20.91
1624.7,0,40699,99,86,284.86
1624.7,1,55,0,35,8.93
1624.7,2,15,0,59,25.10
1626.8,0,40507,100,87,286.99
1626.8,1,55,0,35,7.43
1626.8,2,15,0,59,22.51
1628.9,0,22059,98,87,271.42
1628.9,1,55,0,34,6.77
1628.9,2,15,0,59,20.60
1631.0,0,21963,98,87,293.88
1631.0,1,55,0,34,7.01
1631.0,2,15,0,59,21.59
1633.1,0,21963,98,87,294.07
1633.1,1,55,0,35,7.32
1633.1,2,15,0,59,22.75
1635.2,0,21995,98,87,294.00
1635.2,1,55,0,34,6.70
1635.2,2,15,0,59,21.32
1637.2,0,22061,98,87,291.84
1637.2,1,55,0,34,7.05
1637.2,2,15,0,59,21.49
1639.3,0,22029,99,87,290.19
1639.3,1,55,0,35,9.06
1639.3,2,15,0,59,30.28
1641.4,0,21549,100,87,285.09
1641.4,1,55,0,34,7.03
1641.4,2,15,0,59,22.35
1643.5,0,21773,98,87,294.30
1643.5,1,55,0,34,6.97
1643.5,2,15,0,59,21.41
1645.6,0,24333,100,87,269.59
1645.6,1,55,0,35,7.65
1645.6,2,15,0,59,22.96
1647.7,0,24909,100,87,257.57
1647.7,1,55,0,35,7.35
1647.7,2,15,0,59,22.76
1649.8,0,40093,100,87,268.55
1649.8,1,55,0,34,6.91
1649.8,2,15,0,59,20.95
1651.8,0,40095,100,87,284.61
1651.8,1,55,0,34,7.06
1651.8,2,15,0,59,20.68
1653.9,0,40065,92,87,286.29
1653.9,1,55,0,35,11.60
1653.9,2,15,0,59,29.96
1656.0,0,40063,100,87,287.30
1656.0,1,55,0,34,7.14
1656.0,2,15,0,59,21.04
1658.1,0,40063,100,87,282.88
1658.1,1,55,0,34,6.76
1658.1,2,15,0,59,20.65
1660.2,0,40065,100,87,286.73
1660.2,1,55,0,35,7.69
1660.2,2,15,0,59,23.49
1662.3,0,40065,100,87,285.48
1662.3,1,55,0,35,6.69
1662.3,2,15,0,59,21.87
1664.4,0,40033,99,87,285.74
1664.4,1,55,0,34,6.24
1664.4,2,15,0,59,20.51
1666.5,0,40033,100,87,285.58
1666.5,1,55,0,34,6.90
1666.5,2,15,0,59,20.70
1668.6,0,40513,100,87,283.45
1668.6,1,55,0,35,11.40
1668.6,2,15,0,59,30.41
1670.7,0,40513,100,87,285.53
1670.7,1,55,0,34,7.03
1670.7,2,15,0,59,21.23
1672.8,0,40545,100,87,284.83
1672.8,1,55,0,34,6.70
1672.8,2,15,0,59,20.79
1674.9,0,40577,100,87,282.26
1674.9,1,55,0,34,8.46
1674.9,2,15,0,59,24.81
1677.0,0,22005,91,83,160.77
1677.0,1,55,0,34,6.33
1677.0,2,15,0,59,22.42
1679.1,0,12171,100,85,255.07
1679.1,1,55,0,34,6.45
1679.1,2,15,0,59,21.24
1681.2,0,15403,100,85,255.90
1681.2,1,55,0,34,6.78
1681.2,2,15,0,59,20.91
1683.2,0,15241,100,85,267.60
1683.2,1,55,0,35,11.75
1683.2,2,15,0,59,22.46
1685.3,0,31263,97,86,290.76
1685.3,1,55,0,34,7.03
1685.3,2,15,0,59,20.91
1687.4,0,40521,100,87,287.17
1687.4,1,55,0,34,6.86
1687.4,2,15,0,59,20.98
1689.5,0,40521,98,86,286.32
1689.5,1,55,0,35,11.35
1689.5,2,15,0,59,25.50
1691.6,0,40489,100,86,288.89
1691.6,1,55,0,34,6.92
1691.6,2,15,0,59,20.95
1693.7,0,40489,100,87,287.74
1693.7,1,55,0,34,6.78
1693.7,2,15,0,59,20.89
1695.7,0,40521,100,86,287.62
1695.7,1,55,1,34,7.01
1695.7,2,15,0,59,22.12
1697.8,0,40521,98,86,287.42
1697.8,1,55,0,35,7.18
1697.8,2,15,0,59,22.71
1699.9,0,40587,100,87,285.91
1699.9,1,55,0,34,7.01
1699.9,2,15,0,59,20.96
1702.0,0,40555,100,87,283.12
1702.0,1,55,0,34,7.04
1702.0,2,15,0,59,20.99
1704.1,0,40459,100,87,287.40
1704.1,1,55,0,35,11.61
1704.1,2,15,0,59,30.36
1706.2,0,40459,99,87,290.30
1706.2,1,55,0,34,7.22
1706.2,2,15,0,59,21.22
1708.3,0,40331,100,87,288.83
1708.3,1,55,0,34,7.00
1708.3,2,15,0,59,20.92
1710.4,0,40235,100,87,285.51
1710.4,1,55,0,34,7.72
1710.4,2,15,0,59,23.13
1712.5,0,40203,100,87,285.16
1712.5,1,55,0,35,7.34
1712.5,2,15,0,59,21.91
1714.6,0,40171,100,87,285.65
1714.6,1,55,0,34,7.01
1714.6,2,15,0,59,20.89
1716.7,0,40651,100,87,285.03
1716.7,1,55,0,34,7.01
1716.7,2,15,0,59,20.92
1718.7,0,40651,100,87,286.91
1718.7,1,55,0,35,11.47
1718.7,2,15,0,59,30.87
1720.8,0,40651,100,86,285.75
1720.8,1,55,0,34,7.07
1720.8,2,15,0,59,21.44
1722.9,0,40651,100,87,284.69
1722.9,1,55,0,34,6.89
1722.9,2,15,0,59,20.80
1725.0,0,40651,100,87,287.51
1725.0,1,55,0,35,9.05
1725.0,2,15,0,59,23.92
1727.1,0,40683,100,87,283.26
1727.1,1,55,0,35,7.55
1727.1,2,15,0,59,21.19
1729.2,0,40651,100,87,283.30
1729.2,1,55,0,34,6.62
1729.2,2,15,0,59,20.88
1731.3,0,40555,100,87,285.51
1731.3,1,55,0,34,6.81
1731.3,2,15,0,59,20.88
1733.3,0,40491,100,87,285.05
1733.3,1,55,0,35,11.16
1733.3,2,15,0,59,30.37
1735.4,0,40267,100,87,284.25
1735.4,1,55,0,34,7.03
1735.4,2,15,0,59,20.99
1737.5,0,40235,99,87,282.01
1737.5,1,55,0,34,6.91
1737.5,2,15,0,59,20.88
1739.6,0,40235,96,87,283.83
1739.6,1,55,0,35,11.58
1739.6,2,15,0,59,30.66
1741.6,0,40171,100,87,284.08
1741.6,1,55,0,34,6.87
1741.6,2,15,0,59,21.55
1743.7,0,40907,99,87,285.84
1743.7,1,55,0,34,6.91
1743.7,2,15,0,59,20.98
1745.8,0,40747,98,87,283.60
1745.8,1,55,0,34,6.86
1745.8,2,15,0,59,20.96
1747.9,0,40747,100,87,286.57
1747.9,1,55,0,35,11.56
1747.9,2,15,0,59,22.55
1750.0,0,40747,96,87,282.66
1750.0,1,55,0,34,7.17
1750.0,2,15,0,59,20.93
1752.0,0,40747,99,87,286.45
1752.0,1,55,0,34,7.17
1752.0,2,15,0,59,21.03
1754.1,0,40747,96,87,284.65
1754.1,1,55,0,35,11.29
1754.1,2,15,0,59,30.26
1756.2,0,40779,93,87,285.07
1756.2,1,55,0,34,6.98
1756.2,2,15,0,59,21.10
1758.3,0,40779,100,87,286.35
1758.3,1,55,0,34,6.91
1758.3,2,15,0,59,20.79
1760.3,0,40779,100,87,283.78
1760.3,1,55,0,34,7.25
1760.3,2,15,0,59,21.77
1762.4,0,40811,100,87,285.00
1762.4,1,55,0,35,7.28
1762.4,2,15,0,59,21.84
1764.5,0,40651,100,87,283.70
1764.5,1,55,0,34,6.68
1764.5,2,15,0,59,20.89
1766.6,0,40651,99,87,286.94
1766.6,1,55,0,34,6.89
1766.6,2,15,0,59,20.98
1768.6,0,40523,100,87,283.85
1768.6,1,55,0,35,11.51
1768.6,2,15,0,59,30.73
1770.7,0,40331,100,87,283.85
1770.7,1,55,0,34,6.67
1770.7,2,15,0,59,21.36
1772.8,0,40267,100,87,285.08
1772.8,1,55,0,34,6.67
1772.8,2,15,0,59,20.75
1774.9,0,40267,99,87,283.28
1774.9,1,55,0,35,8.03
1774.9,2,15,0,59,22.79
1776.9,0,40459,100,87,285.48
1776.9,1,55,0,35,7.32
1776.9,2,15,0,59,22.33
1779.0,0,40747,97,87,282.34
1779.0,1,55,0,34,6.64
1779.0,2,15,0,59,20.87
1781.1,0,40107,100,87,284.40
1781.1,1,55,0,34,6.90
1781.1,2,15,0,59,21.02
1783.2,0,39959,100,87,286.92
1783.2,1,55,0,35,11.44
1783.2,2,15,0,59,30.38
1785.3,0,39831,100,87,279.92
1785.3,1,55,0,34,6.88
1785.3,2,15,0,59,21.19
1787.4,0,42999,77,87,255.28
1787.4,1,55,0,34,6.88
1787.4,2,15,0,59,20.80
1789.5,0,44343,93,87,280.55
1789.5,1,55,0,35,8.47
1789.5,2,15,0,59,23.93
1791.5,0,40055,93,87,273.53
1791.5,1,55,0,34,6.85
1791.5,2,15,0,59,22.74
1793.6,0,43063,100,87,281.52
1793.6,1,55,0,34,7.02
1793.6,2,15,0,59,20.79
1795.7,0,44471,100,84,258.62
1795.7,1,55,0,34,7.10
1795.7,2,15,0,59,20.81
1797.8,0,44471,100,87,265.87
1797.8,1,55,0,35,11.96
1797.8,2,15,0,60,29.94
1799.9,0,40503,98,87,284.81
1799.9,1,55,0,34,7.43
1799.9,2,15,0,59,21.22
1802.0,0,40535,97,87,287.85
1802.0,1,55,0,34,6.98
1802.0,2,15,0,59,20.72
1804.1,0,40567,100,87,284.10
1804.1,1,55,0,35,11.67
1804.1,2,15,0,60,24.36
1806.2,0,40567,100,87,284.02
1806.2,1,55,0,34,7.19
1806.2,2,15,0,59,20.95
1808.3,0,40631,100,87,287.94
1808.3,1,55,0,34,7.00
1808.3,2,15,0,59,20.83
1810.3,0,40663,100,87,281.68
1810.3,1,55,0,34,6.91
1810.3,2,15,0,59,20.76
1812.4,0,40631,100,87,285.61
1812.4,1,55,0,35,11.64
1812.4,2,15,0,60,22.89
1814.5,0,40695,97,87,282.82
1814.5,1,55,0,34,6.95
1814.5,2,15,0,59,20.98
1816.6,0,40631,100,87,284.60
1816.6,1,55,0,34,7.09
1816.6,2,15,0,59,21.00
1819.0,0,22807,100,83,195.68
1819.0,1,55,0,35,11.51
1819.0,2,15,0,60,29.84
1821.1,0,22385,92,87,276.78
1821.1,1,55,0,34,6.67
1821.1,2,15,0,59,21.35
1823.2,0,22865,96,86,280.82
1823.2,1,55,0,34,6.88
1823.2,2,15,0,59,21.75
1825.3,0,22897,95,87,279.92
1825.3,1,55,0,35,9.06
1825.3,2,15,0,59,25.22
1827.4,0,22353,95,86,279.65
1827.4,1,55,0,35,7.45
1827.4,2,15,0,60,22.95
1829.4,0,22865,97,86,281.60
1829.4,1,55,0,34,6.99
1829.4,2,15,0,59,21.58
1831.5,0,22737,98,87,281.30
1831.5,1,55,0,34,7.13
1831.5,2,15,0,59,21.48
1833.6,0,22769,97,86,279.06
1833.6,1,55,0,35,11.50
1833.6,2,15,0,60,22.47
1835.7,0,26545,100,84,265.38
1835.7,1,55,0,34,7.10
1835.7,2,15,0,59,20.81
1837.8,0,24593,99,84,249.50
1837.8,1,55,0,34,6.91
1837.8,2,15,0,59,21.06
1839.9,0,22321,100,86,265.25
1839.9,1,55,0,35,9.18
1839.9,2,15,0,60,25.92
1841.9,0,22897,95,86,282.74
1841.9,1,55,0,35,7.32
1841.9,2,15,0,60,23.29
1844.0,0,22993,94,86,280.49
1844.0,1,55,0,34,6.78
1844.0,2,15,0,59,21.50
1846.1,0,13383,98,86,281.19
1846.1,1,55,0,34,7.16
1846.1,2,15,0,59,22.80
1848.2,0,13405,95,86,289.55
1848.2,1,55,0,35,7.43
1848.2,2,15,0,60,22.94
1850.3,0,13021,94,86,288.77
1850.3,1,55,0,34,6.91
1850.3,2,15,0,59,21.55
1852.4,0,13501,99,86,289.81
1852.4,1,55,0,34,7.12
1852.4,2,15,0,59,21.67
1854.4,0,13373,91,87,287.75
1854.4,1,55,0,35,11.41
1854.4,2,15,0,60,30.58
1856.5,0,15773,97,85,277.86
1856.5,1,55,0,35,7.69
1856.5,2,15,0,59,21.71
1858.6,0,17149,84,86,263.55
1858.6,1,55,0,34,6.90
1858.6,2,15,0,59,21.21
1860.7,0,13277,95,87,280.52
1860.7,1,55,0,34,7.88
1860.7,2,15,0,59,23.80
1862.8,0,13405,97,87,289.70
1862.8,1,55,0,35,7.23
1862.8,2,15,0,60,23.30
1864.9,0,13021,96,87,288.15
1864.9,1,55,0,34,6.75
1864.9,2,15,0,59,21.42
1867.0,0,13341,98,87,290.30
1867.0,1,55,0,34,6.84
1867.0,2,15,0,59,21.78
1869.1,0,13373,96,87,289.08
1869.1,1,55,0,35,11.67
1869.1,2,15,0,60,30.13
1871.2,0,12797,98,87,288.35
1871.2,1,55,0,34,7.23
1871.2,2,15,0,59,21.69
1873.3,0,12925,98,87,287.94
1873.3,1,55,0,34,7.05
1873.3,2,15,0,59,21.55
1875.4,0,16221,5,87,252.13
1875.4,1,55,0,35,8.22
1875.4,2,15,0,60,24.54
1877.4,0,34321,100,87,274.99
1877.4,1,55,0,35,7.82
1877.4,2,15,0,60,22.37
1879.5,0,34353,100,87,289.17
1879.5,1,55,0,34,7.09
1879.5,2,15,0,59,20.81
1881.6,0,41275,83,87,264.33
1881.6,1,55,0,34,6.89
1881.6,2,15,0,59,20.87
1883.7,0,41179,100,87,292.56
1883.7,1,55,0,35,11.39
1883.7,2,15,0,60,30.33
1885.8,0,41211,100,86,286.02
1885.8,1,55,0,34,6.46
1885.8,2,15,0,59,21.50
1887.9,0,41243,100,87,285.28
1887.9,1,55,0,34,6.44
1887.9,2,15,0,59,20.77
1889.9,0,40773,99,87,283.94
1889.9,1,55,0,34,8.31
1889.9,2,15,0,60,24.67
1892.0,0,40773,100,87,287.81
1892.0,1,55,0,35,6.75
1892.0,2,15,0,60,22.58
1894.1,0,40773,100,87,288.75
1894.1,1,55,0,34,5.82
1894.1,2,15,0,59,20.74
1896.1,0,40837,100,87,286.08
1896.1,1,55,0,34,5.70
1896.1,2,15,0,59,20.74
1898.2,0,40869,100,87,285.68
1898.2,1,55,0,34,6.40
1898.2,2,15,0,60,22.22
1900.3,0,40869,100,87,283.87
1900.3,1,55,0,34,5.78
1900.3,2,15,0,59,20.71
1902.7,0,14373,100,87,279.65
1902.7,1,55,0,34,5.70
1902.7,2,15,0,59,20.80
1904.8,0,14117,99,87,289.53
1904.8,1,55,0,35,11.05
1904.8,2,15,0,60,30.60
1906.9,0,14085,97,87,289.05
1906.9,1,55,0,34,6.82
1906.9,2,15,0,59,21.67
1908.9,0,14215,97,87,289.12
1908.9,1,55,0,34,6.85
1908.9,2,15,0,59,21.55
1911.0,0,13735,99,87,284.83
1911.0,1,55,0,34,7.72
1911.0,2,15,0,60,22.59
1913.1,0,16583,100,87,258.92
1913.1,1,55,0,35,7.45
1913.1,2,15,0,60,22.98
1915.2,0,16615,100,87,271.17
1915.2,1,55,0,34,7.10
1915.2,2,15,0,59,20.99
1917.3,0,14215,97,87,280.90
1917.3,1,55,0,34,7.11
1917.3,2,15,0,59,21.23
1919.4,0,4073,99,87,288.65
1919.4,1,55,0,35,11.53
1919.4,2,15,0,60,30.22
1921.5,0,6257,91,87,292.18
1921.5,1,55,0,34,7.26
1921.5,2,15,0,59,21.60
1923.6,0,6247,99,87,297.13
1923.6,1,55,0,34,6.74
1923.6,2,15,0,59,21.19
1925.6,0,6535,98,87,294.84
1925.6,1,55,0,35,8.87
1925.6,2,15,0,60,25.51
1927.7,0,9191,100,85,273.33
1927.7,1,55,0,34,6.76
1927.7,2,15,0,60,22.27
1929.8,0,6935,100,87,281.77
1929.8,1,55,0,34,6.84
1929.8,2,15,0,59,20.95
1931.9,0,4753,99,87,275.76
1931.9,1,55,0,34,6.94
1931.9,2,15,0,59,21.38
1934.0,0,7949,100,87,231.34
1934.0,1,55,0,35,11.96
1934.0,2,15,0,60,30.54
1936.0,0,8077,100,87,261.66
1936.0,1,55,0,34,6.98
1936.0,2,15,0,59,21.47
1938.1,0,4293,0,83,211.65
1938.1,1,55,0,34,7.08
1938.1,2,15,0,59,21.07
1940.2,0,6937,100,86,245.35
1940.2,1,55,0,35,11.02
1940.2,2,15,0,60,30.08
1942.3,0,5855,100,86,270.59
1942.3,1,55,0,34,6.53
1942.3,2,15,0,59,21.23
1944.4,0,5943,99,86,296.54
1944.4,1,55,0,34,6.33
1944.4,2,15,0,59,21.27
1946.4,0,5623,99,86,296.91
1946.4,1,55,0,34,5.99
1946.4,2,15,0,59,21.31
1948.5,0,5975,99,87,298.63
1948.5,1,55,0,34,10.04
1948.5,2,15,0,60,30.13
1950.6,0,5559,99,87,298.50
1950.6,1,55,0,34,5.88
1950.6,2,15,0,59,21.31
1952.6,0,8887,100,87,262.80
1952.6,1,55,0,34,5.93
1952.6,2,15,0,59,21.17
1954.7,0,8535,100,86,280.19
1954.7,1,55,0,34,10.08
1954.7,2,15,0,60,30.47
1956.8,0,6039,100,86,261.62
1956.8,1,55,0,34,5.91
1956.8,2,15,0,59,20.96
1958.8,0,6135,99,87,298.42
1958.8,1,55,0,34,5.68
1958.8,2,15,0,59,21.19
1960.9,0,5495,99,87,299.16
1960.9,1,55,0,34,5.71
1960.9,2,15,0,59,21.25
1963.0,0,6135,99,87,298.09
1963.0,1,55,0,34,10.14
1963.0,2,15,0,60,22.81
1965.1,0,5623,99,87,296.75
1965.1,1,55,0,34,5.86
1965.1,2,15,0,59,21.33
1967.1,0,6071,99,87,298.48
1967.1,1,55,0,34,6.84
1967.1,2,15,0,59,21.49
1969.2,0,6007,97,87,294.19
1969.2,1,55,0,34,11.45
1969.2,2,15,0,60,30.27
1971.3,0,8503,96,86,293.38
1971.3,1,55,0,34,7.01
1971.3,2,15,0,59,21.53
1973.4,0,9219,100,87,269.03
1973.4,1,55,0,34,6.85
1973.4,2,15,0,59,21.15
1975.5,0,6691,100,87,290.21
1975.5,1,55,0,34,7.22
1975.5,2,15,0,59,22.07
1977.6,0,6403,99,87,295.02
1977.6,1,55,0,34,7.16
1977.6,2,15,0,60,22.20
1979.6,0,6275,99,87,295.75
1979.6,1,55,0,34,6.77
1979.6,2,15,0,59,21.17
1981.7,0,6275,99,87,295.20
1981.7,1,55,0,34,6.81
1981.7,2,15,0,59,21.29
1983.8,0,6723,100,87,294.26
1983.8,1,55,0,34,11.53
1983.8,2,15,0,60,30.64
1985.9,0,6339,99,87,291.68
1985.9,1,55,0,34,6.97
1985.9,2,15,0,59,21.77
1988.0,0,9667,100,87,269.03
1988.0,1,55,0,34,6.89
1988.0,2,15,0,59,21.27
1990.1,0,27415,100,87,282.90
1990.1,1,55,0,34,8.22
1990.1,2,15,0,60,22.86
1992.2,0,47147,100,87,266.89
1992.2,1,55,0,34,7.69
1992.2,2,15,0,60,22.47
1994.3,0,43755,100,87,287.37
1994.3,1,55,0,34,7.03
1994.3,2,15,0,59,20.63
1996.3,0,43755,100,87,283.21
1996.3,1,55,0,34,7.08
1996.3,2,15,0,59,20.79
1998.4,0,43787,100,87,285.85
1998.4,1,55,0,34,11.93
1998.4,2,15,0,60,30.38
2001.1,0,12881,100,84,201.01
2001.1,1,55,0,34,6.61
2001.1,2,15,0,59,20.62
2003.2,0,31781,80,86,281.12
2003.2,1,55,0,34,6.57
2003.2,2,15,0,59,20.75
2005.3,0,15313,100,85,169.11
2005.3,1,55,0,34,11.28
2005.3,2,15,0,60,30.39
2007.4,0,21285,97,86,273.59
2007.4,1,55,0,34,6.45
2007.4,2,15,0,59,21.49
2009.5,0,39833,100,86,284.55
2009.5,1,55,0,34,6.30
2009.5,2,15,0,59,20.60
2011.5,0,39865,95,86,288.15
2011.5,1,55,0,34,7.15
2011.5,2,15,0,60,22.53
2013.6,0,41881,99,86,288.28
2013.6,1,55,0,34,6.49
2013.6,2,15,0,60,22.21
2015.7,0,41465,100,86,276.11
2015.7,1,55,0,34,5.91
2015.7,2,15,0,59,20.75
2017.8,0,40377,100,86,282.39
2017.8,1,55,0,34,6.01
2017.8,2,15,0,59,20.82
2019.8,0,42841,100,86,285.62
2019.8,1,55,0,34,10.25
2019.8,2,15,0,60,30.15
2021.9,0,40281,99,86,287.24
2021.9,1,55,0,34,5.93
2021.9,2,15,0,59,20.97
2024.0,0,40313,100,86,287.75
2024.0,1,55,0,34,5.83
2024.0,2,15,0,59,20.63
2026.1,0,40281,100,87,285.70
2026.1,1,55,0,34,8.34
2026.1,2,15,0,60,24.26
2028.2,0,40345,100,86,286.90
2028.2,1,55,0,34,6.86
2028.2,2,15,0,59,20.84
2030.3,0,40377,100,87,286.49
2030.3,1,55,0,34,6.69
2030.3,2,15,0,59,20.74
2032.4,0,40377,100,87,284.32
2032.4,1,55,0,34,6.55
2032.4,2,15,0,59,20.65
2034.5,0,40409,98,87,286.20
2034.5,1,55,0,34,11.49
2034.5,2,15,0,60,30.79
2036.6,0,40409,100,87,284.74
2036.6,1,55,0,34,6.78
2036.6,2,15,0,59,21.18
2038.7,0,40377,96,86,282.34
2038.7,1,55,0,34,6.86
2038.7,2,15,0,59,20.92
2040.7,0,40409,100,87,284.65
2040.7,1,55,0,34,11.88
2040.7,2,15,0,60,30.15
2042.9,0,40345,98,87,285.80
2042.9,1,55,0,34,7.02
2042.9,2,15,0,59,20.83
2044.9,0,40221,100,87,285.25
2044.9,1,55,0,34,6.82
2044.9,2,15,0,59,20.66
2047.0,0,21143,97,87,248.63
2047.0,1,55,0,34,6.47
2047.0,2,15,1,59,20.73
2049.1,0,24087,100,86,267.12
2049.1,1,55,0,34,7.45
2049.1,2,15,0,60,22.30
2051.2,0,25527,100,86,276.65
2051.2,1,55,0,34,6.74
2051.2,2,15,0,59,21.06
2053.3,0,21751,93,87,279.94
2053.3,1,55,0,34,7.00
2053.3,2,15,0,59,21.34
2055.4,0,21783,96,87,289.40
2055.4,1,55,0,34,11.44
2055.4,2,15,0,60,30.75
2057.5,0,21207,97,87,289.10
2057.5,1,55,0,34,7.01
2057.5,2,15,0,59,22.10
2059.5,0,21783,99,87,288.61
2059.5,1,55,0,34,6.93
2059.5,2,15,0,59,21.50
2061.6,0,21561,97,87,285.23
2061.6,1,55,0,34,7.98
2061.6,2,15,0,60,22.72
2063.7,0,23513,97,85,279.28
2063.7,1,55,0,35,7.69
2063.7,2,15,0,60,22.97
2065.8,0,24217,98,87,268.89
2065.8,1,55,0,34,7.06
2065.8,2,15,0,59,21.17
2067.9,0,21561,99,87,287.05
2067.9,1,55,0,34,7.02
2067.9,2,15,0,59,21.30
2069.9,0,21433,98,87,290.13
2069.9,1,55,0,34,10.74
2069.9,2,15,0,60,30.37
2072.0,0,21657,99,87,287.57
2072.0,1,55,0,34,6.45
2072.0,2,15,0,59,21.66
2074.1,0,21625,99,87,287.58
2074.1,1,55,0,34,6.43
2074.1,2,15,0,59,21.45
2076.2,0,21177,99,87,288.65
2076.2,1,55,0,34,8.52
2076.2,2,15,0,60,25.88
2078.3,0,32547,100,87,285.84
2078.3,1,55,0,34,6.84
2078.3,2,15,0,60,22.86
2080.4,0,40493,100,87,284.62
2080.4,1,55,0,34,6.09
2080.4,2,15,0,59,20.74
2082.4,0,42733,100,87,283.18
2082.4,1,55,0,34,6.55
2082.4,2,15,0,59,20.76
2084.5,0,44045,100,87,282.27
2084.5,1,55,0,34,11.07
2084.5,2,15,0,60,30.04
2086.6,0,40109,97,87,284.71
2086.6,1,55,0,34,7.21
2086.6,2,15,0,59,21.09
2088.7,0,40027,100,87,286.68
2088.7,1,55,0,34,7.14
2088.7,2,15,0,59,20.75
2090.8,0,40029,99,87,285.92
2090.8,1,55,0,34,11.60
2090.8,2,15,0,60,30.09
2092.9,0,40061,100,87,284.72
2092.9,1,55,0,34,7.29
2092.9,2,15,0,59,20.92
2094.9,0,40125,100,87,286.83
2094.9,1,55,0,34,7.04
2094.9,2,15,0,59,20.69
2097.0,0,40125,100,87,285.60
2097.0,1,55,0,34,7.09
2097.0,2,15,0,59,20.64
2099.1,0,40157,100,87,286.87
2099.1,1,55,0,34,11.61
2099.1,2,15,0,60,30.61
2101.2,0,40189,100,87,284.43
2101.2,1,55,0,34,7.01
2101.2,2,15,0,59,20.70
2103.3,0,40189,100,87,285.32
2103.3,1,55,0,34,7.11
2103.3,2,15,0,59,20.77
2105.4,0,40157,100,87,288.45
2105.4,1,55,0,34,11.75
2105.4,2,15,0,60,30.46
2107.5,0,40157,100,87,280.99
2107.5,1,55,0,34,6.88
2107.5,2,15,0,59,21.15
2109.6,0,40253,99,87,284.17
2109.6,1,55,0,34,6.82
2109.6,2,15,0,59,20.71
2111.7,0,40093,99,87,285.46
2111.7,1,55,0,34,8.71
2111.7,2,15,0,60,23.88
2113.8,0,40093,100,87,284.48
2113.8,1,55,0,34,7.78
2113.8,2,15,0,60,22.20
2115.9,0,39933,100,87,285.31
2115.9,1,55,0,34,6.62
2115.9,2,15,0,59,20.78
2118.0,0,39805,100,87,284.64
2118.0,1,55,0,34,7.00
2118.0,2,15,0,59,20.85
2120.0,0,39677,100,87,285.72
2120.0,1,55,0,34,11.39
2120.0,2,15,0,60,30.38
2122.1,0,39677,100,87,285.58
2122.1,1,55,0,34,7.22
2122.1,2,15,0,59,20.87
2124.2,0,39581,100,87,284.87
2124.2,1,55,0,34,6.99
2124.2,2,15,0,59,20.72
2126.3,0,40349,100,87,285.04
2126.3,1,55,0,34,9.06
2126.3,2,15,0,60,24.77
2128.4,0,39645,98,87,285.64
2128.4,1,55,0,34,7.17
2128.4,2,15,0,60,22.63
2130.5,0,40093,99,87,284.62
2130.5,1,55,0,34,7.09
2130.5,2,15,0,59,20.71
2132.5,0,43965,100,87,267.48
2132.5,1,55,0,34,7.14
2132.5,2,15,0,59,20.85
2134.6,0,42621,100,87,276.29
2134.6,1,55,0,34,12.23
2134.6,2,15,0,60,30.02
2136.7,0,40349,100,87,272.39
2136.7,1,55,0,34,7.12
2136.7,2,15,0,59,20.76
2138.8,0,40063,100,87,285.53
2138.8,1,55,0,34,7.20
2138.8,2,15,0,59,20.85
2140.9,0,40063,100,86,286.74
2140.9,1,55,0,34,11.49
2140.9,2,15,0,60,25.18
2143.0,0,40063,100,87,286.73
2143.0,1,55,0,34,7.55
2143.0,2,15,0,60,21.86
2145.1,0,40095,100,87,284.55
2145.1,1,55,0,34,6.85
2145.1,2,15,0,59,20.72
2147.2,0,40127,100,87,283.90
2147.2,1,55,0,34,6.93
2147.2,2,15,0,59,21.67
2149.3,0,40127,100,88,286.75
2149.3,1,55,0,35,7.31
2149.3,2,15,0,60,22.61
2151.3,0,40159,100,87,283.45
2151.3,1,55,0,34,6.72
2151.3,2,15,0,59,20.65
2153.4,0,40191,100,87,286.25
2153.4,1,55,0,34,6.80
2153.4,2,15,0,59,20.77
2155.5,0,40187,100,87,282.18
2155.5,1,55,0,34,11.58
2155.5,2,15,0,60,30.16
2157.6,0,40221,100,87,283.68
2157.6,1,55,0,34,6.64
2157.6,2,15,0,59,21.19
2159.7,0,40253,100,87,288.68
2159.7,1,55,0,34,6.53
2159.7,2,15,0,59,20.76
2161.8,0,40283,98,87,285.29
2161.8,1,55,0,34,8.23
2161.8,2,15,0,60,22.92
2163.9,0,40255,100,87,284.56
2163.9,1,55,0,34,7.41
2163.9,2,15,0,60,22.16
2166.0,0,40187,99,87,284.47
2166.0,1,55,0,34,6.69
2166.0,2,15,0,59,20.59
2168.1,0,39999,100,87,284.42
2168.1,1,55,0,34,6.93
2168.1,2,15,0,59,20.66
2170.1,0,39933,99,87,283.24
2170.1,1,55,0,34,11.27
2170.1,2,15,0,60,30.32
2172.2,0,39837,100,87,285.31
2172.2,1,55,0,34,7.16
2172.2,2,15,0,59,20.73
2174.3,0,40095,99,87,283.94
2174.3,1,55,0,34,6.78
2174.3,2,15,0,59,20.65
2176.4,0,39615,100,87,281.92
2176.4,1,55,1,34,8.62
2176.4,2,15,1,60,23.81
2178.5,0,42623,100,87,283.77
2178.5,1,55,0,34,7.22
2178.5,2,15,0,60,22.47
2180.6,0,43967,100,87,269.09
2180.6,1,55,0,34,6.85
2180.6,2,15,0,59,20.64
2182.7,0,40063,100,87,268.37
2182.7,1,55,0,34,6.92
2182.7,2,15,0,59,20.54
2184.8,0,40063,99,87,285.67
2184.8,1,55,0,34,11.89
2184.8,2,15,0,60,29.86
2186.9,0,40095,100,87,283.79
2186.9,1,55,0,34,7.03
2186.9,2,15,0,59,20.98
2189.0,0,40127,100,87,285.90
2189.0,1,55,0,34,6.62
2189.0,2,15,0,59,20.55
2191.0,0,40159,100,87,287.55
2191.0,1,55,0,34,8.77
2191.0,2,15,0,60,24.34
2193.1,0,40191,100,87,285.11
2193.1,1,55,0,34,7.57
2193.1,2,15,0,60,21.92
2195.2,0,40191,100,87,288.26
2195.2,1,55,0,34,6.70
2195.2,2,15,0,59,20.71
2197.3,0,40223,100,87,286.04
2197.3,1,55,0,34,7.18
2197.3,2,15,0,59,20.67
2199.4,0,40191,100,87,288.72
2199.4,1,55,0,35,7.23
2199.4,2,15,0,60,22.64
2201.5,0,40127,100,87,285.66
2201.5,1,55,0,34,6.79
2201.5,2,15,0,59,20.71
2203.6,0,40095,100,87,282.31
2203.6,1,55,0,34,7.01
2203.6,2,15,0,59,20.80
2205.7,0,39775,100,87,285.56
2205.7,1,55,0,34,9.16
2205.7,2,15,0,60,29.94
2207.8,0,39807,100,87,288.11
2207.8,1,55,0,34,6.88
2207.8,2,15,0,59,20.96
2209.9,0,39775,100,87,288.10
2209.9,1,55,0,34,6.89
2209.9,2,15,0,59,20.76
2212.0,0,39807,99,87,285.74
2212.0,1,55,0,34,7.56
2212.0,2,15,0,60,22.13
2214.1,0,39739,100,87,283.63
2214.1,1,55,0,34,7.37
2214.1,2,15,0,60,21.91
2216.2,0,39675,100,87,285.56
2216.2,1,55,0,34,6.52
2216.2,2,15,0,59,20.66
2218.3,0,39613,100,87,282.90
2218.3,1,55,0,34,6.83
2218.3,2,15,0,59,20.77
2220.4,0,30547,100,87,280.00
2220.4,1,55,0,34,11.26
2220.4,2,15,0,60,30.30
2222.5,0,34761,92,85,242.17
2222.5,1,55,0,34,7.17
2222.5,2,15,0,59,21.33
2224.6,0,30761,100,87,281.46
2224.6,1,55,0,34,6.90
2224.6,2,15,0,59,21.11
2226.7,0,30921,92,87,287.23
2226.7,1,55,0,34,7.98
2226.7,2,15,0,60,29.85
2228.8,0,30761,99,87,284.51
2228.8,1,55,0,34,6.57
2228.8,2,15,0,60,23.04
2230.9,0,32361,96,87,240.54
2230.9,1,55,0,34,6.72
2230.9,2,15,0,59,21.42
2233.0,0,30793,98,87,283.81
2233.0,1,55,0,34,6.91
2233.0,2,15,0,59,21.17
2235.1,0,30825,96,86,289.17
2235.1,1,55,0,34,11.62
2235.1,2,15,0,60,30.12
2237.2,0,31081,98,87,289.57
2237.2,1,55,0,34,7.19
2237.2,2,15,0,59,21.55
2239.3,0,33353,100,86,251.79
2239.3,1,55,0,34,6.97
2239.3,2,15,0,59,21.16
2241.3,0,30793,99,86,284.47
2241.3,1,55,0,34,11.33
2241.3,2,15,0,60,30.38
2243.4,0,30921,98,87,289.81
2243.4,1,55,0,34,7.04
2243.4,2,15,0,59,21.40
2245.5,0,30345,97,87,291.12
2245.5,1,55,0,34,6.96
2245.5,2,15,0,59,21.34
2247.6,0,33321,97,86,252.94
2247.6,1,55,0,34,6.89
2247.6,2,15,0,59,21.10
2249.7,0,30891,98,87,293.41
2249.7,1,55,0,34,11.80
2249.7,2,15,0,60,30.71
2251.7,0,30827,99,87,289.57
2251.7,1,55,0,34,6.83
2251.7,2,15,0,59,21.35
2253.8,0,32299,99,86,289.17
2253.8,1,55,0,34,7.05
2253.8,2,15,0,59,21.36
2255.9,0,34859,75,86,256.36
2255.9,1,55,0,34,11.70
2255.9,2,15,0,60,30.22
2258.0,0,30859,98,87,293.36
2258.0,1,55,0,34,7.28
2258.0,2,15,0,59,21.36
2260.1,0,30507,96,87,292.36
2260.1,1,55,0,34,6.89
2260.1,2,15,0,59,21.19
2262.2,0,33355,77,85,249.95
2262.2,1,55,0,34,6.86
2262.2,2,15,1,59,21.08
2264.2,0,12277,98,87,293.04
2264.2,1,55,0,34,6.98
2264.2,2,15,0,60,22.32
2266.3,0,12011,99,87,298.87
2266.3,1,55,0,34,7.00
2266.3,2,15,0,59,21.02
2268.4,0,14763,88,86,295.23
2268.4,1,55,0,34,7.04
2268.4,2,15,0,59,21.05
2270.5,0,12203,98,87,283.59
2270.5,1,55,0,34,11.65
2270.5,2,15,0,60,30.13
2272.6,0,12299,100,87,296.65
2272.6,1,55,0,34,7.14
2272.6,2,15,0,59,21.47
2274.7,0,15531,99,86,285.64
2274.7,1,55,0,34,7.06
2274.7,2,15,0,59,20.95
2276.7,0,12203,100,87,266.59
2276.7,1,55,0,34,8.26
2276.7,2,15,0,60,24.27
2278.8,0,12331,99,87,297.35
2278.8,1,55,0,34,7.70
2278.8,2,15,0,60,22.57
2280.9,0,12555,99,87,296.32
2280.9,1,55,0,34,7.20
2280.9,2,15,0,59,21.00
2283.0,0,14765,100,87,266.30
2283.0,1,55,0,34,7.21
2283.0,2,15,0,59,21.04
2285.1,0,12365,99,87,297.66
2285.1,1,55,0,35,11.84
2285.1,2,15,0,60,29.83
2287.2,0,11917,96,87,295.42
2287.2,1,55,0,34,7.15
2287.2,2,15,0,59,21.19
2289.2,0,16077,64,84,251.06
2289.2,1,55,0,34,7.11
2289.2,2,15,0,59,21.05
2291.3,0,12269,90,87,275.26
2291.3,1,55,0,35,11.47
2291.3,2,15,0,60,25.35
2293.4,0,14741,28,84,260.10
2293.4,1,55,0,35,7.69
2293.4,2,15,0,60,22.11
2295.5,0,12179,76,87,252.75
2295.5,1,55,0,34,7.23
2295.5,2,15,0,59,20.86
2297.6,0,11795,0,81,118.60
2297.6,1,55,0,34,7.15
2297.6,2,15,0,59,20.91
2299.6,0,16149,100,85,272.39
2299.6,1,55,0,34,11.04
2299.6,2,15,0,60,30.59
2301.7,0,12373,99,86,297.88
2301.7,1,55,0,34,6.57
2301.7,2,15,0,59,21.11
2303.8,0,11605,99,82,252.34
2303.8,1,55,0,34,5.94
2303.8,2,15,0,59,21.07
2305.8,0,12181,100,85,272.24
2305.8,1,55,0,34,10.49
2305.8,2,15,0,60,29.96
2307.9,0,12341,99,86,299.07
2307.9,1,55,0,34,6.03
2307.9,2,15,0,59,21.36
2310.0,0,11605,44,85,288.09
2310.0,1,55,0,34,5.72
2310.0,2,15,0,59,21.03
2312.0,0,12183,99,86,274.43
2312.0,1,55,0,34,5.81
2312.0,2,15,0,59,20.83
2314.1,0,12407,99,86,298.64
2314.1,1,55,0,34,10.09
2314.1,2,15,0,60,30.18
2316.2,0,11831,99,86,298.70
2316.2,1,55,0,34,5.89
2316.2,2,15,0,59,21.22
2318.3,0,13591,100,86,265.59
2318.3,1,55,0,34,5.63
2318.3,2,15,0,59,21.13
2320.3,0,12279,99,86,293.62
2320.3,1,55,0,34,10.15
2320.3,2,15,0,60,30.21
2322.4,0,12279,99,87,298.67
2322.4,1,55,0,34,5.83
2322.4,2,15,0,59,21.53
2324.5,0,11671,100,87,293.46
2324.5,1,55,0,34,5.95
2324.5,2,15,0,59,21.24
2326.6,0,11799,99,87,298.77
2326.6,1,55,0,34,7.11
2326.6,2,15,0,59,21.59
2328.6,0,11703,99,87,298.64
2328.6,1,55,0,34,7.50
2328.6,2,15,0,60,22.56
2330.7,0,30187,100,87,284.31
2330.7,1,55,0,34,6.67
2330.7,2,15,0,59,20.89
2332.8,0,30187,100,87,291.92
2332.8,1,55,0,34,6.96
2332.8,2,15,0,59,20.59
2334.9,0,30187,100,87,283.99
2334.9,1,55,0,34,11.31
2334.9,2,15,0,60,30.16
2337.0,0,30187,97,87,287.90
2337.0,1,55,0,34,6.91
2337.0,2,15,0,59,20.76
2339.1,0,30187,100,87,286.40
2339.1,1,55,0,34,6.79
2339.1,2,15,0,59,20.54
2341.2,0,30187,100,87,290.55
2341.2,1,55,0,34,7.70
2341.2,2,15,0,60,21.56
2343.3,0,39477,100,87,289.61
2343.3,1,55,0,34,7.18
2343.3,2,15,0,60,22.47
2345.4,0,39477,100,87,288.66
2345.4,1,55,0,34,6.64
2345.4,2,15,0,59,20.52
2347.5,0,39475,100,87,285.55
2347.5,1,55,0,34,6.88
2347.5,2,15,0,59,20.51
2349.6,0,39475,98,87,285.03
2349.6,1,55,0,34,11.48
2349.6,2,15,0,60,29.59
2351.7,0,39475,100,87,286.55
2351.7,1,55,0,34,7.17
2351.7,2,15,0,59,20.42
2353.8,0,39475,100,87,288.32
2353.8,1,55,0,34,6.79
2353.8,2,15,0,59,20.67
2355.9,0,39475,100,87,285.46
2355.9,1,55,0,34,11.23
2355.9,2,15,0,60,24.94
2358.0,0,39635,100,87,281.74
2358.0,1,55,0,34,7.18
2358.0,2,15,0,60,21.91
2360.1,0,39475,100,87,287.39
2360.1,1,55,0,34,6.60
2360.1,2,15,0,59,20.55
2362.2,0,42611,100,87,281.71
2362.2,1,55,0,34,6.66
2362.2,2,15,0,59,20.75
2364.3,0,43411,94,87,285.01
2364.3,1,55,0,34,11.13
2364.3,2,15,0,60,21.70
2366.3,0,40371,100,87,279.98
2366.3,1,55,0,34,6.62
2366.3,2,15,0,59,20.59
2368.4,0,40051,100,87,286.39
2368.4,1,55,0,34,6.81
2368.4,2,15,0,59,20.57
2370.5,0,40051,100,87,284.86
2370.5,1,55,0,34,11.48
2370.5,2,15,0,60,30.50
2372.6,0,40083,100,87,282.04
2372.6,1,55,0,34,6.52
2372.6,2,15,0,59,20.87
2374.6,0,40115,99,87,285.74
2374.6,1,55,0,34,6.61
2374.6,2,15,0,59,20.49
2376.7,0,40115,100,87,286.83
2376.7,1,55,0,34,6.49
2376.7,2,15,0,60,22.76
2378.8,0,40147,100,87,288.18
2378.8,1,55,0,34,7.10
2378.8,2,15,0,60,22.12
2380.9,0,40147,100,87,286.58
2380.9,1,55,0,34,6.62
2380.9,2,15,0,59,20.52
2382.9,0,40147,100,87,285.35
2382.9,1,55,0,34,6.89
2382.9,2,15,0,59,20.59
2385.0,0,40243,100,87,286.41
2385.0,1,55,0,34,11.47
2385.0,2,15,0,60,30.08
2387.1,0,40147,100,87,284.83
2387.1,1,55,0,34,7.11
2387.1,2,15,0,59,20.61
2389.2,0,40115,100,87,284.69
2389.2,1,55,0,34,6.96
2389.2,2,15,0,59,20.45
2391.3,0,40147,100,87,285.43
2391.3,1,55,0,34,7.65
2391.3,2,15,1,60,24.21
2393.4,0,40115,100,87,285.71
2393.4,1,55,0,34,7.08
2393.4,2,15,0,60,22.49
2395.4,0,40083,100,87,285.23
2395.4,1,55,0,34,6.84
2395.4,2,15,0,59,20.64
2397.5,0,39859,100,87,285.24
2397.5,1,55,0,34,7.10
2397.5,2,15,0,59,20.67
2399.6,0,39859,100,87,286.24
2399.6,1,55,0,34,11.98
2399.6,2,15,0,60,29.95
2401.7,0,39667,100,87,285.89
2401.7,1,55,0,34,7.14
2401.7,2,15,0,59,20.86
2403.8,0,40243,100,87,284.93
2403.8,1,55,0,34,7.00
2403.8,2,15,0,59,20.45
2405.9,0,39635,100,88,285.06
2405.9,1,55,0,34,8.90
2405.9,2,15,0,60,24.66
2408.0,0,39635,100,87,284.25
2408.0,1,55,0,34,7.20
2408.0,2,15,0,60,21.66
2410.1,0,44019,100,87,275.68
2410.1,1,55,0,34,6.72
2410.1,2,15,0,59,20.44
2412.2,0,42643,100,87,280.18
2412.2,1,55,0,34,7.06
2412.2,2,15,0,59,20.76
2414.2,0,40211,100,87,267.61
2414.2,1,55,0,34,11.73
2414.2,2,15,0,60,30.25
2416.3,0,40145,100,87,285.46
2416.3,1,55,0,34,6.69
2416.3,2,15,0,59,20.48
2418.4,0,40147,100,87,285.79
2418.4,1,55,0,34,6.91
2418.4,2,15,0,59,20.65
2420.5,0,40147,100,87,284.03
2420.5,1,55,0,34,11.49
2420.5,2,15,0,60,29.59
2422.6,0,40211,100,87,284.67
2422.6,1,55,0,34,7.36
2422.6,2,15,0,60,22.34
2424.7,0,40211,100,87,286.31
2424.7,1,55,0,34,6.91
2424.7,2,15,0,59,20.45
2426.8,0,40243,100,87,285.55
2426.8,1,55,0,34,6.95
2426.8,2,15,0,60,22.13
2428.9,0,40179,100,87,285.22
2428.9,1,55,0,34,7.09
2428.9,2,15,0,60,21.97
2431.0,0,40147,100,87,285.70
2431.0,1,55,0,34,6.74
2431.0,2,15,0,59,20.66
2433.1,0,40147,100,87,286.76
2433.1,1,55,0,34,6.92
2433.1,2,15,0,59,20.72
2435.2,0,40147,99,87,288.49
2435.2,1,55,0,34,11.44
2435.2,2,15,0,60,30.39
2437.2,0,40115,100,87,286.80
2437.2,1,55,0,34,7.01
2437.2,2,15,0,59,20.70
2439.3,0,40115,100,87,284.44
2439.3,1,55,0,34,6.77
2439.3,2,15,0,59,20.63
2441.5,0,40051,100,87,281.43
2441.5,1,55,0,34,8.53
2441.5,2,15,0,60,23.20
2443.6,0,40051,100,87,285.85
2443.6,1,55,0,34,7.23
2443.6,2,15,0,60,22.32
2445.7,0,39891,100,87,284.55
2445.7,1,55,0,34,6.75
2445.7,2,15,0,59,20.56
2447.7,0,39891,100,87,290.87
2447.7,1,55,0,34,6.74
2447.7,2,15,0,59,20.75
2449.8,0,39857,100,87,282.85
2449.8,1,55,0,34,11.44
2449.8,2,15,0,60,29.93
2451.9,0,39667,100,87,285.20
2451.9,1,55,0,34,6.82
2451.9,2,15,0,59,20.82
2454.0,0,40275,100,87,285.62
2454.0,1,55,0,34,6.80
2454.0,2,15,0,59,20.59
2456.1,0,39667,100,87,284.04
2456.1,1,55,0,34,8.72
2456.1,2,15,0,60,23.87
2458.2,0,43027,100,87,283.48
2458.2,1,55,0,34,7.46
2458.2,2,15,0,60,21.63
2460.3,0,40499,100,87,280.79
2460.3,1,55,0,34,6.86
2460.3,2,15,0,59,20.53
2462.4,0,40245,100,87,275.01
2462.4,1,55,0,34,6.72
2462.4,2,15,0,59,20.71
2464.5,0,42581,100,87,283.18
2464.5,1,55,0,34,11.87
2464.5,2,15,0,60,30.44
2466.6,0,39765,100,87,283.05
2466.6,1,55,0,34,6.82
2466.6,2,15,0,59,21.12
2468.6,0,43061,100,87,280.97
2468.6,1,55,0,34,6.80
2468.6,2,15,0,59,20.59
2470.7,0,43189,100,87,278.11
2470.7,1,55,0,34,9.08
2470.7,2,15,0,60,24.57
2472.8,0,40021,100,87,284.31
2472.8,1,55,0,34,7.72
2472.8,2,15,0,59,20.98
2474.9,0,40053,100,87,287.68
2474.9,1,55,0,34,6.79
2474.9,2,15,0,59,20.67
2477.0,0,40117,100,87,285.14
2477.0,1,55,0,34,7.29
2477.0,2,15,1,59,20.88
2479.1,0,40085,99,88,285.77
2479.1,1,55,0,34,7.45
2479.1,2,15,0,60,21.89
2481.2,0,40117,100,87,287.42
2481.2,1,55,0,34,6.83
2481.2,2,15,0,59,20.56
2483.3,0,40115,100,87,284.58
2483.3,1,55,0,34,7.06
2483.3,2,15,0,59,20.59
2485.4,0,40179,100,87,282.60
2485.4,1,55,0,34,11.45
2485.4,2,15,0,60,30.34
2487.5,0,40211,100,87,288.40
2487.5,1,55,0,34,6.96
2487.5,2,15,0,59,21.17
2489.6,0,40179,100,87,286.79
2489.6,1,55,0,34,6.86
2489.6,2,15,0,59,20.47
2491.6,0,40179,100,87,286.66
2491.6,1,55,0,34,8.01
2491.6,2,15,0,60,21.74
2493.7,0,40083,99,87,284.55
2493.7,1,55,0,34,7.17
2493.7,2,15,0,60,22.19
2495.8,0,40083,100,87,284.43
2495.8,1,55,0,34,6.78
2495.8,2,15,0,59,20.57
2497.9,0,40083,97,87,287.25
2497.9,1,55,0,34,6.83
2497.9,2,15,0,59,20.61
2500.0,0,39987,100,87,286.06
2500.0,1,55,0,34,11.31
2500.0,2,15,0,60,30.22
2502.1,0,39859,100,87,286.57
2502.1,1,55,0,34,6.72
2502.1,2,15,0,59,20.92
2504.2,0,39827,100,87,286.08
2504.2,1,55,0,34,6.68
2504.2,2,15,0,59,20.58
2506.2,0,39763,100,87,284.76
2506.2,1,55,0,34,8.55
2506.2,2,15,0,60,25.25
2508.3,0,39571,99,87,284.77
2508.3,1,55,0,34,7.48
2508.3,2,15,0,60,21.65
2510.4,0,39667,99,87,286.77
2510.4,1,55,0,34,6.98
2510.4,2,15,0,59,20.53
2512.5,0,39667,100,87,285.32
2512.5,1,55,0,34,6.91
2512.5,2,15,0,59,20.72
2514.5,0,43027,100,87,272.76
2514.5,1,55,0,34,11.31
2514.5,2,15,0,60,30.48
2516.6,0,40467,100,87,285.97
2516.6,1,55,0,34,6.92
2516.6,2,15,0,59,21.08
2518.7,0,40147,100,87,287.26
2518.7,1,55,0,34,6.99
2518.7,2,15,0,59,20.75
2520.8,0,42707,87,87,278.06
2520.8,1,55,0,34,8.86
2520.8,2,15,0,60,29.92
2522.9,0,40147,100,87,285.59
2522.9,1,55,0,34,6.98
2522.9,2,15,0,59,20.89
2525.0,0,40179,100,87,284.02
2525.0,1,55,0,34,6.73
2525.0,2,15,0,59,20.54
2527.1,0,40179,100,87,285.06
2527.1,1,55,0,34,6.82
2527.1,2,15,0,59,20.60
2529.2,0,40211,100,87,288.20
2529.2,1,55,0,34,7.50
2529.2,2,15,0,60,30.26
2531.3,0,40243,100,87,287.74
2531.3,1,55,0,34,6.98
2531.3,2,15,0,59,20.46
2533.3,0,40275,100,87,287.00
2533.3,1,55,0,34,7.07
2533.3,2,15,0,59,20.57
2535.4,0,40277,100,87,284.29
2535.4,1,55,0,34,11.61
2535.4,2,15,0,60,30.36
2537.5,0,40277,100,87,286.09
2537.5,1,55,0,34,7.11
2537.5,2,15,0,59,21.00
2539.6,0,40309,100,87,285.27
2539.6,1,55,0,34,7.03
2539.6,2,15,0,59,20.47
2541.7,0,40245,99,87,284.71
2541.7,1,55,0,34,7.49
2541.7,2,15,0,59,20.76
2543.8,0,40277,100,87,289.47
2543.8,1,55,0,34,7.71
2543.8,2,15,0,60,22.17
2545.9,0,40209,100,87,286.42
2545.9,1,55,0,34,7.01
2545.9,2,15,0,59,20.57
2548.0,0,40211,100,87,285.71
2548.0,1,55,0,34,7.06
2548.0,2,15,0,59,20.67
2550.1,0,40307,100,87,284.15
2550.1,1,55,0,34,11.45
2550.1,2,15,0,60,30.17
2552.2,0,40019,100,87,286.05
2552.2,1,55,0,34,6.93
2552.2,2,15,0,59,20.78
2554.3,0,39891,100,87,283.92
2554.3,1,55,0,34,7.06
2554.3,2,15,0,59,20.53
2556.4,0,39891,100,87,286.24
2556.4,1,55,0,34,8.24
2556.4,2,15,0,60,24.59
2558.4,0,39859,100,87,288.10
2558.4,1,55,0,34,7.25
2558.4,2,15,0,60,21.67
2560.6,0,39731,100,87,288.38
2560.6,1,55,0,34,6.97
2560.6,2,15,0,59,20.44
2562.6,0,39665,99,87,287.72
2562.6,1,55,0,34,7.05
2562.6,2,15,0,59,20.66
2564.7,0,39667,100,87,287.35
2564.7,1,55,0,34,11.64
2564.7,2,15,0,60,30.51
2566.8,0,39635,100,87,287.64
2566.8,1,55,0,34,7.19
2566.8,2,15,0,59,20.59
2568.9,0,43123,100,87,277.66
2568.9,1,55,0,34,7.31
2568.9,2,15,0,59,20.82
2571.0,0,42643,100,87,283.08
2571.0,1,55,0,34,11.79
2571.0,2,15,0,60,25.09
2573.1,0,43763,92,87,264.04
2573.1,1,55,0,34,7.20
2573.1,2,15,0,60,22.22
2575.1,0,39571,100,87,287.49
2575.1,1,55,0,34,7.21
2575.1,2,15,0,59,20.79
2577.2,0,40051,100,87,287.82
2577.2,1,55,0,34,7.09
2577.2,2,15,0,59,20.78
2579.3,0,40083,100,87,287.38
2579.3,1,55,0,34,12.03
2579.3,2,15,0,60,21.72
2581.4,0,40147,100,87,285.30
2581.4,1,55,0,34,7.13
2581.4,2,15,0,59,20.59
2583.5,0,40147,100,87,286.44
2583.5,1,55,0,34,7.36
2583.5,2,15,0,59,20.77
2585.6,0,40179,100,87,289.93
2585.6,1,55,0,34,11.35
2585.6,2,15,0,60,30.50
2587.7,0,40179,100,87,284.37
2587.7,1,55,0,34,7.27
2587.7,2,15,0,59,21.06
2589.8,0,40175,100,87,284.87
2589.8,1,55,0,34,6.94
2589.8,2,15,0,59,20.60
2591.9,0,40179,100,87,287.63
2591.9,1,55,0,34,7.05
2591.9,2,15,0,60,23.27
2594.0,0,40179,100,87,286.25
2594.0,1,55,0,34,7.92
2594.0,2,15,0,60,22.08
2596.1,0,40179,100,87,285.30
2596.1,1,55,0,34,7.01
2596.1,2,15,0,59,20.62
2598.1,0,30695,100,87,282.51
2598.1,1,55,0,34,7.20
2598.1,2,15,0,59,20.61
2600.2,0,30369,91,85,288.59
2600.2,1,55,0,34,11.34
2600.2,2,15,0,60,29.94
2602.3,0,30529,100,87,271.28
2602.3,1,55,0,34,7.32
2602.3,2,15,0,59,21.05
2604.4,0,30913,100,87,297.01
2604.4,1,55,0,34,7.10
2604.4,2,15,0,59,21.00
2606.5,0,30497,99,87,291.75
2606.5,1,55,0,34,8.92
2606.5,2,15,1,60,24.54
2608.6,0,33345,100,87,259.66
2608.6,1,55,0,34,7.39
2608.6,2,15,0,60,22.85
2610.7,0,30913,99,87,297.03
2610.7,1,55,0,34,7.02
2610.7,2,15,0,59,20.82
2612.8,0,30977,96,87,295.02
2612.8,1,55,0,34,7.24
2612.8,2,15,0,59,21.20
2614.8,0,30273,99,87,292.29
2614.8,1,55,0,34,11.70
2614.8,2,15,0,60,29.78
2616.9,0,30753,100,87,273.94
2616.9,1,55,0,34,7.06
2616.9,2,15,0,59,21.33
2619.0,0,30913,99,87,295.22
2619.0,1,55,0,34,7.09
2619.0,2,15,0,59,20.96
2621.1,0,30305,97,87,292.41
2621.1,1,55,0,34,11.21
2621.1,2,15,0,60,24.97
2623.2,0,33249,100,87,265.50
2623.2,1,55,0,34,7.80
2623.2,2,15,0,60,22.19
2625.3,0,30785,99,87,273.94
2625.3,1,55,0,34,7.08
2625.3,2,15,0,59,20.83
2627.4,0,30881,99,87,294.11
2627.4,1,55,0,34,7.09
2627.4,2,15,0,59,21.24
2629.5,0,30369,100,87,295.76
2629.5,1,55,0,34,7.36
2629.5,2,15,0,60,21.98
2631.5,0,35297,100,87,252.12
2631.5,1,55,0,34,6.90
2631.5,2,15,0,59,20.80
2633.6,0,30977,99,87,296.12
2633.6,1,55,0,34,7.09
2633.6,2,15,0,59,21.04
2635.7,0,31009,99,87,297.88
2635.7,1,55,0,34,11.44
2635.7,2,15,0,60,25.59
2637.8,0,30369,100,87,294.81
2637.8,1,55,0,34,6.89
2637.8,2,15,0,59,21.39
2639.8,0,34817,100,87,259.92
2639.8,1,55,0,34,6.76
2639.8,2,15,0,59,20.88
2642.0,0,30881,99,87,296.26
2642.0,1,55,0,34,8.17
2642.0,2,15,0,60,22.47
2644.1,0,30753,99,87,298.05
2644.1,1,55,0,34,7.28
2644.1,2,15,0,60,22.50
2646.1,0,33345,99,86,287.35
2646.1,1,55,0,34,6.53
2646.1,2,15,0,59,21.05
2648.2,0,30817,100,87,284.08
2648.2,1,55,0,34,7.03
2648.2,2,15,0,59,20.83
2650.3,0,30881,99,87,296.04
2650.3,1,55,0,34,11.61
2650.3,2,15,0,60,30.17
2652.4,0,30369,99,87,295.37
2652.4,1,55,0,34,6.98
2652.4,2,15,0,59,21.22
2654.5,0,34785,100,86,252.33
2654.5,1,55,0,34,6.97
2654.5,2,15,0,59,20.95
2656.6,0,30977,99,87,289.35
2656.6,1,55,1,34,8.82
2656.6,2,15,0,60,23.58
2658.7,0,30561,96,87,294.67
2658.7,1,55,0,34,7.00
2658.7,2,15,0,60,22.86
2660.7,0,34721,100,87,269.09
2660.7,1,55,0,34,6.97
2660.7,2,15,0,59,21.18
2662.8,0,30945,98,87,297.03
2662.8,1,55,0,34,7.21
2662.8,2,15,0,59,21.03
2664.9,0,30945,100,87,295.13
2664.9,1,55,0,34,12.06
2664.9,2,15,0,60,30.04
2667.0,0,30369,99,87,295.85
2667.0,1,55,0,34,7.09
2667.0,2,15,0,59,21.44
2669.1,0,33057,100,86,261.19
2669.1,1,55,0,34,7.13
2669.1,2,15,0,59,20.90
2671.2,0,30881,99,87,298.49
2671.2,1,55,0,34,9.03
2671.2,2,15,0,60,24.26
2673.3,0,30977,99,87,293.33
2673.3,1,55,0,34,7.59
2673.3,2,15,0,60,22.30
2675.4,0,30401,99,87,297.84
2675.4,1,55,0,34,7.05
2675.4,2,15,0,60,21.22
2677.5,0,33345,100,87,271.94
2677.5,1,55,0,34,7.29
2677.5,2,15,0,59,21.03
2679.6,0,30881,96,87,295.97
2679.6,1,55,0,34,7.45
2679.6,2,15,0,60,30.26
2681.6,0,30977,99,87,295.15
2681.6,1,55,0,34,6.91
2681.6,2,15,0,59,21.56
2683.7,0,32449,99,87,270.46
2683.7,1,55,0,34,7.15
2683.7,2,15,0,59,21.04
2685.8,0,30785,100,87,272.17
2685.8,1,55,0,34,9.21
2685.8,2,15,0,60,29.84
2687.9,0,30657,96,87,295.74
2687.9,1,55,0,34,7.47
2687.9,2,15,0,59,21.52
2690.0,0,33953,99,87,276.39
2690.0,1,55,0,34,7.03
2690.0,2,15,0,59,21.13
2692.1,0,30785,100,84,264.09
2692.1,1,55,0,34,8.05
2692.1,2,15,1,59,21.03
2694.1,0,30977,100,87,297.61
2694.1,1,55,0,34,7.57
2694.1,2,15,0,60,22.30
2696.2,0,30369,99,87,296.33
2696.2,1,55,0,34,7.08
2696.2,2,15,0,59,21.09
2698.3,0,33377,100,87,265.68
2698.3,1,55,0,34,7.25
2698.3,2,15,0,59,21.14
2700.4,0,30753,87,87,272.64
2700.4,1,55,0,34,11.51
2700.4,2,15,0,60,30.37
2702.5,0,30881,99,87,297.69
2702.5,1,55,0,34,7.21
2702.5,2,15,0,60,21.15
2704.6,0,30401,97,87,295.31
2704.6,1,55,0,34,7.06
2704.6,2,15,0,59,21.03
2706.7,0,33377,98,87,264.86
2706.7,1,55,0,34,8.57
2706.7,2,15,0,60,22.25
2708.8,0,30913,99,87,294.65
2708.8,1,55,0,34,7.57
2708.8,2,15,0,60,22.98
2710.8,0,30881,99,87,297.02
2710.8,1,55,0,34,6.74
2710.8,2,15,0,60,21.40
2712.9,0,30369,99,87,295.76
2712.9,1,55,0,34,7.20
2712.9,2,15,0,59,21.48
2715.0,0,32929,100,87,272.98
2715.0,1,55,0,34,11.84
2715.0,2,15,0,60,30.32
2717.1,0,30913,99,87,299.11
2717.1,1,55,0,34,7.34
2717.1,2,15,0,60,21.30
2719.2,0,30945,99,87,294.04
2719.2,1,55,0,34,7.08
2719.2,2,15,0,59,21.07
2721.3,0,30401,99,87,295.33
2721.3,1,55,0,34,8.80
2721.3,2,15,0,60,23.33
2723.4,0,32481,100,87,255.79
2723.4,1,55,0,34,7.55
2723.4,2,15,0,60,21.92
2725.5,0,30881,100,87,296.57
2725.5,1,55,0,34,6.83
2725.5,2,15,0,60,20.90
2727.5,0,30753,99,87,295.45
2727.5,1,55,0,34,6.87
2727.5,2,15,0,59,21.20
2729.6,0,33377,100,87,269.63
2729.6,1,55,0,34,12.03
2729.6,2,15,0,60,30.19
2731.7,0,30881,99,87,295.55
2731.7,1,55,0,34,7.06
2731.7,2,15,0,60,21.29
2733.8,0,30945,99,87,296.77
2733.8,1,55,0,34,6.89
2733.8,2,15,0,59,21.30
2735.9,0,30273,99,87,289.05
2735.9,1,55,0,34,8.96
2735.9,2,15,0,60,29.69
2738.0,0,33953,100,87,259.39
2738.0,1,55,0,34,7.06
2738.0,2,15,0,60,21.09
2740.1,0,30881,98,87,297.98
2740.1,1,55,0,34,6.88
2740.1,2,15,0,59,21.01
2742.2,0,30625,99,87,295.17
2742.2,1,55,0,34,7.42
2742.2,2,15,0,59,21.09
2744.2,0,33377,100,87,284.51
2744.2,1,55,0,34,7.45
2744.2,2,15,0,60,30.22
2746.3,0,30753,100,87,260.82
2746.3,1,55,0,34,6.89
2746.3,2,15,0,60,20.89
2748.4,0,30881,95,87,296.96
2748.4,1,55,0,34,7.20
2748.4,2,15,0,59,21.38
2750.5,0,30593,99,87,296.50
2750.5,1,55,0,34,11.72
2750.5,2,15,0,60,29.85
2752.6,0,34721,100,87,259.65
2752.6,1,55,0,34,7.23
2752.6,2,15,0,60,21.52
2754.7,0,30785,99,87,283.46
2754.7,1,55,0,34,7.13
2754.7,2,15,0,59,20.59
2756.8,0,30977,94,87,297.02
2756.8,1,55,0,34,8.29
2756.8,2,15,0,59,21.50
2758.9,0,30369,99,87,296.25
2758.9,1,55,0,34,7.55
2758.9,2,15,0,60,22.78
2760.9,0,33409,76,87,250.52
2760.9,1,55,0,34,7.13
2760.9,2,15,0,59,21.00
2763.0,0,30881,99,87,296.91
2763.0,1,55,0,34,7.35
2763.0,2,15,0,59,21.03
2765.1,0,30785,99,87,295.75
2765.1,1,55,0,34,11.95
2765.1,2,15,0,60,29.80
2767.2,0,30369,28,85,276.24
2767.2,1,55,0,34,7.22
2767.2,2,15,0,59,21.20
2769.3,0,30785,100,87,275.85
2769.3,1,55,0,34,7.02
2769.3,2,15,0,59,20.77
2771.4,0,31009,99,87,296.56
2771.4,1,55,0,34,8.15
2771.4,2,15,0,60,25.00
2773.5,0,30369,99,87,293.50
2773.5,1,55,0,34,7.46
2773.5,2,15,0,60,21.91
2775.5,0,30497,100,87,268.65
2775.5,1,55,0,34,6.89
2775.5,2,15,0,59,20.83
2777.6,0,30913,99,87,295.52
2777.6,1,55,0,34,7.18
2777.6,2,15,0,59,21.00
2779.7,0,30529,94,87,291.02
2779.7,1,55,0,34,11.55
2779.7,2,15,0,60,30.22
2781.8,0,33441,68,84,272.75
2781.8,1,55,0,34,7.05
2781.8,2,15,0,60,21.34
2783.9,0,30817,99,87,275.58
2783.9,1,55,0,34,6.80
2783.9,2,15,0,59,20.85
2786.0,0,31105,100,87,294.73
2786.0,1,55,1,34,8.70
2786.0,2,15,0,60,29.69
2788.0,0,30369,99,87,295.31
2788.0,1,55,0,34,7.13
2788.0,2,15,0,60,22.36
2790.1,0,30625,100,87,286.71
2790.1,1,55,0,34,6.91
2790.1,2,15,0,60,20.94
2792.2,0,30721,99,87,294.74
2792.2,1,55,0,34,7.01
2792.2,2,15,0,59,21.07
2794.3,0,30209,99,87,295.38
2794.3,1,55,0,34,11.90
2794.3,2,15,0,60,30.04
2796.4,0,30209,100,87,285.77
2796.4,1,55,0,34,7.07
2796.4,2,15,0,60,20.62
2798.5,0,30209,100,87,286.23
2798.5,1,55,0,34,7.25
2798.5,2,15,0,59,20.62
2800.6,0,39499,100,87,286.41
2800.6,1,55,0,34,11.65
2800.6,2,15,0,60,30.46
2802.7,0,39499,100,87,282.27
2802.7,1,55,0,34,7.14
2802.7,2,15,0,60,21.10
2804.8,0,39499,100,87,285.06
2804.8,1,55,0,34,6.96
2804.8,2,15,0,59,20.49
2806.9,0,39499,100,87,285.92
2806.9,1,55,0,34,6.99
2806.9,2,15,0,60,23.16
2809.0,0,39499,100,87,287.02
2809.0,1,55,0,34,7.54
2809.0,2,15,0,60,22.18
2811.0,0,39499,100,87,287.18
2811.0,1,55,0,34,6.66
2811.0,2,15,0,59,20.42
2813.1,0,39499,100,87,285.76
2813.1,1,55,0,34,6.97
2813.1,2,15,0,59,20.68
2815.2,0,39499,100,87,285.95
2815.2,1,55,0,34,11.16
2815.2,2,15,0,60,30.19
2817.3,0,39499,100,87,285.60
2817.3,1,55,0,34,6.83
2817.3,2,15,0,60,20.86
2819.4,0,39499,100,87,286.34
2819.4,1,55,0,34,6.76
2819.4,2,15,0,59,20.65
2821.5,0,39499,100,87,288.03
2821.5,1,55,0,34,7.89
2821.5,2,15,0,60,24.19
2823.6,0,39499,100,87,285.30
2823.6,1,55,0,34,7.45
2823.6,2,15,0,60,22.76
2825.7,0,39499,100,87,289.47
2825.7,1,55,0,34,6.94
2825.7,2,15,0,60,20.64
2827.8,0,39497,100,87,284.01
2827.8,1,55,0,34,7.20
2827.8,2,15,0,59,20.58
2829.9,0,39497,100,87,286.12
2829.9,1,55,0,34,12.05
2829.9,2,15,0,60,29.85
2832.0,0,39497,100,87,287.35
2832.0,1,55,0,34,7.02
2832.0,2,15,0,60,21.11
2834.1,0,39497,100,87,284.75
2834.1,1,55,0,34,7.28
2834.1,2,15,0,59,20.59
2836.2,0,39497,100,87,289.59
2836.2,1,55,0,34,9.48
2836.2,2,15,0,60,24.79
2838.3,0,39497,100,87,285.79
2838.3,1,55,0,34,7.39
2838.3,2,15,0,60,22.15
2840.4,0,39497,100,87,285.02
2840.4,1,55,0,34,6.75
2840.4,2,15,0,60,20.56
2842.5,0,39497,100,87,286.64
2842.5,1,55,0,34,6.89
2842.5,2,15,0,59,20.93
2844.6,0,39497,99,87,288.05
2844.6,1,55,0,34,6.91
2844.6,2,15,0,60,21.79
2846.7,0,39497,100,87,288.00
2846.7,1,55,0,34,7.01
2846.7,2,15,0,60,20.59
2848.8,0,39497,98,87,288.04
2848.8,1,55,0,34,7.26
2848.8,2,15,0,59,20.65
2850.8,0,39497,100,87,285.62
2850.8,1,55,0,34,11.54
2850.8,2,15,0,60,25.38
2852.9,0,39497,100,87,288.79
2852.9,1,55,0,34,7.14
2852.9,2,15,0,60,21.04
2855.0,0,39499,100,87,285.64
2855.0,1,55,0,34,7.05
2855.0,2,15,0,59,20.56
2857.1,0,39499,100,87,288.55
2857.1,1,55,0,34,8.57
2857.1,2,15,0,60,21.95
2859.2,0,39499,100,87,289.50
2859.2,1,55,0,34,7.70
2859.2,2,15,0,60,22.13
2861.3,0,39497,100,87,285.37
2861.3,1,55,0,34,7.01
2861.3,2,15,0,60,20.58
2863.4,0,39497,100,87,286.40
2863.4,1,55,0,34,7.12
2863.4,2,15,0,59,20.75
2865.5,0,39497,100,87,285.66
2865.5,1,55,0,34,11.63
2865.5,2,15,0,60,30.15
2867.6,0,39497,100,87,288.21
2867.6,1,55,0,34,7.30
2867.6,2,15,0,60,20.83
2869.7,0,39497,100,87,286.72
2869.7,1,55,0,34,7.05
2869.7,2,15,0,60,20.59
2871.7,0,39497,100,87,287.40
2871.7,1,55,0,34,8.95
2871.7,2,15,0,60,23.10
2873.8,0,39497,100,87,284.51
2873.8,1,55,0,34,7.24
2873.8,2,15,0,60,22.57
2875.9,0,39497,100,87,287.33
2875.9,1,55,0,34,6.85
2875.9,2,15,0,60,20.66
2878.0,0,39497,99,87,288.84
2878.0,1,55,0,34,7.00
2878.0,2,15,0,59,20.78
2880.1,0,39497,100,87,287.86
2880.1,1,55,0,34,7.39
2880.1,2,15,0,60,30.06
2882.2,0,39497,100,87,284.34
2882.2,1,55,0,34,6.87
2882.2,2,15,0,60,21.17
2884.3,0,39497,100,87,287.08
2884.3,1,55,0,34,7.24
2884.3,2,15,0,59,20.70
2886.4,0,39497,100,87,285.63
2886.4,1,55,0,34,9.16
2886.4,2,15,0,60,30.10
2888.5,0,39497,99,87,286.15
2888.5,1,55,0,34,7.73
2888.5,2,15,0,60,20.74
2890.6,0,39497,100,87,289.41
2890.6,1,55,0,34,6.76
2890.6,2,15,0,59,20.59
2892.6,0,39499,100,87,284.53
2892.6,1,55,0,34,7.13
2892.6,2,15,0,60,20.56
2894.7,0,39499,100,87,286.25
2894.7,1,55,0,34,6.75
2894.7,2,15,0,60,30.39
2896.8,0,39499,100,87,286.15
2896.8,1,55,0,34,6.64
2896.8,2,15,0,60,20.67
2898.9,0,39499,100,87,287.56
2898.9,1,55,0,34,6.81
2898.9,2,15,0,59,20.69
2901.0,0,39499,100,87,285.91
2901.0,1,55,0,34,11.37
2901.0,2,15,0,60,30.65
2903.1,0,39499,100,87,288.53
2903.1,1,55,0,34,6.86
2903.1,2,15,0,60,21.00
2905.1,0,39499,98,87,286.94
2905.1,1,55,0,34,6.84
2905.1,2,15,0,60,20.61
2907.2,0,39499,100,87,283.51
2907.2,1,55,0,34,7.69
2907.2,2,15,0,60,21.23
2909.3,0,39499,100,87,286.89
2909.3,1,55,0,34,7.31
2909.3,2,15,0,60,22.14
2911.4,0,39499,100,87,288.59
2911.4,1,55,0,34,6.46
2911.4,2,15,0,60,20.58
2913.4,0,39499,100,87,286.13
2913.4,1,55,0,34,6.77
2913.4,2,15,0,59,20.70
2915.5,0,39499,100,87,288.02
2915.5,1,55,0,34,11.09
2915.5,2,15,0,60,30.39
2917.6,0,39499,100,87,286.80
2917.6,1,55,0,34,6.83
2917.6,2,15,0,60,20.65
2919.7,0,39499,100,87,288.48
2919.7,1,55,0,34,6.82
2919.7,2,15,0,59,20.55
2921.8,0,39499,100,87,287.36
2921.8,1,55,0,34,8.38
2921.8,2,15,0,60,22.51
2923.9,0,39499,100,87,288.35
2923.9,1,55,0,34,7.23
2923.9,2,15,0,60,22.45
2926.0,0,39499,99,87,289.60
2926.0,1,55,0,34,6.95
2926.0,2,15,0,60,20.49
2928.1,0,39499,100,87,286.88
2928.1,1,55,0,34,7.11
2928.1,2,15,0,59,20.69
2930.2,0,39499,100,87,290.29
2930.2,1,55,0,34,12.24
2930.2,2,15,0,60,29.73
2932.3,0,39499,100,87,286.37
2932.3,1,55,0,34,7.14
2932.3,2,15,0,60,20.79
2934.3,0,39499,100,87,286.51
2934.3,1,55,0,34,6.96
2934.3,2,15,0,60,20.39
2936.4,0,39499,100,87,286.73
2936.4,1,55,0,34,8.75
2936.4,2,15,0,60,30.04
2938.5,0,39499,100,87,286.59
2938.5,1,55,0,34,7.22
2938.5,2,15,0,60,21.74
2940.6,0,39499,100,87,285.28
2940.6,1,55,0,34,6.89
2940.6,2,15,0,59,20.50
2942.7,0,39499,100,87,283.89
2942.7,1,55,0,34,6.86
2942.7,2,15,0,59,20.60
2944.8,0,39499,100,87,287.60
2944.8,1,55,0,34,11.96
2944.8,2,15,0,60,30.37
2946.9,0,39499,100,87,287.46
2946.9,1,55,0,34,7.14
2946.9,2,15,0,60,20.56
2949.0,0,39499,100,87,288.63
2949.0,1,55,0,34,7.05
2949.0,2,15,0,59,20.73
2951.1,0,39499,100,87,286.40
2951.1,1,55,0,34,9.06
2951.1,2,15,0,60,29.86
2953.2,0,39495,100,87,286.40
2953.2,1,55,0,34,7.07
2953.2,2,15,0,60,20.91
2955.2,0,39497,100,87,283.22
2955.2,1,55,0,34,6.98
2955.2,2,15,0,60,20.61
2957.3,0,39497,100,87,285.25
2957.3,1,55,0,34,7.56
2957.3,2,15,0,60,20.80
2959.4,0,39497,100,87,285.55
2959.4,1,55,0,34,7.51
2959.4,2,15,0,60,22.10
2961.5,0,39497,100,87,286.94
2961.5,1,55,0,34,6.72
2961.5,2,15,0,60,20.66
2963.6,0,39497,100,87,292.13
2963.6,1,55,0,34,7.00
2963.6,2,15,0,60,20.82
2965.7,0,39497,100,87,284.55
2965.7,1,55,0,34,11.78
2965.7,2,15,0,60,30.46
2967.8,0,39497,100,87,288.73
2967.8,1,55,0,34,6.99
2967.8,2,15,0,60,20.58
2969.9,0,39497,100,87,286.82
2969.9,1,55,0,34,6.85
2969.9,2,15,0,60,20.51
2972.0,0,39497,100,87,286.14
2972.0,1,55,0,34,8.41
2972.0,2,15,0,60,24.36
2974.1,0,39497,100,87,287.17
2974.1,1,55,0,34,7.39
2974.1,2,15,0,60,22.48
2976.1,0,39497,100,87,284.88
2976.1,1,55,0,34,6.61
2976.1,2,15,0,60,20.56
2978.2,0,39497,100,87,289.58
2978.2,1,55,0,34,6.89
2978.2,2,15,0,60,20.79
2980.3,0,39499,99,87,288.78
2980.3,1,55,0,34,11.71
2980.3,2,15,0,60,30.23
2982.4,0,39499,100,87,287.56
2982.4,1,55,0,34,7.18
2982.4,2,15,0,60,20.95
2984.5,0,39499,99,87,288.34
2984.5,1,55,0,34,6.90
2984.5,2,15,0,60,20.72
2986.6,0,39499,100,87,285.42
2986.6,1,55,0,34,8.47
2986.6,2,15,0,60,24.96
2988.7,0,39499,100,87,284.34
2988.7,1,55,0,34,6.91
2988.7,2,15,0,60,21.74
2990.8,0,39499,100,87,284.70
2990.8,1,55,0,34,6.69
2990.8,2,15,0,60,20.58
2992.9,0,39499,100,87,286.52
2992.9,1,55,0,34,6.76
2992.9,2,15,0,60,20.95
2995.0,0,39499,100,87,288.17
2995.0,1,55,0,34,11.91
2995.0,2,15,0,60,22.46
2997.1,0,39499,100,87,283.44
2997.1,1,55,0,34,6.97
2997.1,2,15,0,60,20.58
2999.2,0,39499,100,87,288.15
2999.2,1,55,0,34,6.92
2999.2,2,15,0,60,20.69
3001.3,0,39499,100,87,289.07
3001.3,1,55,0,34,11.63
3001.3,2,15,0,60,29.68
3003.4,0,39499,100,87,285.00
3003.4,1,55,0,34,7.22
3003.4,2,15,0,60,22.05
3005.4,0,39499,100,87,284.91
3005.4,1,55,0,34,6.85
3005.4,2,15,0,60,20.57
3007.5,0,39499,100,87,286.66
3007.5,1,55,0,34,6.97
3007.5,2,15,0,60,22.07
3009.6,0,39499,100,87,286.12
3009.6,1,55,0,34,7.39
3009.6,2,15,0,60,21.95
3011.8,0,39499,100,87,288.54
3011.8,1,55,0,34,6.84
3011.8,2,15,0,60,20.56
3013.9,0,39499,100,87,286.99
3013.9,1,55,0,34,6.97
3013.9,2,15,0,59,20.70
3016.0,0,39499,100,87,285.07
3016.0,1,55,0,34,11.81
3016.0,2,15,0,60,30.34
3018.1,0,39499,100,87,283.57
3018.1,1,55,0,34,7.02
3018.1,2,15,0,60,21.19
3020.1,0,39499,100,87,287.36
3020.1,1,55,0,34,7.11
3020.1,2,15,0,59,20.53
3022.2,0,39499,100,87,286.95
3022.2,1,55,0,34,8.82
3022.2,2,15,0,60,23.07
3024.3,0,39499,98,87,286.40
3024.3,1,55,0,34,7.13
3024.3,2,15,0,60,22.24
3026.4,0,39499,100,87,287.89
3026.4,1,55,0,34,6.82
3026.4,2,15,0,60,20.59
3028.5,0,39499,100,87,286.74
3028.5,1,55,0,34,7.08
3028.5,2,15,0,59,20.65
3030.6,0,39499,100,87,285.90
3030.6,1,55,0,34,11.47
3030.6,2,15,0,60,30.12
3032.7,0,39499,100,87,287.27
3032.7,1,55,0,34,7.06
3032.7,2,15,0,60,20.82
3034.8,0,39499,100,87,285.18
3034.8,1,55,0,34,7.19
3034.8,2,15,0,60,20.55
3036.9,0,39499,100,87,286.45
3036.9,1,55,0,34,9.09
3036.9,2,15,1,60,24.11
3039.0,0,39499,100,87,285.14
3039.0,1,55,0,34,7.62
3039.0,2,15,0,60,20.62
3041.0,0,39499,100,87,286.21
3041.0,1,55,0,34,7.10
3041.0,2,15,0,60,20.65
3043.1,0,39499,99,87,287.72
3043.1,1,55,0,34,7.14
3043.1,2,15,0,60,20.59
3045.2,0,39499,100,87,288.49
3045.2,1,55,0,34,6.88
3045.2,2,15,0,60,30.50
3047.3,0,39499,100,86,287.06
3047.3,1,55,0,34,7.02
3047.3,2,15,0,60,21.01
3049.4,0,39499,95,87,283.85
3049.4,1,55,0,34,7.15
3049.4,2,15,0,60,20.52
3051.5,0,39499,100,87,285.83
3051.5,1,55,0,34,11.83
3051.5,2,15,0,60,29.93
3053.6,0,39497,100,87,286.06
3053.6,1,55,0,34,7.19
3053.6,2,15,0,60,20.84
3055.7,0,39497,100,87,286.85
3055.7,1,55,0,34,6.98
3055.7,2,15,0,60,20.44
3057.8,0,39497,100,87,287.70
3057.8,1,55,0,34,8.20
3057.8,2,15,0,60,21.35
3059.8,0,39497,100,87,290.61
3059.8,1,55,0,34,7.65
3059.8,2,15,0,60,21.63
3061.9,0,39497,100,87,288.13
3061.9,1,55,0,34,7.03
3061.9,2,15,0,60,20.51
3064.0,0,39497,100,87,286.20
3064.0,1,55,0,34,7.25
3064.0,2,15,0,60,20.59
3066.1,0,39497,100,87,286.36
3066.1,1,55,0,34,11.47
3066.1,2,15,0,60,30.44
3068.2,0,39497,100,87,285.65
3068.2,1,55,0,34,6.87
3068.2,2,15,0,60,21.17
3070.3,0,39497,100,87,288.73
3070.3,1,55,0,34,6.86
3070.3,2,15,0,60,20.55
3072.3,0,39497,100,87,286.24
3072.3,1,55,0,34,8.48
3072.3,2,15,0,60,22.60
3074.4,0,39497,100,87,286.02
3074.4,1,55,0,34,7.56
3074.4,2,15,0,60,22.22
3076.5,0,39497,100,87,287.33
3076.5,1,55,0,34,6.79
3076.5,2,15,0,60,20.54
3078.6,0,39497,100,87,287.30
3078.6,1,55,0,34,7.14
3078.6,2,15,0,60,20.70
3080.7,0,39497,100,87,284.31
3080.7,1,55,0,34,11.36
3080.7,2,15,0,60,30.30
3082.8,0,39497,100,87,289.52
3082.8,1,55,0,34,7.08
3082.8,2,15,0,60,20.82
3084.9,0,39497,99,87,287.25
3084.9,1,55,0,34,6.97
3084.9,2,15,0,60,20.69
3087.0,0,39497,100,87,285.35
3087.0,1,55,0,34,8.75
3087.0,2,15,0,60,30.42
3089.0,0,39497,100,87,287.76
3089.0,1,55,0,34,6.93
3089.0,2,15,0,60,21.25
3091.2,0,39497,100,87,286.10
3091.2,1,55,0,34,6.79
3091.2,2,15,0,60,20.67
3093.3,0,39497,100,87,287.11
3093.3,1,55,0,34,6.96
3093.3,2,15,0,60,20.63
3095.3,0,39497,100,87,287.03
3095.3,1,55,0,34,6.87
3095.3,2,15,0,60,29.88
3097.4,0,39497,100,87,288.29
3097.4,1,55,0,34,6.93
3097.4,2,15,0,60,21.05
3099.5,0,39497,100,87,283.60
3099.5,1,55,0,34,7.16
3099.5,2,15,0,60,20.73
3101.6,0,39497,100,87,288.26
3101.6,1,55,0,34,9.26
3101.6,2,15,0,60,30.12
3103.7,0,39497,100,87,288.01
3103.7,1,55,0,34,7.09
3103.7,2,15,0,60,20.89
3105.8,0,39497,100,87,289.01
3105.8,1,55,0,34,6.77
3105.8,2,15,0,60,20.67
3107.9,0,39497,100,87,284.32
3107.9,1,55,0,34,7.59
3107.9,2,15,0,60,20.59
3110.0,0,39497,100,87,286.52
3110.0,1,55,0,34,7.31
3110.0,2,15,0,60,21.65
3112.1,0,39497,100,87,283.93
3112.1,1,55,0,34,6.84
3112.1,2,15,0,60,20.62
3114.2,0,39497,100,87,283.83
3114.2,1,55,0,34,7.12
3114.2,2,15,0,60,20.77
3116.3,0,39497,100,87,284.83
3116.3,1,55,0,34,11.54
3116.3,2,15,0,60,30.66
3118.3,0,39497,100,87,285.13
3118.3,1,55,0,34,7.09
3118.3,2,15,0,60,21.05
3120.4,0,39497,100,87,282.91
3120.4,1,55,0,34,6.95
3120.4,2,15,0,60,20.52
3122.5,0,39497,99,87,285.79
3122.5,1,55,0,34,8.32
3122.5,2,15,0,60,24.22
3124.6,0,39497,100,87,289.93
3124.6,1,55,0,34,7.62
3124.6,2,15,0,60,22.14
3126.7,0,30185,100,87,270.75
3126.7,1,55,0,34,6.83
3126.7,2,15,0,60,20.56
3128.8,0,30185,100,87,287.39
3128.8,1,55,0,34,7.16
3128.8,2,15,0,60,20.75
3130.9,0,30185,100,87,283.67
3130.9,1,55,0,34,11.58
3130.9,2,15,0,60,30.26
3133.0,0,39475,100,87,285.17
3133.0,1,55,0,34,7.31
3133.0,2,15,0,60,20.71
3135.0,0,39475,100,87,287.33
3135.0,1,55,0,34,6.89
3135.0,2,15,0,60,20.54
3137.1,0,39475,100,87,285.51
3137.1,1,55,1,34,8.88
3137.1,2,15,0,60,24.98
3139.2,0,39475,100,83,228.37
3139.2,1,55,0,34,7.65
3139.2,2,15,0,60,22.60
3141.3,0,39475,0,82,110.36
3141.3,1,55,0,34,6.90
3141.3,2,15,0,60,20.41
3143.3,0,39475,0,79,103.92
3143.3,1,55,0,34,6.86
3143.3,2,15,0,59,20.44
3145.4,0,39475,99,84,290.45
3145.4,1,55,0,34,11.63
3145.4,2,15,0,60,29.68
3147.5,0,39475,100,84,290.41
3147.5,1,55,0,34,7.22
3147.5,2,15,0,60,20.48
3149.6,0,20893,100,81,224.63
3149.6,1,55,0,34,6.83
3149.6,2,15,0,60,20.68
3151.7,0,30183,100,84,284.86
3151.7,1,55,0,34,8.98
3151.7,2,15,0,60,29.83
3153.7,0,30207,99,85,292.30
3153.7,1,55,0,34,7.28
3153.7,2,15,0,60,21.89
3155.8,0,30207,100,85,295.17
3155.8,1,55,0,34,7.00
3155.8,2,15,0,60,21.03
3157.9,0,30207,95,85,298.76
3157.9,1,55,0,34,7.15
3157.9,2,15,0,60,21.28
3160.0,0,30207,99,85,299.15
3160.0,1,55,0,34,7.29
3160.0,2,15,0,60,23.09
3162.1,0,30207,100,86,298.75
3162.1,1,55,0,34,6.71
3162.1,2,15,0,60,21.16
3164.2,0,30207,99,83,277.97
3164.2,1,55,0,34,6.95
3164.2,2,15,0,60,21.35
3166.2,0,30207,16,83,161.80
3166.2,1,55,0,34,11.81
3166.2,2,15,0,60,30.47
3168.3,0,30207,100,85,289.31
3168.3,1,55,0,34,7.08
3168.3,2,15,0,60,21.46
3170.4,0,30207,100,85,298.50
3170.4,1,55,0,34,6.87
3170.4,2,15,0,60,21.29
3172.5,0,30207,22,82,187.52
3172.5,1,55,0,34,7.76
3172.5,2,15,0,60,23.88
3174.5,0,30207,20,81,176.77
3174.5,1,55,0,34,7.50
3174.5,2,15,0,60,22.34
3176.6,0,30207,24,80,174.78
3176.6,1,55,0,34,6.70
3176.6,2,15,0,60,20.89
3178.7,0,30207,44,80,160.11
3178.7,1,55,0,34,7.20
3178.7,2,15,0,60,20.94
3180.8,0,30207,54,81,237.26
3180.8,1,55,0,34,11.31
3180.8,2,15,0,60,30.40
3182.9,0,30207,0,78,139.50
3182.9,1,55,0,34,7.13
3182.9,2,15,0,60,21.01
3185.0,0,11627,100,83,289.23
3185.0,1,55,0,34,6.83
3185.0,2,15,0,60,20.58
3187.1,0,11623,0,78,112.67
3187.1,1,55,0,34,7.84
3187.1,2,15,0,60,24.07
3189.1,0,11629,100,82,298.58
3189.1,1,55,0,34,6.46
3189.1,2,15,0,60,22.66
3191.2,0,11629,100,82,299.00
3191.2,1,55,0,34,5.76
3191.2,2,15,0,60,20.91
3193.3,0,11629,100,83,295.67
3193.3,1,55,0,34,5.98
3193.3,2,15,0,59,21.24
3195.3,0,14765,97,82,272.30
3195.3,1,55,0,34,10.44
3195.3,2,15,0,60,30.00
3197.4,0,12365,99,84,299.38
3197.4,1,55,0,34,5.91
3197.4,2,15,0,59,21.45
3199.5,0,12205,99,84,298.12
3199.5,1,55,0,34,5.75
3199.5,2,15,0,59,21.27
3201.5,0,14797,100,84,273.58
3201.5,1,55,0,34,7.46
3201.5,2,15,0,60,25.16
3203.6,0,12301,99,84,293.12
3203.6,1,55,0,34,6.55
3203.6,2,15,0,60,22.30
3205.7,0,12301,99,85,298.65
3205.7,1,55,0,34,5.77
3205.7,2,15,0,59,21.20
3207.7,0,12013,99,85,299.16
3207.7,1,55,0,34,5.51
3207.7,2,15,0,59,21.29
3209.8,0,20893,98,85,281.13
3209.8,1,55,0,34,10.27
3209.8,2,15,0,60,30.32
3211.9,0,30183,100,85,285.94
3211.9,1,55,0,34,5.65
3211.9,2,15,0,59,21.19
3214.0,0,30185,100,81,246.47
3214.0,1,55,0,34,5.60
3214.0,2,15,0,59,20.49
3216.0,0,30185,99,85,287.14
3216.0,1,55,0,34,7.68
3216.0,2,15,0,60,29.47
3218.1,0,30185,100,82,253.22
3218.1,1,55,0,34,6.09
3218.1,2,15,0,60,22.09
3220.2,0,30185,100,85,287.95
3220.2,1,55,0,34,5.50
3220.2,2,15,0,59,20.64
3222.3,0,30185,100,85,270.41
3222.3,1,55,0,34,6.09
3222.3,2,15,0,59,20.88
3224.4,0,11605,100,84,162.37
3224.4,1,55,0,34,7.14
3224.4,2,15,0,60,30.23
3226.4,0,11603,15,81,115.84
3226.4,1,55,0,34,6.59
3226.4,2,15,0,59,20.77
3228.5,0,11605,98,84,284.52
3228.5,1,55,0,34,6.67
3228.5,2,15,0,59,21.18
3230.6,0,11627,100,85,299.15
3230.6,1,55,0,34,11.10
3230.6,2,15,0,60,30.30
3232.7,0,11627,100,85,298.59
3232.7,1,55,0,34,7.47
3232.7,2,15,0,59,21.17
3234.8,0,11627,100,85,298.43
3234.8,1,55,0,34,6.87
3234.8,2,15,0,59,21.31
3236.9,0,11627,100,86,294.93
3236.9,1,55,0,34,8.01
3236.9,2,15,0,59,21.40
3239.0,0,13771,100,85,268.12
3239.0,1,55,0,34,7.20
3239.0,2,15,0,60,22.76
3241.1,0,12299,98,86,297.66
3241.1,1,55,0,34,6.97
3241.1,2,15,0,59,21.14
3243.2,0,11883,99,86,296.27
3243.2,1,55,0,34,7.10
3243.2,2,15,0,59,21.30
3245.3,0,14763,100,85,261.95
3245.3,1,55,0,34,11.58
3245.3,2,15,0,60,30.24
3247.3,0,12267,99,86,299.05
3247.3,1,55,0,34,7.04
3247.3,2,15,0,59,21.34
3249.4,0,12171,88,86,296.57
3249.4,1,55,0,34,6.86
3249.4,2,15,0,59,21.35
3251.5,0,14763,100,87,275.38
3251.5,1,55,0,34,7.53
3251.5,2,15,1,60,24.95
3253.6,0,12203,100,87,274.22
3253.6,1,55,0,34,6.75
3253.6,2,15,0,60,22.13
3255.6,0,12075,99,87,298.51
3255.6,1,55,0,34,6.30
3255.6,2,15,0,59,21.26
3257.7,0,12363,99,87,297.33
3257.7,1,55,0,34,6.50
3257.7,2,15,0,59,21.35
3259.8,0,11789,99,87,295.83
3259.8,1,55,0,34,10.63
3259.8,2,15,0,60,30.16
3261.9,0,39475,54,87,283.91
3261.9,1,55,0,34,6.48
3261.9,2,15,0,59,21.59
3263.9,0,39475,100,87,284.03
3263.9,1,55,0,34,6.25
3263.9,2,15,0,59,20.53
3266.0,0,39475,100,87,283.09
3266.0,1,55,0,34,7.47
3266.0,2,15,0,60,24.86
3268.1,0,39475,100,87,280.73
3268.1,1,55,0,34,6.38
3268.1,2,15,0,60,22.08
3270.2,0,39475,0,83,130.37
3270.2,1,55,0,34,5.73
3270.2,2,15,0,59,20.44
3272.2,0,39475,0,81,107.44
3272.2,1,55,0,34,5.98
3272.2,2,15,0,59,20.42
3274.3,0,39475,100,86,286.42
3274.3,1,55,0,34,9.90
3274.3,2,15,0,60,30.10
3276.4,0,39475,100,86,280.16
3276.4,1,55,0,34,5.84
3276.4,2,15,0,59,20.74
3278.5,0,39475,100,86,285.09
3278.5,1,55,0,34,5.66
3278.5,2,15,0,59,20.65
3280.5,0,39475,32,85,233.81
3280.5,1,55,0,34,7.92
3280.5,2,15,0,59,30.29
3282.6,0,39475,100,86,289.85
3282.6,1,55,0,34,5.79
3282.6,2,15,0,59,21.02
3284.7,0,11603,66,82,117.16
3284.7,1,55,0,34,5.52
3284.7,2,15,0,59,20.25
3286.8,0,11581,0,81,117.69
3286.8,1,55,0,34,6.90
3286.8,2,15,0,59,20.36
3288.9,0,11583,98,85,289.47
3288.9,1,55,0,34,6.51
3288.9,2,15,0,59,29.46
3291.0,0,11583,99,86,286.95
3291.0,1,55,0,34,6.74
3291.0,2,15,0,59,21.15
3293.0,0,11581,100,86,291.58
3293.0,1,55,0,34,6.67
3293.0,2,15,0,59,21.41
3295.1,0,11603,0,86,220.14
3295.1,1,55,0,34,8.94
3295.1,2,15,0,59,30.25
3297.2,0,11605,100,86,299.39
3297.2,1,55,0,34,7.19
3297.2,2,15,0,59,21.29
3299.3,0,11605,99,86,299.01
3299.3,1,55,0,34,6.38
3299.3,2,15,0,59,21.09
3301.4,0,11605,100,87,299.15
3301.4,1,55,0,34,7.42
3301.4,2,15,0,59,21.00
3303.5,0,11605,100,87,299.57
3303.5,1,55,0,34,7.18
3303.5,2,15,0,59,22.04
3305.6,0,11605,100,87,299.56
3305.6,1,55,0,34,6.56
3305.6,2,15,0,59,20.90
3307.7,0,11605,100,87,298.74
3307.7,1,55,0,34,6.62
3307.7,2,15,0,59,21.20
3309.7,0,11605,100,88,298.87
3309.7,1,55,0,34,11.09
3309.7,2,15,0,59,30.47
3311.8,0,11605,0,83,209.66
3311.8,1,55,0,34,6.08
3311.8,2,15,0,59,21.36
3313.9,0,11605,0,81,104.34
3313.9,1,55,0,34,6.01
3313.9,2,15,0,59,20.31
3315.9,0,11605,0,80,103.73
3315.9,1,55,0,34,7.41
3315.9,2,15,0,59,20.90
3318.0,0,11605,0,79,103.18
3318.0,1,55,0,34,6.81
3318.0,2,15,0,59,21.71
3320.1,0,11605,98,84,263.11
3320.1,1,55,0,34,5.30
3320.1,2,15,0,59,20.36
3322.1,0,11605,100,84,297.86
3322.1,1,55,0,34,5.70
3322.1,2,15,0,59,21.08
3324.2,0,11605,100,85,298.23
3324.2,1,55,0,34,9.83
3324.2,2,15,0,59,29.87
3326.3,0,11605,100,85,297.91
3326.3,1,55,0,34,5.68
3326.3,2,15,0,59,21.28
3328.3,0,11605,100,85,295.70
3328.3,1,55,0,34,5.43
3328.3,2,15,0,59,21.12
3330.4,0,11605,100,86,295.01
3330.4,1,55,0,34,7.20
3330.4,2,15,0,59,22.94
3332.5,0,11605,100,86,294.99
3332.5,1,55,0,34,5.93
3332.5,2,15,0,59,22.97
3334.6,0,11605,100,86,294.61
3334.6,1,55,0,34,5.63
3334.6,2,15,0,59,21.19
3336.6,0,11581,28,85,250.92
3336.6,1,55,0,34,5.62
3336.6,2,15,0,59,21.34
3338.7,0,11581,2,81,114.51
3338.7,1,55,0,34,10.19
3338.7,2,15,0,59,30.05
3340.8,0,11579,0,81,139.51
3340.8,1,55,0,34,5.82
3340.8,2,15,0,59,20.99
3342.8,0,11583,97,85,293.60
3342.8,1,55,0,34,5.50
3342.8,2,15,0,59,20.79
3345.0,0,11583,100,85,292.20
3345.0,1,55,0,34,8.19
3345.0,2,15,0,59,23.63
3347.0,0,11583,100,86,296.82
3347.0,1,55,0,34,7.38
3347.0,2,15,0,59,22.28
3349.1,0,11583,93,86,293.25
3349.1,1,55,0,34,6.58
3349.1,2,15,0,59,21.08
3351.2,0,11583,99,86,294.77
3351.2,1,55,0,34,6.72
3351.2,2,15,0,59,21.35
3353.3,0,11583,92,86,292.02
3353.3,1,55,0,34,11.59
3353.3,2,15,0,59,30.17
3355.4,0,11583,0,83,247.62
3355.4,1,55,0,34,6.91
3355.4,2,15,0,59,21.70
3357.4,0,11583,99,87,298.15
3357.4,1,55,0,34,6.90
3357.4,2,15,0,59,20.93
3359.5,0,11583,95,87,295.74
3359.5,1,55,0,34,11.60
3359.5,2,15,0,59,29.48
3361.6,0,11583,99,86,265.84
3361.6,1,55,0,34,7.38
3361.6,2,15,0,59,21.45
3363.7,0,11583,80,86,210.94
3363.7,1,55,0,34,7.03
3363.7,2,15,0,59,20.92
3365.8,0,11583,12,83,189.51
3365.8,1,55,0,34,7.07
3365.8,2,15,0,59,20.88
3367.9,0,11583,20,84,209.71
3367.9,1,55,0,34,7.13
3367.9,2,15,0,59,30.58
3370.0,0,11583,20,85,206.24
3370.0,1,55,0,34,7.04
3370.0,2,15,0,59,21.23
3372.0,0,15231,100,86,298.82
3372.0,1,55,0,34,6.53
3372.0,2,15,0,59,21.18
3374.1,0,12191,100,86,274.84
3374.1,1,55,0,34,9.99
3374.1,2,15,0,59,29.99
3376.1,0,15231,100,86,212.45
3376.1,1,55,0,34,5.84
3376.1,2,15,0,59,20.79
3378.2,0,15231,74,83,219.57
3378.2,1,55,0,34,5.62
3378.2,2,15,0,59,20.83
3380.3,0,15231,79,85,242.30
3380.3,1,55,0,34,5.57
3380.3,2,15,1,59,21.54
3382.3,0,11647,22,83,241.77
3382.3,1,55,0,34,6.19
3382.3,2,15,0,59,22.69
3384.4,0,12383,95,86,280.30
3384.4,1,55,0,34,5.85
3384.4,2,15,0,59,20.69
3386.5,0,14559,100,85,267.69
3386.5,1,55,0,34,6.00
3386.5,2,15,0,59,21.06
3388.6,0,12319,99,86,289.77
3388.6,1,55,0,34,10.26
3388.6,2,15,0,59,29.85
3390.6,0,11581,65,84,125.44
3390.6,1,55,0,34,5.94
3390.6,2,15,0,59,21.01
3392.7,0,12445,99,86,277.60
3392.7,1,55,0,34,5.59
3392.7,2,15,0,59,20.88
3394.8,0,15149,85,82,130.50
3394.8,1,55,0,34,6.10
3394.8,2,15,0,59,22.09
3396.8,0,12111,87,85,282.38
3396.8,1,55,0,34,6.28
3396.8,2,15,0,59,22.11
3398.9,0,12047,99,86,289.39
3398.9,1,55,0,34,5.66
3398.9,2,15,0,59,21.25
3401.0,0,14639,96,85,274.63
3401.0,1,55,0,34,5.92
3401.0,2,15,0,59,21.19
3403.1,0,12175,98,86,287.75
3403.1,1,55,0,34,10.30
3403.1,2,15,0,59,30.04
3405.2,0,11503,0,86,240.10
3405.2,1,55,0,34,6.56
3405.2,2,15,0,59,21.51
3407.2,0,12047,100,85,267.91
3407.2,1,55,0,34,6.97
3407.2,2,15,0,59,20.78
3409.4,0,12175,99,86,292.08
3409.4,1,55,0,34,8.86
3409.4,2,15,0,59,23.52
3411.4,0,11727,85,87,287.40
3411.4,1,55,0,34,7.64
3411.4,2,15,0,59,22.56
3413.5,0,14639,100,87,282.44
3413.5,1,55,0,34,6.69
3413.5,2,15,0,59,21.06
3415.6,0,12239,99,87,294.92
3415.6,1,55,0,34,6.98
3415.6,2,15,0,59,20.90
3417.7,0,11887,99,87,297.74
3417.7,1,55,0,34,11.29
3417.7,2,15,0,59,29.76
3419.8,0,14639,100,87,272.72
3419.8,1,55,0,34,6.83
3419.8,2,15,0,59,21.13
3421.9,0,15247,100,87,275.36
3421.9,1,55,0,34,6.99
3421.9,2,15,0,59,20.68
3424.0,0,12335,99,87,291.45
3424.0,1,55,0,34,11.18
3424.0,2,15,0,59,24.23
3426.1,0,12367,99,87,291.90
3426.1,1,55,0,34,7.11
3426.1,2,15,0,59,21.66
3428.1,0,12303,99,87,287.89
3428.1,1,55,0,34,6.63
3428.1,2,15,0,59,21.03
3430.2,0,12271,99,88,288.36
3430.2,1,55,0,34,6.38
3430.2,2,15,0,59,21.04
3432.3,0,11887,99,88,285.99
3432.3,1,55,0,34,10.83
3432.3,2,15,0,59,29.46
3434.3,0,14767,88,87,269.75
3434.3,1,55,0,34,6.10
3434.3,2,15,0,59,21.37
3436.4,0,12303,99,87,266.69
3436.4,1,55,0,34,6.38
3436.4,2,15,0,59,20.80
3438.5,0,12399,100,88,286.58
3438.5,1,55,0,34,10.97
3438.5,2,15,0,59,29.78
3440.6,0,12207,99,88,282.77
3440.6,1,55,0,34,6.53
3440.6,2,15,0,59,21.12
3442.6,0,12463,99,88,284.14
3442.6,1,55,0,34,6.29
3442.6,2,15,0,59,20.77
3444.7,0,15215,73,86,276.70
3444.7,1,55,0,34,6.28
3444.7,2,15,0,59,21.11
3446.8,0,14799,100,87,265.96
3446.8,1,55,0,34,11.02
3446.8,2,15,0,59,21.60
3448.9,0,12335,97,88,278.58
3448.9,1,55,0,34,6.33
3448.9,2,15,0,59,20.61
3451.0,0,12495,97,88,279.26
3451.0,1,55,0,34,6.35
3451.0,2,15,0,59,20.87
3453.1,0,12239,92,88,280.02
3453.1,1,55,0,34,10.17
3453.1,2,15,0,59,29.99
3455.1,0,12335,94,88,278.77
3455.1,1,55,0,34,5.79
3455.1,2,15,0,59,21.10
3457.2,0,11791,90,88,275.45
3457.2,1,55,0,34,5.74
3457.2,2,15,0,59,20.65
3459.3,0,12303,100,88,260.59
3459.3,1,55,0,34,5.96
3459.3,2,15,0,59,21.91
3461.3,0,14735,100,87,267.70
3461.3,1,55,0,34,6.39
3461.3,2,15,0,59,21.95
3463.4,0,15023,100,88,264.04
3463.4,1,55,0,34,5.63
3463.4,2,15,0,59,20.54
3465.5,0,12463,99,88,286.60
3465.5,1,55,0,34,6.37
3465.5,2,15,0,59,20.80
3467.6,0,12047,97,88,282.24
3467.6,1,55,0,34,11.29
3467.6,2,15,0,59,29.64
3469.7,0,12495,99,88,284.06
3469.7,1,55,0,34,6.93
3469.7,2,15,0,59,20.93
3471.8,0,12495,99,88,283.39
3471.8,1,55,0,34,6.84
3471.8,2,15,0,58,20.79
3473.8,0,12399,99,88,281.46
3473.8,1,55,0,34,8.98
3473.8,2,15,0,59,23.55
3475.9,0,12431,99,88,283.42
3475.9,1,55,0,34,6.93
3475.9,2,15,0,59,22.61
3478.0,0,12079,99,88,282.13
3478.0,1,55,0,34,6.49
3478.0,2,15,0,59,20.69
3480.1,0,15311,100,88,269.30
3480.1,1,55,0,34,7.04
3480.1,2,15,0,59,20.82
3482.2,0,15279,100,88,263.52
3482.2,1,55,0,34,11.64
3482.2,2,15,0,59,29.71
3484.3,0,15375,100,87,259.68
3484.3,1,55,0,34,6.91
3484.3,2,15,0,59,21.06
3486.4,0,12463,99,88,284.44
3486.4,1,55,0,34,6.88
3486.4,2,15,0,59,20.58
3488.4,0,12503,90,88,271.95
3488.4,1,55,0,34,11.69
3488.4,2,15,0,59,24.24
3490.5,0,15255,100,87,245.30
3490.5,1,55,0,34,7.15
3490.5,2,15,0,59,20.91
3492.6,0,11735,100,87,263.72
3492.6,1,55,0,34,6.91
3492.6,2,15,0,59,20.41
3494.7,0,12023,95,87,258.62
3494.7,1,55,0,34,6.92
3494.7,2,15,0,59,20.52
3496.8,0,12377,99,88,286.26
3496.8,1,55,0,34,11.47
3496.8,2,15,0,59,30.10
3498.9,0,12345,99,88,284.62
3498.9,1,55,0,34,6.57
3498.9,2,15,0,59,20.89
3500.9,0,15321,100,87,256.86
3500.9,1,55,0,34,7.15
3500.9,2,15,0,59,20.99
3503.0,0,15065,100,87,273.60
3503.0,1,55,0,34,11.54
3503.0,2,15,0,59,30.32
3505.1,0,12345,79,87,255.83
3505.1,1,55,0,34,6.79
3505.1,2,15,0,59,21.17
3507.2,0,12409,99,87,291.40
3507.2,1,55,0,34,6.70
3507.2,2,15,0,59,21.03
3509.3,0,11929,99,87,290.10
3509.3,1,55,0,34,6.63
3509.3,2,15,0,59,21.58
3511.3,0,12409,99,87,289.36
3511.3,1,55,0,34,7.39
3511.3,2,15,0,59,22.24
3513.4,0,11833,99,87,286.32
3513.4,1,55,0,34,6.68
3513.4,2,15,0,59,20.87
3515.5,0,12377,99,87,288.77
3515.5,1,55,0,34,6.99
3515.5,2,15,0,59,21.10
3517.6,0,12313,99,88,287.78
3517.6,1,55,0,34,11.26
3517.6,2,15,0,59,29.98
3519.7,0,11865,98,87,286.21
3519.7,1,55,0,34,6.97
3519.7,2,15,0,59,21.08
3521.8,0,14745,81,85,261.92
3521.8,1,55,0,34,6.57
3521.8,2,15,0,59,20.76
3523.8,0,14905,100,88,273.99
3523.8,1,55,0,34,7.43
3523.8,2,15,0,59,22.63
3525.9,0,12409,98,87,291.42
3525.9,1,55,0,34,7.38
3525.9,2,15,0,59,22.54
3528.0,0,12537,99,88,288.81
3528.0,1,55,0,34,6.77
3528.0,2,15,0,59,21.06
3530.1,0,12281,99,87,285.84
3530.1,1,55,0,34,6.93
3530.1,2,15,0,59,21.10
3532.2,0,12377,100,88,278.36
3532.2,1,55,0,34,11.76
3532.2,2,15,0,59,29.73
3534.3,0,12345,99,88,286.68
3534.3,1,55,0,34,7.15
3534.3,2,15,0,59,21.29
3536.4,0,12473,95,87,280.74
3536.4,1,55,0,34,6.86
3536.4,2,15,0,59,20.98
3538.5,0,12249,75,86,278.30
3538.5,1,55,0,34,11.08
3538.5,2,15,0,59,23.77
3540.6,0,11961,79,88,280.72
3540.6,1,55,0,34,7.44
3540.6,2,15,0,59,22.36
3542.7,0,12473,100,87,272.16
3542.7,1,55,0,34,6.79
3542.7,2,15,0,59,21.04
3544.8,0,14905,98,87,271.19
3544.8,1,55,0,34,6.98
3544.8,2,15,0,59,20.83
3546.9,0,12313,87,87,261.11
3546.9,1,55,0,34,7.05
3546.9,2,15,0,59,30.28
3549.0,0,12473,99,87,290.08
3549.0,1,55,0,34,6.77
3549.0,2,15,0,59,21.58
3551.1,0,12345,99,87,288.22
3551.1,1,55,0,34,7.01
3551.1,2,15,0,59,21.02
3553.1,0,12473,99,87,289.24
3553.1,1,55,0,34,11.45
3553.1,2,15,0,59,29.44
3555.2,0,12345,99,88,288.70
3555.2,1,55,0,34,7.37
3555.2,2,15,0,59,21.19
3557.3,0,12505,95,88,288.19
3557.3,1,55,0,34,6.86
3557.3,2,15,0,59,20.89
3559.4,0,12121,99,87,288.40
3559.4,1,55,0,34,8.01
3559.4,2,15,0,59,20.92
3561.5,0,14841,100,87,275.61
3561.5,1,55,0,34,7.58
3561.5,2,15,0,59,29.74
3563.5,0,12505,93,85,256.86
3563.5,1,55,0,34,6.95
3563.5,2,15,0,59,20.59
3565.6,0,15033,80,87,263.85
3565.6,1,55,0,34,6.97
3565.6,2,15,0,59,20.80
3567.7,0,12569,99,87,282.96
3567.7,1,55,0,34,11.38
3567.7,2,15,0,59,30.13
3569.8,0,12601,99,87,290.51
3569.8,1,55,0,34,6.93
3569.8,2,15,0,59,21.00
3571.9,0,12473,99,87,289.65
3571.9,1,55,0,34,6.70
3571.9,2,15,0,59,20.92
3574.0,0,12537,99,87,290.69
3574.0,1,55,0,34,8.09
3574.0,2,15,0,59,21.26
3576.1,0,12025,100,88,290.72
3576.1,1,55,0,34,7.20
3576.1,2,15,0,59,22.61
3578.1,0,12633,99,88,289.25
3578.1,1,55,0,34,6.91
3578.1,2,15,0,59,20.78
3580.2,0,12217,99,87,288.85
3580.2,1,55,0,34,7.08
3580.2,2,15,0,59,20.95
3582.3,0,12505,100,87,288.70
3582.3,1,55,0,34,11.77
3582.3,2,15,0,59,29.50
3584.4,0,12633,99,88,288.94
3584.4,1,55,0,34,6.85
3584.4,2,15,0,59,21.16
3586.5,0,11737,75,86,279.35
3586.5,1,55,0,34,6.71
3586.5,2,15,0,59,20.86
3588.6,0,16057,100,87,263.67
3588.6,1,55,0,34,8.66
3588.6,2,15,0,59,24.63
3590.6,0,14905,99,88,274.67
3590.6,1,55,0,34,7.16
3590.6,2,15,0,59,21.83
3592.7,0,15001,100,87,263.27
3592.7,1,55,0,34,6.71
3592.7,2,15,0,59,20.75
3594.8,0,12505,98,87,241.93
3594.8,1,55,0,34,6.73
3594.8,2,15,0,59,20.73
3596.9,0,12601,99,87,296.57
3596.9,1,55,0,34,6.99
3596.9,2,15,0,59,30.28
3599.0,0,12025,99,87,293.68
3599.0,1,55,0,34,6.52
3599.0,2,15,0,59,21.51
3601.1,0,12505,99,87,294.18
3601.1,1,55,0,34,6.74
3601.1,2,15,0,59,21.16
3603.2,0,11993,99,87,290.55
3603.2,1,55,0,34,8.94
3603.2,2,15,0,59,29.19
3605.3,0,12537,100,87,291.19
3605.3,1,55,0,34,7.33
3605.3,2,15,0,59,22.45
3607.3,0,12217,99,87,291.76
3607.3,1,55,0,34,6.70
3607.3,2,15,0,59,20.97
3609.4,0,12569,99,87,291.83
3609.4,1,55,0,34,7.52
3609.4,2,15,0,59,21.08
3611.5,0,12473,99,87,289.61
3611.5,1,55,0,34,7.35
3611.5,2,15,0,59,29.75
3613.6,0,12345,100,88,289.75
3613.6,1,55,0,34,6.82
3613.6,2,15,0,59,20.76
3615.7,0,14777,86,86,255.22
3615.7,1,55,0,34,7.05
3615.7,2,15,0,59,20.44
3617.7,0,14905,97,87,257.37
3617.7,1,55,0,34,11.38
3617.7,2,15,0,59,29.93
3619.8,0,14969,100,87,268.53
3619.8,1,55,0,34,7.20
3619.8,2,15,0,59,20.96
3621.9,0,12505,99,87,287.42
3621.9,1,55,0,34,6.94
3621.9,2,15,0,59,20.53
3624.0,0,12473,99,87,294.56
3624.0,1,55,0,34,8.12
3624.0,2,15,0,59,20.64
3626.1,0,12505,99,87,292.97
3626.1,1,55,0,34,7.08
3626.1,2,15,0,59,22.26
3628.2,0,12505,99,88,294.73
3628.2,1,55,0,34,6.73
3628.2,2,15,0,59,20.71
3630.2,0,12505,100,87,291.63
3630.2,1,55,0,34,6.99
3630.2,2,15,0,59,20.92
3632.3,0,12601,96,87,289.86
3632.3,1,55,0,34,11.43
3632.3,2,15,0,59,29.57
3634.4,0,11961,99,87,289.88
3634.4,1,55,0,34,7.02
3634.4,2,15,0,59,20.92
3636.5,0,12601,99,88,291.68
3636.5,1,55,0,34,6.74
3636.5,2,15,0,59,20.75
3638.6,0,12505,99,87,291.49
3638.6,1,55,0,34,8.39
3638.6,2,15,1,59,24.06
3640.7,0,15257,100,87,265.80
3640.7,1,55,0,34,7.27
3640.7,2,15,0,59,21.76
3642.7,0,14713,77,85,257.82
3642.7,1,55,0,34,6.72
3642.7,2,15,0,59,20.50
3644.8,0,14841,100,87,243.49
3644.8,1,55,0,34,6.75
3644.8,2,15,0,59,20.60
3646.9,0,12441,100,87,271.31
3646.9,1,55,0,34,11.29
3646.9,2,15,0,59,30.06
3649.0,0,12537,99,87,297.32
3649.0,1,55,0,34,6.71
3649.0,2,15,0,59,21.01
3651.1,0,12121,100,87,293.98
3651.1,1,55,0,34,6.64
3651.1,2,15,0,59,20.84
3653.2,0,12601,99,87,293.39
3653.2,1,55,0,34,8.66
3653.2,2,15,0,59,24.96
3655.3,0,12153,99,87,292.89
3655.3,1,55,0,34,7.02
3655.3,2,15,0,59,22.35
3657.3,0,12569,99,87,294.43
3657.3,1,55,0,34,6.74
3657.3,2,15,0,59,20.84
3659.4,0,12537,99,87,292.61
3659.4,1,55,0,34,6.67
3659.4,2,15,0,59,20.95
3661.5,0,12473,99,87,289.86
3661.5,1,55,0,34,6.68
3661.5,2,15,0,59,21.97
3663.6,0,12729,100,87,291.81
3663.6,1,55,0,34,6.58
3663.6,2,15,0,59,20.89
3665.7,0,12153,99,87,290.51
3665.7,1,55,0,34,6.86
3665.7,2,15,0,59,21.06
3667.8,0,15321,100,87,259.22
3667.8,1,55,0,34,9.06
3667.8,2,15,0,59,30.35
3669.9,0,15385,75,85,250.31
3669.9,1,55,0,34,7.36
3669.9,2,15,0,59,21.14
3672.0,0,15417,75,87,256.48
3672.0,1,55,0,34,6.72
3672.0,2,15,0,59,20.73
3674.0,0,12697,100,86,262.94
3674.0,1,55,0,34,7.42
3674.0,2,15,0,59,22.57
3676.1,0,12537,99,87,296.34
3676.1,1,55,0,34,7.42
3676.1,2,15,0,59,22.38
3678.2,0,12217,99,87,297.89
3678.2,1,55,0,34,6.64
3678.2,2,15,0,59,20.88
3680.3,0,12665,99,87,297.00
3680.3,1,55,0,34,6.90
3680.3,2,15,0,59,21.02
3682.4,0,12761,99,87,293.33
3682.4,1,55,0,34,11.34
3682.4,2,15,0,59,29.71
3684.5,0,12633,99,87,294.72
3684.5,1,55,0,34,6.99
3684.5,2,15,0,59,21.01
3686.6,0,12057,99,87,292.85
3686.6,1,55,0,34,6.75
3686.6,2,15,0,59,20.95
3688.7,0,12601,97,87,292.83
3688.7,1,55,0,34,8.15
3688.7,2,15,0,59,23.77
3690.7,0,12217,99,87,292.16
3690.7,1,55,0,34,7.38
3690.7,2,15,0,59,22.73
3692.8,0,15385,100,87,261.76
3692.8,1,55,0,34,7.00
3692.8,2,15,0,59,20.93
3694.9,0,14649,100,87,260.40
3694.9,1,55,0,34,6.94
3694.9,2,15,0,59,20.71
3697.0,0,14105,100,84,243.65
3697.0,1,55,0,34,11.68
3697.0,2,15,0,59,29.54
3699.0,0,12419,91,87,262.92
3699.0,1,55,0,34,6.98
3699.0,2,15,0,59,20.87
3701.1,0,12451,99,87,297.70
3701.1,1,55,0,34,6.74
3701.1,2,15,0,59,20.79
3703.2,0,12419,98,87,296.53
3703.2,1,55,1,34,8.56
3703.2,2,15,0,59,24.21
3705.3,0,12771,99,87,293.84
3705.3,1,55,0,34,7.25
3705.3,2,15,0,59,22.10
3707.4,0,11907,0,83,155.87
3707.4,1,55,0,34,6.67
3707.4,2,15,0,59,20.78
3709.4,0,14691,100,86,263.81
3709.4,1,55,0,34,6.97
3709.4,2,15,0,59,20.58
3711.5,0,15331,100,86,263.93
3711.5,1,55,0,34,11.72
3711.5,2,15,0,59,30.07
3713.6,0,12643,99,86,283.95
3713.6,1,55,0,34,7.25
3713.6,2,15,0,59,20.65
3715.7,0,12355,91,86,272.73
3715.7,1,55,0,34,6.76
3715.7,2,15,0,59,20.76
3717.8,0,11711,0,82,137.64
3717.8,1,55,0,34,8.79
3717.8,2,15,0,59,25.02
3719.8,0,15201,99,84,258.70
3719.8,1,55,0,34,7.32
3719.8,2,15,0,59,22.27
3721.9,0,15329,100,85,250.84
3721.9,1,55,0,34,6.66
3721.9,2,15,0,59,20.50
3724.0,0,14337,100,85,270.10
3724.0,1,55,0,34,7.02
3724.0,2,15,0,59,20.60
3726.1,0,12387,99,85,298.46
3726.1,1,55,0,34,7.42
3726.1,2,15,0,59,22.58
3728.2,0,12515,99,86,298.71
3728.2,1,55,0,34,6.20
3728.2,2,15,0,59,21.11
3730.2,0,12547,83,86,274.35
3730.2,1,55,0,34,6.33
3730.2,2,15,0,59,21.14
3732.3,0,12387,99,86,294.43
3732.3,1,55,0,34,10.45
3732.3,2,15,0,59,29.67
3734.4,0,12483,99,86,297.84
3734.4,1,55,0,34,6.65
3734.4,2,15,0,59,22.20
3736.5,0,12643,73,85,289.83
3736.5,1,55,0,34,6.11
3736.5,2,15,0,59,20.99
3738.5,0,30519,100,86,273.39
3738.5,1,55,0,34,7.32
3738.5,2,15,0,59,21.06
3740.6,0,33335,100,86,283.91
3740.6,1,55,0,34,6.47
3740.6,2,15,0,59,22.49
3742.7,0,33367,100,85,283.04
3742.7,1,55,0,34,6.17
3742.7,2,15,0,59,20.43
3744.8,0,42721,100,86,286.31
3744.8,1,55,0,34,6.28
3744.8,2,15,0,59,20.53
3746.9,0,41953,100,86,273.26
3746.9,1,55,0,34,10.96
3746.9,2,15,0,59,29.55
3748.9,0,40129,100,86,290.10
3748.9,1,55,0,34,6.20
3748.9,2,15,0,59,20.68
3751.0,0,40161,100,86,283.81
3751.0,1,55,0,34,6.24
3751.0,2,15,0,59,20.30
3753.1,0,40161,100,86,286.21
3753.1,1,55,0,34,7.46
3753.1,2,15,0,59,23.13
3755.2,0,40161,100,86,286.48
3755.2,1,55,0,34,6.09
3755.2,2,15,0,59,21.63
3757.2,0,40193,99,86,287.08
3757.2,1,55,0,34,5.53
3757.2,2,15,0,59,20.46
3759.3,0,40193,100,86,289.30
3759.3,1,55,0,34,5.78
3759.3,2,15,0,59,20.48
3761.4,0,40193,100,86,289.13
3761.4,1,55,0,34,10.02
3761.4,2,15,0,59,30.03
3763.5,0,40257,100,86,282.86
3763.5,1,55,0,34,5.52
3763.5,2,15,0,59,21.03
3765.6,0,40257,98,86,289.07
3765.6,1,55,0,34,6.05
3765.6,2,15,0,59,20.51
3767.6,0,40257,100,87,286.83
3767.6,1,55,0,34,8.26
3767.6,2,15,0,59,24.09
3769.7,0,40289,100,87,287.18
3769.7,1,55,0,34,6.61
3769.7,2,15,0,59,22.35
3771.8,0,40321,100,87,289.92
3771.8,1,55,0,34,6.29
3771.8,2,15,0,59,20.56
3773.9,0,40289,100,87,289.44
3773.9,1,55,0,34,6.68
3773.9,2,15,0,59,20.61
3776.0,0,40353,100,87,288.06
3776.0,1,55,0,34,11.77
3776.0,2,15,0,59,29.96
3778.1,0,40353,100,87,287.95
3778.1,1,55,0,34,6.70
3778.1,2,15,0,59,20.77
3780.2,0,40001,89,87,281.98
3780.2,1,55,0,34,6.63
3780.2,2,15,0,59,20.50
3782.3,0,39873,100,87,283.72
3782.3,1,55,0,34,8.94
3782.3,2,15,0,59,24.72
3784.4,0,39745,100,87,280.21
3784.4,1,55,0,34,7.45
3784.4,2,15,0,59,21.81
3786.5,0,40161,83,86,277.58
3786.5,1,55,0,34,6.71
3786.5,2,15,0,59,20.61
3788.5,0,40161,100,87,286.11
3788.5,1,55,1,34,6.88
3788.5,2,15,0,59,20.73
3790.6,0,40161,100,87,285.69
3790.6,1,55,0,34,6.86
3790.6,2,15,0,59,22.37
3792.7,0,40225,100,87,284.97
3792.7,1,55,0,34,6.38
3792.7,2,15,0,59,20.54
3794.8,0,40225,100,87,287.05
3794.8,1,55,0,34,6.59
3794.8,2,15,0,59,20.71
3796.9,0,40225,87,87,283.27
3796.9,1,55,0,34,9.05
3796.9,2,15,0,59,29.45
3799.0,0,40225,100,87,286.17
3799.0,1,55,0,34,6.88
3799.0,2,15,0,59,22.01
3801.1,0,40225,100,87,283.09
3801.1,1,55,0,34,6.57
3801.1,2,15,0,59,20.53
3803.2,0,40225,100,87,284.86
3803.2,1,55,0,34,7.46
3803.2,2,15,0,59,22.12
3805.3,0,40321,100,87,286.98
3805.3,1,55,0,34,7.04
3805.3,2,15,0,59,21.69
3807.4,0,40289,100,87,283.39
3807.4,1,55,0,34,6.60
3807.4,2,15,0,59,20.49
3809.5,0,40289,100,87,284.30
3809.5,1,55,0,34,6.85
3809.5,2,15,0,59,20.64
3811.6,0,40225,100,87,285.79
3811.6,1,55,0,34,11.32
3811.6,2,15,0,59,30.11
3813.6,0,40289,100,87,285.02
3813.6,1,55,0,34,6.88
3813.6,2,15,0,59,21.05
3815.7,0,40161,100,87,285.05
3815.7,1,55,0,34,6.79
3815.7,2,15,0,59,20.49
3817.8,0,40129,100,87,284.93
3817.8,1,55,0,34,8.06
3817.8,2,15,0,59,23.51
3819.9,0,40033,100,87,285.46
3819.9,1,55,0,34,6.36
3819.9,2,15,0,59,22.15
3822.0,0,39809,100,87,282.72
3822.0,1,55,0,34,6.26
3822.0,2,15,0,59,20.49
3824.1,0,39745,100,87,285.19
3824.1,1,55,0,34,6.83
3824.1,2,15,0,59,20.51
3826.2,0,39745,100,87,285.83
3826.2,1,55,0,34,11.69
3826.2,2,15,0,59,30.12
3828.3,0,40129,100,87,285.18
3828.3,1,55,0,34,6.86
3828.3,2,15,0,59,20.76
3830.4,0,40161,97,87,288.70
3830.4,1,55,0,34,6.69
3830.4,2,15,0,59,20.58
3832.5,0,40193,99,87,283.08
3832.5,1,55,0,34,8.43
3832.5,2,15,0,59,24.42
3834.6,0,40193,97,87,285.19
3834.6,1,55,0,34,6.70
3834.6,2,15,0,59,20.52
3836.7,0,40193,100,87,285.37
3836.7,1,55,0,34,6.45
3836.7,2,15,0,59,20.47
3838.8,0,40225,100,87,283.08
3838.8,1,55,0,34,6.33
3838.8,2,15,0,59,20.44
3840.8,0,40193,100,87,284.05
3840.8,1,55,0,34,11.34
3840.8,2,15,0,59,22.25
3842.9,0,40257,100,87,285.57
3842.9,1,55,0,34,6.69
3842.9,2,15,0,59,20.48
3845.1,0,40353,100,88,285.95
3845.1,1,55,0,34,6.86
3845.1,2,15,0,59,20.66
3847.2,0,40385,100,87,283.06
3847.2,1,55,0,34,11.72
3847.2,2,15,0,59,29.83
3849.3,0,40289,100,87,285.42
3849.3,1,55,0,34,6.82
3849.3,2,15,0,59,20.66
3851.4,0,40385,100,87,284.47
3851.4,1,55,0,34,6.28
3851.4,2,15,0,59,20.45
3853.5,0,40321,100,86,281.81
3853.5,1,55,0,34,7.18
3853.5,2,15,0,59,21.45
3855.6,0,40385,100,86,281.93
3855.6,1,55,0,34,7.12
3855.6,2,15,0,59,21.55
3857.7,0,40289,100,87,283.74
3857.7,1,55,0,34,6.49
3857.7,2,15,0,59,20.56
3859.7,0,40225,100,87,285.64
3859.7,1,55,0,34,6.83
3859.7,2,15,0,59,20.70
3861.8,0,40225,100,87,285.44
3861.8,1,55,0,34,11.56
3861.8,2,15,0,59,30.31
3863.9,0,39905,100,87,285.90
3863.9,1,55,0,34,6.79
3863.9,2,15,0,59,21.08
3866.0,0,39809,99,87,284.75
3866.0,1,55,0,34,6.66
3866.0,2,15,0,59,20.49
3868.1,0,39809,100,87,286.42
3868.1,1,55,0,34,8.72
3868.1,2,15,0,59,22.51
3870.2,0,39777,99,87,286.33
3870.2,1,55,0,34,7.50
3870.2,2,15,0,59,22.06
3872.3,0,39649,100,87,285.68
3872.3,1,55,0,34,6.69
3872.3,2,15,0,59,20.60
3874.4,0,39649,99,87,284.44
3874.4,1,55,0,34,6.81
3874.4,2,15,0,59,20.55
3876.4,0,43041,100,87,272.84
3876.4,1,55,0,34,11.43
3876.4,2,15,0,59,30.30
3878.5,0,42561,100,87,282.01
3878.5,1,55,0,34,6.89
3878.5,2,15,0,59,20.94
3880.6,0,39841,100,87,279.79
3880.6,1,55,0,34,6.84
3880.6,2,15,0,59,20.63
3882.7,0,42721,100,87,283.44
3882.7,1,55,0,34,11.40
3882.7,2,15,0,59,30.19
3884.8,0,39937,100,87,281.83
3884.8,1,55,0,34,7.05
3884.8,2,15,0,59,21.17
3886.9,0,42849,100,87,281.71
3886.9,1,55,0,34,6.58
3886.9,2,15,0,59,20.52
3889.0,0,42849,100,87,285.45
3889.0,1,55,0,34,6.88
3889.0,2,15,0,59,20.45
3891.1,0,39841,100,87,285.75
3891.1,1,55,0,34,7.04
3891.1,2,15,0,59,29.53
3893.2,0,40413,100,87,284.76
3893.2,1,55,0,34,6.71
3893.2,2,15,0,59,20.47
3895.2,0,40417,100,87,283.42
3895.2,1,55,0,34,6.88
3895.2,2,15,0,59,20.65
3897.3,0,40449,100,87,283.22
3897.3,1,55,0,34,11.57
3897.3,2,15,0,59,30.03
3899.4,0,40449,100,87,285.55
3899.4,1,55,0,34,6.57
3899.4,2,15,0,59,20.71
3901.5,0,40481,100,87,286.78
3901.5,1,55,0,34,6.45
3901.5,2,15,0,59,20.44
3903.6,0,40513,100,87,288.79
3903.6,1,55,0,34,7.83
3903.6,2,15,0,59,20.43
3905.6,0,40545,100,87,285.25
3905.6,1,55,0,34,7.07
3905.6,2,15,0,59,21.50
3907.7,0,40577,100,88,284.51
3907.7,1,55,0,34,6.40
3907.7,2,15,0,59,20.50
3909.8,0,40577,98,87,283.03
3909.8,1,55,0,34,6.51
3909.8,2,15,0,59,20.54
3911.9,0,40449,100,87,285.68
3911.9,1,55,0,34,11.07
3911.9,2,15,0,59,30.59
3913.9,0,40481,98,87,284.95
3913.9,1,55,0,34,6.49
3913.9,2,15,0,59,20.96
3916.0,0,40289,100,87,284.22
3916.0,1,55,0,34,6.33
3916.0,2,15,0,59,20.53
3918.1,0,40289,100,87,288.92
3918.1,1,55,0,34,8.32
3918.1,2,15,0,59,21.18
3920.2,0,40289,100,87,281.93
3920.2,1,55,0,34,7.05
3920.2,2,15,0,59,22.00
3922.3,0,40161,100,87,283.68
3922.3,1,55,0,34,6.69
3922.3,2,15,0,59,20.57
3924.3,0,40065,100,87,284.10
3924.3,1,55,0,34,6.67
3924.3,2,15,0,59,20.80
3926.4,0,39969,100,87,285.15
3926.4,1,55,0,34,11.34
3926.4,2,15,0,59,30.32
3928.5,0,39873,100,87,286.84
3928.5,1,55,0,34,6.84
3928.5,2,15,0,59,20.75
3930.6,0,39873,100,87,285.68
3930.6,1,55,0,34,6.79
3930.6,2,15,0,59,20.61
3932.7,0,40321,100,87,285.35
3932.7,1,55,0,34,8.76
3932.7,2,15,0,59,25.00
3934.8,0,40353,100,87,288.23
3934.8,1,55,0,34,7.14
3934.8,2,15,0,59,22.36
3936.8,0,40353,99,87,285.28
3936.8,1,55,0,34,6.79
3936.8,2,15,0,59,20.56
3938.9,0,40353,99,87,286.11
3938.9,1,55,0,34,6.75
3938.9,2,15,0,59,20.57
3941.0,0,40385,99,87,284.56
3941.0,1,55,0,34,11.75
3941.0,2,15,0,59,29.78
3943.1,0,40385,100,87,286.06
3943.1,1,55,0,34,6.83
3943.1,2,15,0,59,20.47
3945.2,0,40417,100,87,283.98
3945.2,1,55,0,34,6.80
3945.2,2,15,0,59,20.64
3947.3,0,40417,100,87,282.52
3947.3,1,55,0,34,11.43
3947.3,2,15,0,59,29.83
3949.4,0,40449,100,87,286.87
3949.4,1,55,0,34,7.26
3949.4,2,15,0,59,21.81
3951.5,0,40417,100,87,282.79
3951.5,1,55,0,34,6.77
3951.5,2,15,0,59,20.51
3953.6,0,40481,100,87,284.84
3953.6,1,55,0,34,7.68
3953.6,2,15,0,59,20.65
3955.7,0,40513,100,87,286.25
3955.7,1,55,0,34,7.33
3955.7,2,15,0,59,22.54
3957.8,0,40353,98,87,285.89
3957.8,1,55,0,34,6.74
3957.8,2,15,0,59,20.44
3959.9,0,40321,98,87,285.87
3959.9,1,55,0,34,6.76
3959.9,2,15,0,59,20.68
3962.0,0,40353,100,87,285.80
3962.0,1,55,0,34,11.64
3962.0,2,15,0,59,29.64
3964.0,0,40321,100,87,286.26
3964.0,1,55,0,34,6.58
3964.0,2,15,0,59,20.96
3966.1,0,40321,100,87,284.89
3966.1,1,55,0,34,6.74
3966.1,2,15,0,59,20.59
3968.2,0,40353,100,87,284.86
3968.2,1,55,0,34,8.45
3968.2,2,15,0,59,23.77
3970.3,0,40161,100,87,284.84
3970.3,1,55,0,34,7.40
3970.3,2,15,0,59,22.09
3972.4,0,39999,100,87,286.57
3972.4,1,55,0,34,6.77
3972.4,2,15,0,59,20.62
3974.5,0,40001,100,87,287.21
3974.5,1,55,0,34,6.90
3974.5,2,15,0,59,20.68
3976.6,0,40001,100,87,284.17
3976.6,1,55,0,34,11.28
3976.6,2,15,0,59,30.41
3978.7,0,39937,100,87,286.24
3978.7,1,55,0,34,6.73
3978.7,2,15,0,59,20.58
3980.8,0,39841,100,87,284.82
3980.8,1,55,0,34,6.61
3980.8,2,15,0,59,20.63
3982.8,0,40289,99,87,283.78
3982.8,1,55,0,34,8.47
3982.8,2,15,0,59,24.58
3984.9,0,40289,100,87,285.91
3984.9,1,55,0,34,6.95
3984.9,2,15,0,59,22.27
3987.0,0,40321,96,87,287.25
3987.0,1,55,0,34,6.30
3987.0,2,15,0,59,20.54
3989.1,0,40385,100,87,288.16
3989.1,1,55,0,34,6.36
3989.1,2,15,0,59,20.69
3991.2,0,40385,100,87,283.23
3991.2,1,55,0,34,7.09
3991.2,2,15,0,59,22.08
3993.3,0,40417,100,87,284.78
3993.3,1,55,0,34,6.38
3993.3,2,15,0,59,20.62
3995.4,0,40385,100,87,286.20
3995.4,1,55,0,34,6.85
3995.4,2,15,0,59,20.80
3997.5,0,40385,100,87,284.80
3997.5,1,55,0,34,9.07
3997.5,2,15,0,59,25.25
3999.6,0,40449,100,87,285.69
3999.6,1,55,0,34,7.53
3999.6,2,15,0,59,21.88
4001.7,0,31155,100,87,267.55
4001.7,1,55,0,34,6.35
4001.7,2,15,0,59,20.59
4003.8,0,31147,100,87,289.47
4003.8,1,55,0,34,7.28
4003.8,2,15,0,59,21.97
4005.9,0,30987,99,87,293.98
4005.9,1,55,0,34,6.83
4005.9,2,15,0,59,23.17
4008.0,0,31115,99,87,295.48
4008.0,1,55,0,34,6.55
4008.0,2,15,0,59,21.28
4010.1,0,30731,99,87,292.90
4010.1,1,55,0,34,6.59
4010.1,2,15,0,59,21.30
4012.1,0,33355,100,87,269.74
4012.1,1,55,0,34,11.60
4012.1,2,15,0,59,30.17
4014.2,0,30283,100,87,275.68
4014.2,1,55,0,34,6.79
4014.2,2,15,0,59,21.37
4016.3,0,32011,100,86,269.66
4016.3,1,55,0,34,6.73
4016.3,2,15,0,59,21.09
4018.4,0,31019,86,86,256.79
4018.4,1,55,0,34,7.97
4018.4,2,15,0,59,23.28
4020.5,0,31053,97,87,298.43
4020.5,1,55,0,34,7.25
4020.5,2,15,0,59,22.57
4022.6,0,31021,99,87,297.61
4022.6,1,55,0,34,6.53
4022.6,2,15,0,59,21.44
4024.7,0,31181,99,87,297.60
4024.7,1,55,0,34,6.66
4024.7,2,15,0,59,21.51
4026.8,0,30733,99,87,296.27
4026.8,1,55,0,34,11.24
4026.8,2,15,0,59,30.31
4028.9,0,31149,100,87,297.34
4028.9,1,55,0,34,6.63
4028.9,2,15,0,59,21.85
4031.0,0,31085,99,87,293.55
4031.0,1,55,0,34,6.59
4031.0,2,15,0,59,21.23
4033.0,0,31085,100,87,292.66
4033.0,1,55,0,34,8.16
4033.0,2,15,0,59,23.92
4035.1,0,31117,97,87,294.79
4035.1,1,55,0,34,6.89
4035.1,2,15,0,59,22.68
4037.2,0,30509,96,87,293.49
4037.2,1,55,0,34,6.33
4037.2,2,15,0,59,21.19
4039.3,0,33293,100,87,271.48
4039.3,1,55,0,34,6.74
4039.3,2,15,0,59,20.91
4041.4,0,34797,100,86,266.59
4041.4,1,55,0,34,11.60
4041.4,2,15,0,60,30.16
4043.4,0,33581,100,86,257.36
4043.4,1,55,0,34,6.78
4043.4,2,15,0,59,21.12
4045.5,0,31085,99,87,295.38
4045.5,1,55,0,34,6.57
4045.5,2,15,0,59,21.07
4047.6,0,12513,99,87,293.28
4047.6,1,55,0,34,8.43
4047.6,2,15,0,59,24.94
4049.7,0,12449,99,87,293.57
4049.7,1,55,0,34,6.59
4049.7,2,15,0,59,21.30
4051.8,0,12577,99,87,295.18
4051.8,1,55,0,34,6.55
4051.8,2,15,0,59,21.04
4053.9,0,12481,98,87,295.01
4053.9,1,55,0,34,6.70
4053.9,2,15,0,59,21.13
4056.0,0,12547,99,87,293.10
4056.0,1,55,0,34,11.60
4056.0,2,15,0,59,22.99
4058.1,0,12355,97,87,291.85
4058.1,1,55,0,34,6.63
4058.1,2,15,0,59,21.10
4060.2,0,12483,99,87,292.88
4060.2,1,55,0,34,6.74
4060.2,2,15,0,59,21.21
4062.3,0,12579,99,87,291.22
4062.3,1,55,0,34,11.63
4062.3,2,15,0,60,29.70
4064.3,0,13027,100,87,291.36
4064.3,1,55,0,34,6.87
4064.3,2,15,0,59,21.36
4066.4,0,14723,100,85,262.54
4066.4,1,55,0,34,6.66
4066.4,2,15,0,59,20.80
4068.5,0,14883,100,87,268.42
4068.5,1,55,0,34,6.87
4068.5,2,15,0,59,21.63
4070.6,0,15395,100,86,262.67
4070.6,1,55,0,34,7.42
4070.6,2,15,0,59,21.84
4072.6,0,11715,0,82,173.76
4072.6,1,55,0,34,6.62
4072.6,2,15,0,59,20.88
4074.7,0,11715,0,80,108.80
4074.7,1,55,0,34,6.78
4074.7,2,15,0,59,20.50
4076.8,0,12515,99,84,224.20
4076.8,1,55,0,34,11.51
4076.8,2,15,0,60,30.25
4078.9,0,12451,99,85,295.56
4078.9,1,55,0,34,6.70
4078.9,2,15,0,59,21.84
4081.0,0,12331,80,85,288.95
4081.0,1,55,0,34,6.59
4081.0,2,15,0,59,21.12
4083.1,0,15277,71,83,272.79
4083.1,1,55,0,34,8.22
4083.1,2,15,0,59,23.14
4085.1,0,14701,100,85,265.49
4085.1,1,55,0,34,7.09
4085.1,2,15,0,60,22.48
4087.2,0,15373,100,84,269.45
4087.2,1,55,0,34,6.47
4087.2,2,15,0,59,20.79
4089.3,0,12493,95,85,273.26
4089.3,1,55,0,34,6.76
4089.3,2,15,0,59,21.01
4091.4,0,12493,99,86,297.11
4091.4,1,55,0,34,11.57
4091.4,2,15,0,60,30.54
4093.4,0,15245,93,83,247.31
4093.4,1,55,0,34,6.81
4093.4,2,15,0,59,21.63
4095.5,0,15213,100,85,254.85
4095.5,1,55,0,34,6.65
4095.5,2,15,0,59,20.81
4097.6,0,11757,91,82,263.59
4097.6,1,55,0,34,7.64
4097.6,2,15,0,59,23.71
4099.7,0,12685,88,84,248.20
4099.7,1,55,0,34,6.62
4099.7,2,15,0,59,22.80
4101.7,0,12557,80,83,261.13
4101.7,1,55,0,34,6.14
4101.7,2,15,0,59,21.22
4103.8,0,15181,89,82,263.14
4103.8,1,55,0,34,6.22
4103.8,2,15,0,59,20.68
4105.9,0,15309,100,84,259.38
4105.9,1,55,0,34,10.85
4105.9,2,15,0,59,29.72
4108.0,0,12685,100,84,274.59
4108.0,1,55,0,34,6.21
4108.0,2,15,0,59,21.20
4110.0,0,5073,72,84,262.44
4110.0,1,55,0,34,5.43
4110.0,2,15,0,59,20.79
4112.1,0,2711,0,80,128.78
4112.1,1,55,0,34,7.56
4112.1,2,15,0,59,24.50
4114.2,0,6573,100,84,268.87
4114.2,1,55,0,34,6.10
4114.2,2,15,0,59,21.74
4116.2,0,8201,100,84,263.31
4116.2,1,55,0,34,5.65
4116.2,2,15,0,59,20.70
4118.3,0,8329,82,84,268.71
4118.3,1,55,0,34,5.61
4118.3,2,15,0,59,20.69
4120.4,0,5513,99,85,297.75
4120.4,1,55,0,34,6.09
4120.4,2,15,0,59,30.14
4122.4,0,4319,99,85,297.46
4122.4,1,55,0,34,5.67
4122.4,2,15,0,59,21.20
4124.5,0,7041,79,83,232.41
4124.5,1,55,0,34,6.40
4124.5,2,15,0,59,21.05
4126.6,0,6881,100,84,253.88
4126.6,1,55,0,34,11.63
4126.6,2,15,0,59,25.04
4128.7,0,6465,100,85,268.26
4128.7,1,55,0,34,6.74
4128.7,2,15,0,59,21.05
4130.8,0,4409,99,85,265.09
4130.8,1,55,0,34,6.89
4130.8,2,15,0,59,20.56
4132.9,0,4697,92,85,265.44
4132.9,1,55,0,34,7.82
4132.9,2,15,0,59,21.66
4135.0,0,5817,100,84,259.47
4135.0,1,55,0,34,7.75
4135.0,2,15,0,59,22.16
4137.0,0,7321,100,84,254.85
4137.0,1,55,0,34,7.12
4137.0,2,15,0,59,20.58
4139.1,0,8793,100,84,265.09
4139.1,1,55,0,34,7.01
4139.1,2,15,0,59,20.67
4141.2,0,3705,0,80,128.09
4141.2,1,55,0,34,11.72
4141.2,2,15,0,59,30.11
4143.2,0,4657,72,84,270.51
4143.2,1,55,0,34,7.25
4143.2,2,15,0,59,20.82
4145.3,0,2611,68,80,201.17
4145.3,1,55,0,34,6.91
4145.3,2,15,0,59,21.12
4147.4,0,5413,100,83,263.22
4147.4,1,55,0,34,8.39
4147.4,2,15,0,59,23.16
4149.5,0,8293,100,82,256.19
4149.5,1,55,0,34,6.84
4149.5,2,15,0,59,22.47
4151.6,0,5001,100,83,263.25
4151.6,1,55,0,34,6.19
4151.6,2,15,0,59,20.66
4153.6,0,4617,97,84,295.03
4153.6,1,55,0,34,6.05
4153.6,2,15,0,59,21.29
4155.7,0,4969,99,85,293.26
4155.7,1,55,0,34,9.96
4155.7,2,15,0,59,29.71
4157.8,0,14259,98,85,294.34
4157.8,1,55,0,34,5.81
4157.8,2,15,0,59,21.70
4159.8,0,23711,100,84,283.21
4159.8,1,55,0,34,5.66
4159.8,2,15,0,59,20.83
4161.9,0,26399,100,84,220.51
4161.9,1,55,0,34,7.43
4161.9,2,15,0,59,23.78
4164.0,0,26527,100,84,270.41
4164.0,1,55,0,34,6.40
4164.0,2,15,0,59,21.95
4166.0,0,23775,100,85,274.65
4166.0,1,55,0,34,5.64
4166.0,2,15,0,59,20.54
4168.1,0,23615,95,84,277.76
4168.1,1,55,0,34,5.93
4168.1,2,15,0,59,20.86
4170.2,0,27135,100,84,205.21
4170.2,1,55,0,34,10.00
4170.2,2,15,0,59,30.24
4172.3,0,25599,100,85,270.62
4172.3,1,55,0,34,5.80
4172.3,2,15,0,59,20.72
4174.3,0,3847,100,85,266.00
4174.3,1,55,0,34,5.72
4174.3,2,15,0,59,20.67
4176.4,0,5815,84,85,264.70
4176.4,1,55,0,34,7.47
4176.4,2,15,0,59,25.00
4178.5,0,6403,6,80,113.50
4178.5,1,55,0,34,5.91
4178.5,2,15,0,59,22.21
4180.5,0,7037,100,84,249.06
4180.5,1,55,0,34,5.56
4180.5,2,15,0,59,20.51
4182.6,0,7913,100,84,260.80
4182.6,1,55,0,34,5.59
4182.6,2,15,0,59,20.58
4184.7,0,5481,79,85,266.90
4184.7,1,55,0,34,10.41
4184.7,2,15,0,59,29.65
4186.8,0,5033,73,84,269.36
4186.8,1,55,0,34,6.70
4186.8,2,15,0,59,20.93
4188.9,0,5449,94,84,271.61
4188.9,1,55,0,34,7.02
4188.9,2,15,0,59,21.13
4191.0,0,5097,97,85,264.41
4191.0,1,55,0,34,11.18
4191.0,2,15,0,59,25.15
4193.1,0,5449,92,85,268.35
4193.1,1,55,0,34,7.25
4193.1,2,15,0,59,22.06
4195.1,0,5481,87,85,267.96
4195.1,1,55,0,34,6.78
4195.1,2,15,0,59,21.05
4197.2,0,5129,87,85,273.38
4197.2,1,55,0,34,7.54
4197.2,2,15,0,59,22.31
4199.3,0,8297,100,85,259.91
4199.3,1,55,0,34,7.26
4199.3,2,15,0,59,22.58
4201.4,0,6857,100,86,268.20
4201.4,1,55,0,34,6.81
4201.4,2,15,0,59,20.82
4203.4,0,5321,100,84,257.19
4203.4,1,55,0,34,7.00
4203.4,2,15,0,59,21.17
4205.5,0,5417,96,86,283.79
4205.5,1,55,0,34,11.40
4205.5,2,15,0,59,30.03
4207.6,0,5193,97,86,282.73
4207.6,1,55,0,34,7.03
4207.6,2,15,0,59,21.75
4209.7,0,7977,100,85,270.42
4209.7,1,55,0,34,6.81
4209.7,2,15,0,59,21.29
4211.8,0,5481,97,86,282.85
4211.8,1,55,0,34,8.30
4211.8,2,15,0,59,23.24
4213.9,0,5641,93,85,284.16
4213.9,1,55,0,34,7.59
4213.9,2,15,0,59,22.53
4216.0,0,4609,99,87,291.22
4216.0,1,55,0,34,6.84
4216.0,2,15,0,59,21.39
4218.0,0,4407,98,87,298.85
4218.0,1,55,0,34,7.07
4218.0,2,15,0,59,21.46
4220.1,0,4791,99,87,297.73
4220.1,1,55,0,34,11.48
4220.1,2,15,0,59,30.30
4222.2,0,4469,99,87,293.90
4222.2,1,55,0,34,7.01
4222.2,2,15,0,59,21.72
4224.3,0,23113,100,87,255.03
4224.3,1,55,0,34,6.74
4224.3,2,15,0,59,20.88
4226.4,0,22953,99,87,285.37
4226.4,1,55,1,34,8.49
4226.4,2,15,0,59,23.72
4228.5,0,26441,100,87,281.64
4228.5,1,55,0,34,7.22
4228.5,2,15,0,59,22.26
4230.5,0,23337,100,87,283.56
4230.5,1,55,0,34,6.49
4230.5,2,15,0,59,20.62
4232.6,0,32691,95,87,284.43
4232.6,1,55,0,34,6.26
4232.6,2,15,0,59,20.63
4234.7,0,32723,100,88,283.88
4234.7,1,55,0,34,11.03
4234.7,2,15,0,59,29.98
4236.8,0,32723,100,87,284.08
4236.8,1,55,0,34,6.45
4236.8,2,15,0,59,20.93
4238.8,0,32723,100,87,283.74
4238.8,1,55,0,34,5.88
4238.8,2,15,0,59,20.70
4240.9,0,32787,100,87,280.66
4240.9,1,55,0,34,7.53
4240.9,2,15,0,59,24.43
4243.0,0,32851,100,87,281.32
4243.0,1,55,0,34,6.23
4243.0,2,15,0,59,21.66
4245.1,0,32851,98,87,281.11
4245.1,1,55,0,34,5.80
4245.1,2,15,0,59,20.62
4247.2,0,32851,100,88,283.12
4247.2,1,55,0,34,6.72
4247.2,2,15,0,59,20.85
4249.3,0,32723,96,87,280.01
4249.3,1,55,0,34,6.65
4249.3,2,15,0,59,22.39
4251.3,0,32531,100,88,281.11
4251.3,1,55,0,34,6.76
4251.3,2,15,0,59,20.60
4253.4,0,32467,100,88,280.28
4253.4,1,55,0,34,6.63
4253.4,2,15,0,59,20.73
4255.5,0,32403,98,88,279.42
4255.5,1,55,0,34,9.16
4255.5,2,15,0,59,25.00
4257.6,0,32243,100,88,279.58
4257.6,1,55,0,34,7.75
4257.6,2,15,0,59,22.14
4259.7,0,35347,99,87,251.29
4259.7,1,55,0,34,6.83
4259.7,2,15,0,59,20.60
4261.8,0,33171,100,88,263.48
4261.8,1,55,0,34,7.68
4261.8,2,15,0,59,21.62
4263.9,0,32787,100,87,280.94
4263.9,1,55,0,34,7.49
4263.9,2,15,0,59,21.74
4266.0,0,32755,99,87,278.39
4266.0,1,55,0,34,6.81
4266.0,2,15,0,59,20.62
4268.1,0,32755,100,88,280.19
4268.1,1,55,0,34,6.92
4268.1,2,15,0,59,20.79
4270.1,0,32787,100,87,278.17
4270.1,1,55,0,34,11.81
4270.1,2,15,0,59,30.55
4272.3,0,32851,100,88,281.10
4272.3,1,55,0,34,6.78
4272.3,2,15,0,59,21.19
4274.3,0,32851,100,88,276.55
4274.3,1,55,0,34,7.01
4274.3,2,15,0,59,20.69
4276.4,0,32883,100,87,280.06
4276.4,1,55,0,34,8.34
4276.4,2,15,0,59,22.74
4278.5,0,32883,100,88,279.77
4278.5,1,55,0,34,7.38
4278.5,2,15,0,59,22.20
4280.7,0,32851,100,88,279.20
4280.7,1,55,0,34,6.99
4280.7,2,15,0,59,20.64
4282.7,0,32819,100,87,278.15
4282.7,1,55,0,34,7.07
4282.7,2,15,0,59,20.74
4284.8,0,32723,100,88,279.47
4284.8,1,55,0,34,11.89
4284.8,2,15,0,59,30.04
4286.9,0,32691,100,87,275.90
4286.9,1,55,0,34,7.25
4286.9,2,15,0,59,20.94
4289.0,0,32339,100,87,280.18
4289.0,1,55,0,34,6.95
4289.0,2,15,0,59,20.63
4291.1,0,32339,100,88,280.77
4291.1,1,55,0,34,8.66
4291.1,2,15,0,59,23.61
4293.2,0,32339,100,87,280.72
4293.2,1,55,0,34,7.20
4293.2,2,15,0,59,22.72
4295.3,0,32339,100,88,279.54
4295.3,1,55,0,34,6.86
4295.3,2,15,0,59,20.70
4297.4,0,32787,97,87,281.01
4297.4,1,55,0,34,6.63
4297.4,2,15,0,59,20.70
4299.4,0,32691,100,88,281.49
4299.4,1,55,0,34,11.81
4299.4,2,15,0,59,29.66
4301.5,0,32691,99,87,280.21
4301.5,1,55,0,34,7.02
4301.5,2,15,0,59,21.05
4303.6,0,32691,100,88,280.78
4303.6,1,55,0,34,6.64
4303.6,2,15,0,59,20.76
4305.6,0,32691,100,88,279.83
4305.6,1,55,0,34,8.65
4305.6,2,15,0,59,24.49
4307.7,0,32723,100,87,279.56
4307.7,1,55,0,34,7.29
4307.7,2,15,0,59,20.97
4309.8,0,32819,96,87,278.05
4309.8,1,55,0,34,6.76
4309.8,2,15,0,59,20.72
4311.9,0,32755,100,88,279.28
4311.9,1,55,0,34,7.45
4311.9,2,15,0,59,20.64
4313.9,0,32723,99,88,281.87
4313.9,1,55,0,34,7.13
4313.9,2,15,0,59,30.41
4316.0,0,32723,100,87,282.52
4316.0,1,55,0,34,6.60
4316.0,2,15,0,59,20.74
4318.1,0,32659,100,88,280.02
4318.1,1,55,0,34,6.94
4318.1,2,15,0,59,20.67
4320.1,0,32691,83,88,282.41
4320.1,1,55,0,34,11.08
4320.1,2,15,0,59,25.04
4322.2,0,32563,100,87,277.56
4322.2,1,55,0,34,7.19
4322.2,2,15,0,59,21.17
4324.3,0,32403,100,88,280.39
4324.3,1,55,0,34,6.48
4324.3,2,15,0,59,20.69
4326.4,0,32211,100,88,278.94
4326.4,1,55,0,34,7.81
4326.4,2,15,0,59,21.26
4328.4,0,32307,100,88,281.21
4328.4,1,55,0,34,7.34
4328.4,2,15,0,59,22.17
4330.5,0,32211,100,87,274.65
4330.5,1,55,0,34,6.67
4330.5,2,15,0,59,20.72
4332.6,0,32179,100,88,282.22
4332.6,1,55,0,34,6.65
4332.6,2,15,0,59,20.80
4334.7,0,35731,100,87,271.79
4334.7,1,55,0,34,10.98
4334.7,2,15,0,59,30.21
4336.8,0,32595,100,87,281.71
4336.8,1,55,0,34,6.96
4336.8,2,15,0,59,20.89
4338.9,0,32627,100,88,284.65
4338.9,1,55,0,34,6.47
4338.9,2,15,0,59,20.75
4341.0,0,32691,100,87,281.20
4341.0,1,55,0,34,8.23
4341.0,2,15,0,59,23.25
4343.1,0,32659,100,87,283.22
4343.1,1,55,0,34,7.14
4343.1,2,15,0,59,22.47
4345.2,0,32691,100,87,280.50
4345.2,1,55,0,34,6.66
4345.2,2,15,0,59,20.71
4347.2,0,32723,100,88,282.08
4347.2,1,55,0,34,7.07
4347.2,2,15,0,59,20.80
4349.3,0,32755,99,88,281.14
4349.3,1,55,0,34,11.50
4349.3,2,15,0,59,29.90
4351.4,0,32659,97,87,282.47
4351.4,1,55,0,34,6.79
4351.4,2,15,0,59,20.96
4353.5,0,32755,100,87,281.26
4353.5,1,55,0,34,6.70
4353.5,2,15,0,59,20.61
4355.6,0,32595,100,87,284.01
4355.6,1,55,0,34,8.48
4355.6,2,15,0,59,23.94
4357.7,0,32531,100,87,282.33
4357.7,1,55,0,34,7.40
4357.7,2,15,0,59,22.07
4359.8,0,32307,100,87,281.90
4359.8,1,55,0,34,6.77
4359.8,2,15,0,59,20.68
4361.9,0,32243,100,88,281.02
4361.9,1,55,0,34,6.75
4361.9,2,15,0,59,20.64
4364.0,0,32179,99,88,285.14
4364.0,1,55,0,34,11.65
4364.0,2,15,0,59,30.48
4366.1,0,36691,100,88,269.22
4366.1,1,55,0,34,6.94
4366.1,2,15,0,59,20.78
4368.1,0,35411,100,85,271.90
4368.1,1,55,0,34,6.50
4368.1,2,15,0,59,20.85
4370.2,0,32723,100,87,283.83
4370.2,1,55,0,34,8.73
4370.2,2,15,0,59,30.61
4372.3,0,32723,100,87,281.90
4372.3,1,55,0,34,7.07
4372.3,2,15,0,59,21.13
4374.4,0,32755,100,88,282.81
4374.4,1,55,0,34,6.71
4374.4,2,15,0,59,20.72
4376.5,0,32755,100,88,283.61
4376.5,1,55,0,34,7.05
4376.5,2,15,0,59,20.60
4378.6,0,32787,100,87,283.53
4378.6,1,55,0,34,7.38
4378.6,2,15,0,59,21.98
4380.7,0,32851,100,87,281.88
4380.7,1,55,0,34,6.49
4380.7,2,15,0,59,20.62
4382.8,0,32851,100,87,282.62
4382.8,1,55,0,34,6.84
4382.8,2,15,0,59,20.78
4384.8,0,32819,100,87,283.60
4384.8,1,55,0,34,11.16
4384.8,2,15,0,59,30.60
4386.9,0,41885,100,87,282.11
4386.9,1,55,0,34,6.49
4386.9,2,15,0,59,20.81
4389.0,0,41853,100,87,281.67
4389.0,1,55,0,34,6.29
4389.0,2,15,0,59,20.72
4391.1,0,41821,100,87,282.77
4391.1,1,55,0,34,7.74
4391.1,2,15,0,59,21.92
4393.2,0,41693,99,87,282.75
4393.2,1,55,0,34,6.81
4393.2,2,15,0,59,22.44
4395.3,0,41693,100,87,285.96
4395.3,1,55,0,34,6.54
4395.3,2,15,0,59,20.61
4397.4,0,41597,100,87,285.22
4397.4,1,55,0,34,6.80
4397.4,2,15,0,59,20.77
4399.5,0,41981,100,87,279.11
4399.5,1,55,0,34,11.76
4399.5,2,15,0,59,29.90
4401.6,0,41981,100,87,281.30
4401.6,1,55,0,34,6.98
4401.6,2,15,0,59,21.11
4403.7,0,41981,100,87,286.19
4403.7,1,55,0,34,6.70
4403.7,2,15,0,59,20.71
4405.7,0,42045,100,87,280.45
4405.7,1,55,0,34,8.13
4405.7,2,15,0,59,25.07
4407.8,0,42109,100,87,280.48
4407.8,1,55,0,34,7.35
4407.8,2,15,0,59,21.94
4409.9,0,42109,98,87,283.05
4409.9,1,55,0,34,6.82
4409.9,2,15,0,59,20.71
4412.2,0,22409,100,84,230.10
4412.2,1,55,0,34,6.63
4412.2,2,15,0,59,21.69
4414.3,0,22239,100,87,289.50
4414.3,1,55,0,34,10.84
4414.3,2,15,0,59,22.45
4416.4,0,21727,97,87,284.80
4416.4,1,55,0,34,6.74
4416.4,2,15,0,59,21.13
4418.5,0,22239,100,87,263.79
4418.5,1,55,0,34,6.97
4418.5,2,15,0,59,21.05
4420.5,0,24127,98,87,260.66
4420.5,1,55,0,34,11.36
4420.5,2,15,0,59,29.81
4422.6,0,22207,99,87,284.19
4422.6,1,55,0,34,6.86
4422.6,2,15,0,59,21.54
4424.7,0,22175,97,87,281.87
4424.7,1,55,0,34,6.66
4424.7,2,15,0,59,21.24
4426.8,0,21663,96,87,283.80
4426.8,1,55,0,34,6.59
4426.8,2,15,0,59,23.37
4428.9,0,22239,97,87,285.20
4428.9,1,55,0,34,7.26
4428.9,2,15,0,59,22.50
4431.0,0,21791,91,87,284.94
4431.0,1,55,0,34,6.54
4431.0,2,15,0,59,21.21
4433.0,0,25087,100,87,260.57
4433.0,1,55,0,34,6.78
4433.0,2,15,0,59,21.20
4435.1,0,25951,100,87,268.81
4435.1,1,55,0,34,11.23
4435.1,2,15,0,59,30.52
4437.2,0,22207,99,87,283.50
4437.2,1,55,0,34,6.84
4437.2,2,15,0,59,20.99
4439.3,0,22143,97,87,285.84
4439.3,1,55,0,34,6.53
4439.3,2,15,0,59,21.17
4441.4,0,22111,97,87,286.78
4441.4,1,55,0,34,8.39
4441.4,2,15,0,59,24.16
4443.5,0,22271,97,87,284.50
4443.5,1,55,0,34,6.70
4443.5,2,15,0,59,22.96
4445.5,0,21919,97,87,285.23
4445.5,1,55,0,34,6.54
4445.5,2,15,0,59,21.34
4447.6,0,25087,97,86,260.96
4447.6,1,55,0,34,6.79
4447.6,2,15,0,59,21.44
4449.7,0,25919,100,86,250.59
4449.7,1,55,0,34,11.88
4449.7,2,15,0,59,30.14
4451.8,0,22047,100,87,287.89
4451.8,1,55,0,34,6.74
4451.8,2,15,0,59,21.33
4453.9,0,21951,97,86,285.87
4453.9,1,55,0,34,6.64
4453.9,2,15,0,59,21.32
4456.0,0,22111,97,87,287.05
4456.0,1,55,0,34,9.01
4456.0,2,15,0,59,24.88
4458.0,0,12981,98,87,297.63
4458.0,1,55,0,34,7.39
4458.0,2,15,0,59,22.28
4460.1,0,15819,98,87,297.50
4460.1,1,55,0,34,6.62
4460.1,2,15,0,59,21.26
4462.2,0,15339,100,86,260.35
4462.2,1,55,0,34,6.74
4462.2,2,15,0,59,21.13
4464.3,0,12843,92,87,297.00
4464.3,1,55,0,34,11.74
4464.3,2,15,0,59,22.81
4466.4,0,12491,99,87,297.79
4466.4,1,55,0,34,6.82
4466.4,2,15,0,59,21.25
4468.5,0,12939,100,87,293.60
4468.5,1,55,0,34,6.62
4468.5,2,15,0,59,21.40
4470.6,0,12715,99,87,295.89
4470.6,1,55,0,34,11.46
4470.6,2,15,0,59,25.23
4472.7,0,15307,99,87,263.17
4472.7,1,55,0,34,6.80
4472.7,2,15,0,59,22.67
4474.8,0,15339,100,87,269.53
4474.8,1,55,0,34,6.68
4474.8,2,15,0,59,20.77
4476.9,0,12971,99,87,299.10
4476.9,1,55,0,34,6.61
4476.9,2,15,0,59,22.02
4478.9,0,12427,99,87,297.83
4478.9,1,55,0,34,7.20
4478.9,2,15,0,59,22.42
4481.0,0,12971,99,87,296.77
4481.0,1,55,0,34,6.57
4481.0,2,15,0,59,21.08
4483.1,0,12523,99,87,292.89
4483.1,1,55,0,34,6.72
4483.1,2,15,0,59,21.16
4485.2,0,15819,100,87,265.20
4485.2,1,55,0,34,11.40
4485.2,2,15,0,59,30.44
4487.3,0,15371,100,87,276.47
4487.3,1,55,0,34,7.03
4487.3,2,15,0,59,21.40
4489.4,0,12971,100,87,298.12
4489.4,1,55,0,34,6.83
4489.4,2,15,0,59,20.95
4491.5,0,12683,99,87,294.71
4491.5,1,55,0,34,8.25
4491.5,2,15,0,59,23.48
4493.5,0,12875,100,87,295.42
4493.5,1,55,0,34,7.10
4493.5,2,15,0,59,22.55
4495.6,0,12939,99,87,292.30
4495.6,1,55,0,34,6.69
4495.6,2,15,0,59,21.03
4497.7,0,12235,85,85,288.04
4497.7,1,55,0,34,7.00
4497.7,2,15,0,59,21.22
4499.8,0,15147,100,87,262.30
4499.8,1,55,0,34,11.64
4499.8,2,15,0,59,30.13
4501.9,0,12843,99,87,261.40
4501.9,1,55,0,34,7.09
4501.9,2,15,0,59,21.06
4504.0,0,12811,99,87,297.86
4504.0,1,55,0,34,6.79
4504.0,2,15,0,59,21.07
4506.1,0,12395,99,87,294.70
4506.1,1,55,0,34,8.60
4506.1,2,15,1,59,24.57
4508.1,0,12907,99,87,296.61
4508.1,1,55,0,34,7.20
4508.1,2,15,0,59,22.31
4510.2,0,12715,99,87,293.74
4510.2,1,55,0,34,6.80
4510.2,2,15,0,59,21.35
4512.3,0,15819,86,87,259.81
4512.3,1,55,0,34,6.72
4512.3,2,15,0,59,21.14
4514.4,0,16779,100,86,245.50
4514.4,1,55,0,34,11.66
4514.4,2,15,0,59,30.69
4516.5,0,12907,95,87,270.03
4516.5,1,55,0,34,6.80
4516.5,2,15,0,59,21.35
4518.6,0,12907,99,87,296.42
4518.6,1,55,0,34,6.65
4518.6,2,15,0,59,21.18
4520.6,0,12811,99,87,297.08
4520.6,1,55,0,34,9.14
4520.6,2,15,0,59,25.10
4522.7,0,12971,99,87,295.32
4522.7,1,55,0,34,7.77
4522.7,2,15,0,59,22.61
4524.8,0,12747,99,87,292.05
4524.8,1,55,0,34,6.88
4524.8,2,15,0,59,21.22
4526.9,0,15499,100,87,251.82
4526.9,1,55,0,34,7.37
4526.9,2,15,0,59,21.05
4529.0,0,13163,100,87,268.60
4529.0,1,55,0,34,7.66
4529.0,2,15,0,59,22.22
4531.1,0,12971,99,87,297.77
4531.1,1,55,0,34,6.63
4531.1,2,15,0,59,21.32
4533.2,0,12779,99,87,296.82
4533.2,1,55,0,34,6.82
4533.2,2,15,0,59,21.40
4535.2,0,12907,88,87,294.12
4535.2,1,55,0,34,11.51
4535.2,2,15,0,59,25.69
4537.3,0,12811,99,87,294.42
4537.3,1,55,0,34,6.72
4537.3,2,15,0,59,21.66
4539.4,0,12235,99,87,294.15
4539.4,1,55,0,34,6.60
4539.4,2,15,0,59,21.15
4541.5,0,15371,100,87,247.78
4541.5,1,55,0,34,7.96
4541.5,2,15,0,59,22.14
4543.6,0,12779,100,87,281.16
4543.6,1,55,0,34,6.32
4543.6,2,15,0,59,22.53
4545.7,0,12907,100,87,295.42
4545.7,1,55,0,34,6.70
4545.7,2,15,0,59,21.13
4547.8,0,12875,99,87,294.78
4547.8,1,55,0,34,6.81
4547.8,2,15,0,59,21.33
4549.9,0,13067,98,87,292.52
4549.9,1,55,0,34,11.94
4549.9,2,15,0,59,30.12
4552.0,0,13003,86,86,288.51
4552.0,1,55,0,34,7.03
4552.0,2,15,0,59,21.41
4554.0,0,15339,83,86,271.43
4554.0,1,55,0,34,6.68
4554.0,2,15,0,59,20.98
4556.1,0,12875,99,87,286.66
4556.1,1,55,0,34,8.21
4556.1,2,15,0,59,23.34
4558.2,0,12939,99,87,293.60
4558.2,1,55,0,34,6.93
4558.2,2,15,0,59,23.10
4560.3,0,12459,100,87,293.92
4560.3,1,55,0,34,6.45
4560.3,2,15,0,59,21.14
4562.4,0,12971,99,87,292.02
4562.4,1,55,0,34,6.75
4562.4,2,15,0,59,21.27
4564.5,0,12459,97,87,290.31
4564.5,1,55,0,34,11.59
4564.5,2,15,0,59,29.81
4566.5,0,15819,93,87,253.07
4566.5,1,55,0,34,6.79
4566.5,2,15,0,59,21.34
4568.6,0,16683,100,87,258.99
4568.6,1,55,0,34,6.74
4568.6,2,15,0,59,20.73
4570.7,0,12939,100,87,294.38
4570.7,1,55,0,34,8.87
4570.7,2,15,0,59,24.23
4572.8,0,12715,99,87,292.14
4572.8,1,55,0,34,7.13
4572.8,2,15,0,59,21.35
4574.9,0,12843,99,87,292.01
4574.9,1,55,0,34,6.79
4574.9,2,15,0,59,21.11
4577.0,0,12971,95,87,292.74
4577.0,1,55,0,34,6.78
4577.0,2,15,0,59,21.02
4579.0,0,15755,99,87,291.70
4579.0,1,55,0,34,7.48
4579.0,2,15,0,59,30.28
4581.1,0,15371,96,87,269.83
4581.1,1,55,0,34,6.53
4581.1,2,15,0,59,20.86
4583.2,0,12939,98,87,290.13
4583.2,1,55,0,34,6.85
4583.2,2,15,0,59,20.75
4585.3,0,12683,99,87,295.77
4585.3,1,55,0,34,8.89
4585.3,2,15,0,59,24.71
4587.4,0,13003,99,87,293.85
4587.4,1,55,0,34,7.29
4587.4,2,15,0,59,21.46
4589.4,0,12875,99,87,292.80
4589.4,1,55,0,34,6.64
4589.4,2,15,0,59,21.07
4591.5,0,15819,98,87,266.36
4591.5,1,55,0,34,7.63
4591.5,2,15,1,59,21.12
4593.6,0,16683,100,86,262.17
4593.6,1,55,0,34,7.82
4593.6,2,15,0,59,22.23
4595.7,0,12939,96,87,293.43
4595.7,1,55,0,34,7.03
4595.7,2,15,0,59,20.91
4597.8,0,12491,99,87,293.83
4597.8,1,55,0,34,7.18
4597.8,2,15,0,59,21.12
4599.9,0,13035,91,87,291.61
4599.9,1,55,0,34,11.33
4599.9,2,15,0,59,29.90
4602.0,0,5019,99,87,289.36
4602.0,1,55,0,34,7.28
4602.0,2,15,0,59,21.01
4604.0,0,7469,100,87,241.16
4604.0,1,55,0,34,6.86
4604.0,2,15,0,59,20.83
4606.1,0,8001,84,85,260.75
4606.1,1,55,0,34,8.63
4606.1,2,15,0,59,21.62
4608.2,0,5665,99,87,298.31
4608.2,1,55,0,34,7.55
4608.2,2,15,0,59,22.71
4610.3,0,5249,98,87,291.80
4610.3,1,55,0,34,6.98
4610.3,2,15,0,59,21.00
4612.4,0,5635,99,87,293.83
4612.4,1,55,0,34,6.89
4612.4,2,15,0,59,21.11
4614.5,0,5123,99,87,292.50
4614.5,1,55,0,34,11.73
4614.5,2,15,0,59,29.63
4616.6,0,8035,100,87,245.11
4616.6,1,55,0,34,6.93
4616.6,2,15,0,59,21.09
4618.7,0,6339,77,87,238.51
4618.7,1,55,0,34,7.16
4618.7,2,15,0,59,20.45
4620.7,0,5635,98,87,299.02
4620.7,1,55,0,34,8.83
4620.7,2,15,0,59,22.83
4622.9,0,5091,98,87,295.73
4622.9,1,55,0,34,7.59
4622.9,2,15,0,60,22.08
4624.9,0,5571,99,87,296.70
4624.9,1,55,0,34,6.89
4624.9,2,15,0,59,20.99
4627.0,0,8515,95,87,293.06
4627.0,1,55,0,34,6.87
4627.0,2,15,0,59,21.06
4629.1,0,8035,100,86,260.45
4629.1,1,55,0,34,11.49
4629.1,2,15,0,59,29.96
4631.2,0,5539,99,87,283.43
4631.2,1,55,0,34,6.98
4631.2,2,15,0,59,21.10
4633.3,0,5283,99,87,295.82
4633.3,1,55,0,34,6.92
4633.3,2,15,0,59,20.88
4635.4,0,5667,99,87,297.52
4635.4,1,55,0,34,9.05
4635.4,2,15,0,59,29.47
4637.5,0,5439,100,87,296.45
4637.5,1,55,0,34,7.34
4637.5,2,15,0,59,21.45
4639.6,0,8671,100,87,261.20
4639.6,1,55,0,34,6.68
4639.6,2,15,0,59,20.98
4641.6,0,5919,100,87,275.78
4641.6,1,55,0,34,6.98
4641.6,2,15,0,59,20.72
4643.7,0,5087,76,82,175.91
4643.7,1,55,0,34,7.35
4643.7,2,15,0,59,29.82
4645.8,0,5087,0,80,108.53
4645.8,1,55,0,34,6.73
4645.8,2,15,0,59,20.53
4647.8,0,5087,0,79,103.40
4647.8,1,55,0,34,6.89
4647.8,2,15,0,59,20.32
4649.9,0,5087,0,78,103.00
4649.9,1,55,0,34,8.85
4649.9,2,15,0,59,30.02
4652.0,0,8159,100,82,239.83
4652.0,1,55,0,34,6.51
4652.0,2,15,0,59,20.66
4654.1,0,5663,100,82,276.74
4654.1,1,55,0,34,6.30
4654.1,2,15,0,59,20.49
4656.1,0,5855,99,83,295.73
4656.1,1,55,0,34,6.88
4656.1,2,15,0,59,21.04
4658.2,0,5663,98,84,292.75
4658.2,1,55,0,34,6.18
4658.2,2,15,0,59,22.46
4660.3,0,8703,97,84,276.67
4660.3,1,55,0,34,5.72
4660.3,2,15,0,59,20.92
4662.4,0,8703,100,84,263.68
4662.4,1,55,0,34,5.93
4662.4,2,15,0,59,20.69
4664.5,0,5087,95,81,255.68
4664.5,1,55,0,34,10.72
4664.5,2,15,0,59,29.67
4666.6,0,8703,100,84,262.70
4666.6,1,55,0,34,7.37
4666.6,2,15,0,59,20.76
4668.6,0,5087,94,84,265.21
4668.6,1,55,0,34,7.07
4668.6,2,15,0,59,20.61
4670.7,0,5087,0,79,110.21
4670.7,1,55,0,34,8.54
4670.7,2,15,0,59,21.02
4672.8,0,5087,0,77,101.47
4672.8,1,55,0,34,7.06
4672.8,2,15,0,59,21.35
4674.9,0,5087,0,76,100.61
4674.9,1,55,0,34,6.78
4674.9,2,15,0,59,20.11
4676.9,0,5087,0,75,99.11
4676.9,1,55,0,34,7.03
4676.9,2,15,0,59,20.28
4679.0,0,5087,0,74,97.95
4679.0,1,55,0,34,11.21
4679.0,2,15,0,59,30.00
4681.1,0,5087,0,73,97.13
4681.1,1,55,0,34,6.83
4681.1,2,15,0,59,20.65
4683.2,0,5087,0,73,95.91
4683.2,1,55,0,34,6.73
4683.2,2,15,0,59,20.17
4685.3,0,8159,100,77,253.27
4685.3,1,55,0,34,8.64
4685.3,2,15,0,59,23.00
4687.4,0,5983,100,78,258.68
4687.4,1,55,0,34,7.14
4687.4,2,15,0,59,22.08
4689.4,0,8607,16,78,197.99
4689.4,1,55,0,34,6.86
4689.4,2,15,0,59,20.62
4691.5,0,8383,100,79,245.84
4691.5,1,55,0,34,6.78
4691.5,2,15,0,59,20.61
4693.6,0,5087,64,80,259.22
4693.6,1,55,0,34,11.43
4693.6,2,15,0,59,29.77
4695.6,0,8703,100,78,263.63
4695.6,1,55,0,34,6.74
4695.6,2,15,0,59,20.84
4697.7,0,5759,88,81,258.48
4697.7,1,55,0,34,6.58
4697.7,2,15,0,59,20.50
4699.8,0,3291,8,78,196.30
4699.8,1,55,0,34,7.71
4699.8,2,15,0,59,24.25
4701.8,0,7297,100,80,266.51
4701.8,1,55,0,34,6.48
4701.8,2,15,0,59,20.99
4703.9,0,3237,77,82,256.64
4703.9,1,55,0,34,5.95
4703.9,2,15,0,59,20.56
4706.0,0,7383,100,82,251.67
4706.0,1,55,0,34,6.05
4706.0,2,15,0,59,20.55
4708.1,0,5015,100,83,279.70
4708.1,1,55,0,34,6.16
4708.1,2,15,0,59,29.26
4710.1,0,4855,99,84,297.93
4710.1,1,55,0,34,5.90
4710.1,2,15,0,59,21.33
4712.2,0,6107,86,83,294.09
4712.2,1,55,0,34,6.11
4712.2,2,15,0,59,20.99
4714.3,0,5595,91,85,295.94
4714.3,1,55,0,34,8.04
4714.3,2,15,0,59,24.74
4716.3,0,5499,100,85,265.48
4716.3,1,55,0,34,6.59
4716.3,2,15,0,59,20.94
4718.4,0,6077,100,86,269.76
4718.4,1,55,0,34,5.78
4718.4,2,15,0,59,20.68
4720.5,0,5661,99,86,286.40
4720.5,1,55,0,34,6.03
4720.5,2,15,1,59,21.41
4722.6,0,6077,98,86,298.06
4722.6,1,55,0,34,6.20
4722.6,2,15,0,59,22.18
4724.6,0,19075,26,85,232.20
4724.6,1,55,0,34,6.44
4724.6,2,15,0,59,20.96
4726.7,0,27821,100,87,268.38
4726.7,1,55,0,34,7.18
4726.7,2,15,0,59,20.64
4728.8,0,25165,100,86,283.32
4728.8,1,55,0,34,11.66
4728.8,2,15,0,59,30.15
4730.9,0,25229,100,87,272.97
4730.9,1,55,0,34,7.22
4730.9,2,15,0,59,21.03
4733.0,0,25293,100,87,285.64
4733.0,1,55,0,34,7.07
4733.0,2,15,0,58,20.41
4735.1,0,25421,100,88,274.34
4735.1,1,55,0,34,8.23
4735.1,2,15,0,59,21.81
4737.2,0,25357,100,88,280.46
4737.2,1,55,0,34,7.67
4737.2,2,15,0,59,22.12
4739.3,0,24749,97,87,278.04
4739.3,1,55,0,34,7.01
4739.3,2,15,0,58,20.58
4741.4,0,24781,100,88,279.60
4741.4,1,55,0,34,7.23
4741.4,2,15,0,58,20.78
4743.4,0,24781,100,88,280.05
4743.4,1,55,0,34,11.51
4743.4,2,15,0,59,30.13
4745.5,0,24781,94,88,282.74
4745.5,1,55,0,34,7.49
4745.5,2,15,0,58,20.79
4747.6,0,24749,97,88,278.95
4747.6,1,55,0,34,6.99
4747.6,2,15,0,58,20.65
4749.7,0,24749,100,88,267.80
4749.7,1,55,1,34,8.72
4749.7,2,15,0,59,23.07
4751.8,0,24749,99,87,278.16
4751.8,1,55,0,34,7.54
4751.8,2,15,0,59,22.53
4753.8,0,24589,100,88,276.43
4753.8,1,55,0,34,7.20
4753.8,2,15,0,58,20.64
4755.9,0,24589,92,87,275.17
4755.9,1,55,0,34,6.98
4755.9,2,15,0,58,20.69
4758.0,0,24589,99,88,274.93
4758.0,1,55,0,34,11.95
4758.0,2,15,0,59,29.77
4760.1,0,24589,100,88,272.05
4760.1,1,55,0,34,6.96
4760.1,2,15,0,58,21.34
4762.2,0,24589,100,88,280.52
4762.2,1,55,0,34,6.73
4762.2,2,15,0,58,20.82
4764.3,0,24589,100,88,276.25
4764.3,1,55,0,34,8.95
4764.3,2,15,1,59,23.97
4766.4,0,24589,98,88,278.63
4766.4,1,55,0,35,7.80
4766.4,2,15,0,58,21.04
4768.5,0,24589,100,87,275.83
4768.5,1,55,0,34,7.11
4768.5,2,15,0,58,20.71
4770.5,0,24589,15,85,186.82
4770.5,1,55,0,34,7.30
4770.5,2,15,0,58,20.70
4772.6,0,24589,100,84,213.99
4772.6,1,55,0,34,7.70
4772.6,2,15,0,59,30.16
4774.7,0,24589,53,87,262.80
4774.7,1,55,0,34,6.68
4774.7,2,15,0,58,20.65
4776.8,0,24589,98,87,283.59
4776.8,1,55,0,34,6.18
4776.8,2,15,0,58,20.61
4778.8,0,24589,100,87,282.27
4778.8,1,55,0,34,10.19
4778.8,2,15,0,59,24.70
4780.9,0,24589,100,86,234.86
4780.9,1,55,0,34,6.38
4780.9,2,15,0,58,21.17
4783.0,0,24589,96,86,261.34
4783.0,1,55,0,34,5.87
4783.0,2,15,0,58,20.68
4785.0,0,24589,100,86,251.74
4785.0,1,55,0,34,5.96
4785.0,2,15,0,58,20.82
4787.1,0,24589,77,85,225.59
4787.1,1,55,0,34,7.69
4787.1,2,15,0,59,22.17
4789.2,0,24589,37,83,163.07
4789.2,1,55,0,34,7.12
4789.2,2,15,0,58,20.61
4791.3,0,24589,100,85,273.57
4791.3,1,55,0,34,7.09
4791.3,2,15,0,58,20.70
4793.3,0,24589,80,84,227.50
4793.3,1,55,0,34,11.04
4793.3,2,15,0,59,30.33
4795.4,0,24589,21,84,202.60
4795.4,1,55,0,34,6.43
4795.4,2,15,0,58,20.84
4797.5,0,24589,18,81,156.37
4797.5,1,55,0,34,5.83
4797.5,2,15,0,58,20.66
4799.5,0,24589,13,81,184.95
4799.5,1,55,0,34,7.35
4799.5,2,15,0,59,21.90
4801.6,0,24589,75,81,205.36
4801.6,1,55,0,34,6.26
4801.6,2,15,0,59,22.36
4803.7,0,24589,68,83,221.31
4803.7,1,55,0,34,5.87
4803.7,2,15,0,58,20.56
4805.7,0,24589,21,83,221.39
4805.7,1,55,0,34,6.05
4805.7,2,15,0,58,20.76
4807.8,0,24589,40,83,234.55
4807.8,1,55,0,34,10.29
4807.8,2,15,0,59,29.57
4809.9,0,24589,100,83,224.55
4809.9,1,55,0,34,5.95
4809.9,2,15,0,58,20.90
4811.9,0,24589,35,80,215.05
4811.9,1,55,0,34,5.74
4811.9,2,15,0,58,20.64
4814.0,0,24589,25,80,212.76
4814.0,1,55,0,34,6.37
4814.0,2,15,0,59,22.98
4816.1,0,24589,52,83,206.43
4816.1,1,55,0,34,6.50
4816.1,2,15,0,59,21.86
4818.1,0,24589,71,82,198.52
4818.1,1,55,0,34,5.88
4818.1,2,15,0,58,20.72
4820.2,0,24589,96,80,222.07
4820.2,1,55,0,34,6.02
4820.2,2,15,0,58,20.76
4822.3,0,24589,30,83,229.59
4822.3,1,55,0,34,9.99
4822.3,2,15,0,59,30.16
4824.3,0,24589,98,82,283.24
4824.3,1,55,0,34,6.01
4824.3,2,15,0,58,21.26
4826.4,0,24589,100,83,285.39
4826.4,1,55,0,34,5.89
4826.4,2,15,0,58,20.71
4828.5,0,24589,99,83,280.32
4828.5,1,55,0,34,7.08
4828.5,2,15,0,59,23.77
4830.6,0,24589,95,84,282.04
4830.6,1,55,0,34,5.66
4830.6,2,15,0,59,22.50
4832.6,0,3825,0,79,115.33
4832.6,1,55,0,34,5.81
4832.6,2,15,0,58,20.38
4834.7,0,4177,85,83,272.44
4834.7,1,55,0,34,5.86
4834.7,2,15,0,58,21.10
4836.8,0,4335,0,80,229.01
4836.8,1,55,0,34,10.27
4836.8,2,15,0,59,30.23
4838.8,0,4645,97,83,210.75
4838.8,1,55,0,34,6.04
4838.8,2,15,0,58,20.72
4840.9,0,4645,94,83,280.77
4840.9,1,55,0,34,5.78
4840.9,2,15,0,58,21.21
4843.0,0,4645,97,83,279.20
4843.0,1,55,0,34,7.43
4843.0,2,15,0,59,25.06
4845.1,0,4645,96,84,275.24
4845.1,1,55,0,34,7.05
4845.1,2,15,0,59,22.40
4847.1,0,4645,95,84,275.29
4847.1,1,55,0,34,6.85
4847.1,2,15,0,58,21.48
4849.2,0,4645,98,84,276.90
4849.2,1,55,0,34,6.98
4849.2,2,15,0,58,21.65
4851.3,0,4645,98,84,277.17
4851.3,1,55,0,34,11.44
4851.3,2,15,0,59,30.55
4853.4,0,4645,96,85,279.22
4853.4,1,55,0,34,7.08
4853.4,2,15,0,58,21.34
4855.4,0,4645,96,85,282.70
4855.4,1,55,0,34,7.02
4855.4,2,15,0,58,21.35
4857.6,0,4645,95,85,281.19
4857.6,1,55,0,34,9.08
4857.6,2,15,0,59,29.81
4859.7,0,5153,97,86,279.08
4859.7,1,55,0,34,7.48
4859.7,2,15,0,59,22.69
4861.7,0,3941,98,86,276.21
4861.7,1,55,0,34,7.08
4861.7,2,15,0,58,21.24
4863.8,0,4589,98,86,287.01
4863.8,1,55,0,34,6.96
4863.8,2,15,0,58,21.40
4865.9,0,3293,100,87,289.03
4865.9,1,55,0,34,11.41
4865.9,2,15,0,59,22.35
4868.0,0,4541,99,87,295.64
4868.0,1,55,0,34,7.03
4868.0,2,15,0,58,21.16
4870.1,0,4719,100,87,299.13
4870.1,1,55,0,34,7.21
4870.1,2,15,0,58,21.24
4872.2,0,4719,100,87,294.40
4872.2,1,55,0,34,11.86
4872.2,2,15,0,59,30.04
4874.3,0,4721,99,87,295.53
4874.3,1,55,0,34,7.14
4874.3,2,15,0,58,21.44
4876.4,0,5189,100,88,292.42
4876.4,1,55,0,34,7.06
4876.4,2,15,0,58,21.05
4878.5,0,5189,99,88,290.82
4878.5,1,55,1,34,7.22
4878.5,2,15,0,59,23.39
4880.6,0,5189,100,88,289.84
4880.6,1,55,0,34,6.89
4880.6,2,15,0,59,22.33
4882.7,0,5189,98,88,288.60
4882.7,1,55,0,34,7.07
4882.7,2,15,0,58,20.84
4884.7,0,5189,98,88,283.75
4884.7,1,55,0,34,7.20
4884.7,2,15,0,58,20.91
4886.8,0,5189,100,88,285.93
4886.8,1,55,0,34,11.85
4886.8,2,15,0,59,29.82
4888.9,0,5189,100,88,285.21
4888.9,1,55,0,34,7.09
4888.9,2,15,0,58,20.94
4891.0,0,5189,100,88,284.89
4891.0,1,55,0,34,6.83
4891.0,2,15,0,58,20.76
4893.1,0,5189,97,88,282.60
4893.1,1,55,0,34,7.48
4893.1,2,15,0,59,24.09
4895.2,0,5189,99,88,283.74
4895.2,1,55,0,34,7.11
4895.2,2,15,0,59,22.69
4897.2,0,5189,100,88,282.86
4897.2,1,55,0,34,6.79
4897.2,2,15,0,58,20.85
4899.3,0,5189,99,88,283.93
4899.3,1,55,0,34,6.89
4899.3,2,15,0,58,20.97
4901.4,0,5189,99,88,282.40
4901.4,1,55,0,34,11.68
4901.4,2,15,0,59,29.39
4903.5,0,5189,99,88,284.63
4903.5,1,55,0,34,6.86
4903.5,2,15,0,58,21.26
4905.6,0,5189,99,88,283.32
4905.6,1,55,0,34,6.60
4905.6,2,15,0,58,20.86
4907.7,0,5501,100,88,284.19
4907.7,1,55,0,34,11.56
4907.7,2,15,0,59,24.68
4909.7,0,5501,100,88,283.15
4909.7,1,55,0,34,7.00
4909.7,2,15,0,59,22.17
4911.8,0,5501,100,88,283.62
4911.8,1,55,0,34,6.67
4911.8,2,15,0,58,20.91
4913.9,0,5501,100,88,284.47
4913.9,1,55,0,34,6.50
4913.9,2,15,0,58,21.29
4916.0,0,5501,100,88,283.77
4916.0,1,55,0,34,11.65
4916.0,2,15,0,59,21.93
4918.1,0,5501,100,88,284.84
4918.1,1,55,0,34,6.83
4918.1,2,15,0,58,20.93
4920.2,0,5501,99,88,284.94
4920.2,1,55,0,34,7.03
4920.2,2,15,0,58,21.05
4922.3,0,5501,100,88,284.73
4922.3,1,55,0,35,11.86
4922.3,2,15,0,59,25.34
4924.4,0,5501,100,88,284.99
4924.4,1,55,0,34,7.16
4924.4,2,15,0,59,22.48
4926.4,0,5501,100,88,284.71
4926.4,1,55,0,34,6.94
4926.4,2,15,0,58,20.93
4928.5,0,5501,100,88,285.96
4928.5,1,55,0,34,6.96
4928.5,2,15,0,59,22.30
4930.6,0,5501,100,88,285.07
4930.6,1,55,0,35,7.59
4930.6,2,15,0,59,22.28
4932.7,0,5501,100,88,285.28
4932.7,1,55,0,34,6.77
4932.7,2,15,0,58,20.88
4934.8,0,5501,97,88,283.65
4934.8,1,55,0,34,6.85
4934.8,2,15,0,58,20.94
4936.9,0,5501,100,88,286.00
4936.9,1,55,0,34,11.62
4936.9,2,15,0,59,29.77
4939.0,0,5501,100,88,285.61
4939.0,1,55,0,34,6.96
4939.0,2,15,0,58,21.00
4941.0,0,5501,100,88,285.83
4941.0,1,55,0,34,6.97
4941.0,2,15,0,58,20.81
4943.1,0,5501,100,88,285.02
4943.1,1,55,0,34,8.84
4943.1,2,15,0,59,23.07
4945.2,0,5501,100,88,286.23
4945.2,1,55,0,34,7.54
4945.2,2,15,0,59,22.33
4947.3,0,5501,100,88,286.06
4947.3,1,55,0,34,6.86
4947.3,2,15,0,58,20.53
4949.4,0,5501,100,88,285.83
4949.4,1,55,0,34,7.19
4949.4,2,15,0,58,20.80
4951.5,0,5501,100,88,286.69
4951.5,1,55,0,34,11.65
4951.5,2,15,0,59,29.30
4953.6,0,5501,100,88,286.99
4953.6,1,55,0,34,7.09
4953.6,2,15,0,58,20.98
4955.7,0,5501,100,88,285.55
4955.7,1,55,0,34,7.10
4955.7,2,15,0,58,20.56
4957.8,0,5501,100,88,287.48
4957.8,1,55,0,34,9.11
4957.8,2,15,0,59,23.65
4959.9,0,5501,100,88,286.55
4959.9,1,55,0,34,7.62
4959.9,2,15,0,59,21.83
4962.0,0,5501,100,88,287.04
4962.0,1,55,0,34,6.79
4962.0,2,15,0,58,20.68
4964.0,0,5501,98,88,285.74
4964.0,1,55,0,34,7.18
4964.0,2,15,0,58,20.72
4966.1,0,5501,100,88,285.85
4966.1,1,55,0,34,11.60
4966.1,2,15,0,59,29.78
4968.2,0,5501,100,88,287.54
4968.2,1,55,0,34,7.04
4968.2,2,15,0,58,21.29
4970.3,0,5501,100,88,286.96
4970.3,1,55,0,34,7.25
4970.3,2,15,0,58,20.66
4972.4,0,5501,100,88,288.12
4972.4,1,55,0,34,11.64
4972.4,2,15,0,59,29.28
4974.5,0,5501,99,88,286.96
4974.5,1,55,0,34,7.57
4974.5,2,15,0,58,21.02
4976.6,0,5501,100,88,287.64
4976.6,1,55,0,34,7.02
4976.6,2,15,0,58,20.66
4978.7,0,5501,100,88,288.41
4978.7,1,55,0,34,8.35
4978.7,2,15,1,58,21.00
4980.7,0,5501,100,88,287.87
4980.7,1,55,0,34,7.71
4980.7,2,15,0,59,22.01
4982.8,0,5501,99,88,288.16
4982.8,1,55,0,34,6.88
4982.8,2,15,0,58,20.70
4984.9,0,5501,100,88,288.55
4984.9,1,55,0,34,7.00
4984.9,2,15,0,58,20.93
4987.0,0,5501,100,88,288.22
4987.0,1,55,0,34,11.37
4987.0,2,15,0,59,29.83
4989.1,0,5501,100,88,288.42
4989.1,1,55,0,34,7.13
4989.1,2,15,0,58,20.85
4991.2,0,5501,99,88,288.52
4991.2,1,55,0,34,6.89
4991.2,2,15,0,58,20.79
4993.3,0,5501,100,88,288.54
4993.3,1,55,0,34,8.59
4993.3,2,15,0,59,22.07
4995.4,0,5501,100,88,289.16
4995.4,1,55,0,34,7.26
4995.4,2,15,0,59,22.58
4997.5,0,5501,100,88,289.01
4997.5,1,55,0,34,6.72
4997.5,2,15,0,58,20.92
4999.6,0,5501,100,88,288.55
4999.6,1,55,0,34,7.11
4999.6,2,15,0,58,20.98
5001.6,0,5501,100,88,289.33
5001.6,1,55,0,34,11.54
5001.6,2,15,0,59,29.53
5003.7,0,5501,100,88,289.39
5003.7,1,55,0,34,7.09
5003.7,2,15,0,58,21.00
5005.8,0,5501,100,88,289.63
5005.8,1,55,0,34,6.94
5005.8,2,15,0,58,20.70
5007.9,0,5501,100,88,290.99
5007.9,1,55,0,34,8.80
5007.9,2,15,0,59,22.87
5010.0,0,5501,100,88,288.72
5010.0,1,55,0,34,7.70
5010.0,2,15,0,59,21.99
5012.1,0,5501,100,88,289.67
5012.1,1,55,0,34,7.06
5012.1,2,15,0,58,20.84
5014.2,0,5501,99,88,289.65
5014.2,1,55,0,34,6.98
5014.2,2,15,0,58,20.87
5016.2,0,5501,100,88,289.41
5016.2,1,55,0,34,11.35
5016.2,2,15,0,59,29.95
5018.3,0,5501,100,88,290.34
5018.3,1,55,0,34,7.05
5018.3,2,15,0,58,21.48
5020.4,0,5501,99,88,289.81
5020.4,1,55,0,34,6.87
5020.4,2,15,0,58,20.97
5022.5,0,5501,98,88,289.87
5022.5,1,55,0,34,11.58
5022.5,2,15,0,59,29.48
5024.6,0,5501,100,88,290.16
5024.6,1,55,0,34,7.06
5024.6,2,15,0,58,21.40
5026.7,0,5501,100,88,290.05
5026.7,1,55,0,34,6.95
5026.7,2,15,0,58,20.92
5028.8,0,5501,100,88,290.40
5028.8,1,55,0,34,7.80
5028.8,2,15,0,58,20.88
5030.9,0,5501,100,88,291.18
5030.9,1,55,0,34,7.52
5030.9,2,15,0,59,29.82
5033.0,0,5501,100,88,291.06
5033.0,1,55,0,34,7.03
5033.0,2,15,0,59,20.92
5035.0,0,5501,99,88,291.58
5035.0,1,55,0,34,7.29
5035.0,2,15,0,59,20.94
5037.1,0,5501,100,87,290.72
5037.1,1,55,0,34,11.50
5037.1,2,15,0,59,30.04
5039.2,0,5501,100,88,290.75
5039.2,1,55,0,34,7.29
5039.2,2,15,0,59,20.82
5041.3,0,5501,97,88,289.12
5041.3,1,55,0,34,7.05
5041.3,2,15,0,59,20.94
5043.4,0,5501,100,88,291.97
5043.4,1,55,0,34,8.06
5043.4,2,15,0,59,21.25
5045.5,0,5501,100,88,290.34
5045.5,1,55,0,34,7.33
5045.5,2,15,0,59,22.42
5047.6,0,5501,100,88,291.78
5047.6,1,55,0,34,6.83
5047.6,2,15,0,59,20.72
5049.7,0,5501,100,88,292.11
5049.7,1,55,0,34,7.14
5049.7,2,15,0,59,20.81
5051.8,0,5501,100,88,292.24
5051.8,1,55,0,34,7.16
5051.8,2,15,0,59,29.69
5053.9,0,5501,100,88,291.71
5053.9,1,55,0,34,6.96
5053.9,2,15,0,59,21.05
5055.9,0,5501,100,88,291.55
5055.9,1,55,0,34,7.05
5055.9,2,15,0,59,20.80
5058.0,0,5501,100,88,292.25
5058.0,1,55,0,34,8.33
5058.0,2,15,0,59,24.84
5060.1,0,5501,100,88,292.33
5060.1,1,55,0,34,7.45
5060.1,2,15,0,59,21.83
5062.2,0,5501,100,88,292.52
5062.2,1,55,0,34,6.69
5062.2,2,15,0,59,20.84
5064.3,0,5501,99,88,290.96
5064.3,1,55,0,34,6.80
5064.3,2,15,0,59,20.88
5066.4,0,5501,100,88,292.90
5066.4,1,55,0,34,11.64
5066.4,2,15,0,59,22.55
5068.5,0,5501,100,86,289.38
5068.5,1,55,0,34,6.85
5068.5,2,15,0,59,20.79
5070.6,0,4151,100,87,296.37
5070.6,1,55,0,34,6.74
5070.6,2,15,0,59,20.89
5072.7,0,4463,100,88,292.42
5072.7,1,55,0,34,8.82
5072.7,2,15,0,59,29.42
5074.8,0,5089,99,88,292.57
5074.8,1,55,0,34,7.08
5074.8,2,15,0,59,22.44
5076.9,0,5089,99,87,293.28
5076.9,1,55,0,34,6.80
5076.9,2,15,0,59,20.88
5079.0,0,5089,99,88,290.88
5079.0,1,55,0,34,6.89
5079.0,2,15,0,59,22.30
5081.1,0,5089,100,88,293.29
5081.1,1,55,0,34,7.56
5081.1,2,15,0,59,22.03
5083.1,0,5089,98,88,294.14
5083.1,1,55,0,34,6.60
5083.1,2,15,0,59,20.79
5085.2,0,5089,100,88,294.83
5085.2,1,55,0,34,6.81
5085.2,2,15,0,59,21.03
5087.3,0,5089,0,83,118.74
5087.3,1,55,0,34,11.19
5087.3,2,15,0,59,30.20
5089.4,0,5089,0,81,106.02
5089.4,1,55,0,34,6.55
5089.4,2,15,0,59,20.83
5091.5,0,5089,1,84,161.01
5091.5,1,55,0,34,6.57
5091.5,2,15,0,59,20.23
5093.6,0,5089,98,84,292.35
5093.6,1,55,0,34,7.59
5093.6,2,15,0,59,23.40
5095.6,0,5089,99,85,295.72
5095.6,1,55,0,34,6.97
5095.6,2,15,0,59,22.43
5097.7,0,5089,97,85,297.48
5097.7,1,55,0,34,6.81
5097.7,2,15,0,59,20.83
5099.8,0,5089,98,83,290.91
5099.8,1,55,0,34,6.90
5099.8,2,15,0,59,20.92
5101.9,0,5089,2,80,132.92
5101.9,1,55,0,34,11.65
5101.9,2,15,0,59,30.03
5104.0,0,5089,94,84,295.89
5104.0,1,55,0,34,6.97
5104.0,2,15,0,59,20.87
5106.0,0,5089,24,82,173.51
5106.0,1,55,0,34,6.75
5106.0,2,15,0,59,20.68
5108.1,0,5089,25,80,127.80
5108.1,1,55,0,34,8.15
5108.1,2,15,0,59,23.93
5110.2,0,5089,22,79,129.07
5110.2,1,55,0,34,7.25
5110.2,2,15,0,59,21.30
5112.3,0,5089,99,82,251.95
5112.3,1,55,0,34,6.55
5112.3,2,15,0,59,20.52
5114.3,0,2589,0,77,111.35
5114.3,1,55,0,34,6.46
5114.3,2,15,0,59,20.92
5116.4,0,5245,100,82,293.62
5116.4,1,55,0,34,10.84
5116.4,2,15,0,59,30.23
5118.5,0,4539,21,81,162.64
5118.5,1,55,0,34,5.79
5118.5,2,15,0,59,21.10
5120.6,0,4539,100,82,298.64
5120.6,1,55,0,34,5.68
5120.6,2,15,0,59,20.78
5122.6,0,4539,99,83,298.91
5122.6,1,55,0,34,7.40
5122.6,2,15,0,59,24.77
5124.7,0,4539,99,83,296.95
5124.7,1,55,0,34,5.93
5124.7,2,15,0,59,22.31
5126.8,0,4539,100,84,298.43
5126.8,1,55,0,34,5.67
5126.8,2,15,0,59,21.02
5128.9,0,4539,100,84,298.18
5128.9,1,55,0,34,5.58
5128.9,2,15,0,59,21.11
5130.9,0,4539,100,84,297.95
5130.9,1,55,0,34,9.96
5130.9,2,15,0,59,29.80
5133.0,0,4539,100,84,299.14
5133.0,1,55,0,34,5.75
5133.0,2,15,0,59,20.80
5135.1,0,4541,100,85,298.85
5135.1,1,55,0,34,5.48
5135.1,2,15,0,59,20.93
5137.1,0,4697,100,85,296.71
5137.1,1,55,0,34,7.41
5137.1,2,15,0,59,25.23
5139.2,0,4697,98,85,298.87
5139.2,1,55,0,34,5.61
5139.2,2,15,0,59,22.62
5141.3,0,4697,99,85,296.77
5141.3,1,55,0,34,5.33
5141.3,2,15,0,59,20.89
5143.4,0,4697,99,85,297.83
5143.4,1,55,0,34,5.40
5143.4,2,15,0,59,20.97
5145.5,0,4697,99,86,299.54
5145.5,1,55,0,34,10.93
5145.5,2,15,0,59,22.35
5147.5,0,4697,100,86,298.35
5147.5,1,55,0,34,6.55
5147.5,2,15,0,59,20.93
5149.6,0,4697,100,86,298.70
5149.6,1,55,0,34,6.68
5149.6,2,15,0,59,21.07
5151.7,0,4697,100,87,299.65
5151.7,1,55,0,34,11.92
5151.7,2,15,0,59,29.79
5153.8,0,4853,99,87,298.87
5153.8,1,55,0,34,6.79
5153.8,2,15,0,59,20.98
5155.9,0,4853,99,87,298.85
5155.9,1,55,0,34,6.67
5155.9,2,15,0,59,20.85
5158.0,0,4853,100,87,298.22
5158.0,1,55,0,34,7.63
5158.0,2,15,0,59,23.01
5160.1,0,4853,100,87,298.31
5160.1,1,55,0,34,7.18
5160.1,2,15,0,59,22.57
5162.2,0,4853,100,87,298.33
5162.2,1,55,0,34,6.68
5162.2,2,15,0,59,20.97
5164.3,0,4853,100,87,296.72
5164.3,1,55,0,34,6.95
5164.3,2,15,0,59,20.95
5166.4,0,4853,100,87,294.49
5166.4,1,55,0,34,11.76
5166.4,2,15,0,59,29.37
5168.4,0,4853,99,88,293.65
5168.4,1,55,0,34,6.76
5168.4,2,15,0,59,21.23
5170.5,0,4853,99,88,291.97
5170.5,1,55,0,34,6.74
5170.5,2,15,0,59,20.68
5172.6,0,4853,100,88,291.53
5172.6,1,55,0,34,8.17
5172.6,2,15,0,59,23.79
5174.7,0,4519,98,87,243.18
5174.7,1,55,0,34,7.41
5174.7,2,15,0,59,21.69
5176.8,0,4519,100,88,293.44
5176.8,1,55,0,34,6.80
5176.8,2,15,0,59,20.68
5178.9,0,4519,99,88,289.93
5178.9,1,55,0,34,7.04
5178.9,2,15,0,59,20.80
5181.0,0,4519,98,88,288.65
5181.0,1,55,0,34,11.32
5181.0,2,15,0,59,29.81
5183.1,0,4519,97,88,288.40
5183.1,1,55,0,34,6.86
5183.1,2,15,0,59,20.77
5185.1,0,4521,99,88,288.48
5185.1,1,55,0,34,6.67
5185.1,2,15,0,59,20.69
5187.2,0,4521,98,88,287.48
5187.2,1,55,1,34,8.47
5187.2,2,15,0,59,24.57
5189.3,0,4521,100,88,288.73
5189.3,1,55,0,34,6.83
5189.3,2,15,0,59,22.43
5191.4,0,4521,100,88,288.24
5191.4,1,55,0,34,6.90
5191.4,2,15,0,59,20.80
5193.5,0,4521,0,83,117.00
5193.5,1,55,0,34,6.84
5193.5,2,15,1,59,20.47
5195.6,0,4521,0,82,107.34
5195.6,1,55,0,34,11.76
5195.6,2,15,0,59,21.71
5197.7,0,4521,0,81,104.17
5197.7,1,55,0,34,7.05
5197.7,2,15,0,59,20.21
5199.8,0,4521,100,85,203.83
5199.8,1,55,0,34,7.16
5199.8,2,15,0,59,20.61
5201.8,0,4521,66,85,293.48
5201.8,1,55,0,34,11.26
5201.8,2,15,0,59,25.04
5203.9,0,4573,65,83,234.90
5203.9,1,55,0,34,7.11
5203.9,2,15,0,59,20.70
5206.0,0,4575,100,86,281.23
5206.0,1,55,0,34,6.82
5206.0,2,15,0,59,20.84
5208.1,0,4575,98,86,297.48
5208.1,1,55,0,34,7.01
5208.1,2,15,0,59,22.69
5210.2,0,4575,98,86,292.82
5210.2,1,55,0,34,7.40
5210.2,2,15,0,59,22.75
5212.3,0,4575,98,86,298.77
5212.3,1,55,0,34,6.90
5212.3,2,15,0,59,20.94
5214.4,0,4575,97,86,290.97
5214.4,1,55,0,34,6.90
5214.4,2,15,0,59,21.01
5216.5,0,4575,94,87,290.72
5216.5,1,55,0,34,11.63
5216.5,2,15,0,59,29.31
5218.6,0,4575,0,82,115.20
5218.6,1,55,0,34,6.89
5218.6,2,15,0,59,20.72
5220.6,0,4575,0,80,106.07
5220.6,1,55,0,34,6.88
5220.6,2,15,0,59,20.15
5222.7,0,4575,94,84,227.05
5222.7,1,55,0,34,7.78
5222.7,2,15,0,59,23.34
5224.8,0,4575,99,84,293.81
5224.8,1,55,0,34,7.57
5224.8,2,15,0,59,22.35
5226.9,0,4575,88,84,277.85
5226.9,1,55,0,34,6.87
5226.9,2,15,0,59,21.14
5229.0,0,4575,0,81,253.23
5229.0,1,55,0,34,6.99
5229.0,2,15,0,59,21.20
5231.0,0,3349,95,85,290.19
5231.0,1,55,0,34,11.19
5231.0,2,15,0,59,29.71
5233.1,0,3505,10,81,152.21
5233.1,1,55,0,34,6.59
5233.1,2,15,0,59,21.48
5235.2,0,3505,97,83,143.36
5235.2,1,55,0,34,6.12
5235.2,2,15,0,59,20.32
5237.3,0,3817,90,84,291.71
5237.3,1,55,0,34,6.95
5237.3,2,15,0,59,24.30
5239.3,0,3817,2,81,230.00
5239.3,1,55,0,34,5.89
5239.3,2,15,0,59,22.48
5241.4,0,3817,2,78,112.87
5241.4,1,55,0,34,5.63
5241.4,2,15,0,59,20.29
5243.5,0,3817,93,83,285.39
5243.5,1,55,0,34,5.91
5243.5,2,15,0,59,20.67
5245.5,0,3817,3,78,122.11
5245.5,1,55,0,34,10.49
5245.5,2,15,0,59,29.84
5247.6,0,3817,3,77,114.03
5247.6,1,55,0,34,5.94
5247.6,2,15,0,59,20.53
5249.6,0,3817,6,76,113.44
5249.6,1,55,0,34,5.66
5249.6,2,15,0,59,20.25
5251.7,0,3817,0,75,99.23
5251.7,1,55,0,34,7.28
5251.7,2,15,0,59,24.35
5253.8,0,3817,0,74,98.49
5253.8,1,55,0,34,5.83
5253.8,2,15,0,59,21.17
5255.8,0,3817,0,73,96.80
5255.8,1,55,0,34,5.70
5255.8,2,15,0,59,20.12
5257.9,0,3817,82,78,251.60
5257.9,1,55,0,34,5.82
5257.9,2,15,0,59,20.25
5260.0,0,3817,0,75,210.93
5260.0,1,55,0,34,10.36
5260.0,2,15,0,59,22.28
5262.1,0,3661,32,76,229.56
5262.1,1,55,0,34,5.71
5262.1,2,15,0,59,20.55
5264.1,0,3037,0,74,105.33
5264.1,1,55,0,34,5.58
5264.1,2,15,0,58,20.49
5266.2,0,3505,97,79,289.72
5266.2,1,55,0,34,8.59
5266.2,2,15,0,59,29.49
5268.3,0,3505,1,75,123.97
5268.3,1,55,0,34,7.12
5268.3,2,15,0,59,21.92
5270.4,0,3505,4,74,112.17
5270.4,1,55,0,34,6.82
5270.4,2,15,0,58,20.30
5272.5,0,3817,1,74,104.25
5272.5,1,55,0,34,7.12
5272.5,2,15,0,59,21.89
5274.6,0,3817,1,73,116.69
5274.6,1,55,0,34,7.24
5274.6,2,15,0,59,21.45
5276.7,0,3817,9,77,177.80
5276.7,1,55,0,34,6.30
5276.7,2,15,0,58,20.35
5278.7,0,3817,96,76,290.46
5278.7,1,55,0,34,6.17
5278.7,2,15,0,58,21.13
5280.8,0,3193,33,74,103.84
5280.8,1,55,0,34,10.47
5280.8,2,15,0,59,30.12
5282.9,0,3661,0,74,188.66
5282.9,1,55,0,34,5.59
5282.9,2,15,0,58,21.39
5285.0,0,3505,98,79,279.79
5285.0,1,55,0,34,5.58
5285.0,2,15,0,58,20.36
5287.0,0,3507,41,79,283.27
5287.0,1,55,0,34,6.66
5287.0,2,15,0,59,23.26
5289.1,0,3663,97,81,281.92
5289.1,1,55,0,34,5.89
5289.1,2,15,0,59,22.26
5291.2,0,3663,95,81,292.28
5291.2,1,55,0,34,5.63
5291.2,2,15,0,58,20.82
5293.2,0,3663,95,82,297.03
5293.2,1,55,0,34,5.72
5293.2,2,15,0,58,21.15
5295.3,0,3663,95,83,296.08
5295.3,1,55,0,34,10.12
5295.3,2,15,0,59,29.52
5297.4,0,3663,1,78,118.82
5297.4,1,55,0,34,6.01
5297.4,2,15,0,58,20.95
5299.4,0,3663,1,77,109.03
5299.4,1,55,0,34,5.79
5299.4,2,15,0,58,20.36
5301.5,0,3663,97,82,285.00
5301.5,1,55,0,34,7.15
5301.5,2,15,0,58,23.96
5303.6,0,3663,97,83,299.59
5303.6,1,55,0,34,6.33
5303.6,2,15,0,58,22.84
5305.7,0,3663,7,79,158.02
5305.7,1,55,0,34,5.70
5305.7,2,15,0,58,20.94
5307.7,0,3663,1,77,107.41
5307.7,1,55,0,34,5.83
5307.7,2,15,0,58,20.53
5309.8,0,3663,1,77,103.32
5309.8,1,55,0,34,10.18
5309.8,2,15,0,58,29.65
5311.9,0,3663,1,76,103.93
5311.9,1,55,0,34,5.70
5311.9,2,15,0,58,20.88
5313.9,0,3663,0,75,100.33
5313.9,1,55,0,34,5.83
5313.9,2,15,0,58,20.44
5316.0,0,3663,1,75,101.48
5316.0,1,55,0,34,7.47
5316.0,2,15,0,58,24.47
5318.0,0,3663,3,74,102.58
5318.0,1,55,0,34,6.33
5318.0,2,15,0,58,21.74
5320.1,0,3663,99,80,287.08
5320.1,1,55,0,34,5.66
5320.1,2,15,0,58,20.67
5322.2,0,3663,91,81,294.90
5322.2,1,55,0,34,5.83
5322.2,2,15,0,58,21.32
5324.3,0,3193,54,80,138.07
5324.3,1,55,0,34,10.31
5324.3,2,15,0,58,30.10
5326.3,0,3661,0,77,241.21
5326.3,1,55,0,34,7.13
5326.3,2,15,0,58,21.31
5328.4,0,3037,97,82,297.95
5328.4,1,55,0,34,6.84
5328.4,2,15,0,58,20.69
