batch_size,elapsed_s,used_mb,total_mb,free_mb,util_pct,temp_c
40,0.0,1439,49140,47101,0,57
40,2.1,1439,49140,47101,0,57
40,4.1,1439,49140,47101,0,57
40,6.2,1439,49140,47101,0,56
40,8.3,1439,49140,47101,0,56
40,10.3,1439,49140,47101,0,56
40,12.4,1439,49140,47101,0,56
40,14.4,1439,49140,47101,0,56
40,16.5,1439,49140,47101,0,56
40,18.5,1439,49140,47101,0,56
40,20.6,1439,49140,47101,0,55
40,22.7,1439,49140,47101,0,55
40,24.8,1439,49140,47101,0,56
40,26.8,1439,49140,47101,0,55
40,28.9,5133,49140,43407,100,62
40,30.9,2477,49140,46063,12,59
40,33.0,1645,49140,46895,9,61
40,35.1,4877,49140,43663,100,61
40,37.1,2669,49140,45871,74,65
40,39.2,5293,49140,43247,69,66
40,41.3,5421,49140,43119,100,67
40,43.3,2797,49140,45743,67,67
40,45.4,5293,49140,43247,100,69
40,47.4,5389,49140,43151,100,70
40,49.7,2797,49140,45743,89,70
40,51.7,5377,49140,43163,62,72
40,53.8,4863,49140,43677,100,72
40,55.8,3167,49140,45373,100,73
40,57.9,3477,49140,45063,93,75
40,60.0,6293,49140,42247,82,73
40,62.0,5525,49140,43015,90,76
40,64.1,3221,49140,45319,100,77
40,66.2,3125,49140,45415,94,77
40,68.2,3445,49140,45095,17,75
40,70.3,3573,49140,44967,92,78
40,72.4,6587,49140,41953,36,76
40,74.4,15827,49140,32713,100,80
40,76.5,12819,49140,35721,96,81
40,78.6,13811,49140,34729,100,80
40,80.6,15171,49140,33369,51,81
40,82.7,12421,49140,36119,100,81
40,84.8,3825,49140,44715,96,82
40,86.8,4467,49140,44073,89,81
40,88.9,4789,49140,43751,74,82
40,91.0,4245,49140,44295,67,81
40,93.0,7349,49140,41191,100,83
40,95.1,3733,49140,44807,100,84
40,97.1,6517,49140,42023,100,83
40,99.2,7157,49140,41383,100,84
40,101.2,4725,49140,43815,86,84
40,103.3,4693,49140,43847,84,85
40,105.4,4571,49140,43969,67,83
40,107.4,4507,49140,44033,64,85
40,109.5,5659,49140,42881,100,84
40,111.7,4197,49140,44343,100,85
40,113.8,12605,49140,35935,100,83
40,115.8,13405,49140,35135,100,85
40,117.9,13271,49140,35269,21,84
40,120.0,3317,49140,45223,0,82
40,122.0,3731,49140,44809,100,83
40,124.1,3061,49140,45479,71,83
40,126.2,6517,49140,42023,100,85
40,128.2,22685,49140,25855,42,83
40,130.3,13835,49140,34705,100,84
40,132.4,13059,49140,35481,26,84
40,134.4,13091,49140,35449,100,85
40,136.5,4247,49140,44293,60,84
40,138.6,16727,49140,31813,100,85
40,140.7,14175,49140,34365,66,85
40,142.8,23465,49140,25075,87,86
40,144.8,14197,49140,34343,100,86
40,146.9,14061,49140,34479,85,85
40,149.0,13549,49140,34991,76,85
40,151.0,13645,49140,34895,74,84
40,153.1,16685,49140,31855,65,85
40,155.2,5341,49140,43199,53,86
40,157.2,14685,49140,33855,53,85
40,159.3,14525,49140,34015,92,86
40,161.3,18559,49140,29981,84,85
40,163.4,14623,49140,33917,70,86
40,165.4,5157,49140,43383,92,86
40,167.5,5509,49140,43031,95,87
40,169.6,8741,49140,39799,100,87
40,171.6,9957,49140,38583,100,87
40,173.7,6337,49140,42203,93,87
40,175.7,5161,49140,43379,96,87
40,177.8,5187,49140,43353,72,87
40,179.8,4881,49140,43659,29,84
40,181.9,7651,49140,40889,100,87
40,183.9,3665,49140,44875,100,84
40,186.0,6211,49140,42329,83,85
40,188.0,9125,49140,39415,100,87
40,190.1,9733,49140,38807,100,87
40,192.2,6597,49140,41943,83,87
40,194.4,6469,49140,42071,73,87
40,196.5,9125,49140,39415,78,87
40,198.6,6397,49140,42143,100,87
40,200.6,6973,49140,41567,77,86
40,202.7,6909,49140,41631,95,87
40,204.7,9597,49140,38943,84,87
40,206.8,6973,49140,41567,80,87
40,208.9,7101,49140,41439,93,87
40,210.9,7069,49140,41471,92,87
40,213.0,6877,49140,41663,100,86
40,215.1,6781,49140,41759,94,87
40,217.1,7747,49140,40793,49,86
40,219.2,6691,49140,41849,100,87
40,221.3,8833,49140,39707,100,87
40,223.3,5855,49140,42685,92,87
40,225.4,9183,49140,39357,100,87
40,227.4,6203,49140,42337,89,87
40,229.5,6799,49140,41741,66,87
40,231.6,6287,49140,42253,77,87
40,233.6,4827,49140,43713,77,86
40,235.7,8379,49140,40161,100,87
40,237.8,37711,49140,10829,100,87
40,239.8,23955,49140,24585,100,87
40,241.9,32413,49140,16127,98,86
40,243.9,32509,49140,16031,100,87
40,246.0,32509,49140,16031,100,87
40,248.1,32669,49140,15871,99,87
40,250.3,22385,49140,26155,100,84
40,252.3,22419,49140,26121,86,87
40,254.4,22035,49140,26505,84,87
40,256.5,25011,49140,23529,100,87
40,258.5,23795,49140,24745,100,87
40,260.6,22291,49140,26249,100,87
40,262.7,24307,49140,24233,100,87
40,264.7,25363,49140,23177,100,87
40,266.8,22835,49140,25705,99,88
40,268.9,22899,49140,25641,99,87
40,271.0,22419,49140,26121,99,88
40,273.0,22963,49140,25577,99,88
40,275.1,22771,49140,25769,99,87
40,277.1,22899,49140,25641,99,88
40,279.2,22771,49140,25769,98,87
40,281.3,25555,49140,22985,100,87
40,283.3,17531,49140,31009,100,87
40,285.4,6717,49140,41823,94,87
40,287.4,7927,49140,40613,90,87
40,289.5,8383,49140,40157,100,87
40,291.5,8895,49140,39645,55,87
40,293.6,8383,49140,40157,100,87
40,295.6,7967,49140,40573,100,87
40,297.7,8735,49140,39805,100,87
40,299.7,6643,49140,41897,99,87
40,301.8,5243,49140,43297,98,87
40,303.8,8027,49140,40513,100,88
40,305.9,4615,49140,43925,100,87
40,307.9,5895,49140,42645,99,87
40,310.0,5927,49140,42613,98,87
40,312.1,5799,49140,42741,98,87
40,314.3,5927,49140,42613,97,88
40,316.3,5987,49140,42553,98,87
40,318.4,5463,49140,43077,79,87
40,320.5,7735,49140,40805,60,85
40,322.6,7927,49140,40613,100,87
40,324.6,5451,49140,43089,100,87
40,326.7,7689,49140,40851,67,86
40,328.8,8229,49140,40311,72,87
40,330.9,6011,49140,42529,79,87
40,332.9,5201,49140,43339,32,87
40,335.0,5385,49140,43155,89,87
40,337.1,5605,49140,42935,90,87
40,339.2,5665,49140,42875,79,86
40,341.2,8289,49140,40251,99,87
40,343.3,6369,49140,42171,95,87
40,345.3,5889,49140,42651,97,86
40,347.4,6331,49140,42209,74,87
40,349.5,5637,49140,42903,24,86
40,351.6,5633,49140,42907,74,86
40,353.7,5441,49140,43099,83,84
40,355.8,5409,49140,43131,84,85
40,357.9,3565,49140,44975,77,83
40,359.9,7051,49140,41489,100,84
40,362.0,6301,49140,42239,44,85
40,364.1,7415,49140,41125,100,84
40,366.2,6935,49140,41605,100,85
40,368.2,6679,49140,41861,74,82
40,370.3,7895,49140,40645,100,85
40,372.4,5495,49140,43045,92,85
40,374.5,5337,49140,43203,99,86
40,376.5,5433,49140,43107,74,85
40,378.6,5433,49140,43107,64,85
40,380.7,5709,49140,42831,90,84
40,382.7,5993,49140,42547,94,85
40,384.8,6121,49140,42419,65,85
40,386.9,4617,49140,43923,85,84
40,389.0,7835,49140,40705,45,84
40,391.0,3891,49140,44649,84,83
40,393.1,5495,49140,43045,50,84
40,395.2,3841,49140,44699,9,84
40,397.2,6883,49140,41657,100,84
40,399.3,6605,49140,41935,66,82
40,401.3,7181,49140,41359,100,84
40,403.4,6861,49140,41679,100,84
40,405.5,8049,49140,40491,12,83
40,407.5,8177,49140,40363,100,84
40,409.6,3697,49140,44843,100,84
40,411.6,4893,49140,43647,59,84
40,413.7,5539,49140,43001,79,84
40,415.8,5123,49140,43417,89,83
40,417.8,5603,49140,42937,81,83
40,419.9,5155,49140,43385,80,84
40,421.9,6627,49140,41913,100,85
40,424.0,5667,49140,42873,70,84
40,426.0,5379,49140,43161,76,85
40,428.1,5603,49140,42937,73,83
40,430.2,5123,49140,43417,91,85
40,432.3,5379,49140,43161,74,85
40,434.3,5635,49140,42905,78,85
40,436.4,5379,49140,43161,64,85
40,438.5,5635,49140,42905,74,84
40,440.6,5571,49140,42969,79,85
40,442.7,5635,49140,42905,98,85
40,444.7,5539,49140,43001,97,86
40,446.9,5763,49140,42777,88,85
40,448.9,3873,49140,44667,97,85
40,451.0,6337,49140,42203,100,83
40,453.1,6465,49140,42075,85,86
40,455.1,5761,49140,42779,100,86
40,457.2,7137,49140,41403,100,83
40,459.2,8123,49140,40417,100,86
40,461.3,7003,49140,41537,100,86
40,463.3,7601,49140,40939,100,86
40,465.4,4689,49140,43851,90,83
40,467.4,4721,49140,43819,78,86
40,469.5,7269,49140,41271,100,86
40,471.5,7429,49140,41111,27,84
40,473.6,7589,49140,40951,100,85
40,475.7,4933,49140,43607,90,85
40,477.7,4965,49140,43575,94,85
40,479.8,3333,49140,45207,89,84
40,481.9,6149,49140,42391,100,85
40,483.9,6181,49140,42359,100,85
40,486.0,6437,49140,42103,100,83
40,488.1,6085,49140,42455,49,85
40,490.1,6725,49140,41815,100,86
40,492.2,8293,49140,40247,100,85
40,494.2,7077,49140,41463,100,86
40,496.3,5413,49140,43127,100,86
40,498.4,4677,49140,43863,51,84
40,500.5,4773,49140,43767,65,83
40,502.6,4933,49140,43607,81,84
40,504.7,4869,49140,43671,100,85
40,506.8,4933,49140,43607,52,83
40,508.8,4645,49140,43895,49,84
40,511.0,4721,49140,43819,81,85
40,513.1,4593,49140,43947,91,84
40,515.1,6865,49140,41675,76,83
40,517.2,6129,49140,42411,100,85
40,519.2,6193,49140,42347,100,85
40,521.3,6513,49140,42027,86,85
40,523.4,6641,49140,41899,100,85
40,525.4,6705,49140,41835,100,85
40,527.5,15867,49140,32673,100,86
40,529.5,13883,49140,34657,100,86
40,531.6,13915,49140,34625,86,86
40,533.7,13649,49140,34891,97,85
40,535.7,13521,49140,35019,93,86
40,537.8,16369,49140,32171,100,84
40,539.8,13873,49140,34667,100,87
40,541.9,16945,49140,31595,97,87
40,543.9,13905,49140,34635,99,87
40,546.0,13777,49140,34763,98,87
40,548.0,4785,49140,43755,96,87
40,550.1,4731,49140,43809,100,87
40,552.2,4529,49140,44011,89,86
40,554.2,3877,49140,44663,71,85
40,556.3,6469,49140,42071,100,86
40,558.4,6501,49140,42039,100,86
40,560.4,6567,49140,41973,100,86
40,562.5,6759,49140,41781,100,86
40,564.6,7301,49140,41239,100,86
40,566.7,8263,49140,40277,100,86
40,568.8,4519,49140,44021,100,85
40,570.8,4519,49140,44021,69,84
40,572.9,8295,49140,40245,100,85
40,575.0,4555,49140,43985,97,86
40,577.1,4459,49140,44081,98,87
40,579.1,4523,49140,44017,98,87
40,581.2,4651,49140,43889,98,87
40,583.2,5115,49140,43425,98,87
40,585.3,5467,49140,43073,98,87
40,587.3,5147,49140,43393,96,87
40,589.4,5499,49140,43041,97,87
40,591.4,5499,49140,43041,97,87
40,593.5,5467,49140,43073,98,87
40,595.6,5563,49140,42977,98,87
40,597.6,4509,49140,44031,92,87
40,599.7,13799,49140,34741,100,87
40,601.7,17319,49140,31221,100,87
40,603.8,16775,49140,31765,100,87
40,605.8,16935,49140,31605,100,87
40,607.9,26353,49140,22187,94,87
40,610.0,25169,49140,23371,100,87
40,612.0,24497,49140,24043,88,87
40,614.1,26449,49140,22091,100,87
40,616.2,27761,49140,20779,99,87
40,618.2,13447,49140,35093,67,86
40,620.3,13639,49140,34901,99,88
40,622.3,17447,49140,31093,76,86
40,624.4,16263,49140,32277,97,85
40,626.5,13799,49140,34741,98,87
40,628.5,16327,49140,32213,86,87
40,630.6,13799,49140,34741,97,88
40,632.6,13735,49140,34805,98,87
40,634.7,13863,49140,34677,98,88
40,636.8,16519,49140,32021,98,87
40,638.8,14023,49140,34517,98,88
40,640.9,13927,49140,34613,98,87
40,642.9,13897,49140,34643,98,88
40,645.0,16617,49140,31923,100,87
40,647.0,14153,49140,34387,99,88
40,649.1,13705,49140,34835,98,88
40,651.2,13993,49140,34547,98,88
40,653.2,5119,49140,43421,89,87
40,655.3,4375,49140,44165,64,86
40,657.3,6577,49140,41963,100,87
40,659.4,6523,49140,42017,63,87
40,661.4,6587,49140,41953,100,87
40,663.5,6779,49140,41761,100,87
40,665.5,7345,49140,41195,100,86
40,667.6,7345,49140,41195,100,86
40,669.6,7601,49140,40939,100,87
40,671.7,4753,49140,43787,95,87
40,673.7,5041,49140,43499,100,84
40,675.8,4369,49140,44171,62,85
40,677.9,6981,49140,41559,80,86
40,679.9,7557,49140,40983,90,85
40,682.0,4805,49140,43735,68,86
40,684.0,4421,49140,44119,60,86
40,686.1,6917,49140,41623,90,86
40,688.1,6597,49140,41943,100,86
40,690.2,4997,49140,43543,100,86
40,692.2,6437,49140,42103,100,86
40,694.3,6053,49140,42487,100,86
40,696.4,6789,49140,41751,100,86
40,698.4,6917,49140,41623,100,86
40,700.5,6949,49140,41591,100,86
40,702.5,3621,49140,44919,100,86
40,704.6,6917,49140,41623,85,85
40,706.6,7461,49140,41079,100,86
40,708.7,4965,49140,43575,67,85
40,710.7,4933,49140,43607,74,85
40,712.8,4901,49140,43639,69,85
40,714.8,7013,49140,41527,81,85
40,716.9,6757,49140,41783,100,85
40,718.9,4389,49140,44151,100,85
40,721.0,6469,49140,42071,100,85
40,723.0,6597,49140,41943,100,85
40,725.1,6821,49140,41719,100,84
40,727.2,6981,49140,41559,100,85
40,729.2,4421,49140,44119,100,85
40,731.3,6021,49140,42519,94,85
40,733.3,7429,49140,41111,100,85
40,735.4,7525,49140,41015,100,85
40,737.4,5029,49140,43511,92,85
40,739.5,5253,49140,43287,85,85
40,741.6,7589,49140,40951,64,83
40,743.6,4901,49140,43639,90,85
40,745.7,7077,49140,41463,100,85
40,747.7,5669,49140,42871,100,85
40,749.8,6533,49140,42007,100,85
40,751.8,6565,49140,41975,92,85
40,753.9,6341,49140,42199,100,85
40,756.0,6885,49140,41655,100,85
40,758.0,7013,49140,41527,100,85
40,760.1,4453,49140,44087,100,82
40,762.2,6917,49140,41623,100,84
40,764.2,7429,49140,41111,100,84
40,766.3,6693,49140,41847,100,85
40,768.3,4965,49140,43575,94,85
40,770.4,5189,49140,43351,94,86
40,772.5,7077,49140,41463,88,85
40,774.5,4965,49140,43575,93,86
40,776.6,7013,49140,41527,100,85
40,778.7,7239,49140,41301,100,85
40,780.7,6523,49140,42017,53,85
40,782.8,6929,49140,41611,100,85
40,784.8,7121,49140,41419,100,85
40,786.9,7249,49140,41291,100,86
40,788.9,7505,49140,41035,100,85
40,791.0,4625,49140,43915,83,86
40,793.1,7121,49140,41419,100,86
40,795.1,4273,49140,44267,91,85
40,797.2,7729,49140,40811,100,86
40,799.3,4753,49140,43787,96,85
40,801.3,4849,49140,43691,97,86
40,803.4,4465,49140,44075,89,86
40,805.4,4881,49140,43659,97,87
40,807.5,4945,49140,43595,97,87
40,809.6,4785,49140,43755,95,86
40,811.6,7333,49140,41207,59,84
40,813.7,4581,49140,43959,84,86
40,815.8,7077,49140,41463,100,86
40,817.8,3941,49140,44599,100,86
40,819.9,4263,49140,44277,100,86
40,821.9,7689,49140,40851,94,86
40,824.0,6825,49140,41715,100,86
40,826.0,8361,49140,40179,100,86
40,828.1,4361,49140,44179,99,85
40,830.1,4553,49140,43987,84,85
40,832.2,4297,49140,44243,84,85
40,834.2,7097,49140,41443,100,85
40,836.3,7797,49140,40743,97,85
40,838.3,5237,49140,43303,92,86
40,840.4,7655,49140,40885,100,86
40,842.4,5875,49140,42665,95,84
40,844.5,5459,49140,43081,97,86
40,846.6,5491,49140,43049,98,86
40,848.6,5427,49140,43113,99,87
40,850.7,5459,49140,43081,97,86
40,852.7,5327,49140,43213,99,87
40,854.8,5233,49140,43307,96,87
40,856.9,5521,49140,43019,97,87
40,858.9,5233,49140,43307,94,87
40,861.0,5457,49140,43083,98,87
40,863.1,5425,49140,43115,98,87
40,865.1,6001,49140,42539,100,87
40,867.2,14171,49140,34369,100,87
40,869.2,17499,49140,31041,100,87
40,871.3,23301,49140,25239,98,87
40,873.4,23589,49140,24951,55,86
40,875.4,23493,49140,25047,100,88
40,877.5,23429,49140,25111,100,87
40,879.6,23237,49140,25303,98,87
40,881.7,23173,49140,25367,100,87
40,883.7,26149,49140,22391,100,87
40,885.8,23269,49140,25271,100,87
40,887.8,26245,49140,22295,100,87
40,889.9,26405,49140,22135,99,87
40,892.0,26405,49140,22135,100,87
40,894.0,23589,49140,24951,89,87
40,896.1,23493,49140,25047,98,87
40,898.1,24261,49140,24279,100,88
40,900.2,26789,49140,21751,100,87
40,902.3,13415,49140,35125,98,87
40,904.3,13863,49140,34677,98,87
40,906.4,13801,49140,34739,98,87
40,908.4,13577,49140,34963,97,87
40,910.5,16425,49140,32115,100,88
40,912.5,14121,49140,34419,100,87
40,914.6,13897,49140,34643,99,87
40,916.6,13897,49140,34643,97,88
40,918.7,13513,49140,35027,99,87
40,920.8,14121,49140,34419,99,87
40,922.8,13993,49140,34547,98,87
40,924.9,13929,49140,34611,98,87
40,926.9,13993,49140,34547,98,87
40,929.0,13961,49140,34579,96,88
40,931.1,13897,49140,34643,98,87
40,933.1,22813,49140,25727,96,88
40,935.2,32551,49140,15989,100,88
40,937.3,32551,49140,15989,100,88
40,939.4,32583,49140,15957,100,88
40,941.4,32583,49140,15957,100,88
40,943.5,32647,49140,15893,100,88
40,945.6,32615,49140,15925,97,88
40,947.6,32583,49140,15957,97,87
40,949.7,32615,49140,15925,100,87
40,951.8,32647,49140,15893,100,87
40,953.9,32679,49140,15861,100,87
40,955.9,32519,49140,16021,100,87
40,958.0,32327,49140,16213,100,87
40,960.1,32199,49140,16341,93,87
40,962.1,32167,49140,16373,100,87
40,964.2,32071,49140,16469,99,87
40,966.2,32071,49140,16469,100,88
40,968.3,32391,49140,16149,100,87
40,970.4,32423,49140,16117,96,88
40,972.4,32423,49140,16117,100,87
40,974.5,32455,49140,16085,94,87
40,976.6,32455,49140,16085,100,88
40,978.6,32455,49140,16085,100,88
40,980.7,32551,49140,15989,100,87
40,982.8,32679,49140,15861,96,87
40,984.8,32423,49140,16117,100,87
40,986.9,32263,49140,16277,99,87
40,989.0,32103,49140,16437,94,87
40,991.1,32007,49140,16533,99,87
40,993.2,31975,49140,16565,100,87
40,995.3,32359,49140,16181,96,87
40,997.4,14631,49140,33909,100,87
40,999.4,14751,49140,33789,96,87
40,1001.5,14623,49140,33917,97,87
40,1003.6,17407,49140,31133,100,87
40,1005.6,14559,49140,33981,69,86
40,1007.7,13321,49140,35219,100,87
40,1009.8,27123,49140,21417,79,85
40,1011.8,24435,49140,24105,99,87
40,1013.9,27219,49140,21321,100,87
40,1016.0,25043,49140,23497,100,86
40,1018.1,32445,49140,16095,100,86
40,1020.1,35837,49140,12703,100,87
40,1022.2,35421,49140,13119,100,87
40,1024.2,32319,49140,16221,100,87
40,1026.3,35487,49140,13053,100,87
40,1028.3,32959,49140,15581,100,87
40,1030.4,45353,49140,3187,100,86
40,1032.5,44937,49140,3603,54,84
40,1034.5,44969,49140,3571,100,87
40,1036.6,46409,49140,2131,100,86
40,1038.7,42921,49140,5619,100,86
40,1040.7,44009,49140,4531,100,87
40,1042.8,42089,49140,6451,98,86
40,1044.9,23567,49140,24973,100,86
40,1046.9,23975,49140,24565,95,87
40,1049.0,23719,49140,24821,95,86
40,1051.1,23911,49140,24629,95,87
40,1053.2,23879,49140,24661,96,87
40,1055.2,23879,49140,24661,96,87
40,1057.3,23847,49140,24693,98,87
40,1059.3,23751,49140,24789,96,87
40,1061.4,23943,49140,24597,97,87
40,1063.5,24007,49140,24533,97,87
40,1065.5,4533,49140,44007,99,87
40,1067.6,5923,49140,42617,99,87
40,1069.6,5919,49140,42621,99,87
40,1071.7,5599,49140,42941,98,87
40,1073.8,6173,49140,42367,99,87
40,1075.8,5821,49140,42719,99,87
40,1077.9,6205,49140,42335,98,87
40,1079.9,5949,49140,42591,98,87
40,1082.0,6549,49140,41991,99,87
40,1084.1,6357,49140,42183,96,87
40,1086.1,6421,49140,42119,99,87
40,1088.2,6517,49140,42023,97,87
40,1090.3,6869,49140,41671,99,87
40,1092.3,6197,49140,42343,100,87
40,1094.4,8853,49140,39687,100,87
40,1096.5,8245,49140,40295,100,87
40,1098.5,6833,49140,41707,100,86
40,1100.6,10513,49140,38027,76,86
40,1102.7,10609,49140,37931,100,86
40,1104.7,9489,49140,39051,100,87
40,1106.8,10353,49140,38187,100,87
40,1108.8,10481,49140,38059,100,86
40,1110.9,8081,49140,40459,98,87
40,1113.0,7857,49140,40683,99,87
40,1115.0,7985,49140,40555,99,87
40,1117.1,7633,49140,40907,97,87
40,1119.2,7889,49140,40651,98,87
40,1121.2,7857,49140,40683,99,87
40,1123.3,7857,49140,40683,99,87
40,1125.4,7857,49140,40683,98,87
40,1127.4,7857,49140,40683,98,87
40,1129.5,7953,49140,40587,99,87
40,1131.6,7569,49140,40971,98,87
40,1133.6,7921,49140,40619,99,87
40,1135.7,7665,49140,40875,98,87
40,1137.7,5589,49140,42951,99,87
40,1139.8,5583,49140,42957,94,87
40,1141.9,5455,49140,43085,97,87
40,1144.0,8687,49140,39853,100,87
40,1146.0,7983,49140,40557,100,87
40,1148.1,8259,49140,40281,99,87
40,1150.1,8387,49140,40153,100,87
40,1152.2,6749,49140,41791,100,87
40,1154.3,7583,49140,40957,100,86
40,1156.3,8011,49140,40529,100,87
40,1158.4,8171,49140,40369,100,86
40,1160.5,5195,49140,43345,90,86
40,1162.5,4933,49140,43607,89,86
40,1164.6,5739,49140,42801,94,86
40,1166.6,5643,49140,42897,98,87
40,1168.7,8555,49140,39985,94,87
40,1170.8,5571,49140,42969,100,87
40,1172.8,15223,49140,33317,97,86
40,1174.9,23715,49140,24825,100,87
40,1177.0,24067,49140,24473,100,87
40,1179.1,24165,49140,24375,100,86
40,1181.1,24165,49140,24375,100,87
40,1183.2,24069,49140,24471,100,87
40,1185.3,24069,49140,24471,100,86
40,1187.3,24037,49140,24503,98,86
40,1189.4,23941,49140,24599,100,87
40,1191.4,23749,49140,24791,100,87
40,1193.5,23717,49140,24823,97,86
40,1195.6,26661,49140,21879,95,87
40,1197.6,26565,49140,21975,100,86
40,1199.7,24741,49140,23799,96,87
40,1201.7,7571,49140,40969,100,86
40,1203.8,8267,49140,40273,100,86
40,1205.9,9359,49140,39181,100,86
40,1207.9,9457,49140,39083,81,86
40,1210.0,7025,49140,41515,89,86
40,1212.1,5195,49140,43345,87,85
40,1214.2,5897,49140,42643,100,86
40,1216.3,5125,49140,43415,74,86
40,1218.3,6113,49140,42427,95,84
40,1220.4,6777,49140,41763,94,86
40,1222.4,7057,49140,41483,100,86
40,1224.5,6711,49140,41829,68,83
40,1226.6,5891,49140,42649,77,86
40,1228.6,8411,49140,40129,77,85
40,1230.7,8891,49140,39649,66,85
40,1232.7,8539,49140,40001,100,85
40,1234.8,6107,49140,42433,92,85
40,1236.9,6203,49140,42337,69,85
40,1238.9,6139,49140,42401,87,85
40,1241.0,8443,49140,40097,100,85
40,1243.0,8955,49140,39585,100,85
40,1245.1,5947,49140,42593,98,85
40,1247.1,6395,49140,42145,97,86
40,1249.2,6107,49140,42433,98,86
40,1251.2,6363,49140,42177,97,86
40,1253.3,6203,49140,42337,95,86
40,1255.3,6299,49140,42241,97,86
40,1257.4,4979,49140,43561,98,86
40,1259.5,5127,49140,43413,99,86
40,1261.5,5465,49140,43075,99,87
40,1263.6,5713,49140,42827,98,87
40,1265.6,5677,49140,42863,99,87
40,1267.7,5871,49140,42669,99,87
40,1269.7,5739,49140,42801,98,87
40,1271.8,9067,49140,39473,100,86
40,1273.9,8971,49140,39569,100,87
40,1275.9,5547,49140,42993,100,87
40,1278.0,8107,49140,40433,98,87
40,1280.1,8395,49140,40145,100,86
40,1282.1,8491,49140,40049,99,86
40,1284.2,8711,49140,39829,63,87
40,1286.2,6215,49140,42325,98,87
40,1288.3,5991,49140,42549,99,87
40,1290.4,5863,49140,42677,98,87
40,1292.4,8999,49140,39541,100,86
40,1294.5,9127,49140,39413,75,86
40,1296.6,6503,49140,42037,70,86
40,1298.6,6599,49140,41941,75,87
40,1300.7,6055,49140,42485,73,87
40,1302.8,6471,49140,42069,81,87
40,1304.8,6535,49140,42005,93,87
40,1306.9,6055,49140,42485,99,87
40,1309.0,6535,49140,42005,94,87
40,1311.0,6599,49140,41941,97,87
40,1313.1,6535,49140,42005,90,87
40,1315.1,5895,49140,42645,87,87
40,1317.2,5947,49140,42593,81,87
40,1319.2,8827,49140,39713,92,86
40,1321.3,6955,49140,41585,77,86
40,1323.3,3319,49140,45221,100,87
40,1325.4,7805,49140,40735,100,86
40,1327.5,8137,49140,40403,100,86
40,1329.5,8233,49140,40307,100,86
40,1331.6,5635,49140,42905,99,87
40,1333.6,5155,49140,43385,99,87
40,1335.7,5635,49140,42905,97,87
40,1337.8,8227,49140,40313,98,87
40,1339.8,7107,49140,41433,95,86
40,1341.9,8451,49140,40089,100,87
40,1344.0,6047,49140,42493,98,87
40,1346.0,6175,49140,42365,98,87
40,1348.1,6111,49140,42429,95,87
40,1350.2,6015,49140,42525,99,87
40,1352.2,6143,49140,42397,98,87
40,1354.3,6047,49140,42493,97,87
40,1356.3,5951,49140,42589,98,87
40,1358.4,5983,49140,42557,98,87
40,1360.5,6079,49140,42461,99,87
40,1362.5,5823,49140,42717,95,87
40,1364.6,5759,49140,42781,91,87
40,1366.7,5887,49140,42653,90,87
40,1368.8,5599,49140,42941,97,87
40,1370.8,8415,49140,40125,68,85
40,1372.9,8671,49140,39869,42,86
40,1374.9,8159,49140,40381,100,87
40,1377.0,5215,49140,43325,69,86
40,1379.1,5215,49140,43325,99,86
40,1381.1,5343,49140,43197,99,87
40,1383.2,7871,49140,40669,86,87
40,1385.2,7967,49140,40573,100,87
40,1387.3,7365,49140,41175,100,86
40,1389.4,5169,49140,43371,100,87
40,1391.4,7921,49140,40619,94,86
40,1393.5,8017,49140,40523,100,87
40,1395.5,8933,49140,39607,100,87
40,1397.6,6117,49140,42423,93,86
40,1399.7,6149,49140,42391,78,86
40,1401.7,6215,49140,42325,80,86
40,1403.8,7261,49140,41279,100,86
40,1405.8,4069,49140,44471,74,86
40,1407.9,7723,49140,40817,97,86
40,1410.0,5239,49140,43301,97,87
40,1412.1,7415,49140,41125,100,86
40,1414.1,8055,49140,40485,100,86
40,1416.2,8151,49140,40389,100,86
40,1418.2,9719,49140,38821,79,83
40,1420.3,8343,49140,40197,100,86
40,1422.4,5751,49140,42789,99,86
40,1424.4,8535,49140,40005,100,86
40,1426.5,5847,49140,42693,98,87
40,1428.5,8663,49140,39877,100,86
40,1430.6,9175,49140,39365,100,86
40,1432.6,6137,49140,42403,98,87
40,1434.7,5977,49140,42563,98,87
40,1436.8,6041,49140,42499,98,87
40,1438.8,6105,49140,42435,98,87
40,1440.9,5785,49140,42755,98,87
40,1442.9,6105,49140,42435,98,87
40,1445.0,6073,49140,42467,98,87
40,1447.1,6425,49140,42115,92,87
40,1449.1,6137,49140,42403,89,87
40,1451.2,6009,49140,42531,87,87
40,1453.3,15395,49140,33145,91,87
40,1455.4,24699,49140,23841,100,87
40,1457.4,24731,49140,23809,100,87
40,1459.5,24731,49140,23809,100,87
40,1461.6,24859,49140,23681,100,87
40,1463.6,34085,49140,14455,100,87
40,1465.7,34053,49140,14487,100,87
40,1467.7,34117,49140,14423,100,87
40,1469.8,34117,49140,14423,100,87
40,1471.9,34149,49140,14391,100,87
40,1473.9,33957,49140,14583,100,87
40,1476.0,33957,49140,14583,100,87
40,1478.1,33925,49140,14615,100,87
40,1480.1,33733,49140,14807,100,87
40,1482.2,33605,49140,14935,100,87
40,1484.3,33573,49140,14967,100,87
40,1486.3,33605,49140,14935,99,87
40,1488.4,33541,49140,14999,100,87
40,1490.5,33605,49140,14935,100,87
40,1492.5,33893,49140,14647,99,87
40,1494.6,33893,49140,14647,100,87
40,1496.7,33925,49140,14615,99,87
40,1498.7,33925,49140,14615,96,87
40,1500.8,33925,49140,14615,98,87
40,1502.9,33925,49140,14615,100,87
40,1504.9,33989,49140,14551,98,87
40,1507.0,33829,49140,14711,100,87
40,1509.1,33765,49140,14775,94,87
40,1511.2,33765,49140,14775,96,87
40,1513.2,33701,49140,14839,99,87
40,1515.3,33669,49140,14871,100,87
40,1517.4,33477,49140,15063,100,87
40,1519.5,33477,49140,15063,100,87
40,1521.5,36645,49140,11895,100,87
40,1523.6,35141,49140,13399,100,87
40,1525.7,34053,49140,14487,99,87
40,1527.8,34053,49140,14487,100,87
40,1529.9,34053,49140,14487,100,87
40,1531.9,34053,49140,14487,100,87
40,1534.0,34053,49140,14487,99,87
40,1536.1,34117,49140,14423,98,87
40,1538.2,34053,49140,14487,100,87
40,1540.2,33957,49140,14583,100,87
40,1542.3,33733,49140,14807,100,87
40,1544.4,33573,49140,14967,100,87
40,1546.4,33541,49140,14999,100,87
40,1548.5,33605,49140,14935,100,87
40,1550.6,33989,49140,14551,78,86
40,1552.6,32869,49140,15671,100,87
40,1554.7,32901,49140,15639,100,87
40,1556.8,33157,49140,15383,100,87
40,1558.9,33189,49140,15351,100,87
40,1561.0,33189,49140,15351,100,87
40,1563.0,33157,49140,15383,99,87
40,1565.1,33221,49140,15319,100,87
40,1567.2,33221,49140,15319,99,87
40,1569.2,33221,49140,15319,100,87
40,1571.3,33253,49140,15287,100,87
40,1573.4,33157,49140,15383,100,87
40,1575.5,32965,49140,15575,98,87
40,1577.6,32741,49140,15799,100,87
40,1579.7,32709,49140,15831,99,87
40,1581.8,32645,49140,15895,99,87
40,1583.9,34885,49140,13655,100,87
40,1586.0,34597,49140,13943,100,87
40,1588.1,35781,49140,12759,100,88
40,1590.1,32805,49140,15735,100,86
40,1592.2,35877,49140,12663,100,87
40,1594.3,34277,49140,14263,100,88
40,1596.3,36005,49140,12535,100,87
40,1598.4,36005,49140,12535,100,86
40,1600.5,36165,49140,12375,99,87
40,1602.5,37541,49140,10999,100,87
40,1604.6,33125,49140,15415,92,86
40,1606.7,36389,49140,12151,81,84
40,1608.8,33253,49140,15287,100,86
40,1610.8,33701,49140,14839,97,86
40,1612.9,33733,49140,14807,96,86
40,1615.0,33733,49140,14807,100,86
40,1617.1,33765,49140,14775,98,87
40,1619.1,23413,49140,25127,100,87
40,1621.2,23501,49140,25039,100,87
40,1623.3,25997,49140,22543,98,86
40,1625.3,26573,49140,21967,83,86
40,1627.4,23469,49140,25071,100,87
40,1629.5,23213,49140,25327,97,87
40,1631.5,23629,49140,24911,99,87
40,1633.6,23053,49140,25487,98,87
40,1635.7,23597,49140,24943,100,87
40,1637.8,23725,49140,24815,98,87
40,1639.8,23405,49140,25135,99,87
40,1641.9,23693,49140,24847,99,87
40,1643.9,23597,49140,24943,95,87
40,1646.0,23725,49140,24815,98,87
40,1648.1,23597,49140,24943,98,87
40,1650.1,23725,49140,24815,99,87
40,1652.2,23597,49140,24943,98,88
40,1654.3,23661,49140,24879,99,87
40,1656.3,23213,49140,25327,98,87
40,1658.4,23501,49140,25039,98,87
40,1660.5,26221,49140,22319,100,87
40,1662.5,23565,49140,24975,98,87
40,1664.6,23533,49140,25007,98,87
40,1666.7,23437,49140,25103,98,87
40,1668.7,26189,49140,22351,100,87
40,1670.8,23117,49140,25423,95,87
40,1672.9,25901,49140,22639,100,87
40,1674.9,25453,49140,23087,100,86
40,1677.0,25965,49140,22575,100,87
40,1679.0,26925,49140,21615,88,87
40,1681.1,25645,49140,22895,100,85
40,1683.1,25901,49140,22639,100,87
40,1685.2,23341,49140,25199,96,87
40,1687.3,23469,49140,25071,98,87
40,1689.3,27341,49140,21199,98,86
40,1691.4,26573,49140,21967,99,86
40,1693.4,23437,49140,25103,98,87
40,1695.5,23117,49140,25423,98,87
40,1697.6,23565,49140,24975,98,87
40,1699.6,26157,49140,22383,100,86
40,1701.7,23597,49140,24943,99,87
40,1703.8,23757,49140,24783,96,87
40,1705.8,23661,49140,24879,98,87
40,1707.9,23565,49140,24975,98,87
40,1709.9,23597,49140,24943,88,86
40,1712.0,23629,49140,24911,99,87
40,1714.1,23629,49140,24911,98,87
40,1716.1,23341,49140,25199,96,87
40,1718.2,23725,49140,24815,96,87
40,1720.3,23629,49140,24911,99,87
40,1722.3,23565,49140,24975,95,87
40,1724.4,23533,49140,25007,98,87
40,1726.4,8157,49140,40383,97,87
40,1728.5,5429,49140,43111,99,87
40,1730.6,5793,49140,42747,96,87
40,1732.6,5921,49140,42619,66,85
40,1734.7,6113,49140,42427,74,86
40,1736.8,7139,49140,41401,76,85
40,1738.8,4579,49140,43961,96,87
40,1740.9,7715,49140,40825,97,86
40,1742.9,7907,49140,40633,100,86
40,1745.0,7971,49140,40569,100,86
40,1747.1,7715,49140,40825,100,85
40,1749.1,8227,49140,40313,100,86
40,1751.2,5507,49140,43033,87,85
40,1753.3,5123,49140,43417,67,85
40,1755.3,5443,49140,43097,92,86
40,1757.4,7573,49140,40967,100,85
40,1759.5,7607,49140,40933,69,86
40,1761.5,13663,49140,34877,91,86
40,1763.6,16703,49140,31837,100,85
40,1765.6,14107,49140,34433,82,84
40,1767.7,17211,49140,31329,100,85
40,1769.8,17499,49140,31041,97,83
40,1771.8,17147,49140,31393,100,86
40,1773.9,7737,49140,40803,93,84
40,1775.9,5465,49140,43075,86,85
40,1778.0,4955,49140,43585,95,86
40,1780.0,5017,49140,43523,97,85
40,1782.1,5113,49140,43427,88,86
40,1784.2,5177,49140,43363,95,85
40,1786.2,4949,49140,43591,95,85
40,1788.3,4949,49140,43591,96,86
40,1790.3,4789,49140,43751,96,85
40,1792.4,4683,49140,43857,98,86
40,1794.4,8145,49140,40395,98,86
40,1796.5,5265,49140,43275,91,86
40,1798.5,8177,49140,40363,100,86
40,1800.6,7153,49140,41387,100,85
40,1802.6,25967,49140,22573,100,86
40,1804.7,32667,49140,15873,100,85
40,1806.7,35867,49140,12673,100,86
40,1808.8,33531,49140,15009,100,86
40,1810.9,33339,49140,15201,100,86
40,1812.9,33307,49140,15233,100,86
40,1815.0,33307,49140,15233,100,86
40,1817.1,33339,49140,15201,100,87
40,1819.1,33339,49140,15201,100,86
40,1821.2,33371,49140,15169,100,87
40,1823.3,33435,49140,15105,100,87
40,1825.3,33435,49140,15105,100,87
40,1827.4,33467,49140,15073,99,87
40,1829.5,33339,49140,15201,100,87
40,1831.5,33275,49140,15265,100,86
40,1833.6,33147,49140,15393,99,87
40,1835.7,33019,49140,15521,95,87
40,1837.7,32923,49140,15617,100,87
40,1839.8,32827,49140,15713,96,87
40,1841.9,33275,49140,15265,99,87
40,1843.9,33275,49140,15265,100,87
40,1846.0,33275,49140,15265,98,87
40,1848.1,33307,49140,15233,100,87
40,1850.1,33339,49140,15201,100,87
40,1852.2,33307,49140,15233,98,87
40,1854.3,33339,49140,15201,100,87
40,1856.3,33339,49140,15201,100,87
40,1858.4,33243,49140,15297,100,87
40,1860.4,33211,49140,15329,100,87
40,1862.5,33115,49140,15425,99,87
40,1864.6,33019,49140,15521,100,87
40,1866.6,32955,49140,15585,100,87
40,1868.7,32955,49140,15585,97,87
40,1870.8,32923,49140,15617,97,87
40,1872.9,32891,49140,15649,97,87
40,1875.0,35739,49140,12801,100,87
40,1877.0,35963,49140,12577,100,87
40,1879.1,37403,49140,11137,100,87
40,1881.2,33435,49140,15105,97,87
40,1883.2,33403,49140,15137,100,87
40,1885.3,33435,49140,15105,99,87
40,1887.4,33435,49140,15105,100,87
40,1889.4,33499,49140,15041,100,87
40,1891.5,33499,49140,15041,100,87
40,1893.6,33499,49140,15041,100,87
40,1895.6,33563,49140,14977,97,88
40,1897.7,33595,49140,14945,100,87
40,1899.8,33531,49140,15009,100,87
40,1901.8,33531,49140,15009,100,87
40,1903.9,33467,49140,15073,100,87
40,1906.0,33147,49140,15393,100,87
40,1908.0,32987,49140,15553,100,87
40,1910.1,32987,49140,15553,100,87
40,1912.2,32987,49140,15553,100,87
40,1914.3,32987,49140,15553,100,87
40,1916.3,33595,49140,14945,100,87
40,1918.4,35163,49140,13377,100,87
40,1920.5,36219,49140,12321,100,87
40,1922.6,33179,49140,15361,100,87
40,1924.6,33659,49140,14881,100,87
40,1926.7,33691,49140,14849,100,87
40,1928.8,33659,49140,14881,97,87
40,1930.8,33691,49140,14849,97,87
40,1932.9,33723,49140,14817,94,87
40,1935.0,33755,49140,14785,100,87
40,1937.0,33819,49140,14721,100,87
40,1939.1,33819,49140,14721,100,87
40,1941.2,33819,49140,14721,100,87
40,1943.3,33787,49140,14753,100,87
40,1945.4,33595,49140,14945,100,87
40,1947.5,33499,49140,15041,100,87
40,1949.5,33371,49140,15169,100,87
40,1951.6,33179,49140,15361,100,87
40,1953.7,33179,49140,15361,100,87
40,1955.8,33179,49140,15361,97,87
40,1957.8,33179,49140,15361,100,87
40,1959.9,33787,49140,14753,97,87
40,1962.0,33787,49140,14753,100,87
40,1964.0,33819,49140,14721,99,87
40,1966.1,33819,49140,14721,100,87
40,1968.2,33819,49140,14721,100,87
40,1970.2,33883,49140,14657,99,87
40,1972.3,33851,49140,14689,96,87
40,1974.4,33883,49140,14657,100,87
40,1976.4,14231,49140,34309,100,87
40,1978.5,23427,49140,25113,94,87
40,1980.6,23161,49140,25379,99,87
40,1982.6,23385,49140,25155,93,87
40,1984.7,23289,49140,25251,99,87
40,1986.8,22969,49140,25571,96,86
40,1988.8,22681,49140,25859,97,87
40,1990.9,23129,49140,25411,98,87
40,1992.9,23067,49140,25473,97,87
40,1995.0,22907,49140,25633,99,87
40,1997.1,23035,49140,25505,98,87
40,1999.1,22907,49140,25633,98,87
40,2001.2,22651,49140,25889,98,87
40,2003.3,24219,49140,24321,100,87
40,2005.3,25883,49140,22657,100,87
40,2007.4,22437,49140,26103,99,87
40,2009.5,22437,49140,26103,99,87
40,2011.5,25221,49140,23319,43,87
40,2013.6,22981,49140,25559,95,86
40,2015.7,31823,49140,16717,99,87
40,2017.7,34223,49140,14317,100,87
40,2019.8,34639,49140,13901,100,87
40,2021.9,32047,49140,16493,99,87
40,2023.9,32047,49140,16493,100,87
40,2026.0,41369,49140,7171,100,87
40,2028.1,41369,49140,7171,100,87
40,2030.1,41401,49140,7139,97,87
40,2032.2,41401,49140,7139,97,87
40,2034.3,41401,49140,7139,100,87
40,2036.3,41401,49140,7139,100,87
40,2038.4,41433,49140,7107,100,87
40,2040.5,41497,49140,7043,100,87
40,2042.5,41401,49140,7139,100,87
40,2044.6,41337,49140,7203,100,87
40,2046.7,41337,49140,7203,100,87
40,2048.7,41273,49140,7267,100,87
40,2050.8,41081,49140,7459,100,87
40,2052.9,40921,49140,7619,100,87
40,2055.0,41369,49140,7171,100,87
40,2057.0,41401,49140,7139,100,87
40,2059.1,41401,49140,7139,100,87
40,2061.2,41401,49140,7139,99,87
40,2063.2,41433,49140,7107,100,87
40,2065.3,41433,49140,7107,100,87
40,2067.4,41465,49140,7075,100,87
40,2069.4,41465,49140,7075,100,87
40,2071.5,41465,49140,7075,100,87
40,2073.5,41401,49140,7139,100,87
40,2075.6,41433,49140,7107,100,87
40,2077.7,41401,49140,7139,100,87
40,2079.7,41401,49140,7139,96,87
40,2081.8,41337,49140,7203,98,87
40,2083.8,41145,49140,7395,100,87
40,2085.9,40921,49140,7619,100,87
40,2088.0,44985,49140,3555,100,87
40,2090.1,41529,49140,7011,100,87
40,2092.2,40953,49140,7587,100,87
40,2094.2,41401,49140,7139,98,87
40,2096.3,41401,49140,7139,99,87
40,2098.4,41433,49140,7107,100,87
40,2100.4,41433,49140,7107,100,87
40,2102.5,41465,49140,7075,100,87
40,2104.5,41465,49140,7075,97,87
40,2106.6,41497,49140,7043,100,87
40,2108.7,41561,49140,6979,100,87
40,2110.7,41561,49140,6979,100,87
40,2112.8,41433,49140,7107,100,87
40,2114.9,41433,49140,7107,99,87
40,2117.0,41401,49140,7139,100,87
40,2119.0,41305,49140,7235,96,87
40,2121.1,41209,49140,7331,97,87
40,2123.2,41049,49140,7491,100,87
40,2125.3,43225,49140,5315,100,87
40,2127.4,42041,49140,6499,100,87
40,2129.5,41785,49140,6755,100,87
40,2131.5,44217,49140,4323,100,87
40,2133.6,42073,49140,6467,100,87
40,2135.7,41689,49140,6851,100,87
40,2137.8,41689,49140,6851,100,87
40,2139.9,41689,49140,6851,100,87
40,2142.0,41721,49140,6819,100,86
40,2144.0,41785,49140,6755,96,87
40,2146.1,41785,49140,6755,98,87
40,2148.2,41785,49140,6755,94,87
40,2150.3,41817,49140,6723,97,87
40,2152.3,41785,49140,6755,100,87
40,2154.4,41657,49140,6883,85,87
40,2156.5,41689,49140,6851,97,87
40,2158.6,41689,49140,6851,100,87
40,2160.6,41625,49140,6915,100,87
40,2162.7,41593,49140,6947,99,87
40,2164.8,41369,49140,7171,100,87
40,2166.8,41305,49140,7235,100,87
40,2168.9,41209,49140,7331,98,86
40,2171.0,41305,49140,7235,96,87
40,2173.0,41305,49140,7235,100,87
40,2175.1,41305,49140,7235,100,87
40,2177.2,41305,49140,7235,100,87
40,2179.2,41305,49140,7235,100,87
40,2181.3,41305,49140,7235,100,87
40,2183.4,41305,49140,7235,100,87
40,2185.5,41305,49140,7235,100,87
40,2187.5,41273,49140,7267,97,87
40,2189.6,41273,49140,7267,100,87
40,2191.7,41785,49140,6755,95,87
40,2193.8,41657,49140,6883,100,87
40,2195.8,41657,49140,6883,100,87
40,2197.9,41689,49140,6851,100,87
40,2200.0,41721,49140,6819,98,87
40,2202.1,41721,49140,6819,100,87
40,2204.1,41753,49140,6787,100,87
40,2206.2,41753,49140,6787,100,87
40,2208.2,41753,49140,6787,97,87
40,2210.3,41817,49140,6723,98,87
40,2212.4,41817,49140,6723,100,87
40,2214.4,41849,49140,6691,100,87
40,2216.5,41881,49140,6659,100,87
40,2218.6,41881,49140,6659,100,87
40,2220.7,41817,49140,6723,100,87
40,2222.7,41721,49140,6819,99,87
40,2224.8,41657,49140,6883,100,87
40,2226.8,41497,49140,7043,100,87
40,2228.9,41369,49140,7171,100,87
40,2231.0,41241,49140,7299,98,87
40,2233.0,41305,49140,7235,100,87
40,2235.1,41305,49140,7235,100,87
40,2237.5,32333,49140,16207,100,87
40,2239.5,32291,49140,16249,100,87
40,2241.6,32165,49140,16375,98,87
40,2243.7,32165,49140,16375,98,87
40,2245.7,32165,49140,16375,98,87
40,2247.8,32293,49140,16247,97,87
40,2249.9,31749,49140,16791,98,87
40,2251.9,34597,49140,13943,99,87
40,2254.0,34565,49140,13975,100,86
40,2256.1,34661,49140,13879,100,87
40,2258.1,43855,49140,4685,100,87
40,2260.2,40879,49140,7661,100,87
40,2262.2,44431,49140,4109,100,87
40,2264.3,41711,49140,6829,100,87
40,2266.4,40911,49140,7629,100,87
40,2268.4,40719,49140,7821,100,87
40,2270.5,41295,49140,7245,100,87
40,2272.6,44431,49140,4109,89,86
40,2274.6,41167,49140,7373,100,87
40,2276.7,41167,49140,7373,100,87
40,2278.8,41167,49140,7373,100,87
40,2280.8,41167,49140,7373,100,87
40,2282.9,41167,49140,7373,100,87
40,2284.9,41167,49140,7373,100,87
40,2287.0,41199,49140,7341,100,87
40,2289.1,41167,49140,7373,100,87
40,2291.2,41103,49140,7437,100,87
40,2293.2,41135,49140,7405,100,87
40,2295.3,41071,49140,7469,98,87
40,2297.4,41039,49140,7501,100,87
40,2299.4,41039,49140,7501,100,87
40,2301.5,40879,49140,7661,98,87
40,2303.6,41295,49140,7245,100,87
40,2305.6,41295,49140,7245,100,87
40,2307.7,41327,49140,7213,99,87
40,2309.8,41359,49140,7181,100,87
40,2311.8,41359,49140,7181,100,87
40,2313.9,41391,49140,7149,100,87
40,2316.0,41391,49140,7149,98,87
40,2318.0,41391,49140,7149,100,87
40,2320.1,41423,49140,7117,100,87
40,2322.2,41423,49140,7117,100,87
40,2324.3,41455,49140,7085,100,87
40,2326.3,41423,49140,7117,100,87
40,2328.4,41391,49140,7149,100,87
40,2330.4,41487,49140,7053,100,87
40,2332.5,41359,49140,7181,100,87
40,2334.6,41359,49140,7181,97,87
40,2336.6,41231,49140,7309,100,87
40,2338.7,41135,49140,7405,100,87
40,2340.8,40975,49140,7565,100,87
40,2342.8,40975,49140,7565,100,87
40,2344.9,40879,49140,7661,100,87
40,2347.0,45391,49140,3149,69,87
40,2349.1,41071,49140,7469,100,87
40,2351.1,44015,49140,4525,100,87
40,2353.2,40879,49140,7661,99,87
40,2355.2,41327,49140,7213,100,87
40,2357.3,41327,49140,7213,100,87
40,2359.4,41327,49140,7213,97,87
40,2361.4,41359,49140,7181,100,87
40,2363.5,41391,49140,7149,100,87
40,2365.6,41455,49140,7085,100,87
40,2367.7,41455,49140,7085,100,87
40,2369.8,41583,49140,6957,100,87
40,2371.8,41519,49140,7021,98,87
40,2373.9,41583,49140,6957,98,87
40,2376.0,41583,49140,6957,100,87
40,2378.0,41391,49140,7149,100,87
40,2380.1,41233,49140,7307,100,87
40,2382.2,41139,49140,7401,99,87
40,2384.2,41043,49140,7497,100,87
40,2386.3,40883,49140,7657,100,87
40,2388.4,43891,49140,4649,100,87
40,2390.4,41363,49140,7177,94,85
40,2392.5,41395,49140,7145,100,87
40,2394.6,44371,49140,4169,100,87
40,2396.6,43955,49140,4585,100,86
40,2398.7,41651,49140,6889,100,87
40,2400.7,41363,49140,7177,100,87
40,2402.8,41363,49140,7177,100,87
40,2404.9,41363,49140,7177,100,87
40,2406.9,41363,49140,7177,100,87
40,2409.0,41395,49140,7145,100,87
40,2411.1,41427,49140,7113,99,87
40,2413.1,41427,49140,7113,100,87
40,2415.2,41491,49140,7049,99,87
40,2417.3,41427,49140,7113,100,87
40,2419.3,41427,49140,7113,100,87
40,2421.4,41459,49140,7081,100,87
40,2423.5,41269,49140,7271,100,87
40,2425.5,41205,49140,7335,100,87
40,2427.6,41175,49140,7365,99,87
40,2429.7,40951,49140,7589,96,87
40,2431.8,40887,49140,7653,100,87
40,2433.8,40855,49140,7685,100,87
40,2435.9,40855,49140,7685,100,87
40,2438.0,40855,49140,7685,100,87
40,2440.0,41463,49140,7077,100,87
40,2442.1,41431,49140,7109,98,87
40,2444.2,41431,49140,7109,100,87
40,2446.2,41431,49140,7109,100,87
40,2448.3,41431,49140,7109,100,87
40,2450.4,41463,49140,7077,100,87
40,2452.4,41463,49140,7077,100,87
40,2454.5,41527,49140,7013,100,87
40,2456.5,41495,49140,7045,100,87
40,2458.6,41527,49140,7013,100,87
40,2460.7,41527,49140,7013,99,87
40,2462.8,41623,49140,6917,100,87
40,2464.8,41495,49140,7045,100,87
40,2466.9,41335,49140,7205,100,87
40,2469.0,41335,49140,7205,100,87
40,2471.1,41175,49140,7365,100,87
40,2473.1,41143,49140,7397,100,87
40,2475.2,40951,49140,7589,100,87
40,2477.2,40919,49140,7621,100,87
40,2479.3,40855,49140,7685,97,87
40,2481.4,40855,49140,7685,98,87
40,2483.4,41271,49140,7269,98,87
40,2485.5,41271,49140,7269,100,87
40,2487.6,41271,49140,7269,98,87
40,2489.7,41239,49140,7301,100,87
40,2491.8,41111,49140,7429,100,87
40,2493.8,41079,49140,7461,100,87
40,2495.9,41111,49140,7429,100,87
40,2497.9,41207,49140,7333,93,87
40,2500.0,31851,49140,16689,99,87
40,2502.1,40717,49140,7823,92,87
40,2504.1,41165,49140,7375,96,87
40,2506.2,41069,49140,7471,97,87
40,2508.2,40717,49140,7823,97,87
40,2510.3,41037,49140,7503,92,87
40,2512.4,41197,49140,7343,96,87
40,2514.5,40845,49140,7695,98,87
40,2516.5,44045,49140,4495,100,87
40,2518.6,40493,49140,8047,100,87
40,2520.6,44045,49140,4495,100,86
40,2522.7,40525,49140,8015,100,87
40,2524.8,40525,49140,8015,100,87
40,2526.9,31171,49140,17369,69,83
40,2528.9,34681,49140,13859,100,86
40,2531.0,31641,49140,16899,97,86
40,2533.1,31675,49140,16865,96,87
40,2535.2,34203,49140,14337,97,87
40,2537.3,31899,49140,16641,89,86
40,2539.3,31803,49140,16737,96,87
40,2541.4,31227,49140,17313,96,87
40,2543.5,34395,49140,14145,79,85
40,2545.5,35931,49140,12609,100,86
40,2547.6,32059,49140,16481,99,87
40,2549.6,31835,49140,16705,95,86
40,2551.7,31867,49140,16673,96,86
40,2553.8,31643,49140,16897,99,87
40,2555.8,31835,49140,16705,96,87
40,2557.9,31835,49140,16705,97,87
40,2560.0,32059,49140,16481,95,87
40,2562.0,31867,49140,16673,99,87
40,2564.1,31579,49140,16961,95,87
40,2566.1,31419,49140,17121,97,87
40,2568.2,34811,49140,13729,97,86
40,2570.3,34715,49140,13825,97,87
40,2572.3,31579,49140,16961,98,87
40,2574.4,31643,49140,16897,96,87
40,2576.5,31035,49140,17505,97,87
40,2578.5,34299,49140,14241,100,87
40,2580.6,31707,49140,16833,95,87
40,2582.6,31451,49140,17089,96,87
40,2584.7,35739,49140,12801,89,87
40,2586.7,34427,49140,14113,100,84
40,2588.8,31931,49140,16609,95,86
40,2590.9,31995,49140,16545,97,87
40,2592.9,12997,49140,35543,96,87
40,2595.0,13435,49140,35105,96,87
40,2597.1,13307,49140,35233,99,87
40,2599.1,13179,49140,35361,99,87
40,2601.2,13147,49140,35393,98,87
40,2603.3,12923,49140,35617,98,87
40,2605.3,16283,49140,32257,99,87
40,2607.4,15835,49140,32705,81,86
40,2609.4,16091,49140,32449,90,87
40,2611.5,13147,49140,35393,99,87
40,2613.5,13051,49140,35489,99,87
40,2615.6,12891,49140,35649,99,87
40,2617.7,13147,49140,35393,99,87
40,2619.7,15739,49140,32801,99,87
40,2621.8,16315,49140,32225,100,85
40,2623.9,13339,49140,35201,99,87
40,2625.9,13435,49140,35105,99,87
40,2628.0,12859,49140,35681,99,87
40,2630.1,12731,49140,35809,95,87
40,2632.1,13115,49140,35425,98,87
40,2634.2,13115,49140,35425,98,87
40,2636.2,13019,49140,35521,98,87
40,2638.3,13115,49140,35425,99,87
40,2640.4,13125,49140,35415,99,87
40,2642.4,16165,49140,32375,98,87
40,2644.5,15717,49140,32823,100,87
40,2646.5,40643,49140,7897,100,87
40,2648.6,40641,49140,7899,100,87
40,2650.7,40515,49140,8025,98,87
40,2652.7,43937,49140,4603,100,87
40,2654.8,43969,49140,4571,84,86
40,2656.9,43619,49140,4921,100,87
40,2658.9,41187,49140,7353,100,88
40,2661.0,41059,49140,7481,87,86
40,2663.0,40867,49140,7673,100,87
40,2665.1,40803,49140,7737,100,87
40,2667.2,40611,49140,7929,98,87
40,2669.2,43811,49140,4729,100,87
40,2671.3,41283,49140,7257,100,87
40,2673.4,43939,49140,4601,100,87
40,2675.4,13413,49140,35127,100,87
40,2677.5,15717,49140,32823,100,87
40,2679.5,6583,49140,41957,97,87
40,2681.6,6615,49140,41925,95,87
40,2683.7,6231,49140,42309,99,87
40,2685.7,6455,49140,42085,97,87
40,2687.8,6135,49140,42405,95,87
40,2689.9,9271,49140,39269,100,86
40,2691.9,8791,49140,39749,100,86
40,2694.0,10095,49140,38445,100,86
40,2696.0,8783,49140,39757,76,86
40,2698.1,7151,49140,41389,99,87
40,2700.1,6959,49140,41581,97,87
40,2702.2,6671,49140,41869,98,87
40,2704.2,7151,49140,41389,99,87
40,2706.3,7087,49140,41453,97,87
40,2708.4,9807,49140,38733,98,87
40,2710.4,7311,49140,41229,96,87
40,2712.5,7407,49140,41133,96,87
40,2714.6,6959,49140,41581,97,87
40,2716.6,7215,49140,41325,98,87
40,2718.7,7247,49140,41293,96,87
40,2720.8,6993,49140,41547,99,87
40,2722.9,7121,49140,41419,97,87
40,2724.9,5235,49140,43305,98,87
40,2727.0,8747,49140,39793,100,87
40,2729.1,8289,49140,40251,100,87
40,2731.2,10113,49140,38427,100,86
40,2733.2,9569,49140,38971,91,86
40,2735.3,7697,49140,40843,98,87
40,2737.3,7313,49140,41227,98,87
40,2739.4,7793,49140,40747,98,87
40,2741.5,7441,49140,41099,99,87
40,2743.5,7825,49140,40715,98,87
40,2745.6,7921,49140,40619,99,87
40,2747.7,7505,49140,41035,99,87
40,2749.7,7697,49140,40843,98,87
40,2751.8,7569,49140,40971,98,87
40,2753.9,7697,49140,40843,97,87
40,2755.9,7249,49140,41291,98,87
40,2758.0,7185,49140,41355,100,87
40,2760.0,27845,49140,20695,100,87
40,2762.1,28805,49140,19735,99,87
40,2764.2,39503,49140,9037,100,87
40,2766.2,35151,49140,13389,100,87
40,2768.3,35151,49140,13389,100,87
40,2770.4,38607,49140,9933,100,87
40,2772.4,35407,49140,13133,100,87
40,2774.5,35407,49140,13133,100,87
40,2776.6,35407,49140,13133,97,87
40,2778.6,35439,49140,13101,100,87
40,2780.7,44761,49140,3779,100,87
40,2782.7,44793,49140,3747,99,87
40,2784.8,44761,49140,3779,100,87
40,2786.9,44825,49140,3715,100,87
40,2789.0,44857,49140,3683,100,87
40,2791.0,44953,49140,3587,100,87
40,2793.1,44825,49140,3715,99,87
40,2795.2,44761,49140,3779,100,87
40,2797.3,44633,49140,3907,99,87
40,2799.4,44473,49140,4067,100,87
40,2801.4,44345,49140,4195,100,87
40,2803.5,44313,49140,4227,100,87
40,2805.6,41971,49140,6569,100,87
40,2807.7,41701,49140,6839,100,87
40,2809.7,41733,49140,6807,100,87
40,2811.8,41421,49140,7119,100,87
40,2813.9,41343,49140,7197,100,87
40,2815.9,41407,49140,7133,99,87
40,2818.0,41471,49140,7069,100,87
40,2820.1,41405,49140,7135,100,87
40,2822.1,41471,49140,7069,99,87
40,2824.2,41407,49140,7133,100,87
40,2826.2,41439,49140,7101,100,87
40,2828.3,41407,49140,7133,100,87
40,2830.4,41375,49140,7165,100,87
40,2832.4,41249,49140,7291,100,87
40,2834.5,41121,49140,7419,99,87
40,2836.6,41025,49140,7515,100,87
40,2838.6,40993,49140,7547,100,87
40,2840.7,44065,49140,4475,100,87
40,2842.8,42913,49140,5627,85,87
40,2844.8,41537,49140,7003,100,87
40,2846.9,41537,49140,7003,100,87
40,2849.0,41569,49140,6971,100,87
40,2851.0,41601,49140,6939,100,87
40,2853.1,41601,49140,6939,100,87
40,2855.2,41665,49140,6875,100,87
40,2857.2,41729,49140,6811,100,87
40,2859.3,41601,49140,6939,100,87
40,2861.4,41601,49140,6939,100,87
40,2863.4,41537,49140,7003,100,87
40,2865.5,41473,49140,7067,99,87
40,2867.6,41281,49140,7259,99,87
40,2869.7,41183,49140,7357,97,87
40,2871.7,41119,49140,7421,100,87
40,2873.8,41119,49140,7421,100,87
40,2875.9,41119,49140,7421,100,87
40,2877.9,40991,49140,7549,100,87
40,2880.0,41343,49140,7197,100,87
40,2882.1,41375,49140,7165,100,87
40,2884.1,41407,49140,7133,100,87
40,2886.2,41407,49140,7133,100,87
40,2888.3,41407,49140,7133,100,87
40,2890.3,41407,49140,7133,99,87
40,2892.4,41471,49140,7069,99,87
40,2894.5,41535,49140,7005,100,87
40,2896.6,41343,49140,7197,99,87
40,2898.6,41151,49140,7389,99,87
40,2900.7,41153,49140,7387,100,87
40,2902.8,41057,49140,7483,100,87
40,2904.8,40993,49140,7547,100,87
40,2906.9,40929,49140,7611,100,87
40,2909.0,40897,49140,7643,100,87
40,2911.0,40897,49140,7643,99,87
40,2913.1,43809,49140,4731,100,87
40,2915.2,44097,49140,4443,100,87
40,2917.2,43969,49140,4571,100,87
40,2919.3,43937,49140,4603,100,87
40,2921.4,43873,49140,4667,100,87
40,2923.5,40993,49140,7547,100,87
40,2925.6,44449,49140,4091,100,87
40,2927.7,41377,49140,7163,100,87
40,2929.7,41377,49140,7163,100,87
40,2931.8,41409,49140,7131,100,87
40,2933.9,41441,49140,7099,100,87
40,2935.9,41441,49140,7099,100,87
40,2938.0,41473,49140,7067,100,87
40,2940.1,41409,49140,7131,97,86
40,2942.1,41409,49140,7131,100,87
40,2944.2,41377,49140,7163,100,87
40,2946.3,41377,49140,7163,98,87
40,2948.3,41249,49140,7291,98,86
40,2950.4,41153,49140,7387,100,87
40,2952.5,41409,49140,7131,98,87
40,2954.5,41409,49140,7131,100,87
40,2956.6,41409,49140,7131,100,87
40,2958.7,41409,49140,7131,100,87
40,2960.7,41409,49140,7131,99,87
40,2962.8,41473,49140,7067,100,87
40,2964.9,41473,49140,7067,100,87
40,2966.9,41473,49140,7067,100,87
40,2969.0,41537,49140,7003,100,87
40,2971.1,41537,49140,7003,100,87
40,2973.1,41505,49140,7035,100,87
40,2975.2,41505,49140,7035,99,87
40,2977.3,41313,49140,7227,100,87
40,2979.3,41313,49140,7227,100,87
40,2981.4,41249,49140,7291,100,87
40,2983.5,41153,49140,7387,100,87
40,2985.6,41121,49140,7419,100,87
40,2987.6,44065,49140,4475,100,87
40,2989.7,44129,49140,4411,100,87
40,2991.8,45441,49140,3099,100,87
40,2993.8,41569,49140,6971,97,87
40,2995.9,41569,49140,6971,100,87
40,2998.0,41601,49140,6939,100,87
40,3000.0,41633,49140,6907,100,87
40,3002.1,41443,49140,7097,100,87
40,3004.2,41507,49140,7033,100,87
40,3006.2,41571,49140,6969,100,87
40,3008.3,41571,49140,6969,99,87
40,3010.4,41603,49140,6937,100,87
40,3012.5,41603,49140,6937,100,87
40,3014.5,41603,49140,6937,100,87
40,3016.6,41539,49140,7001,100,87
40,3018.7,41443,49140,7097,100,87
40,3020.7,41059,49140,7481,100,87
40,3022.8,40995,49140,7545,100,87
40,3024.9,40963,49140,7577,97,87
40,3026.9,40901,49140,7639,100,87
40,3029.0,40901,49140,7639,100,87
40,3031.1,40805,49140,7735,100,87
40,3033.1,41093,49140,7447,97,87
40,3035.2,41061,49140,7479,100,87
40,3037.3,41125,49140,7415,100,87
40,3039.3,41157,49140,7383,97,87
40,3041.4,41221,49140,7319,100,87
40,3043.5,41249,49140,7291,100,87
40,3045.5,41187,49140,7353,99,87
40,3047.6,41251,49140,7289,97,87
40,3049.6,41347,49140,7193,100,87
40,3051.7,41251,49140,7289,96,87
40,3053.8,41251,49140,7289,100,87
40,3055.9,41155,49140,7385,100,87
40,3057.9,41027,49140,7513,100,87
40,3060.0,40995,49140,7545,100,87
40,3062.1,40899,49140,7641,100,87
40,3064.1,40803,49140,7737,100,87
40,3066.2,40643,49140,7897,100,87
40,3068.3,40707,49140,7833,100,87
40,3070.3,43779,49140,4761,100,87
40,3072.4,40579,49140,7961,99,87
40,3074.5,45763,49140,2777,100,87
40,3076.5,40689,49140,7851,100,87
40,3078.6,44243,49140,4297,100,87
40,3080.7,41521,49140,7019,100,87
40,3082.7,41139,49140,7401,100,87
40,3084.8,41139,49140,7401,100,87
40,3086.9,41235,49140,7305,99,87
40,3088.9,41203,49140,7337,100,87
40,3091.0,41139,49140,7401,100,87
40,3093.1,41171,49140,7369,97,87
40,3095.1,41171,49140,7369,100,87
40,3097.2,41139,49140,7401,100,87
40,3099.3,41011,49140,7529,100,87
40,3101.3,40851,49140,7689,100,87
40,3103.4,40851,49140,7689,100,87
40,3105.5,40819,49140,7721,100,87
40,3107.6,40787,49140,7753,100,87
40,3109.7,41107,49140,7433,95,87
40,3111.7,41107,49140,7433,99,87
40,3113.8,41139,49140,7401,100,87
40,3115.9,41203,49140,7337,100,87
40,3118.0,41139,49140,7401,100,87
40,3120.0,41203,49140,7337,99,87
40,3122.1,41235,49140,7305,97,87
40,3124.2,41235,49140,7305,100,87
40,3126.3,41267,49140,7273,100,87
40,3128.3,41331,49140,7209,100,87
40,3130.4,41331,49140,7209,97,87
40,3132.5,13253,49140,35287,100,87
40,3134.5,41093,49140,7447,100,87
40,3136.6,43803,49140,4737,99,85
40,3138.6,41243,49140,7297,100,87
40,3140.7,41307,49140,7233,100,87
40,3142.8,41467,49140,7073,94,87
40,3144.8,41051,49140,7489,99,87
40,3146.9,44155,49140,4385,89,87
40,3148.9,43739,49140,4801,100,87
40,3151.0,44251,49140,4289,100,87
40,3153.1,41083,49140,7457,99,87
40,3155.1,40955,49140,7585,100,87
40,3157.2,41115,49140,7425,99,87
40,3159.3,41147,49140,7393,97,87
40,3161.3,43003,49140,5537,100,87
40,3163.4,41243,49140,7297,94,86
40,3165.5,41371,49140,7169,99,87
40,3167.5,40795,49140,7745,100,87
40,3169.6,40923,49140,7617,99,87
40,3171.6,40699,49140,7841,99,87
40,3173.7,44155,49140,4385,100,87
40,3175.7,44219,49140,4321,100,87
40,3177.8,41147,49140,7393,100,87
40,3179.9,41179,49140,7361,99,87
40,3181.9,41147,49140,7393,99,87
40,3184.0,41115,49140,7425,99,87
40,3186.1,45115,49140,3425,100,87
40,3188.1,41275,49140,7265,99,87
40,3190.2,41435,49140,7105,99,87
40,3192.2,40731,49140,7809,99,87
40,3194.3,40923,49140,7617,99,87
40,3196.4,40923,49140,7617,93,87
40,3198.4,44123,49140,4417,100,87
40,3200.5,44219,49140,4321,100,87
40,3202.5,41179,49140,7361,100,87
40,3204.6,40923,49140,7617,99,87
40,3206.7,41179,49140,7361,99,87
40,3208.7,41147,49140,7393,100,87
40,3210.8,45147,49140,3393,99,84
40,3212.8,41275,49140,7265,100,87
40,3214.9,41339,49140,7201,100,87
40,3217.0,40763,49140,7777,94,87
40,3219.0,40987,49140,7553,99,87
40,3221.1,40603,49140,7937,99,87
40,3223.2,44187,49140,4353,78,86
40,3225.2,44251,49140,4289,100,87
40,3227.3,41117,49140,7423,99,87
40,3229.4,41181,49140,7359,99,87
40,3231.4,41053,49140,7487,99,87
40,3233.5,41245,49140,7295,100,87
40,3235.6,40893,49140,7647,99,87
40,3237.6,45085,49140,3455,100,87
40,3239.7,41277,49140,7263,96,87
40,3241.7,41213,49140,7327,99,87
40,3243.8,41085,49140,7455,99,87
40,3245.9,40893,49140,7647,99,87
40,3247.9,44125,49140,4415,98,87
40,3250.0,44157,49140,4383,100,87
40,3252.1,44221,49140,4319,100,87
40,3254.1,41245,49140,7295,100,87
40,3256.2,40765,49140,7775,99,87
40,3258.3,41213,49140,7327,99,87
40,3260.3,40861,49140,7679,99,87
40,3262.4,45757,49140,2783,100,86
40,3264.5,41373,49140,7167,100,87
40,3266.5,41149,49140,7391,100,87
40,3268.6,40797,49140,7743,99,87
40,3270.7,40957,49140,7583,99,87
40,3272.7,40669,49140,7871,99,87
40,3274.8,41437,49140,7103,100,87
40,3276.9,40733,49140,7807,100,87
40,3278.9,41117,49140,7423,100,87
40,3281.0,41053,49140,7487,99,87
40,3283.1,41181,49140,7359,99,87
40,3285.1,41149,49140,7391,99,87
40,3287.2,43805,49140,4735,100,87
40,3289.3,41277,49140,7263,99,87
40,3291.3,41117,49140,7423,99,87
40,3293.4,41533,49140,7007,96,87
40,3295.5,40733,49140,7807,97,87
40,3297.6,44125,49140,4415,100,87
40,3299.7,43677,49140,4863,82,86
40,3301.7,44221,49140,4319,96,87
40,3303.8,41181,49140,7359,97,87
40,3305.8,41149,49140,7391,99,87
40,3307.9,41405,49140,7135,99,87
40,3310.0,41213,49140,7327,95,87
40,3312.0,41053,49140,7487,99,87
40,3314.1,43773,49140,4767,100,87
40,3316.1,41245,49140,7295,99,87
40,3318.2,41149,49140,7391,99,87
40,3320.3,40797,49140,7743,99,87
40,3322.3,41149,49140,7391,99,87
40,3324.4,40733,49140,7807,99,87
40,3326.4,44189,49140,4351,100,87
40,3328.5,40733,49140,7807,80,86
40,3330.6,41085,49140,7455,100,87
40,3332.6,41245,49140,7295,98,87
40,3334.7,40829,49140,7711,100,87
40,3336.8,41181,49140,7359,99,87
40,3338.8,41053,49140,7487,99,87
40,3340.9,45213,49140,3327,99,87
40,3343.0,41213,49140,7327,100,86
40,3345.0,41309,49140,7231,99,87
40,3347.1,41021,49140,7519,99,87
40,3349.2,41085,49140,7455,100,87
40,3351.2,40605,49140,7935,99,87
40,3353.3,43037,49140,5503,85,87
40,3355.4,40701,49140,7839,63,84
40,3357.4,41149,49140,7391,99,86
40,3359.5,13351,49140,35189,100,87
40,3361.5,13479,49140,35061,99,87
40,3363.6,13351,49140,35189,96,87
40,3365.7,16231,49140,32309,86,84
40,3367.7,15719,49140,32821,99,86
40,3369.8,15879,49140,32661,100,87
40,3371.8,16267,49140,32273,97,87
40,3373.9,12845,49140,35695,73,86
40,3376.0,12975,49140,35565,95,87
40,3378.1,12687,49140,35853,99,87
40,3380.1,15823,49140,32717,100,87
40,3382.2,12783,49140,35757,99,87
40,3384.2,12847,49140,35693,99,87
40,3386.3,12335,49140,36205,98,87
40,3388.4,12335,49140,36205,99,87
40,3390.4,16751,49140,31789,90,85
40,3392.5,12559,49140,35981,97,87
40,3394.5,12495,49140,36045,99,87
40,3396.6,22105,49140,26435,93,87
40,3398.7,40685,49140,7855,100,87
40,3400.7,40685,49140,7855,100,87
40,3402.8,40685,49140,7855,100,87
40,3404.9,40557,49140,7983,100,87
40,3406.9,40493,49140,8047,100,87
40,3409.0,40365,49140,8175,100,87
40,3411.1,40109,49140,8431,100,87
40,3413.1,40109,49140,8431,100,87
40,3415.2,43245,49140,5295,100,87
40,3417.3,43277,49140,5263,91,85
40,3419.3,43309,49140,5231,100,86
40,3421.4,40239,49140,8301,99,87
40,3423.4,40527,49140,8013,94,86
40,3425.5,40559,49140,7981,100,86
40,3427.6,40591,49140,7949,100,86
40,3429.7,40623,49140,7917,100,87
40,3431.8,40655,49140,7885,99,87
40,3433.8,40687,49140,7853,100,87
40,3435.9,40527,49140,8013,100,87
40,3438.0,40399,49140,8141,96,87
40,3440.1,40271,49140,8269,100,87
40,3442.1,40143,49140,8397,100,87
40,3444.2,40111,49140,8429,100,87
40,3446.3,42319,49140,6221,99,87
40,3448.3,43279,49140,5261,100,86
40,3450.4,40783,49140,7757,98,86
40,3452.5,40271,49140,8269,100,87
40,3454.5,40527,49140,8013,97,87
40,3456.6,40559,49140,7981,100,87
40,3458.7,40623,49140,7917,98,87
40,3460.7,40623,49140,7917,100,87
40,3462.8,40623,49140,7917,100,87
40,3464.9,40621,49140,7919,100,87
40,3467.0,31309,49140,17231,73,86
40,3469.0,31309,49140,17231,99,87
40,3471.1,31117,49140,17423,98,87
40,3473.2,30701,49140,17839,0,82
40,3475.2,30733,49140,17807,100,85
40,3477.3,30733,49140,17807,96,86
40,3479.3,34221,49140,14319,100,86
40,3481.4,30701,49140,17839,94,86
40,3483.5,33293,49140,15247,100,86
40,3485.6,12063,49140,36477,0,81
40,3487.6,12065,49140,36475,83,82
40,3489.7,12003,49140,36537,72,84
40,3491.8,13957,49140,34583,100,84
40,3493.9,12615,49140,35925,91,84
40,3496.0,12711,49140,35829,99,84
40,3498.1,12487,49140,36053,95,85
40,3500.1,12071,49140,36469,97,84
40,3502.2,12071,49140,36469,0,80
40,3504.2,12071,49140,36469,0,78
40,3506.3,16487,49140,32053,97,82
40,3508.3,12583,49140,35957,92,83
40,3510.4,12519,49140,36021,95,83
40,3512.4,15143,49140,33397,96,83
40,3514.5,12615,49140,35925,97,82
40,3516.5,12839,49140,35701,88,83
40,3518.6,12711,49140,35829,100,83
40,3520.6,15655,49140,32885,100,83
40,3522.7,12711,49140,35829,97,84
40,3524.8,15655,49140,32885,57,80
40,3526.8,12071,49140,36469,82,84
40,3528.9,12839,49140,35701,100,83
40,3530.9,12071,49140,36469,87,84
40,3533.0,15571,49140,32969,0,78
40,3535.0,12819,49140,35721,100,79
40,3537.1,15091,49140,33449,0,82
40,3539.1,12533,49140,36007,100,82
40,3541.2,12597,49140,35943,98,83
40,3543.2,12565,49140,35975,95,83
40,3545.3,12053,49140,36487,96,83
40,3547.3,12661,49140,35879,96,83
40,3549.4,12533,49140,36007,71,81
40,3551.5,12533,49140,36007,98,83
40,3553.5,12183,49140,36357,94,84
40,3555.6,21217,49140,27323,96,84
40,3557.7,30507,49140,18033,95,85
40,3559.7,30507,49140,18033,97,85
40,3561.8,30507,49140,18033,99,85
40,3563.9,30507,49140,18033,100,85
40,3565.9,30507,49140,18033,98,86
40,3568.0,30507,49140,18033,100,86
40,3570.0,30507,49140,18033,100,86
40,3572.1,30507,49140,18033,100,86
40,3574.2,30507,49140,18033,98,86
40,3576.2,21213,49140,27327,100,86
40,3578.3,21235,49140,27305,98,86
40,3580.3,21237,49140,27303,96,87
40,3582.4,21237,49140,27303,94,86
40,3584.5,21237,49140,27303,95,87
40,3586.5,21237,49140,27303,98,86
40,3588.6,11945,49140,36595,100,86
40,3590.6,11947,49140,36593,98,87
40,3592.7,11969,49140,36571,93,87
40,3594.8,11967,49140,36573,99,87
40,3596.8,11989,49140,36551,99,87
40,3598.9,11989,49140,36551,100,87
40,3600.9,11989,49140,36551,100,87
40,3603.0,11989,49140,36551,97,88
40,3605.1,11989,49140,36551,98,88
40,3607.1,11989,49140,36551,100,88
40,3609.2,11989,49140,36551,97,88
40,3611.2,11989,49140,36551,100,88
40,3613.3,11989,49140,36551,97,88
40,3615.4,11989,49140,36551,98,88
40,3617.4,11989,49140,36551,97,88
40,3619.5,11989,49140,36551,99,88
40,3621.6,11989,49140,36551,97,88
40,3623.6,11989,49140,36551,100,87
40,3625.7,11989,49140,36551,100,88
40,3627.8,11989,49140,36551,97,87
40,3629.8,11989,49140,36551,98,88
40,3631.9,11989,49140,36551,100,88
40,3634.0,11989,49140,36551,98,88
40,3636.0,11989,49140,36551,97,88
40,3638.1,11989,49140,36551,96,88
40,3640.2,11991,49140,36549,97,88
40,3642.2,11991,49140,36549,97,88
40,3644.3,11991,49140,36549,97,88
40,3646.4,11991,49140,36549,100,88
40,3648.4,11991,49140,36549,100,88
40,3650.5,11991,49140,36549,97,88
40,3652.6,11991,49140,36549,100,87
40,3654.7,11991,49140,36549,96,88
40,3656.7,11989,49140,36551,100,88
40,3658.8,11989,49140,36551,100,88
40,3660.8,12011,49140,36529,100,88
40,3662.9,12011,49140,36529,100,88
40,3665.0,12011,49140,36529,100,88
40,3667.0,12011,49140,36529,100,88
40,3669.1,12011,49140,36529,100,88
40,3671.2,12011,49140,36529,100,88
40,3673.2,12011,49140,36529,100,88
40,3675.3,12011,49140,36529,100,88
40,3677.4,12011,49140,36529,100,88
40,3679.4,12011,49140,36529,100,88
40,3681.5,12011,49140,36529,100,88
40,3683.6,12011,49140,36529,100,88
40,3685.6,12011,49140,36529,100,88
40,3687.7,12011,49140,36529,100,88
40,3689.8,12011,49140,36529,100,88
40,3691.8,12011,49140,36529,100,88
40,3693.9,12011,49140,36529,100,88
40,3696.0,12011,49140,36529,100,88
40,3698.1,12011,49140,36529,100,88
40,3700.2,12011,49140,36529,100,88
40,3702.2,12011,49140,36529,100,88
40,3704.3,12011,49140,36529,100,88
40,3706.3,12011,49140,36529,100,88
40,3708.4,12011,49140,36529,99,88
40,3710.5,12011,49140,36529,98,88
40,3712.5,12011,49140,36529,99,88
40,3714.6,12011,49140,36529,99,88
40,3716.7,12011,49140,36529,100,88
40,3718.7,12011,49140,36529,100,88
40,3720.8,12011,49140,36529,100,88
40,3722.8,12011,49140,36529,100,88
40,3724.9,12011,49140,36529,100,88
40,3726.9,12011,49140,36529,100,88
40,3729.0,12011,49140,36529,99,88
40,3731.1,12011,49140,36529,100,88
40,3733.2,12011,49140,36529,97,88
40,3735.2,12011,49140,36529,100,87
40,3737.3,12011,49140,36529,100,88
40,3739.4,12011,49140,36529,100,88
40,3741.4,12011,49140,36529,100,88
40,3743.5,12011,49140,36529,100,88
40,3745.6,12011,49140,36529,100,88
40,3747.6,12011,49140,36529,100,88
40,3749.7,12011,49140,36529,100,88
40,3751.8,12011,49140,36529,100,88
40,3753.8,12011,49140,36529,100,88
40,3755.9,12011,49140,36529,100,88
40,3758.0,12013,49140,36527,100,88
40,3760.0,12013,49140,36527,100,88
40,3762.1,12013,49140,36527,100,88
40,3764.1,12013,49140,36527,100,88
40,3766.2,12013,49140,36527,100,88
40,3768.3,12013,49140,36527,100,88
40,3770.3,12013,49140,36527,100,88
40,3772.4,12013,49140,36527,99,88
40,3774.5,12013,49140,36527,100,88
40,3776.5,12013,49140,36527,99,88
40,3778.6,12013,49140,36527,96,87
40,3780.7,12013,49140,36527,86,87
40,3782.7,12013,49140,36527,96,88
40,3784.8,12013,49140,36527,99,88
40,3786.9,12013,49140,36527,99,87
40,3789.0,12013,49140,36527,95,88
40,3791.0,12013,49140,36527,98,88
40,3793.1,12013,49140,36527,84,88
40,3795.2,12045,49140,36495,98,88
40,3797.2,15661,49140,32879,100,87
40,3799.3,12589,49140,35951,100,87
40,3801.4,12813,49140,35727,99,87
40,3803.4,12397,49140,36143,93,87
40,3805.5,15341,49140,33199,100,87
40,3807.5,12109,49140,36431,100,87
40,3809.6,12237,49140,36303,100,87
40,3811.7,12749,49140,35791,99,87
40,3813.7,12717,49140,35823,99,87
40,3815.8,12941,49140,35599,99,87
40,3817.8,12749,49140,35791,99,87
40,3819.9,12301,49140,36239,99,87
40,3822.0,14381,49140,34159,100,87
40,3824.0,12781,49140,35759,94,87
40,3826.1,12941,49140,35599,100,87
40,3828.2,12333,49140,36207,99,87
40,3830.2,12813,49140,35727,91,87
40,3832.3,12845,49140,35695,99,87
40,3834.3,12365,49140,36175,100,87
40,3836.4,15757,49140,32783,100,87
40,3838.5,12717,49140,35823,92,86
40,3840.5,12909,49140,35631,100,87
40,3842.6,12429,49140,36111,99,87
40,3844.6,12813,49140,35727,99,87
40,3846.7,12685,49140,35855,100,87
40,3848.8,15725,49140,32815,99,85
40,3850.8,15245,49140,33295,100,87
40,3852.9,12813,49140,35727,100,87
40,3854.9,12845,49140,35695,99,87
40,3857.0,12781,49140,35759,99,87
40,3859.1,12845,49140,35695,100,87
40,3861.1,12397,49140,36143,99,87
40,3863.2,15725,49140,32815,70,87
40,3865.3,14285,49140,34255,100,87
40,3867.3,12877,49140,35663,99,87
40,3869.4,12461,49140,36079,99,87
40,3871.4,12813,49140,35727,100,87
40,3873.5,12749,49140,35791,99,87
40,3875.6,12717,49140,35823,98,87
40,3877.7,15757,49140,32783,100,86
40,3879.8,12749,49140,35791,100,87
40,3881.8,12909,49140,35631,99,87
40,3883.9,12429,49140,36111,99,87
40,3886.0,12877,49140,35663,100,87
40,3888.1,12749,49140,35791,100,87
40,3890.1,15725,49140,32815,99,86
40,3892.2,15309,49140,33231,100,86
40,3894.2,12845,49140,35695,99,87
40,3896.3,12877,49140,35663,99,87
40,3898.4,12749,49140,35791,99,87
40,3900.4,12909,49140,35631,100,87
40,3902.5,12301,49140,36239,99,87
40,3904.6,15757,49140,32783,100,87
40,3906.6,12813,49140,35727,100,87
40,3908.7,12877,49140,35663,99,87
40,3910.8,12269,49140,36271,99,87
40,3912.8,12813,49140,35727,99,87
40,3914.9,12685,49140,35855,98,87
40,3917.0,15725,49140,32815,99,87
40,3919.0,13421,49140,35119,100,87
40,3921.1,12877,49140,35663,100,87
40,3923.1,12781,49140,35759,99,87
40,3925.2,12525,49140,36015,99,87
40,3927.3,12877,49140,35663,99,87
40,3929.3,12781,49140,35759,99,87
40,3931.4,15661,49140,32879,100,87
40,3933.5,15245,49140,33295,100,86
40,3935.5,12845,49140,35695,92,87
40,3937.6,12557,49140,35983,85,87
40,3939.7,12877,49140,35663,99,87
40,3941.7,12909,49140,35631,94,87
40,3943.8,12717,49140,35823,80,87
40,3945.9,15213,49140,33327,97,86
40,3947.9,15245,49140,33295,100,86
40,3950.0,12749,49140,35791,67,87
40,3952.1,12877,49140,35663,89,87
40,3954.1,12461,49140,36079,91,87
40,3956.2,12781,49140,35759,88,87
40,3958.2,12141,49140,36399,86,86
40,3960.3,15757,49140,32783,96,86
40,3962.3,15853,49140,32687,100,86
40,3964.4,12813,49140,35727,99,86
40,3966.5,12973,49140,35567,99,87
40,3968.5,12397,49140,36143,98,87
40,3970.6,12973,49140,35567,99,87
40,3972.7,12717,49140,35823,100,87
40,3974.7,12909,49140,35631,99,87
40,3976.8,13133,49140,35407,99,87
40,3978.8,13069,49140,35471,98,87
40,3980.9,16589,49140,31951,100,85
40,3983.0,15885,49140,32655,100,84
40,3985.0,12877,49140,35663,88,85
40,3987.1,13005,49140,35535,94,87
40,3989.2,12781,49140,35759,99,87
40,3991.2,12909,49140,35631,99,87
40,3993.3,12749,49140,35791,97,87
40,3995.4,12877,49140,35663,75,86
40,3997.4,13005,49140,35535,92,87
40,3999.5,12589,49140,35951,92,87
40,4001.6,15277,49140,33263,100,86
40,4003.7,15277,49140,33263,100,86
40,4005.7,14093,49140,34447,100,86
40,4007.8,12941,49140,35599,99,86
40,4009.9,12909,49140,35631,99,87
40,4011.9,12493,49140,36047,99,87
40,4014.0,12941,49140,35599,99,87
40,4016.0,12621,49140,35919,95,87
40,4018.1,12909,49140,35631,99,87
40,4020.1,12909,49140,35631,99,87
40,4022.2,12525,49140,36015,99,87
40,4024.3,15757,49140,32783,100,87
40,4026.3,15885,49140,32655,100,87
40,4028.4,15565,49140,32975,100,87
40,4030.4,13101,49140,35439,100,87
40,4032.5,13165,49140,35375,99,87
40,4034.6,13077,49140,35463,98,87
40,4036.6,12597,49140,35943,99,87
40,4038.7,13013,49140,35527,99,87
40,4040.8,13111,49140,35429,99,87
40,4042.8,13015,49140,35525,99,87
40,4044.9,13111,49140,35429,99,87
40,4047.0,12567,49140,35973,98,87
40,4049.0,15767,49140,32773,79,87
40,4051.1,15735,49140,32805,100,87
40,4053.1,12759,49140,35781,100,87
40,4055.2,12951,49140,35589,100,86
40,4057.3,13047,49140,35493,99,87
40,4059.3,13111,49140,35429,99,87
40,4061.4,13015,49140,35525,99,87
40,4063.4,13207,49140,35333,99,87
40,4065.5,12247,49140,36293,0,83
40,4067.6,12247,49140,36293,0,82
40,4069.6,12247,49140,36293,0,80
40,4071.7,12247,49140,36293,0,79
40,4073.8,15767,49140,32773,100,82
40,4075.9,12951,49140,35589,100,82
40,4078.0,15543,49140,32997,100,83
40,4080.1,12951,49140,35589,99,83
40,4082.1,13143,49140,35397,98,84
40,4084.2,12535,49140,36005,88,84
40,4086.2,13207,49140,35333,79,84
40,4088.3,13087,49140,35453,99,85
40,4090.4,12959,49140,35581,99,85
40,4092.4,12959,49140,35581,99,85
40,4094.5,12351,49140,36189,73,85
40,4096.5,15743,49140,32797,100,85
40,4098.6,15871,49140,32669,100,85
40,4100.7,15103,49140,33437,100,84
40,4102.7,13311,49140,35229,99,85
40,4104.8,12255,49140,36285,0,81
40,4106.8,12255,49140,36285,0,79
40,4108.9,12351,49140,36189,0,78
40,4110.9,16575,49140,31965,100,82
40,4113.0,15839,49140,32701,100,83
40,4115.1,15967,49140,32573,100,83
40,4117.1,13055,49140,35485,86,82
40,4119.2,15743,49140,32797,74,80
40,4121.2,15199,49140,33341,92,83
40,4123.3,15967,49140,32573,100,83
40,4125.3,13023,49140,35517,79,84
40,4127.4,13087,49140,35453,99,84
40,4129.4,12347,49140,36193,0,80
40,4131.5,15709,49140,32831,87,84
40,4133.5,15837,49140,32703,100,83
40,4135.6,6257,49140,42283,100,84
40,4137.6,8591,49140,39949,100,85
40,4139.7,7727,49140,40813,94,85
40,4141.7,11055,49140,37485,100,84
40,4143.8,10735,49140,37805,100,84
40,4145.8,11311,49140,37229,100,84
40,4147.9,8431,49140,40109,96,84
40,4150.0,11055,49140,37485,15,84
40,4152.0,11055,49140,37485,100,84
40,4154.1,10863,49140,37677,100,82
40,4156.2,8719,49140,39821,100,85
40,4158.2,6257,49140,42283,87,85
40,4160.3,9989,49140,38551,100,85
40,4162.3,6637,49140,41903,100,85
40,4164.4,9077,49140,39463,100,85
40,4166.5,6549,49140,41991,99,86
40,4168.5,6293,49140,42247,100,86
40,4170.6,6581,49140,41959,99,86
40,4172.7,6261,49140,42279,99,87
40,4174.7,6613,49140,41927,94,86
40,4176.8,6453,49140,42087,99,87
40,4178.9,7949,49140,40591,100,86
40,4180.9,7427,49140,41113,100,85
40,4183.0,8067,49140,40473,100,86
40,4185.0,8163,49140,40377,100,86
40,4187.1,6547,49140,41993,85,86
40,4189.1,5587,49140,42953,0,82
40,4191.2,9107,49140,39433,86,85
40,4193.2,10563,49140,37977,100,86
40,4195.3,9923,49140,38617,100,86
40,4197.3,6979,49140,41561,100,87
40,4199.4,6883,49140,41657,95,86
40,4201.4,9667,49140,38873,100,86
40,4203.5,9251,49140,39289,100,86
40,4205.5,7611,49140,40929,100,86
40,4207.6,5143,49140,43397,95,86
40,4209.6,8489,49140,40051,100,86
40,4211.7,10259,49140,38281,100,86
40,4213.8,7157,49140,41383,100,86
40,4215.8,6613,49140,41927,100,87
40,4217.9,6645,49140,41895,94,87
40,4220.0,6357,49140,42183,84,87
40,4222.1,6613,49140,41927,83,87
40,4224.1,6677,49140,41863,86,87
40,4226.2,6645,49140,41895,86,87
40,4228.3,6261,49140,42279,70,87
40,4230.3,6677,49140,41863,96,88
40,4232.4,6773,49140,41767,92,87
40,4234.5,6449,49140,42091,99,87
40,4236.5,7209,49140,41331,99,87
40,4238.6,6921,49140,41619,93,88
40,4240.6,9865,49140,38675,100,87
40,4242.7,11369,49140,37171,100,87
40,4244.8,9545,49140,38995,100,87
40,4246.8,7307,49140,41233,100,87
40,4248.9,6453,49140,42087,99,88
40,4250.9,6133,49140,42407,99,87
40,4253.0,8565,49140,39975,100,88
40,4255.1,6613,49140,41927,99,88
40,4257.1,6133,49140,42407,99,88
40,4259.2,6613,49140,41927,99,88
40,4261.2,6069,49140,42471,99,88
40,4263.3,6613,49140,41927,98,88
40,4265.3,6197,49140,42343,99,88
40,4267.4,6645,49140,41895,99,88
40,4269.5,6453,49140,42087,99,88
40,4271.6,5813,49140,42727,99,88
40,4273.6,9173,49140,39367,100,87
40,4275.7,9269,49140,39271,100,87
40,4277.8,9333,49140,39207,80,87
40,4279.9,5717,49140,42823,93,84
40,4281.9,5717,49140,42823,0,82
40,4284.0,6421,49140,42119,96,86
40,4286.1,6229,49140,42311,99,86
40,4288.1,6517,49140,42023,99,87
40,4290.2,6485,49140,42055,93,87
40,4292.3,6485,49140,42055,99,87
40,4294.3,6837,49140,41703,95,87
40,4296.4,27849,49140,20691,100,87
40,4298.4,27721,49140,20819,100,87
40,4300.5,26569,49140,21971,96,87
40,4302.5,25001,49140,23539,99,87
40,4304.6,25065,49140,23475,99,87
40,4306.6,24937,49140,23603,99,87
40,4308.7,24553,49140,23987,98,87
40,4310.7,24105,49140,24435,100,87
40,4312.8,28681,49140,19859,100,87
40,4314.9,5831,49140,42709,100,85
40,4316.9,7015,49140,41525,97,87
40,4319.0,6215,49140,42325,73,83
40,4321.0,9137,49140,39403,100,86
40,4323.1,10165,49140,38375,100,86
40,4325.1,6697,49140,41843,100,86
40,4327.2,6761,49140,41779,96,86
40,4329.3,6697,49140,41843,95,86
40,4331.3,6249,49140,42291,95,87
40,4333.4,6697,49140,41843,97,86
40,4335.5,6793,49140,41747,97,87
40,4337.5,6377,49140,42163,96,87
40,4339.6,6633,49140,41907,97,87
40,4341.7,6761,49140,41779,97,87
40,4343.7,6665,49140,41875,94,87
40,4345.8,6409,49140,42131,94,87
40,4347.8,9609,49140,38931,100,87
40,4349.9,9161,49140,39379,100,86
40,4352.0,9913,49140,38627,100,86
40,4354.0,7449,49140,41091,98,87
40,4356.1,7289,49140,41251,94,87
40,4358.2,7257,49140,41283,95,87
40,4360.2,7385,49140,41155,97,87
40,4362.3,7225,49140,41315,88,87
40,4364.3,6041,49140,42499,94,86
40,4366.4,5593,49140,42947,96,87
40,4368.5,8249,49140,40291,100,87
40,4370.5,8217,49140,40323,100,87
40,4372.6,9753,49140,38787,96,84
40,4374.6,5915,49140,42625,97,86
40,4376.7,5819,49140,42721,98,86
40,4378.7,5787,49140,42753,96,87
40,4380.8,6491,49140,42049,79,87
40,4382.8,5531,49140,43009,0,82
40,4384.9,5531,49140,43009,0,81
40,4387.0,8411,49140,40129,74,84
40,4389.0,8539,49140,40001,70,84
40,4391.1,9647,49140,38893,100,84
40,4393.1,7267,49140,41273,58,85
40,4395.2,6371,49140,42169,95,83
40,4397.3,9667,49140,38873,100,84
40,4399.3,11011,49140,37529,100,84
40,4401.4,7299,49140,41241,85,84
40,4403.4,9891,49140,38649,100,84
40,4405.5,10115,49140,38425,71,83
40,4407.5,4697,49140,43843,93,84
40,4409.6,7399,49140,41141,39,84
40,4411.7,7161,49140,41379,91,84
40,4413.7,5623,49140,42917,73,84
40,4415.8,17857,49140,30683,84,85
40,4417.8,17377,49140,31163,100,85
40,4419.9,14895,49140,33645,93,85
40,4421.9,14991,49140,33549,99,86
40,4424.0,14735,49140,33805,96,86
40,4426.0,14959,49140,33581,97,86
40,4428.1,14895,49140,33645,98,86
40,4430.1,14513,49140,34027,97,86
40,4432.2,17297,49140,31243,100,86
40,4434.2,17457,49140,31083,98,85
40,4436.3,14961,49140,33579,100,86
40,4438.3,15025,49140,33515,98,86
40,4440.4,14449,49140,34091,96,86
40,4442.4,14993,49140,33547,96,87
40,4444.5,14897,49140,33643,98,87
40,4446.5,17873,49140,30667,19,85
40,4448.6,16657,49140,31883,100,87
40,4450.7,14929,49140,33611,98,87
40,4452.7,14929,49140,33611,97,87
40,4454.8,14641,49140,33899,97,87
40,4456.8,14737,49140,33803,98,87
40,4458.9,14769,49140,33771,99,87
40,4461.0,14513,49140,34027,98,87
40,4463.0,17297,49140,31243,81,86
40,4465.1,23995,49140,24545,97,87
40,4467.2,41681,49140,6859,96,87
40,4469.2,41281,49140,7259,100,87
40,4471.3,41315,49140,7225,97,87
40,4473.4,41157,49140,7383,100,87
40,4475.5,41191,49140,7349,100,87
40,4477.6,41191,49140,7349,100,87
40,4479.6,41285,49140,7255,100,87
40,4481.7,41255,49140,7285,97,88
40,4483.8,41319,49140,7221,100,87
40,4485.9,41223,49140,7317,100,87
40,4487.9,41255,49140,7285,100,87
40,4490.0,41255,49140,7285,100,88
40,4492.1,41191,49140,7349,100,88
40,4494.2,41191,49140,7349,100,87
40,4496.2,41065,49140,7475,100,87
40,4498.3,40841,49140,7699,98,88
40,4500.3,40681,49140,7859,100,87
40,4502.4,40681,49140,7859,98,87
40,4504.5,41609,49140,6931,100,88
40,4506.5,40585,49140,7955,98,87
40,4508.6,45033,49140,3507,98,87
40,4510.7,43625,49140,4915,62,85
40,4512.7,40873,49140,7667,100,87
40,4514.8,41193,49140,7347,100,88
40,4516.9,41219,49140,7321,100,88
40,4518.9,41223,49140,7317,100,88
40,4521.0,41223,49140,7317,100,88
40,4523.1,41287,49140,7253,100,88
40,4525.1,41287,49140,7253,88,87
40,4527.2,41287,49140,7253,100,88
40,4529.3,41319,49140,7221,99,88
40,4531.4,41321,49140,7219,100,87
40,4533.4,31937,49140,16603,100,87
40,4535.5,31703,49140,16837,99,87
40,4537.6,31415,49140,17125,96,87
40,4539.6,34231,49140,14309,85,88
40,4541.7,31191,49140,17349,100,88
40,4543.7,31767,49140,16773,97,87
40,4545.8,31863,49140,16677,94,87
40,4547.9,31383,49140,17157,97,87
40,4549.9,34263,49140,14277,97,87
40,4552.0,31767,49140,16773,99,87
40,4554.0,31831,49140,16709,100,87
40,4556.1,31831,49140,16709,98,87
40,4558.2,31703,49140,16837,92,87
40,4560.2,34231,49140,14309,97,85
40,4562.3,31703,49140,16837,69,87
40,4564.4,31863,49140,16677,96,88
40,4566.4,31447,49140,17093,99,87
40,4568.5,31287,49140,17253,97,87
40,4570.6,32343,49140,16197,100,87
40,4572.6,31769,49140,16771,97,87
40,4574.7,31801,49140,16739,98,88
40,4576.8,31161,49140,17379,97,87
40,4578.8,31641,49140,16899,100,87
40,4580.9,31737,49140,16803,99,87
40,4583.0,31737,49140,16803,98,86
40,4585.0,31385,49140,17155,99,87
40,4587.1,35609,49140,12931,84,87
40,4589.2,31673,49140,16867,82,87
40,4591.2,13217,49140,35323,98,87
40,4593.3,12643,49140,35897,99,87
40,4595.3,17081,49140,31459,71,87
40,4597.4,13177,49140,35363,100,87
40,4599.4,13337,49140,35203,98,87
40,4601.5,12825,49140,35715,99,87
40,4603.6,15673,49140,32867,93,87
40,4605.6,13147,49140,35393,99,87
40,4607.7,13243,49140,35297,98,87
40,4609.8,12731,49140,35809,99,87
40,4611.8,17595,49140,30945,100,87
40,4613.9,13115,49140,35425,100,87
40,4615.9,13339,49140,35201,100,88
40,4618.0,12795,49140,35745,99,87
40,4620.0,15675,49140,32865,100,87
40,4622.1,13179,49140,35361,99,87
40,4624.2,13275,49140,35265,99,87
40,4626.2,12795,49140,35745,99,87
40,4628.3,15707,49140,32833,100,87
40,4630.3,13179,49140,35361,100,87
40,4632.4,13307,49140,35233,99,87
40,4634.5,12699,49140,35841,99,88
40,4636.5,13435,49140,35105,100,87
40,4638.6,13211,49140,35329,99,87
40,4640.7,13083,49140,35457,100,88
40,4642.7,12731,49140,35809,99,87
40,4644.8,15675,49140,32865,100,87
40,4646.9,13275,49140,35265,99,87
40,4648.9,13147,49140,35393,99,87
40,4651.0,12539,49140,36001,99,87
40,4653.1,12923,49140,35617,100,87
40,4655.1,13051,49140,35489,99,87
40,4657.2,12571,49140,35969,99,87
40,4659.3,31119,49140,17421,100,87
40,4661.3,40409,49140,8131,100,87
40,4663.4,40409,49140,8131,100,87
40,4665.5,40409,49140,8131,100,87
40,4667.5,40409,49140,8131,100,87
40,4669.6,40409,49140,8131,100,87
40,4671.7,40409,49140,8131,100,87
40,4673.8,40409,49140,8131,100,87
40,4675.8,40409,49140,8131,100,87
40,4677.9,40409,49140,8131,100,87
40,4680.0,40409,49140,8131,100,87
40,4682.1,40409,49140,8131,100,87
40,4684.1,40409,49140,8131,99,87
40,4686.2,40409,49140,8131,100,87
40,4688.3,40409,49140,8131,100,87
40,4690.3,40409,49140,8131,100,87
40,4692.4,40409,49140,8131,100,87
40,4694.5,40409,49140,8131,100,87
40,4696.6,40409,49140,8131,100,87
40,4698.6,40409,49140,8131,100,87
40,4700.7,40409,49140,8131,100,87
40,4702.8,40409,49140,8131,100,87
40,4704.8,40409,49140,8131,100,87
40,4706.9,40409,49140,8131,100,87
40,4709.0,40409,49140,8131,100,87
40,4711.0,40409,49140,8131,100,87
40,4713.1,40409,49140,8131,100,87
40,4715.1,40409,49140,8131,100,87
40,4717.2,40409,49140,8131,100,87
40,4719.3,40409,49140,8131,100,87
40,4721.3,40409,49140,8131,100,87
40,4723.4,40409,49140,8131,100,87
40,4725.5,40409,49140,8131,100,88
40,4727.5,40409,49140,8131,100,87
40,4729.6,40407,49140,8133,100,87
40,4731.7,40407,49140,8133,100,87
40,4733.7,40407,49140,8133,100,87
40,4735.8,40407,49140,8133,100,87
40,4737.9,40407,49140,8133,100,87
40,4739.9,40407,49140,8133,100,87
40,4742.0,40407,49140,8133,100,87
40,4744.1,40407,49140,8133,100,87
40,4746.1,40407,49140,8133,100,87
40,4748.2,40407,49140,8133,100,87
40,4750.3,40407,49140,8133,100,87
40,4752.3,40407,49140,8133,100,87
40,4754.4,40407,49140,8133,100,87
40,4756.5,40407,49140,8133,100,87
40,4758.5,40407,49140,8133,100,87
40,4760.6,40407,49140,8133,100,87
40,4762.7,40407,49140,8133,99,87
40,4764.7,40407,49140,8133,100,87
40,4766.8,40407,49140,8133,100,87
40,4768.8,40407,49140,8133,100,87
40,4770.9,40407,49140,8133,100,87
40,4773.0,40407,49140,8133,100,87
40,4775.0,40407,49140,8133,100,87
40,4777.1,40407,49140,8133,100,87
40,4779.2,40407,49140,8133,100,87
40,4781.3,40407,49140,8133,100,87
40,4783.3,40407,49140,8133,100,87
40,4785.4,40407,49140,8133,100,87
40,4787.5,40407,49140,8133,100,87
40,4789.5,40407,49140,8133,100,87
40,4791.6,40407,49140,8133,100,87
40,4793.7,40407,49140,8133,100,87
40,4795.7,40407,49140,8133,100,87
40,4797.8,40407,49140,8133,100,87
40,4799.9,40407,49140,8133,100,87
40,4801.9,40407,49140,8133,100,87
40,4804.0,40407,49140,8133,100,87
40,4806.1,40407,49140,8133,100,87
40,4808.1,40407,49140,8133,100,87
40,4810.2,40407,49140,8133,100,87
40,4812.3,40407,49140,8133,100,87
40,4814.3,40407,49140,8133,100,87
40,4816.4,40407,49140,8133,100,87
40,4818.5,40407,49140,8133,86,87
40,4820.6,40407,49140,8133,100,87
40,4822.7,40407,49140,8133,97,87
40,4824.7,40405,49140,8135,100,87
40,4826.8,40407,49140,8133,99,87
40,4828.9,40407,49140,8133,100,87
40,4830.9,40407,49140,8133,100,87
40,4833.0,40407,49140,8133,100,87
40,4835.1,40567,49140,7973,100,87
40,4837.1,40407,49140,8133,100,87
40,4839.2,44055,49140,4485,99,87
40,4841.3,43575,49140,4965,100,87
40,4843.3,43607,49140,4933,100,87
40,4845.4,40983,49140,7557,100,87
40,4847.5,41015,49140,7525,100,87
40,4849.6,41015,49140,7525,100,87
40,4851.6,41047,49140,7493,100,87
40,4853.7,41079,49140,7461,100,87
40,4855.8,41143,49140,7397,100,87
40,4857.8,41141,49140,7399,100,87
40,4859.9,41175,49140,7365,100,87
40,4862.0,41141,49140,7399,100,87
40,4864.1,41175,49140,7365,100,87
40,4866.1,41139,49140,7401,94,87
40,4868.2,41173,49140,7367,100,87
40,4870.3,31735,49140,16805,100,87
40,4872.4,40897,49140,7643,100,87
40,4874.5,40929,49140,7611,100,87
40,4876.6,40705,49140,7835,100,87
40,4878.7,40705,49140,7835,100,87
40,4880.8,40545,49140,7995,96,87
40,4882.9,40577,49140,7963,100,87
40,4884.9,40577,49140,7963,98,87
40,4887.0,43585,49140,4955,100,86
40,4889.1,43169,49140,5371,100,87
40,4891.1,40705,49140,7835,100,87
40,4893.2,40449,49140,8091,0,82
40,4895.2,40449,49140,8091,0,80
40,4897.3,40449,49140,8091,0,79
40,4899.4,43521,49140,5019,100,83
40,4901.4,41249,49140,7291,100,84
40,4903.5,43553,49140,4987,100,81
40,4905.6,40961,49140,7579,99,84
40,4907.6,40961,49140,7579,100,85
40,4909.7,40961,49140,7579,100,84
40,4911.8,41025,49140,7515,90,85
40,4913.8,41025,49140,7515,100,85
40,4915.9,41089,49140,7451,100,85
40,4918.0,41089,49140,7451,100,85
40,4920.1,41153,49140,7387,100,85
40,4922.1,41089,49140,7451,92,85
40,4924.2,40961,49140,7579,100,85
40,4926.3,40929,49140,7611,100,86
40,4928.4,40609,49140,7931,100,86
40,4930.4,40609,49140,7931,98,86
40,4932.6,40545,49140,7995,100,86
40,4934.6,43519,49140,5021,99,85
40,4936.7,40927,49140,7613,99,86
40,4938.8,40961,49140,7579,100,86
40,4940.8,40449,49140,8091,96,86
40,4942.9,40961,49140,7579,97,86
40,4944.9,41025,49140,7515,100,87
40,4947.0,41059,49140,7481,100,87
40,4949.1,44195,49140,4345,100,86
40,4951.1,41187,49140,7353,99,86
40,4953.2,44035,49140,4505,100,86
40,4955.3,40931,49140,7609,96,87
40,4957.3,40675,49140,7865,100,87
40,4959.4,44067,49140,4473,86,86
40,4961.5,40675,49140,7865,89,87
40,4963.5,44131,49140,4409,97,86
40,4965.6,41603,49140,6937,98,87
40,4967.7,41219,49140,7321,99,86
40,4969.7,40483,49140,8057,100,86
40,4971.8,15713,49140,32827,100,86
40,4973.9,13507,49140,35033,97,85
40,4975.9,12899,49140,35641,96,86
40,4978.0,16259,49140,32281,100,86
40,4980.0,13251,49140,35289,100,86
40,4982.1,13411,49140,35129,97,86
40,4984.2,13283,49140,35257,100,86
40,4986.2,13315,49140,35225,98,87
40,4988.3,13411,49140,35129,97,87
40,4990.4,12739,49140,35801,96,87
40,4992.4,16227,49140,32313,30,86
40,4994.5,15779,49140,32761,100,86
40,4996.5,13035,49140,35505,100,87
40,4998.6,13131,49140,35409,99,87
40,5000.7,13025,49140,35515,99,87
40,5002.7,13153,49140,35387,100,87
40,5004.8,12289,49140,36251,81,86
40,5006.8,15617,49140,32923,85,87
40,5008.9,12993,49140,35547,100,87
40,5011.0,13121,49140,35419,94,87
40,5013.0,12833,49140,35707,98,87
40,5015.2,13025,49140,35515,93,87
40,5017.2,12993,49140,35547,95,87
40,5019.3,12609,49140,35931,99,87
40,5021.4,15937,49140,32603,100,87
40,5023.4,15457,49140,33083,89,87
40,5025.5,13025,49140,35515,97,87
40,5027.5,12993,49140,35547,99,87
40,5029.6,12993,49140,35547,99,87
40,5031.7,13121,49140,35419,99,88
40,5033.7,12577,49140,35963,96,87
40,5035.8,15969,49140,32571,89,86
40,5037.8,15553,49140,32987,100,87
40,5039.9,13121,49140,35419,98,87
40,5042.0,13153,49140,35387,100,87
40,5044.0,13057,49140,35483,99,87
40,5046.1,13185,49140,35355,99,87
40,5048.2,12737,49140,35803,100,87
40,5050.2,13057,49140,35483,99,87
40,5052.3,12673,49140,35867,98,87
40,5054.4,15969,49140,32571,100,87
40,5056.4,15649,49140,32891,100,88
40,5058.5,13121,49140,35419,100,87
40,5060.5,13025,49140,35515,99,87
40,5062.6,12769,49140,35771,99,87
40,5064.7,13251,49140,35289,99,87
40,5066.7,12899,49140,35641,100,88
40,5068.8,13187,49140,35353,99,88
40,5070.9,13219,49140,35321,95,87
40,5072.9,15971,49140,32569,75,87
40,5075.0,15971,49140,32569,100,87
40,5077.0,15651,49140,32889,100,87
40,5079.1,13091,49140,35449,100,87
40,5081.2,12835,49140,35705,99,87
40,5083.2,13123,49140,35417,99,87
40,5085.3,13283,49140,35257,99,87
40,5087.4,13155,49140,35385,99,87
40,5089.5,13123,49140,35417,89,87
40,5091.6,16035,49140,32505,91,87
40,5093.6,15459,49140,33081,100,87
40,5095.7,16995,49140,31545,100,87
40,5097.8,13123,49140,35417,97,87
40,5099.8,13155,49140,35385,79,87
40,5101.9,12931,49140,35609,96,87
40,5104.0,13091,49140,35449,93,87
40,5106.0,13219,49140,35321,91,87
40,5108.1,12707,49140,35833,99,87
40,5110.1,13155,49140,35385,100,87
40,5112.2,12899,49140,35641,99,87
40,5114.3,16035,49140,32505,99,87
40,5116.3,14755,49140,33785,100,87
40,5118.4,15651,49140,32889,100,87
40,5120.5,14467,49140,34073,100,87
40,5122.5,13251,49140,35289,99,87
40,5124.6,13091,49140,35449,98,87
40,5126.7,13155,49140,35385,97,87
40,5128.7,13251,49140,35289,99,87
40,5130.8,12803,49140,35737,99,87
40,5132.8,13283,49140,35257,99,87
40,5134.9,13027,49140,35513,99,87
40,5137.0,13283,49140,35257,100,88
40,5139.1,12995,49140,35545,99,87
40,5141.1,16067,49140,32473,74,87
40,5143.2,15491,49140,33049,100,87
40,5145.2,15651,49140,32889,100,87
40,5147.3,17059,49140,31481,83,86
40,5149.4,13187,49140,35353,86,87
40,5151.4,13219,49140,35321,100,87
40,5153.5,13187,49140,35353,99,87
40,5155.5,13315,49140,35225,99,87
40,5157.6,13027,49140,35513,99,87
40,5159.7,13283,49140,35257,99,87
40,5161.7,13091,49140,35449,99,87
40,5163.8,13315,49140,35225,100,87
40,5165.9,12963,49140,35577,97,87
40,5167.9,12579,49140,35961,99,87
40,5170.0,15971,49140,32569,99,87
40,5172.0,15651,49140,32889,100,87
40,5174.1,15779,49140,32761,100,87
40,5176.2,13219,49140,35321,100,87
40,5178.2,13347,49140,35193,99,87
40,5180.3,12867,49140,35673,99,87
40,5182.4,13283,49140,35257,99,87
40,5184.4,13283,49140,35257,99,87
40,5186.5,13251,49140,35289,99,87
40,5188.6,13283,49140,35257,99,87
40,5190.6,13187,49140,35353,99,87
40,5192.7,13315,49140,35225,99,87
40,5194.8,12771,49140,35769,99,87
40,5196.8,16067,49140,32473,100,87
40,5198.9,15523,49140,33017,100,87
40,5201.0,16227,49140,32313,94,86
40,5203.0,13251,49140,35289,98,87
40,5205.1,13347,49140,35193,99,87
40,5207.1,12867,49140,35673,99,87
40,5209.2,13219,49140,35321,99,87
40,5211.3,13123,49140,35417,99,87
40,5213.3,13187,49140,35353,98,87
40,5215.4,13251,49140,35289,99,87
40,5217.5,12771,49140,35769,99,87
40,5219.5,13315,49140,35225,99,87
40,5221.6,12835,49140,35705,99,87
40,5223.6,16131,49140,32409,100,87
40,5225.7,15945,49140,32595,100,87
40,5227.8,15627,49140,32913,90,85
40,5229.8,16203,49140,32337,100,87
40,5231.9,13227,49140,35313,100,87
40,5233.9,12971,49140,35569,99,87
40,5236.0,13227,49140,35313,100,87
40,5238.1,13387,49140,35153,99,87
40,5240.2,13195,49140,35345,99,87
40,5242.2,13355,49140,35185,99,87
40,5244.3,13547,49140,34993,99,87
40,5246.3,12459,49140,36081,0,83
40,5248.4,12459,49140,36081,0,81
40,5250.5,12587,49140,35953,0,79
40,5252.5,15435,49140,33105,100,83
40,5254.6,15627,49140,32913,97,84
40,5256.6,15051,49140,33489,100,84
40,5258.7,13387,49140,35153,93,83
40,5260.8,13003,49140,35537,83,85
40,5262.8,13259,49140,35281,99,85
40,5264.9,13131,49140,35409,99,86
40,5267.0,13291,49140,35249,99,86
40,5269.0,12779,49140,35761,64,85
40,5271.1,13355,49140,35185,99,86
40,5273.1,13387,49140,35153,99,85
40,5275.2,16075,49140,32465,100,84
40,5277.3,16075,49140,32465,100,85
40,5279.3,13291,49140,35249,100,86
40,5281.4,13355,49140,35185,99,86
40,5283.5,13419,49140,35121,99,86
40,5285.6,15987,49140,32553,92,83
40,5287.6,15923,49140,32617,99,86
40,5289.7,16179,49140,32361,68,85
40,5291.8,13363,49140,35177,87,86
40,5293.8,16085,49140,32455,2,82
40,5295.9,15925,49140,32615,100,85
40,5298.0,15605,49140,32935,100,85
40,5300.0,4167,49140,44373,72,82
40,5302.1,3143,49140,45397,0,81
40,5304.1,3143,49140,45397,0,80
40,5306.2,6897,49140,41643,89,84
40,5308.2,7325,49140,41215,0,82
40,5310.3,8231,49140,40309,100,83
40,5312.3,9767,49140,38773,100,84
40,5314.4,5959,49140,42581,100,83
40,5316.5,6119,49140,42421,100,84
40,5318.5,6055,49140,42485,100,84
40,5320.6,5511,49140,43029,99,85
40,5322.6,5255,49140,43285,80,84
40,5324.7,8743,49140,39797,100,84
40,5326.7,8871,49140,39669,100,85
40,5328.8,6583,49140,41957,95,82
40,5330.8,6263,49140,42277,92,85
40,5332.9,7895,49140,40645,100,84
40,5334.9,9495,49140,39045,100,84
40,5337.0,9623,49140,38917,100,85
40,5339.0,6743,49140,41797,99,85
40,5341.1,4547,49140,43993,70,82
40,5343.1,8395,49140,40145,100,85
40,5345.2,8811,49140,39729,100,85
40,5347.2,8973,49140,39567,100,84
40,5349.3,6381,49140,42159,99,85
40,5351.3,6061,49140,42479,99,86
40,5353.4,6413,49140,42127,100,86
40,5355.5,6381,49140,42159,99,86
40,5357.5,6381,49140,42159,99,86
40,5359.6,6477,49140,42063,99,86
40,5361.7,6125,49140,42415,99,87
40,5363.7,6381,49140,42159,99,87
40,5365.8,6509,49140,42031,99,87
40,5367.9,5965,49140,42575,99,87
40,5369.9,9037,49140,39503,92,87
40,5372.0,10509,49140,38031,100,87
40,5374.0,10637,49140,37903,100,86
40,5376.1,7661,49140,40879,99,87
40,5378.2,7565,49140,40975,99,87
40,5380.2,7597,49140,40943,99,87
40,5382.3,7725,49140,40815,99,87
40,5384.3,7629,49140,40911,100,87
40,5386.4,7725,49140,40815,99,87
40,5388.5,7565,49140,40975,99,88
40,5390.5,7693,49140,40847,99,88
40,5392.6,7917,49140,40623,99,87
40,5394.7,7789,49140,40751,99,88
40,5396.7,10881,49140,37659,79,87
40,5398.8,10977,49140,37563,100,87
40,5400.8,7969,49140,40571,100,87
40,5402.9,7937,49140,40603,96,87
40,5404.9,7617,49140,40923,99,88
40,5407.0,7617,49140,40923,99,87
40,5409.1,8001,49140,40539,99,88
40,5411.1,7841,49140,40699,99,88
40,5413.2,8001,49140,40539,99,88
40,5415.3,8161,49140,40379,99,88
40,5417.3,7553,49140,40987,99,88
40,5419.4,22749,49140,25791,100,88
40,5421.5,45075,49140,3465,85,87
40,5423.6,44435,49140,4105,100,87
40,5425.6,43923,49140,4617,97,87
40,5427.7,44307,49140,4233,100,86
40,5429.7,41363,49140,7177,100,88
40,5431.8,41363,49140,7177,100,88
40,5433.9,41459,49140,7081,100,88
40,5435.9,41363,49140,7177,100,87
40,5438.0,41363,49140,7177,100,87
40,5440.1,40659,49140,7881,0,84
40,5442.1,40659,49140,7881,0,82
40,5444.2,40659,49140,7881,0,81
40,5446.2,41267,49140,7273,100,84
40,5448.3,40883,49140,7657,100,85
40,5450.4,40851,49140,7689,100,85
40,5452.4,40755,49140,7785,100,85
40,5454.5,44275,49140,4265,100,85
40,5456.5,44371,49140,4169,100,85
40,5458.6,41331,49140,7209,100,86
40,5460.7,41395,49140,7145,93,86
40,5462.7,41683,49140,6857,97,86
40,5464.8,44243,49140,4297,100,86
40,5466.8,44243,49140,4297,100,86
40,5468.9,43923,49140,4617,100,86
40,5470.9,6663,49140,41877,97,86
40,5473.0,5959,49140,42581,0,82
40,5475.1,7721,49140,40819,100,85
40,5477.1,5701,49140,42839,100,85
40,5479.2,9941,49140,38599,100,86
40,5481.3,6725,49140,41815,96,86
40,5483.3,6437,49140,42103,99,86
40,5485.4,6693,49140,41847,97,86
40,5487.5,6693,49140,41847,98,86
40,5489.5,6693,49140,41847,97,86
40,5491.6,6853,49140,41687,99,86
40,5493.7,6405,49140,42135,98,87
40,5495.7,9285,49140,39255,100,87
40,5497.8,11093,49140,37447,100,86
40,5499.8,9941,49140,38599,97,86
40,5501.9,7349,49140,41191,97,87
40,5504.0,7221,49140,41319,96,87
40,5506.0,7221,49140,41319,100,87
40,5508.1,7349,49140,41191,97,87
40,5510.1,7093,49140,41447,98,87
40,5512.2,7349,49140,41191,97,87
40,5514.2,7381,49140,41159,97,87
40,5516.3,6965,49140,41575,96,87
40,5518.4,10197,49140,38343,100,87
40,5520.4,9717,49140,38823,100,87
40,5522.5,9813,49140,38727,100,87
40,5524.5,7383,49140,41157,90,87
40,5526.6,7319,49140,41221,97,87
40,5528.6,7383,49140,41157,98,87
40,5530.7,7479,49140,41061,99,87
40,5532.8,5183,49140,43357,99,87
40,5534.9,5907,49140,42633,99,87
40,5536.9,5427,49140,43113,99,88
40,5539.0,8723,49140,39817,100,87
40,5541.0,8211,49140,40329,100,87
40,5543.1,6663,49140,41877,100,87
40,5545.1,6655,49140,41885,99,87
40,5547.2,6559,49140,41981,99,87
40,5549.3,6687,49140,41853,100,88
40,5551.3,6431,49140,42109,99,88
40,5553.4,6623,49140,41917,99,88
40,5555.5,6623,49140,41917,99,88
40,5557.5,6175,49140,42365,99,87
40,5559.6,9055,49140,39485,100,85
40,5561.6,9567,49140,38973,100,85
40,5563.7,6527,49140,42013,100,87
40,5565.8,6687,49140,41853,99,87
40,5567.8,6079,49140,42461,99,87
40,5569.9,6623,49140,41917,100,87
40,5572.0,6367,49140,42173,99,88
40,5574.0,6527,49140,42013,99,88
40,5576.1,6495,49140,42045,99,88
40,5578.1,6111,49140,42429,99,88
40,5580.2,9151,49140,39389,100,87
40,5582.3,8511,49140,40029,100,88
40,5584.3,6527,49140,42013,100,87
40,5586.4,6783,49140,41757,100,88
40,5588.4,6207,49140,42333,99,88
40,5590.5,6591,49140,41949,98,88
40,5592.6,6751,49140,41789,99,88
40,5594.6,6495,49140,42045,99,88
40,5596.7,6431,49140,42109,99,88
40,5598.8,9439,49140,39101,70,87
40,5600.8,9471,49140,39069,100,87
40,5602.9,6431,49140,42109,100,88
40,5605.0,6559,49140,41981,99,88
40,5607.0,6015,49140,42525,99,87
40,5609.1,6047,49140,42493,99,88
40,5611.1,6495,49140,42045,98,88
40,5613.2,6527,49140,42013,99,88
40,5615.3,6079,49140,42461,96,88
40,5617.4,9439,49140,39101,100,87
40,5619.4,27507,49140,21033,100,87
40,5621.5,37021,49140,11519,100,87
40,5623.6,34333,49140,14207,100,87
40,5625.7,34333,49140,14207,100,87
40,5627.7,34333,49140,14207,98,87
40,5629.8,34365,49140,14175,100,87
40,5631.9,34397,49140,14143,100,87
40,5633.9,34429,49140,14111,100,88
40,5636.0,34429,49140,14111,100,87
40,5638.0,34397,49140,14143,100,87
40,5640.1,34397,49140,14143,100,87
40,5642.2,34397,49140,14143,100,87
40,5644.3,34333,49140,14207,100,87
40,5646.3,34429,49140,14111,97,87
40,5648.4,34429,49140,14111,100,87
40,5650.4,34365,49140,14175,100,87
40,5652.5,34237,49140,14303,100,87
40,5654.5,34173,49140,14367,100,87
40,5656.6,33949,49140,14591,100,87
40,5658.7,33949,49140,14591,100,87
40,5660.8,33885,49140,14655,100,87
40,5662.8,34333,49140,14207,97,87
40,5664.9,44007,49140,4533,100,87
40,5667.0,44007,49140,4533,100,87
40,5669.1,44007,49140,4533,100,87
40,5671.1,44039,49140,4501,100,87
40,5673.2,43879,49140,4661,100,87
40,5675.2,43943,49140,4597,100,87
40,5677.3,43911,49140,4629,100,87
40,5679.4,43975,49140,4565,100,87
40,5681.4,43847,49140,4693,100,87
40,5683.5,43847,49140,4693,100,87
40,5685.6,43815,49140,4725,99,87
40,5687.7,43783,49140,4757,100,88
40,5689.8,43591,49140,4949,100,87
40,5691.9,43559,49140,4981,100,87
40,5694.0,43527,49140,5013,100,87
40,5696.1,43495,49140,5045,100,87
40,5698.2,43495,49140,5045,100,87
40,5700.3,43495,49140,5045,99,87
40,5702.4,43495,49140,5045,100,87
40,5704.5,43367,49140,5173,100,87
40,5706.5,46919,49140,1621,100,87
40,5708.6,46439,49140,2101,99,87
40,5710.6,44103,49140,4437,100,87
40,5712.7,43687,49140,4853,100,87
40,5714.8,43977,49140,4563,100,87
40,5716.9,43977,49140,4563,100,87
40,5718.9,44009,49140,4531,100,87
40,5721.0,44041,49140,4499,100,87
40,5723.1,44041,49140,4499,98,87
40,5725.1,44041,49140,4499,100,87
40,5727.2,44041,49140,4499,100,87
40,5729.3,44105,49140,4435,100,87
40,5731.3,44041,49140,4499,100,87
40,5733.4,44041,49140,4499,100,87
40,5735.5,44105,49140,4435,100,87
40,5737.6,44041,49140,4499,100,87
40,5739.6,43945,49140,4595,100,87
40,5741.7,43881,49140,4659,100,87
40,5743.7,43817,49140,4723,100,87
40,5745.8,43817,49140,4723,97,87
40,5747.9,43561,49140,4979,100,88
40,5749.9,43945,49140,4595,96,87
40,5752.0,43945,49140,4595,100,87
40,5754.1,43977,49140,4563,100,87
40,5756.2,44009,49140,4531,97,87
40,5758.2,44009,49140,4531,100,87
40,5760.3,44041,49140,4499,100,87
40,5762.4,44041,49140,4499,100,87
40,5764.4,44073,49140,4467,100,87
40,5766.5,44105,49140,4435,100,87
40,5768.6,44073,49140,4467,100,87
40,5770.7,44073,49140,4467,96,87
40,5772.7,44009,49140,4531,100,87
40,5774.8,44009,49140,4531,99,87
40,5776.8,44073,49140,4467,99,87
40,5778.9,44041,49140,4499,97,87
40,5781.0,44041,49140,4499,100,87
40,5783.0,43977,49140,4563,100,87
40,5785.1,43945,49140,4595,100,87
40,5787.2,43881,49140,4659,100,87
40,5789.3,43881,49140,4659,100,87
40,5791.3,43657,49140,4883,100,87
40,5793.4,43529,49140,5011,100,87
40,5795.5,43529,49140,5011,100,87
40,5797.5,46921,49140,1619,100,87
40,5799.6,46473,49140,2067,100,87
40,5801.7,45705,49140,2835,100,87
40,5803.7,43977,49140,4563,100,87
40,5805.8,43977,49140,4563,100,87
40,5807.9,43977,49140,4563,100,87
40,5809.9,44009,49140,4531,100,87
40,5812.0,44009,49140,4531,100,87
40,5814.1,44009,49140,4531,100,87
40,5816.1,43977,49140,4563,99,87
40,5818.2,44009,49140,4531,100,87
40,5820.3,43977,49140,4563,100,87
40,5822.4,44041,49140,4499,100,87
40,5824.4,44041,49140,4499,100,87
40,5826.5,44041,49140,4499,100,87
40,5828.5,44009,49140,4531,92,87
40,5830.6,43785,49140,4755,99,87
40,5832.7,43689,49140,4851,100,87
40,5834.8,43561,49140,4979,100,87
40,5836.8,43529,49140,5011,99,87
40,5838.9,43529,49140,5011,100,87
40,5841.0,43977,49140,4563,98,87
40,5843.0,43977,49140,4563,100,87
40,5845.1,44009,49140,4531,100,86
40,5847.2,44041,49140,4499,100,87
40,5849.2,44073,49140,4467,100,87
40,5851.3,44073,49140,4467,100,87
40,5853.4,44105,49140,4435,100,87
40,5855.4,44073,49140,4467,100,87
40,5857.5,44105,49140,4435,100,87
40,5859.6,44137,49140,4403,100,87
40,5861.6,44137,49140,4403,100,87
40,5863.7,44105,49140,4435,100,87
40,5865.8,43945,49140,4595,100,87
40,5867.9,43977,49140,4563,100,87
40,5869.9,43881,49140,4659,100,87
40,5872.0,43849,49140,4691,100,87
40,5874.1,43913,49140,4627,100,87
40,5876.2,43753,49140,4787,100,87
40,5878.2,43625,49140,4915,100,87
40,5880.3,43753,49140,4787,100,87
40,5882.4,43497,49140,5043,100,87
40,5884.4,43465,49140,5075,98,87
40,5886.5,43401,49140,5139,100,87
40,5888.6,43401,49140,5139,100,87
40,5890.6,46377,49140,2163,100,85
40,5892.7,46409,49140,2131,100,87
40,5894.8,43305,49140,5235,100,87
40,5896.8,43305,49140,5235,100,87
40,5898.9,43305,49140,5235,100,86
40,5901.0,43305,49140,5235,100,87
40,5903.0,43305,49140,5235,100,87
40,5905.1,43305,49140,5235,100,87
40,5907.2,43305,49140,5235,100,87
40,5909.3,43305,49140,5235,99,87
40,5911.3,43305,49140,5235,100,87
40,5913.4,43305,49140,5235,100,87
40,5915.5,44105,49140,4435,98,87
40,5917.6,43753,49140,4787,100,87
40,5919.6,43785,49140,4755,100,87
40,5921.7,43817,49140,4723,100,87
40,5923.8,43817,49140,4723,100,87
40,5925.8,43849,49140,4691,100,87
40,5927.9,43849,49140,4691,100,87
40,5930.0,43881,49140,4659,100,87
40,5932.0,43913,49140,4627,100,87
40,5934.1,43945,49140,4595,100,87
40,5936.2,43977,49140,4563,100,87
40,5938.3,43977,49140,4563,100,87
40,5940.4,43977,49140,4563,100,87
40,5942.5,43945,49140,4595,100,87
40,5944.5,43945,49140,4595,99,87
40,5946.6,43849,49140,4691,100,87
40,5948.6,43785,49140,4755,100,86
40,5950.7,43689,49140,4851,100,87
40,5952.8,43465,49140,5075,99,86
40,5954.8,43497,49140,5043,100,87
40,5956.9,43369,49140,5171,100,87
40,5959.0,43369,49140,5171,100,87
40,5961.0,46345,49140,2195,100,87
40,5963.1,43881,49140,4659,100,87
40,5965.2,44009,49140,4531,100,87
40,5967.2,44041,49140,4499,100,87
40,5969.3,43817,49140,4723,100,86
40,5971.4,23361,49140,25179,88,87
40,5973.5,23481,49140,25059,98,87
40,5975.5,23385,49140,25155,97,87
40,5977.6,22843,49140,25697,97,86
40,5979.6,26075,49140,22465,94,86
40,5981.7,23451,49140,25089,99,86
40,5983.8,23355,49140,25185,98,87
40,5985.8,22907,49140,25633,99,87
40,5987.9,25531,49140,23009,98,87
40,5990.0,23291,49140,25249,99,86
40,5992.0,23387,49140,25153,96,86
40,5994.1,23163,49140,25377,97,87
40,5996.2,22779,49140,25761,100,86
40,5998.2,22779,49140,25761,99,86
40,6000.3,22779,49140,25761,100,87
40,6002.4,32069,49140,16471,96,86
40,6004.4,32069,49140,16471,100,87
40,6006.5,32069,49140,16471,100,87
40,6008.6,32069,49140,16471,99,87
40,6010.6,32069,49140,16471,100,87
40,6012.7,32069,49140,16471,100,87
40,6014.8,32069,49140,16471,100,87
40,6016.8,32069,49140,16471,100,87
40,6018.9,32069,49140,16471,100,87
40,6021.0,32069,49140,16471,100,86
40,6023.0,32069,49140,16471,100,87
40,6025.1,32069,49140,16471,100,87
40,6027.2,32069,49140,16471,100,87
40,6029.3,32069,49140,16471,100,87
40,6031.3,32069,49140,16471,98,87
40,6033.4,32069,49140,16471,100,87
40,6035.5,41359,49140,7181,98,87
40,6037.5,41359,49140,7181,100,86
40,6039.6,41359,49140,7181,100,87
40,6041.6,41359,49140,7181,98,87
40,6043.7,41359,49140,7181,100,87
40,6045.8,41359,49140,7181,100,87
40,6047.8,41359,49140,7181,98,87
40,6049.9,41359,49140,7181,100,87
40,6052.0,41359,49140,7181,100,87
40,6054.0,41359,49140,7181,100,87
40,6056.1,41359,49140,7181,99,87
40,6058.2,41359,49140,7181,100,87
40,6060.2,41359,49140,7181,100,87
40,6062.3,41359,49140,7181,100,87
40,6064.4,41359,49140,7181,97,87
40,6066.4,41359,49140,7181,100,87
40,6068.5,41359,49140,7181,100,87
40,6070.6,41359,49140,7181,100,87
40,6072.7,41359,49140,7181,100,87
40,6074.7,41359,49140,7181,100,87
40,6076.8,41359,49140,7181,100,87
40,6078.9,41359,49140,7181,100,87
40,6080.9,41359,49140,7181,100,87
40,6083.0,41359,49140,7181,100,87
40,6085.1,41359,49140,7181,100,87
40,6087.1,41359,49140,7181,100,87
40,6089.2,41359,49140,7181,100,87
40,6091.2,41359,49140,7181,100,87
40,6093.3,41359,49140,7181,100,87
40,6095.3,41359,49140,7181,98,87
40,6097.4,41359,49140,7181,99,87
40,6099.5,41359,49140,7181,100,87
40,6101.6,41359,49140,7181,100,87
40,6103.6,41359,49140,7181,100,87
40,6105.7,41359,49140,7181,100,87
40,6107.8,41359,49140,7181,99,87
40,6109.8,41359,49140,7181,100,87
40,6111.9,41359,49140,7181,100,87
40,6114.0,41359,49140,7181,100,87
40,6116.0,41359,49140,7181,100,87
40,6118.1,41359,49140,7181,100,87
40,6120.2,41359,49140,7181,100,87
40,6122.3,41359,49140,7181,100,87
40,6124.4,41359,49140,7181,100,87
40,6126.4,41359,49140,7181,100,87
40,6128.5,41359,49140,7181,100,87
40,6130.6,41359,49140,7181,100,87
40,6132.6,41359,49140,7181,100,87
40,6134.7,41359,49140,7181,100,87
40,6136.8,41359,49140,7181,100,87
40,6138.9,41359,49140,7181,99,87
40,6141.0,41359,49140,7181,100,87
40,6143.0,41359,49140,7181,97,87
40,6145.1,41359,49140,7181,98,87
40,6147.2,41359,49140,7181,100,87
40,6149.2,41359,49140,7181,99,87
40,6151.3,41359,49140,7181,100,87
40,6153.4,41359,49140,7181,100,87
40,6155.4,41359,49140,7181,100,87
40,6157.5,41359,49140,7181,100,87
40,6159.6,41359,49140,7181,100,87
40,6161.6,41359,49140,7181,100,87
40,6163.7,41359,49140,7181,100,87
40,6165.8,41359,49140,7181,100,87
40,6167.8,41359,49140,7181,100,87
40,6169.9,41359,49140,7181,99,87
40,6172.0,41359,49140,7181,100,87
40,6174.1,41359,49140,7181,100,87
40,6176.1,41359,49140,7181,100,87
40,6178.2,41359,49140,7181,98,87
40,6180.3,41359,49140,7181,100,87
40,6182.3,41359,49140,7181,100,87
40,6184.4,41359,49140,7181,97,87
40,6186.4,41359,49140,7181,98,87
40,6188.5,41359,49140,7181,100,87
40,6190.6,41359,49140,7181,100,87
40,6192.6,41359,49140,7181,100,87
40,6194.7,22309,49140,26231,100,83
40,6196.8,40753,49140,7787,100,87
40,6198.9,40755,49140,7785,98,87
40,6200.9,40755,49140,7785,100,87
40,6203.0,40755,49140,7785,97,87
40,6205.0,40755,49140,7785,97,87
40,6207.1,40755,49140,7785,99,87
40,6209.2,40755,49140,7785,98,87
40,6211.2,40755,49140,7785,97,87
40,6213.3,40757,49140,7783,97,87
40,6215.4,40757,49140,7783,98,87
40,6217.4,40757,49140,7783,98,87
40,6219.5,40757,49140,7783,98,87
40,6221.6,40757,49140,7783,99,87
40,6223.6,40757,49140,7783,98,87
40,6225.7,40757,49140,7783,98,87
40,6227.7,40757,49140,7783,100,87
40,6229.8,40757,49140,7783,98,87
40,6231.9,40757,49140,7783,99,87
40,6233.9,40757,49140,7783,100,87
40,6236.0,40757,49140,7783,100,87
40,6238.0,40757,49140,7783,100,87
40,6240.1,40757,49140,7783,98,87
40,6242.2,12531,49140,36009,99,87
40,6244.3,12533,49140,36007,100,87
40,6246.3,12533,49140,36007,100,87
40,6248.4,12555,49140,35985,97,87
40,6250.5,12555,49140,35985,99,87
40,6252.5,12555,49140,35985,100,88
40,6254.6,12555,49140,35985,100,88
40,6256.7,12555,49140,35985,100,88
40,6258.7,12555,49140,35985,100,88
40,6260.8,12555,49140,35985,100,88
40,6262.9,12555,49140,35985,100,88
40,6264.9,12555,49140,35985,100,88
40,6267.0,12555,49140,35985,100,87
40,6269.1,12555,49140,35985,100,87
40,6271.1,12555,49140,35985,100,88
40,6273.2,12555,49140,35985,100,87
40,6275.3,12555,49140,35985,100,87
40,6277.3,12555,49140,35985,100,88
40,6279.4,12555,49140,35985,99,88
40,6281.5,12555,49140,35985,97,88
40,6283.5,12555,49140,35985,100,88
40,6285.6,12555,49140,35985,100,87
40,6287.7,12555,49140,35985,100,88
40,6289.7,12557,49140,35983,99,88
40,6291.8,12557,49140,35983,100,88
40,6293.9,12557,49140,35983,99,88
40,6295.9,12557,49140,35983,100,88
40,6298.0,12557,49140,35983,100,88
40,6300.1,12557,49140,35983,100,88
40,6302.1,12557,49140,35983,100,88
40,6304.2,12557,49140,35983,100,87
40,6306.3,12557,49140,35983,93,87
40,6308.3,12557,49140,35983,100,87
40,6310.4,12557,49140,35983,100,88
40,6312.5,12557,49140,35983,100,87
40,6314.6,12557,49140,35983,100,88
40,6316.6,12557,49140,35983,100,88
40,6318.7,12557,49140,35983,100,88
40,6320.8,12557,49140,35983,100,88
40,6322.9,12557,49140,35983,100,88
40,6324.9,12557,49140,35983,100,88
40,6327.0,12557,49140,35983,100,88
40,6329.0,12557,49140,35983,100,88
40,6331.1,12557,49140,35983,100,88
40,6333.2,12557,49140,35983,100,88
40,6335.3,12557,49140,35983,100,87
40,6337.3,12557,49140,35983,100,87
40,6339.4,12557,49140,35983,100,88
40,6341.5,12557,49140,35983,100,88
40,6343.6,12557,49140,35983,100,88
40,6345.7,12557,49140,35983,100,87
40,6347.8,12557,49140,35983,100,88
40,6349.9,12557,49140,35983,100,88
40,6352.0,12557,49140,35983,100,88
40,6354.1,12557,49140,35983,100,87
40,6356.1,12557,49140,35983,100,88
40,6358.2,12557,49140,35983,100,87
40,6360.2,12557,49140,35983,100,88
40,6362.3,12557,49140,35983,100,88
40,6364.4,12557,49140,35983,100,88
40,6366.4,12557,49140,35983,100,88
40,6368.5,12557,49140,35983,100,87
40,6370.6,12557,49140,35983,100,88
40,6372.6,12557,49140,35983,100,88
40,6374.7,12557,49140,35983,100,88
40,6376.8,12557,49140,35983,100,88
40,6378.8,12557,49140,35983,100,88
40,6380.9,12557,49140,35983,100,88
40,6383.0,12557,49140,35983,100,88
40,6385.0,12557,49140,35983,100,88
40,6387.1,12557,49140,35983,100,88
40,6389.2,12557,49140,35983,100,87
40,6391.2,12533,49140,36007,99,87
40,6393.3,12533,49140,36007,100,88
40,6395.4,12533,49140,36007,100,88
40,6397.4,12511,49140,36029,99,87
40,6399.5,12511,49140,36029,100,87
40,6401.6,12511,49140,36029,100,87
40,6403.6,12511,49140,36029,100,87
40,6405.7,12511,49140,36029,100,88
40,6407.7,12511,49140,36029,100,88
40,6409.8,12511,49140,36029,100,88
40,6411.9,12511,49140,36029,100,88
40,6413.9,12511,49140,36029,100,88
40,6416.0,12511,49140,36029,100,88
40,6418.1,12511,49140,36029,99,87
40,6420.1,12511,49140,36029,100,88
40,6422.2,12511,49140,36029,0,83
40,6424.2,12511,49140,36029,0,81
40,6426.3,12511,49140,36029,0,80
40,6428.4,12511,49140,36029,100,84
40,6430.4,12511,49140,36029,100,85
40,6432.5,12511,49140,36029,100,85
40,6434.6,12511,49140,36029,100,85
40,6436.7,12511,49140,36029,100,85
40,6438.7,12511,49140,36029,61,86
40,6440.8,12511,49140,36029,100,85
40,6442.9,12511,49140,36029,100,85
40,6444.9,12511,49140,36029,100,86
40,6447.0,12511,49140,36029,100,83
40,6449.1,12511,49140,36029,0,80
40,6451.1,12511,49140,36029,0,79
40,6453.2,12511,49140,36029,0,77
40,6455.3,12511,49140,36029,0,76
40,6457.3,12511,49140,36029,0,75
40,6459.4,12511,49140,36029,0,74
40,6461.4,12511,49140,36029,0,74
40,6463.5,12511,49140,36029,9,75
40,6465.5,12511,49140,36029,10,74
40,6467.6,12511,49140,36029,100,80
40,6469.7,12511,49140,36029,100,80
40,6471.7,12511,49140,36029,34,76
40,6473.8,12511,49140,36029,14,76
40,6475.8,12511,49140,36029,15,76
40,6477.9,12511,49140,36029,17,76
40,6479.9,12511,49140,36029,64,80
40,6482.0,12507,49140,36033,0,75
40,6484.0,12511,49140,36029,100,80
40,6486.1,12351,49140,36189,0,75
40,6488.2,12353,49140,36187,100,81
40,6490.3,12355,49140,36185,99,82
40,6492.3,12355,49140,36185,100,82
40,6494.4,12355,49140,36185,99,82
40,6496.4,12355,49140,36185,100,83
40,6498.5,4501,49140,44039,100,84
40,6500.6,4971,49140,43569,99,84
40,6502.6,4971,49140,43569,97,85
40,6504.7,4971,49140,43569,100,85
40,6506.7,4971,49140,43569,100,86
40,6508.8,4971,49140,43569,100,86
40,6510.9,4971,49140,43569,100,86
40,6512.9,4971,49140,43569,100,87
40,6515.0,4971,49140,43569,99,87
40,6517.1,4971,49140,43569,100,87
40,6519.1,4971,49140,43569,100,88
40,6521.2,4971,49140,43569,97,88
40,6523.3,4971,49140,43569,99,88
40,6525.3,4971,49140,43569,99,88
40,6527.4,4971,49140,43569,100,88
40,6529.4,3833,49140,44707,99,87
40,6531.5,3833,49140,44707,0,83
40,6533.6,3833,49140,44707,0,81
40,6535.6,3833,49140,44707,0,80
40,6537.7,3833,49140,44707,0,79
40,6539.8,3833,49140,44707,0,82
40,6541.8,3833,49140,44707,0,77
40,6543.9,3833,49140,44707,0,77
40,6545.9,3833,49140,44707,0,76
40,6548.0,4145,49140,44395,0,75
40,6550.1,4769,49140,43771,100,81
40,6552.1,4771,49140,43769,100,82
40,6554.2,4771,49140,43769,83,82
40,6556.3,4771,49140,43769,83,81
40,6558.3,4771,49140,43769,96,83
40,6560.4,4771,49140,43769,90,83
40,6562.5,4771,49140,43769,13,80
40,6564.5,4771,49140,43769,40,79
40,6566.6,4771,49140,43769,83,83
40,6568.6,4771,49140,43769,98,83
40,6570.7,4771,49140,43769,0,78
40,6572.7,4771,49140,43769,0,77
40,6574.8,4771,49140,43769,0,81
40,6576.9,4771,49140,43769,94,82
40,6578.9,5239,49140,43301,100,83
40,6581.0,5239,49140,43301,99,83
40,6583.0,5239,49140,43301,94,84
40,6585.1,5239,49140,43301,98,85
40,6587.1,5239,49140,43301,100,85
40,6589.2,5239,49140,43301,93,86
40,6591.2,5239,49140,43301,90,86
40,6593.3,5239,49140,43301,6,82
40,6595.3,5239,49140,43301,11,81
40,6597.4,5239,49140,43301,8,80
40,6599.4,5239,49140,43301,6,79
40,6601.5,5239,49140,43301,96,83
40,6603.6,5239,49140,43301,100,84
40,6605.6,5239,49140,43301,99,85
40,6607.7,3913,49140,44627,34,81
40,6609.8,4695,49140,43845,89,85
40,6611.8,3109,49140,45431,1,80
40,6613.9,4905,49140,43635,100,84
40,6616.0,4905,49140,43635,100,85
40,6618.0,4905,49140,43635,100,85
40,6620.1,4905,49140,43635,97,86
40,6622.1,4905,49140,43635,4,82
40,6624.2,4905,49140,43635,8,81
40,6626.3,4907,49140,43633,96,85
40,6628.3,4907,49140,43633,100,86
40,6630.4,4907,49140,43633,99,87
40,6632.4,4907,49140,43633,4,82
40,6634.5,4907,49140,43633,9,81
40,6636.5,4907,49140,43633,5,80
40,6638.6,4907,49140,43633,6,80
40,6640.6,4907,49140,43633,2,79
40,6642.7,4907,49140,43633,7,78
40,6644.7,4907,49140,43633,1,77
40,6646.8,4907,49140,43633,6,77
40,6648.8,4907,49140,43633,11,77
40,6650.9,4907,49140,43633,96,81
40,6653.0,4907,49140,43633,99,82
40,6655.0,4907,49140,43633,89,83
40,6657.1,4907,49140,43633,91,83
40,6659.1,4907,49140,43633,100,84
40,6661.2,4907,49140,43633,93,84
40,6663.2,4907,49140,43633,99,85
40,6665.3,4337,49140,44203,93,86
40,6667.4,4337,49140,44203,97,86
40,6669.4,4337,49140,44203,15,82
40,6671.5,4337,49140,44203,5,80
40,6673.5,4337,49140,44203,11,80
40,6675.6,4651,49140,43889,90,85
40,6677.7,2929,49140,45611,0,80
40,6679.7,4065,49140,44475,87,81
40,6681.8,3679,49140,44861,40,81
40,6683.9,3835,49140,44705,97,81
40,6685.9,3835,49140,44705,7,79
40,6688.0,3835,49140,44705,0,78
40,6690.0,3835,49140,44705,0,77
40,6692.1,3835,49140,44705,0,77
40,6694.1,3835,49140,44705,7,76
40,6696.2,3835,49140,44705,10,77
40,6698.2,3835,49140,44705,7,75
40,6700.3,3835,49140,44705,11,76
40,6702.4,3835,49140,44705,2,74
40,6704.4,4771,49140,43769,98,79
40,6706.5,4771,49140,43769,1,76
40,6708.5,4771,49140,43769,0,75
40,6710.6,3913,49140,44627,4,74
40,6712.7,3913,49140,44627,12,74
40,6714.7,3913,49140,44627,11,73
40,6716.8,3913,49140,44627,12,74
40,6718.8,4069,49140,44471,8,73
40,6720.9,4539,49140,44001,74,72
40,6723.0,3055,49140,45485,38,71
40,6725.0,4147,49140,44393,13,71
40,6727.1,4147,49140,44393,0,73
40,6729.1,4147,49140,44393,5,71
40,6731.2,4147,49140,44393,12,71
40,6733.2,4147,49140,44393,15,71
40,6735.3,4303,49140,44237,15,71
40,6737.3,4459,49140,44081,6,71
40,6739.4,4459,49140,44081,11,70
40,6741.5,4459,49140,44081,21,71
40,6743.5,4459,49140,44081,16,70
40,6745.6,4459,49140,44081,1,69
40,6747.6,4459,49140,44081,1,69
40,6749.7,4459,49140,44081,4,69
40,6751.8,4459,49140,44081,7,69
40,6753.8,4459,49140,44081,6,69
40,6755.9,4459,49140,44081,8,69
40,6757.9,4459,49140,44081,11,68
40,6760.0,4459,49140,44081,100,73
40,6762.1,4459,49140,44081,89,75
40,6764.1,4459,49140,44081,100,77
40,6766.2,4459,49140,44081,14,72
40,6768.2,4459,49140,44081,3,71
40,6770.3,4459,49140,44081,1,70
40,6772.3,3991,49140,44549,98,76
40,6774.4,4147,49140,44393,99,77
40,6776.5,4147,49140,44393,0,73
