elapsed_s,gpu,mem_used_mb,util_pct,temp_c,power_w
0.1,0,1439,0,57,22.19
0.1,1,55,0,34,7.23
0.1,2,15,0,57,20.13
2.2,0,1439,0,57,22.10
2.2,1,55,0,34,7.59
2.2,2,15,0,57,20.18
4.2,0,1439,0,57,30.56
4.2,1,55,0,34,11.75
4.2,2,15,0,57,29.30
6.3,0,1439,0,56,22.88
6.3,1,55,0,34,7.35
6.3,2,15,0,57,20.36
8.4,0,1439,0,56,22.16
8.4,1,55,0,34,7.12
8.4,2,15,0,57,20.08
10.5,0,1439,0,56,25.46
10.5,1,55,0,34,8.60
10.5,2,15,0,57,23.40
12.6,0,1439,0,56,22.34
12.6,1,55,0,34,7.93
12.6,2,15,0,57,21.26
14.7,0,1439,0,56,21.84
14.7,1,55,0,34,7.12
14.7,2,15,0,57,20.10
16.8,0,1439,0,56,22.38
16.8,1,55,0,34,7.21
16.8,2,15,0,57,20.25
18.9,0,1439,0,56,23.41
18.9,1,55,0,34,11.67
18.9,2,15,0,57,29.80
20.9,0,1439,0,55,22.11
20.9,1,55,0,34,7.47
20.9,2,15,0,57,20.66
23.0,0,1439,0,55,22.02
23.0,1,55,0,34,7.43
23.0,2,15,0,57,20.09
25.1,0,1439,0,56,30.10
25.1,1,55,0,34,9.04
25.1,2,15,0,57,23.91
27.2,0,1439,0,55,22.50
27.2,1,55,0,34,7.94
27.2,2,15,0,57,21.57
29.3,0,5133,100,62,111.76
29.3,1,55,0,34,7.29
29.3,2,15,0,57,20.03
31.4,0,2477,12,59,119.24
31.4,1,55,0,34,7.30
31.4,2,15,0,57,20.20
33.5,0,2541,9,59,101.58
33.5,1,55,0,34,11.86
33.5,2,15,0,57,21.30
35.5,0,1677,100,61,234.04
35.5,1,55,0,34,7.31
35.5,2,15,0,57,20.21
37.6,0,2701,82,65,225.86
37.6,1,55,0,34,7.44
37.6,2,15,0,56,20.42
39.7,0,5261,100,66,242.08
39.7,1,55,0,34,9.77
39.7,2,15,0,57,24.90
41.8,0,5421,100,67,235.16
41.8,1,55,0,34,7.44
41.8,2,15,0,57,22.03
43.9,0,2765,13,64,142.80
43.9,1,55,0,34,7.29
43.9,2,15,0,56,20.27
45.9,0,5293,90,65,216.37
45.9,1,55,0,34,7.19
45.9,2,15,0,56,20.64
48.0,0,5389,100,70,246.15
48.0,1,55,0,34,11.36
48.0,2,15,0,57,22.08
50.1,0,2797,89,70,245.24
50.1,1,55,0,34,6.77
50.1,2,15,0,56,20.35
52.1,0,5357,62,69,205.49
52.1,1,55,0,34,6.21
52.1,2,15,0,56,20.90
54.2,0,4863,100,72,223.44
54.2,1,55,0,34,8.09
54.2,2,15,0,57,29.28
56.3,0,2267,100,73,251.07
56.3,1,55,0,34,6.04
56.3,2,15,0,56,20.47
58.3,0,3509,93,74,227.15
58.3,1,55,0,34,6.00
58.3,2,15,0,56,21.09
60.4,0,4309,82,74,194.55
60.4,1,55,0,34,6.33
60.4,2,15,0,56,20.74
62.5,0,5525,90,75,243.94
62.5,1,55,0,34,6.42
62.5,2,15,0,57,21.36
64.6,0,6261,100,77,259.15
64.6,1,55,0,34,5.89
64.6,2,15,0,56,20.49
66.6,0,3253,21,74,184.18
66.6,1,55,0,34,6.16
66.6,2,15,0,56,20.73
68.7,0,3445,9,76,218.05
68.7,1,55,0,34,11.73
68.7,2,15,0,56,29.95
70.8,0,3509,47,78,196.15
70.8,1,55,0,34,7.27
70.8,2,15,0,56,21.02
72.9,0,3541,94,78,261.87
72.9,1,55,0,34,7.24
72.9,2,15,0,56,21.03
74.9,0,6569,100,78,242.15
74.9,1,55,0,34,8.08
74.9,2,15,0,56,20.65
77.1,0,17203,81,80,254.50
77.1,1,55,0,34,7.42
77.1,2,15,0,56,22.01
79.1,0,16019,100,80,260.97
79.1,1,55,0,34,6.99
79.1,2,15,0,56,20.62
81.2,0,16259,51,78,255.60
81.2,1,55,0,34,7.19
81.2,2,15,0,56,20.52
83.3,0,12387,100,81,261.01
83.3,1,55,0,34,11.92
83.3,2,15,0,56,29.11
85.4,0,12389,96,82,278.37
85.4,1,55,0,34,6.98
85.4,2,15,0,56,21.01
87.5,0,4531,89,82,288.35
87.5,1,55,0,34,6.49
87.5,2,15,0,56,20.93
89.5,0,4725,74,81,250.77
89.5,1,55,0,34,7.83
89.5,2,15,0,56,24.29
91.6,0,4405,67,81,249.45
91.6,1,55,0,34,6.99
91.6,2,15,0,56,22.62
93.7,0,7349,100,83,262.01
93.7,1,55,0,34,6.19
93.7,2,15,0,56,20.86
95.8,0,7285,100,84,258.75
95.8,1,55,0,34,6.08
95.8,2,15,0,56,20.43
97.8,0,6517,100,83,266.29
97.8,1,55,0,34,10.41
97.8,2,15,0,56,28.60
99.9,0,7157,100,83,252.13
99.9,1,55,0,34,6.13
99.9,2,15,0,56,20.72
102.0,0,4629,74,84,253.33
102.0,1,55,0,34,5.93
102.0,2,15,0,56,20.59
104.1,0,4693,84,85,278.27
104.1,1,55,0,34,7.76
104.1,2,15,0,56,24.73
106.1,0,4667,67,83,244.19
106.1,1,55,0,34,6.29
106.1,2,15,0,56,22.13
108.2,0,4507,64,85,232.73
108.2,1,55,0,34,5.96
108.2,2,15,0,56,20.88
110.3,0,5659,100,84,206.39
110.3,1,55,0,34,5.92
110.3,2,15,0,56,20.99
112.4,0,6233,100,84,247.27
112.4,1,55,0,34,10.71
112.4,2,15,0,56,29.15
114.4,0,13053,100,85,254.60
114.4,1,55,0,34,6.07
114.4,2,15,0,56,21.06
116.5,0,15357,100,85,272.59
116.5,1,55,0,34,5.84
116.5,2,15,0,56,20.66
118.6,0,12631,21,84,213.77
118.6,1,55,0,34,7.79
118.6,2,15,0,56,28.74
120.6,0,3637,0,82,139.06
120.6,1,55,0,34,6.48
120.6,2,15,0,56,20.89
122.7,0,3731,100,83,256.94
122.7,1,55,0,34,5.86
122.7,2,15,0,56,20.32
124.8,0,3157,71,83,218.74
124.8,1,55,1,34,5.99
124.8,2,15,0,56,20.75
126.9,0,6517,79,84,216.33
126.9,1,55,0,34,6.22
126.9,2,15,0,56,29.18
129.0,0,22621,100,84,266.81
129.0,1,55,0,34,6.87
129.0,2,15,0,56,20.64
131.0,0,3849,74,85,267.55
131.0,1,55,0,34,7.14
131.0,2,15,0,56,20.76
133.2,0,13059,26,84,229.25
133.2,1,55,0,34,11.77
133.2,2,15,0,56,29.27
135.3,0,13795,100,85,275.82
135.3,1,55,0,34,7.34
135.3,2,15,0,56,20.55
137.3,0,4247,60,84,225.82
137.3,1,55,0,34,7.19
137.3,2,15,0,56,20.67
139.4,0,16727,100,85,214.84
139.4,1,55,0,34,8.42
139.4,2,15,0,55,20.60
141.5,0,14143,66,85,266.88
141.5,1,55,0,34,7.54
141.5,2,15,0,56,21.92
143.6,0,23465,87,86,285.05
143.6,1,55,0,34,6.36
143.6,2,15,0,55,20.49
145.7,0,14197,100,86,272.55
145.7,1,55,0,34,6.53
145.7,2,15,0,55,20.49
147.8,0,13997,85,85,236.03
147.8,1,55,0,34,10.13
147.8,2,15,0,56,28.79
149.9,0,13549,76,85,245.91
149.9,1,55,0,34,6.03
149.9,2,15,0,55,20.90
152.0,0,13645,74,84,246.29
152.0,1,55,0,34,6.10
152.0,2,15,0,55,20.74
154.1,0,16685,100,86,256.30
154.1,1,55,0,34,7.50
154.1,2,15,0,56,24.09
156.1,0,14631,53,86,252.70
156.1,1,55,0,34,6.61
156.1,2,15,0,56,21.40
158.2,0,14685,53,85,242.18
158.2,1,55,0,34,5.97
158.2,2,15,0,55,20.59
160.3,0,14141,92,86,256.31
160.3,1,55,0,34,5.87
160.3,2,15,0,55,20.76
162.4,0,18559,84,85,239.67
162.4,1,55,0,34,10.20
162.4,2,15,0,56,29.38
164.4,0,14623,70,86,239.37
164.4,1,55,0,34,6.34
164.4,2,15,0,55,20.87
166.5,0,5285,92,86,245.80
166.5,1,55,0,34,6.07
166.5,2,15,0,55,20.77
168.6,0,5509,95,87,277.27
168.6,1,55,0,34,7.94
168.6,2,15,0,56,24.27
170.7,0,5445,100,85,272.73
170.7,1,55,0,34,6.49
170.7,2,15,0,56,21.90
172.7,0,8741,100,87,250.01
172.7,1,55,0,34,5.89
172.7,2,15,0,55,20.26
174.8,0,6401,93,87,272.24
174.8,1,55,0,34,5.93
174.8,2,15,0,55,20.53
176.9,0,5161,96,87,267.73
176.9,1,55,0,34,10.27
176.9,2,15,0,56,28.75
179.0,0,5397,72,87,271.02
179.0,1,55,0,34,6.00
179.0,2,15,0,55,20.52
181.1,0,4065,0,83,117.93
181.1,1,55,0,34,5.73
181.1,2,15,0,55,20.42
183.1,0,7651,93,86,256.48
183.1,1,55,0,34,7.80
183.1,2,15,0,56,28.88
185.2,0,6659,66,85,226.40
185.2,1,55,0,34,6.63
185.2,2,15,0,55,21.22
187.3,0,6085,85,87,243.44
187.3,1,55,0,34,5.84
187.3,2,15,0,55,20.65
189.4,0,6181,100,87,273.06
189.4,1,55,0,34,7.56
189.4,2,15,0,55,20.91
191.5,0,6853,100,87,276.16
191.5,1,55,0,34,7.05
191.5,2,15,0,56,21.88
193.6,0,6597,83,87,285.14
193.6,1,55,0,34,7.05
193.6,2,15,0,55,20.51
195.7,0,6501,73,87,277.49
195.7,1,55,0,34,7.20
195.7,2,15,0,55,20.74
197.8,0,9125,78,87,272.55
197.8,1,55,0,34,11.49
197.8,2,15,0,56,28.84
199.9,0,6909,100,87,253.32
199.9,1,55,0,34,6.99
199.9,2,15,0,55,20.54
202.0,0,6973,77,87,280.42
202.0,1,55,0,34,7.09
202.0,2,15,0,55,20.64
204.1,0,6589,98,87,276.85
204.1,1,55,0,34,8.41
204.1,2,15,0,56,23.63
206.2,0,9597,100,87,256.77
206.2,1,55,0,34,7.76
206.2,2,15,0,56,21.50
208.3,0,7005,93,87,278.90
208.3,1,55,0,34,7.13
208.3,2,15,0,56,20.45
210.4,0,7133,92,87,283.78
210.4,1,55,0,34,7.43
210.4,2,15,0,55,20.77
212.4,0,6717,94,87,275.65
212.4,1,55,0,34,11.28
212.4,2,15,0,56,28.99
214.6,0,6941,99,87,253.80
214.6,1,55,0,34,6.70
214.6,2,15,0,56,20.91
216.7,0,4889,77,86,253.84
216.7,1,55,0,34,6.40
216.7,2,15,0,56,20.56
218.8,0,8547,100,87,260.57
218.8,1,55,0,34,8.31
218.8,2,15,0,56,24.05
220.9,0,8769,100,87,245.26
220.9,1,55,0,34,7.25
220.9,2,15,0,56,21.57
222.9,0,8833,100,87,273.07
222.9,1,55,0,34,6.17
222.9,2,15,0,56,20.18
225.0,0,6431,92,87,246.22
225.0,1,55,0,34,6.04
225.0,2,15,0,56,20.47
227.1,0,6171,45,86,257.68
227.1,1,55,0,34,10.48
227.1,2,15,0,56,21.25
229.2,0,6267,95,87,269.39
229.2,1,55,0,34,6.28
229.2,2,15,0,56,20.41
231.2,0,6799,80,87,277.54
231.2,1,55,0,34,6.09
231.2,2,15,0,56,20.40
233.3,0,4685,84,88,278.81
233.3,1,55,0,34,9.94
233.3,2,15,0,56,24.53
235.4,0,8379,96,87,262.51
235.4,1,55,0,34,5.92
235.4,2,15,0,56,21.89
237.5,0,6449,60,86,251.52
237.5,1,55,0,34,5.82
237.5,2,15,0,56,20.17
239.5,0,14217,100,87,274.91
239.5,1,55,0,34,5.95
239.5,2,15,0,56,21.15
241.6,0,32765,100,87,284.63
241.6,1,55,0,34,10.40
241.6,2,15,0,56,21.66
243.8,0,32541,93,87,278.64
243.8,1,55,0,34,6.14
243.8,2,15,0,56,20.30
245.8,0,32509,100,88,281.11
245.8,1,55,0,34,6.15
245.8,2,15,0,56,20.22
248.0,0,32477,100,87,281.16
248.0,1,55,0,34,11.24
248.0,2,15,0,56,28.86
250.1,0,32669,100,87,283.73
250.1,1,55,0,34,7.02
250.1,2,15,0,56,20.27
252.2,0,22451,81,87,256.65
252.2,1,55,0,34,6.76
252.2,2,15,0,56,20.15
254.3,0,22291,97,87,266.89
254.3,1,55,1,34,7.36
254.3,2,15,0,56,22.75
256.3,0,25011,86,87,275.47
256.3,1,55,0,34,7.67
256.3,2,15,0,56,21.43
258.4,0,25139,89,87,245.73
258.4,1,55,0,34,7.10
258.4,2,15,0,56,20.19
260.5,0,25267,100,87,276.12
260.5,1,55,0,34,7.16
260.5,2,15,0,56,20.30
262.6,0,25683,80,87,275.41
262.6,1,55,0,34,11.39
262.6,2,15,0,56,29.35
264.7,0,25267,100,87,265.34
264.7,1,55,0,34,7.27
264.7,2,15,0,56,20.86
266.8,0,22803,100,88,271.62
266.8,1,55,0,34,7.16
266.8,2,15,0,56,20.24
268.9,0,22803,92,87,288.50
268.9,1,55,0,34,9.25
268.9,2,15,0,56,23.47
271.0,0,22771,99,88,287.18
271.0,1,55,0,34,7.63
271.0,2,15,0,56,21.88
273.0,0,22899,98,88,286.09
273.0,1,55,0,34,7.11
273.0,2,15,0,56,20.50
275.1,0,22963,99,88,285.09
275.1,1,55,0,34,7.35
275.1,2,15,0,56,20.59
277.2,0,22835,99,88,284.40
277.2,1,55,0,34,12.04
277.2,2,15,0,56,28.92
279.3,0,22899,98,88,284.15
279.3,1,55,0,34,7.37
279.3,2,15,0,56,20.62
281.4,0,25587,99,88,282.36
281.4,1,55,0,34,7.03
281.4,2,15,0,56,20.48
283.4,0,14237,84,87,258.07
283.4,1,55,0,34,11.65
283.4,2,15,0,56,24.03
285.5,0,4721,87,87,251.67
285.5,1,55,0,34,7.25
285.5,2,15,0,56,20.81
287.6,0,5333,64,86,235.58
287.6,1,55,0,34,7.03
287.6,2,15,0,56,20.52
289.7,0,5247,100,87,269.25
289.7,1,55,0,34,6.76
289.7,2,15,0,56,20.39
291.8,0,5407,100,87,258.41
291.8,1,55,0,34,11.40
291.8,2,15,0,56,21.71
293.8,0,8383,100,87,275.40
293.8,1,55,0,34,6.02
293.8,2,15,0,56,20.31
295.9,0,8479,99,87,274.35
295.9,1,55,0,34,6.20
295.9,2,15,0,56,20.48
298.0,0,8735,100,86,259.92
298.0,1,55,0,34,10.37
298.0,2,15,0,56,24.49
300.0,0,6547,96,87,253.11
300.0,1,55,0,34,6.45
300.0,2,15,0,56,20.53
302.1,0,6771,98,87,289.89
302.1,1,55,0,34,5.98
302.1,2,15,0,56,20.70
304.2,0,8027,100,87,264.90
304.2,1,55,0,34,5.92
304.2,2,15,0,56,21.64
306.2,0,7777,100,87,257.12
306.2,1,55,0,34,6.46
306.2,2,15,0,56,21.98
308.3,0,5991,99,87,289.22
308.3,1,55,0,34,6.25
308.3,2,15,0,56,20.56
310.4,0,5447,98,87,287.84
310.4,1,55,0,34,7.04
310.4,2,15,0,56,20.79
312.5,0,5863,98,87,286.33
312.5,1,55,0,34,11.44
312.5,2,15,0,56,28.55
314.6,0,5863,95,87,267.36
314.6,1,55,0,34,7.25
314.6,2,15,0,56,20.95
316.7,0,6019,98,87,289.21
316.7,1,55,0,34,7.01
316.7,2,15,0,56,20.56
318.8,0,5399,76,86,247.51
318.8,1,55,0,34,9.58
318.8,2,15,0,56,22.73
320.9,0,5687,86,87,267.22
320.9,1,55,0,34,7.56
320.9,2,15,0,56,21.98
323.0,0,7927,100,85,254.99
323.0,1,55,0,34,7.48
323.0,2,15,0,56,20.46
325.1,0,7211,100,87,259.83
325.1,1,55,0,34,7.47
325.1,2,15,0,56,20.52
327.2,0,7177,67,84,256.64
327.2,1,55,0,34,11.77
327.2,2,15,0,57,29.53
329.3,0,8229,72,87,257.38
329.3,1,55,0,34,7.55
329.3,2,15,0,56,20.57
331.4,0,6043,79,86,240.10
331.4,1,55,0,34,7.38
331.4,2,15,0,56,20.52
333.5,0,5233,32,87,243.04
333.5,1,55,0,34,9.18
333.5,2,15,0,57,23.70
335.6,0,4905,89,87,290.78
335.6,1,55,0,34,7.40
335.6,2,15,0,56,21.29
337.7,0,5637,90,87,280.50
337.7,1,55,0,34,7.07
337.7,2,15,0,56,21.01
339.8,0,5761,79,86,263.02
339.8,1,55,0,34,6.83
339.8,2,15,0,56,20.91
341.9,0,5217,32,86,256.31
341.9,1,55,0,34,7.14
341.9,2,15,0,57,29.03
344.0,0,8449,100,86,255.31
344.0,1,55,0,34,6.78
344.0,2,15,0,56,21.11
346.0,0,5889,100,86,244.92
346.0,1,55,0,34,6.78
346.0,2,15,0,56,20.67
348.1,0,6299,74,87,276.49
348.1,1,55,0,34,10.32
348.1,2,15,0,57,29.13
350.3,0,5061,24,86,245.09
350.3,1,55,0,34,5.85
350.3,2,15,0,56,20.84
352.4,0,5633,74,86,275.97
352.4,1,55,0,34,5.82
352.4,2,15,0,56,20.82
354.5,0,5441,83,86,250.74
354.5,1,55,0,34,7.00
354.5,2,15,0,57,23.63
356.6,0,5409,84,85,232.75
356.6,1,55,0,34,6.40
356.6,2,15,0,57,22.38
358.7,0,3629,77,83,196.88
358.7,1,55,0,34,5.95
358.7,2,15,0,56,20.88
360.8,0,7051,100,84,260.49
360.8,1,55,0,34,6.14
360.8,2,15,0,56,20.60
362.9,0,6301,44,85,239.85
362.9,1,55,0,34,10.35
362.9,2,15,0,57,29.17
365.0,0,7415,100,84,258.05
365.0,1,55,0,34,6.13
365.0,2,15,0,56,20.95
367.1,0,6647,95,85,254.40
367.1,1,55,0,34,5.92
367.1,2,15,0,56,20.63
369.2,0,7799,74,82,259.55
369.2,1,55,0,34,8.49
369.2,2,15,0,57,24.19
371.3,0,7895,100,85,256.81
371.3,1,55,0,34,7.29
371.3,2,15,0,57,21.93
373.5,0,5495,92,85,242.00
373.5,1,55,0,34,6.96
373.5,2,15,0,56,20.55
375.5,0,5145,99,86,298.78
375.5,1,55,0,34,7.17
375.5,2,15,0,56,21.03
377.6,0,5465,74,85,265.37
377.6,1,55,0,34,12.14
377.6,2,15,0,57,21.97
379.7,0,5401,64,85,262.04
379.7,1,55,0,34,7.09
379.7,2,15,0,56,20.99
381.8,0,5769,90,85,272.33
381.8,1,55,0,34,6.85
381.8,2,15,0,56,21.07
383.9,0,5993,94,85,267.44
383.9,1,55,0,34,11.31
383.9,2,15,0,57,25.27
386.0,0,6121,65,85,280.26
386.0,1,55,0,34,7.12
386.0,2,15,0,57,21.40
388.2,0,4359,65,85,217.62
388.2,1,55,0,34,6.91
388.2,2,15,0,57,20.96
390.3,0,7835,100,85,235.60
390.3,1,55,1,34,7.05
390.3,2,15,0,57,22.09
392.4,0,4179,49,84,214.99
392.4,1,55,0,34,7.47
392.4,2,15,0,57,22.12
394.5,0,5495,84,85,211.15
394.5,1,55,0,34,6.61
394.5,2,15,0,57,20.99
396.6,0,3649,30,81,206.08
396.6,1,55,0,34,6.64
396.6,2,15,0,57,20.83
398.6,0,6755,100,84,254.33
398.6,1,55,0,34,10.36
398.6,2,15,0,57,29.40
400.7,0,6605,66,84,247.34
400.7,1,55,0,34,6.26
400.7,2,15,0,57,20.57
402.8,0,7181,100,84,258.44
402.8,1,55,0,34,6.05
402.8,2,15,0,57,20.41
404.9,0,7437,100,84,256.23
404.9,1,55,0,34,7.87
404.9,2,15,0,57,22.84
407.0,0,8049,12,84,228.10
407.0,1,55,0,34,6.59
407.0,2,15,0,57,21.92
409.0,0,4519,100,84,267.52
409.0,1,55,0,34,6.17
409.0,2,15,0,57,20.22
411.1,0,7089,100,84,255.91
411.1,1,55,0,34,6.27
411.1,2,15,0,57,20.55
413.2,0,5007,65,83,258.35
413.2,1,55,0,34,10.42
413.2,2,15,0,57,29.02
415.3,0,5507,68,84,263.68
415.3,1,55,0,34,6.24
415.3,2,15,0,57,21.06
417.4,0,5507,88,84,257.91
417.4,1,55,0,34,6.07
417.4,2,15,0,57,20.86
419.4,0,5411,42,84,245.15
419.4,1,55,0,34,8.06
419.4,2,15,0,57,23.99
421.5,0,8131,39,82,246.10
421.5,1,55,0,34,6.79
421.5,2,15,0,57,22.19
423.6,0,5571,75,83,238.07
423.6,1,55,0,34,5.96
423.6,2,15,0,57,20.58
425.7,0,5667,80,83,261.59
425.7,1,55,0,34,5.95
425.7,2,15,0,57,20.90
427.8,0,5539,41,83,255.95
427.8,1,55,0,34,10.10
427.8,2,15,0,57,29.53
429.9,0,5571,76,85,270.66
429.9,1,55,0,34,6.99
429.9,2,15,0,57,21.43
432.0,0,5571,89,85,287.87
432.0,1,55,0,34,7.24
432.0,2,15,0,57,20.98
434.0,0,5539,74,84,259.46
434.0,1,55,0,34,11.50
434.0,2,15,0,57,29.12
436.2,0,5667,71,86,272.16
436.2,1,55,0,34,7.21
436.2,2,15,0,57,21.30
438.2,0,5571,72,84,254.28
438.2,1,55,0,34,7.16
438.2,2,15,0,57,20.92
440.3,0,5699,72,85,259.76
440.3,1,55,0,34,7.18
440.3,2,15,0,57,20.94
442.4,0,5539,78,85,268.43
442.4,1,55,0,34,7.22
442.4,2,15,0,57,21.94
444.5,0,5379,96,86,294.45
444.5,1,55,0,34,7.26
444.5,2,15,0,57,20.81
446.6,0,5667,93,86,295.21
446.6,1,55,0,34,7.24
446.6,2,15,0,57,20.97
448.7,0,4577,96,86,271.94
448.7,1,55,0,34,11.78
448.7,2,15,0,57,29.70
450.8,0,6913,32,86,220.46
450.8,1,55,0,34,7.30
450.8,2,15,0,57,20.86
452.9,0,6337,100,85,255.45
452.9,1,55,0,34,7.17
452.9,2,15,0,57,20.35
455.0,0,7009,100,85,247.45
455.0,1,55,0,34,8.83
455.0,2,15,0,57,21.67
457.1,0,7009,57,85,251.18
457.1,1,55,0,34,7.66
457.1,2,15,0,57,21.98
459.1,0,8123,81,85,254.68
459.1,1,55,0,34,6.31
459.1,2,15,0,57,20.48
461.2,0,8219,100,86,248.83
461.2,1,55,0,34,6.23
461.2,2,15,0,57,20.46
463.3,0,7537,100,86,266.66
463.3,1,55,0,34,10.37
463.3,2,15,0,57,29.18
465.3,0,7249,100,86,258.29
465.3,1,55,0,34,6.17
465.3,2,15,0,57,20.71
467.4,0,4689,70,85,268.30
467.4,1,55,0,34,6.09
467.4,2,15,0,57,20.50
469.5,0,4549,67,85,248.82
469.5,1,55,0,34,7.84
469.5,2,15,0,57,23.13
471.5,0,4613,100,86,264.30
471.5,1,55,0,34,6.68
471.5,2,15,0,57,21.67
473.6,0,7429,100,86,271.36
473.6,1,55,0,34,5.97
473.6,2,15,0,57,20.70
475.7,0,4869,100,86,256.92
475.7,1,55,0,34,6.06
475.7,2,15,0,57,20.67
477.8,0,4901,94,86,263.44
477.8,1,55,0,34,10.15
477.8,2,15,0,57,29.99
479.8,0,4709,86,84,250.79
479.8,1,55,0,34,6.02
479.8,2,15,0,57,21.50
481.9,0,6565,100,85,247.16
481.9,1,55,0,34,6.03
481.9,2,15,0,57,21.05
484.0,0,6181,100,86,275.76
484.0,1,55,0,34,8.05
484.0,2,15,0,57,23.58
486.1,0,6341,100,86,252.71
486.1,1,55,0,34,6.47
486.1,2,15,0,57,20.79
488.2,0,6085,49,83,250.94
488.2,1,55,0,34,5.68
488.2,2,15,0,57,20.56
490.3,0,6725,100,86,253.06
490.3,1,55,0,34,6.88
490.3,2,15,0,57,20.58
492.5,0,8229,100,86,252.87
492.5,1,55,0,34,7.68
492.5,2,15,0,57,29.61
494.6,0,7077,99,86,248.57
494.6,1,55,0,34,7.07
494.6,2,15,0,57,20.58
496.7,0,7269,100,86,238.34
496.7,1,55,0,34,7.38
496.7,2,15,0,57,20.79
498.8,0,4677,100,86,275.78
498.8,1,55,0,34,11.39
498.8,2,15,0,57,29.64
500.9,0,7429,100,85,250.83
500.9,1,55,0,34,7.22
500.9,2,15,0,57,21.37
503.0,0,4869,40,83,199.59
503.0,1,55,0,34,6.94
503.0,2,15,0,57,20.80
505.1,0,5605,100,85,250.74
505.1,1,55,0,34,8.31
505.1,2,15,0,57,23.88
507.2,0,4933,52,84,210.51
507.2,1,55,0,34,7.63
507.2,2,15,0,57,22.54
509.3,0,4871,49,82,217.19
509.3,1,55,0,34,7.10
509.3,2,15,0,57,21.08
511.4,0,5137,81,85,284.03
511.4,1,55,0,34,7.18
511.4,2,15,0,57,21.50
513.5,0,4753,91,85,277.33
513.5,1,55,0,34,11.32
513.5,2,15,0,57,29.80
515.6,0,4561,76,84,237.77
515.6,1,55,0,34,6.39
515.6,2,15,0,57,21.37
517.6,0,5233,100,85,260.67
517.6,1,55,0,34,5.87
517.6,2,15,0,57,20.82
519.7,0,6193,82,85,251.55
519.7,1,55,1,34,7.59
519.7,2,15,0,57,24.17
521.8,0,6353,100,85,267.12
521.8,1,55,0,34,6.57
521.8,2,15,0,57,21.46
523.9,0,6641,100,85,267.98
523.9,1,55,0,34,5.68
523.9,2,15,0,57,20.63
526.0,0,6705,98,84,232.04
526.0,1,55,0,34,5.87
526.0,2,15,0,57,20.70
528.0,0,16443,79,84,255.85
528.0,1,55,0,34,10.13
528.0,2,15,0,57,29.86
530.1,0,13883,86,86,258.10
530.1,1,55,0,34,5.97
530.1,2,15,0,57,20.54
532.2,0,13915,86,86,276.98
532.2,1,55,0,34,5.64
532.2,2,15,0,57,20.71
534.3,0,13593,97,85,277.73
534.3,1,55,0,34,7.66
534.3,2,15,0,57,24.68
536.3,0,13553,93,85,282.64
536.3,1,55,0,34,6.15
536.3,2,15,0,57,22.10
538.4,0,16209,100,86,275.99
538.4,1,55,0,34,5.68
538.4,2,15,0,57,20.83
540.5,0,13841,100,86,257.31
540.5,1,55,0,34,6.16
540.5,2,15,0,57,20.58
542.5,0,16945,97,87,296.32
542.5,1,55,0,34,6.26
542.5,2,15,0,57,29.33
544.6,0,13969,99,87,278.72
544.6,1,55,0,34,5.71
544.6,2,15,0,57,20.56
546.7,0,13873,98,87,294.59
546.7,1,55,0,34,6.00
546.7,2,15,0,57,21.11
548.8,0,4721,96,87,269.51
548.8,1,55,0,34,11.31
548.8,2,15,0,57,29.71
550.8,0,4731,100,87,274.47
550.8,1,55,0,34,7.61
550.8,2,15,0,57,21.12
552.9,0,4879,89,86,251.51
552.9,1,55,0,34,7.00
552.9,2,15,0,57,20.81
555.0,0,4165,65,85,226.30
555.0,1,55,0,34,8.06
555.0,2,15,0,57,20.83
557.1,0,6469,100,86,238.73
557.1,1,55,0,34,7.39
557.1,2,15,0,57,21.92
559.2,0,6501,100,86,252.82
559.2,1,55,0,34,7.04
559.2,2,15,0,57,20.43
561.3,0,6567,100,86,270.30
561.3,1,55,0,34,7.33
561.3,2,15,0,57,20.55
563.4,0,6759,100,86,252.61
563.4,1,55,0,34,11.80
563.4,2,15,0,57,29.53
565.5,0,7301,100,86,238.15
565.5,1,55,0,34,7.34
565.5,2,15,0,57,20.87
567.5,0,8263,100,86,265.39
567.5,1,55,0,34,6.91
567.5,2,15,0,57,20.71
569.6,0,4519,100,85,235.12
569.6,1,55,0,34,8.62
569.6,2,15,0,57,23.50
571.7,0,4519,69,84,207.24
571.7,1,55,0,34,7.10
571.7,2,15,0,57,22.78
573.8,0,8295,100,85,240.37
573.8,1,55,0,34,6.34
573.8,2,15,0,57,20.81
575.9,0,4555,97,86,291.84
575.9,1,55,0,34,6.40
575.9,2,15,0,57,20.83
578.0,0,4459,98,87,298.78
578.0,1,55,0,34,9.97
578.0,2,15,0,57,29.16
580.0,0,4523,98,87,298.64
580.0,1,55,0,34,6.03
580.0,2,15,0,57,21.44
582.1,0,4555,98,87,293.70
582.1,1,55,0,34,5.81
582.1,2,15,0,57,20.88
584.2,0,5115,98,87,290.97
584.2,1,55,0,34,7.70
584.2,2,15,0,57,24.14
586.3,0,5467,98,87,268.36
586.3,1,55,0,34,6.32
586.3,2,15,0,57,21.80
588.3,0,5115,96,87,287.63
588.3,1,55,0,34,5.98
588.3,2,15,0,57,20.72
590.4,0,5499,97,87,285.98
590.4,1,55,0,34,5.94
590.4,2,15,0,57,20.98
592.5,0,5499,97,87,284.22
592.5,1,55,0,34,10.55
592.5,2,15,0,57,29.38
594.5,0,5339,98,87,287.93
594.5,1,55,0,34,6.01
594.5,2,15,0,57,20.81
596.6,0,5563,98,87,282.54
596.6,1,55,0,34,5.78
596.6,2,15,0,57,20.92
598.7,0,5469,92,87,259.71
598.7,1,55,0,34,7.86
598.7,2,15,0,57,24.92
600.7,0,13799,100,87,267.81
600.7,1,55,0,34,6.49
600.7,2,15,0,57,22.34
602.8,0,17319,100,87,273.95
602.8,1,55,0,34,5.89
602.8,2,15,0,57,20.63
604.9,0,16775,100,87,273.83
604.9,1,55,0,34,6.08
604.9,2,15,0,57,20.70
606.9,0,16935,100,87,276.78
606.9,1,55,0,34,10.44
606.9,2,15,0,57,29.35
609.0,0,26353,94,87,264.97
609.0,1,55,0,34,6.83
609.0,2,15,0,57,20.82
611.1,0,26481,100,87,256.38
611.1,1,55,0,34,7.34
611.1,2,15,0,57,20.63
613.2,0,23441,100,87,258.90
613.2,1,55,0,34,9.57
613.2,2,15,0,57,29.71
615.3,0,26449,100,87,276.44
615.3,1,55,0,34,7.91
615.3,2,15,0,57,20.70
617.4,0,25777,100,88,263.99
617.4,1,55,0,34,6.98
617.4,2,15,0,57,20.53
619.5,0,13447,67,86,273.53
619.5,1,55,0,34,7.61
619.5,2,15,0,57,20.46
621.5,0,13319,99,88,285.12
621.5,1,55,0,34,6.87
621.5,2,15,0,57,29.73
623.6,0,17447,76,87,258.02
623.6,1,55,0,34,6.97
623.6,2,15,0,57,20.85
625.7,0,16263,97,87,262.03
625.7,1,55,0,34,7.25
625.7,2,15,0,57,20.84
627.8,0,13799,98,87,288.46
627.8,1,55,0,34,11.91
627.8,2,15,0,57,29.08
629.9,0,16871,86,86,275.86
629.9,1,55,0,34,7.10
629.9,2,15,0,57,21.19
632.0,0,13831,97,87,276.42
632.0,1,55,0,34,7.22
632.0,2,15,0,57,20.79
634.1,0,13543,98,87,285.40
634.1,1,55,0,34,8.24
634.1,2,15,0,57,23.86
636.2,0,13831,98,87,286.05
636.2,1,55,0,34,6.81
636.2,2,15,0,57,22.04
638.3,0,16519,100,87,270.09
638.3,1,55,0,34,6.90
638.3,2,15,0,57,20.83
640.3,0,14055,98,88,283.75
640.3,1,55,0,34,6.60
640.3,2,15,0,57,20.86
642.4,0,13959,98,88,283.08
642.4,1,55,0,34,11.70
642.4,2,15,0,57,29.69
644.5,0,13641,99,87,284.73
644.5,1,55,0,34,6.60
644.5,2,15,0,57,21.39
646.6,0,13993,100,87,258.56
646.6,1,55,0,34,6.39
646.6,2,15,0,57,20.69
648.6,0,14185,98,88,284.86
648.6,1,55,0,34,8.22
648.6,2,15,0,57,24.33
650.7,0,13673,98,88,281.93
650.7,1,55,0,34,6.81
650.7,2,15,0,58,22.38
652.8,0,4897,97,86,278.05
652.8,1,55,0,34,6.41
652.8,2,15,0,57,20.95
654.9,0,4927,92,87,266.04
654.9,1,55,0,34,6.77
654.9,2,15,0,57,20.91
656.9,0,3569,64,87,241.35
656.9,1,55,0,34,10.46
656.9,2,15,0,58,29.33
659.0,0,7121,100,87,253.04
659.0,1,55,0,34,6.00
659.0,2,15,0,57,20.84
661.1,0,6523,63,87,253.85
661.1,1,55,0,34,5.89
661.1,2,15,0,57,20.58
663.1,0,6779,100,87,254.54
663.1,1,55,0,34,7.81
663.1,2,15,0,58,24.83
665.2,0,6843,100,87,261.60
665.2,1,55,0,34,6.62
665.2,2,15,0,58,21.39
667.3,0,4497,100,87,272.47
667.3,1,55,0,34,5.97
667.3,2,15,0,57,20.42
669.4,0,7035,70,85,251.30
669.4,1,55,0,34,6.71
669.4,2,15,0,57,20.64
671.5,0,7601,100,87,261.80
671.5,1,55,0,34,11.40
671.5,2,15,0,58,29.72
673.5,0,7697,96,87,282.05
673.5,1,55,0,34,6.97
673.5,2,15,0,57,21.06
675.6,0,4689,96,87,264.09
675.6,1,55,0,34,7.18
675.6,2,15,0,57,20.89
677.7,0,4689,64,87,266.62
677.7,1,55,0,34,11.85
677.7,2,15,0,58,29.50
679.8,0,4677,100,86,255.70
679.8,1,55,0,34,7.78
679.8,2,15,0,57,21.03
681.9,0,7365,100,87,269.27
681.9,1,55,0,34,7.05
681.9,2,15,0,57,20.86
684.0,0,4613,88,86,254.53
684.0,1,55,0,34,7.21
684.0,2,15,0,57,20.74
686.0,0,4197,85,84,249.15
686.0,1,55,0,34,7.77
686.0,2,15,0,58,29.65
688.1,0,6597,100,86,273.15
688.1,1,55,0,34,7.01
688.1,2,15,0,57,20.67
690.2,0,6277,100,86,226.64
690.2,1,55,0,34,7.24
690.2,2,15,0,57,20.78
692.3,0,6309,100,86,252.18
692.3,1,55,0,34,11.62
692.3,2,15,0,58,29.77
694.3,0,6053,86,86,252.54
694.3,1,55,0,34,7.26
694.3,2,15,0,57,21.12
696.4,0,6661,100,86,253.48
696.4,1,55,0,34,6.75
696.4,2,15,0,57,20.53
698.5,0,6917,100,86,271.34
698.5,1,55,0,34,6.51
698.5,2,15,0,57,20.45
700.5,0,6981,87,85,259.29
700.5,1,55,0,34,6.92
700.5,2,15,0,58,22.03
702.6,0,7045,100,86,268.99
702.6,1,55,0,34,6.49
702.6,2,15,0,57,20.57
704.7,0,6789,100,86,264.31
704.7,1,55,0,34,6.27
704.7,2,15,0,57,20.60
706.8,0,7461,100,86,258.88
706.8,1,55,0,34,10.31
706.8,2,15,0,58,29.54
708.8,0,4837,69,85,225.95
708.8,1,55,0,34,5.93
708.8,2,15,0,57,20.89
710.9,0,4933,57,84,230.38
710.9,1,55,0,34,5.88
710.9,2,15,0,57,21.03
713.0,0,4837,59,83,230.29
713.0,1,55,0,34,6.26
713.0,2,15,0,58,21.86
715.0,0,4709,94,85,260.45
715.0,1,55,0,34,6.34
715.0,2,15,0,58,22.80
717.1,0,6757,100,83,266.80
717.1,1,55,0,34,5.72
717.1,2,15,0,57,20.79
719.2,0,6373,100,85,234.83
719.2,1,55,0,34,6.13
719.2,2,15,0,57,20.74
721.2,0,5157,100,85,273.64
721.2,1,55,0,34,10.37
721.2,2,15,0,58,29.16
723.3,0,6597,100,85,255.09
723.3,1,55,0,34,6.21
723.3,2,15,0,57,20.97
725.4,0,6693,100,85,254.50
725.4,1,55,0,34,5.84
725.4,2,15,0,57,20.63
727.5,0,6981,100,85,257.12
727.5,1,55,0,34,6.80
727.5,2,15,0,58,22.55
729.5,0,7077,100,85,249.73
729.5,1,55,0,34,7.25
729.5,2,15,0,58,21.83
731.6,0,6501,100,85,265.73
731.6,1,55,0,34,7.07
731.6,2,15,0,57,20.54
733.7,0,7429,100,82,258.40
733.7,1,55,0,34,7.23
733.7,2,15,0,57,20.65
735.8,0,7525,57,85,258.22
735.8,1,55,0,34,11.79
735.8,2,15,0,58,29.83
737.9,0,4997,100,85,269.43
737.9,1,55,0,34,7.37
737.9,2,15,0,57,20.62
740.0,0,5189,94,85,261.89
740.0,1,55,0,34,7.27
740.0,2,15,0,57,20.67
742.1,0,4133,86,85,260.17
742.1,1,55,0,34,11.48
742.1,2,15,0,58,23.87
744.1,0,4869,90,85,252.38
744.1,1,55,0,34,8.01
744.1,2,15,0,57,21.11
746.2,0,7077,100,85,225.07
746.2,1,55,0,34,7.15
746.2,2,15,0,57,20.95
748.3,0,6757,100,85,249.52
748.3,1,55,0,34,7.47
748.3,2,15,0,57,20.60
750.4,0,6533,100,85,246.18
750.4,1,55,0,34,11.69
750.4,2,15,0,58,29.63
752.5,0,6565,92,82,261.56
752.5,1,55,0,34,7.40
752.5,2,15,0,57,20.90
754.6,0,6661,100,85,254.90
754.6,1,55,0,34,7.59
754.6,2,15,0,57,20.58
756.6,0,6885,100,85,252.50
756.6,1,55,0,34,11.74
756.6,2,15,0,58,29.77
758.7,0,7013,100,85,254.54
758.7,1,55,0,34,7.26
758.7,2,15,0,57,20.81
760.8,0,4453,100,82,262.01
760.8,1,55,0,34,7.23
760.8,2,15,0,57,20.66
762.9,0,4549,100,84,255.15
762.9,1,55,0,34,7.05
762.9,2,15,0,57,20.60
765.0,0,7429,100,84,249.32
765.0,1,55,0,34,11.62
765.0,2,15,0,58,22.37
767.1,0,7493,100,85,251.87
767.1,1,55,0,34,7.06
767.1,2,15,0,57,20.55
769.2,0,4965,94,85,257.02
769.2,1,55,0,34,6.55
769.2,2,15,0,57,20.65
771.3,0,5189,94,86,272.29
771.3,1,55,0,34,10.87
771.3,2,15,0,58,29.40
773.3,0,7077,88,85,252.45
773.3,1,55,0,34,6.65
773.3,2,15,0,57,21.11
775.4,0,4965,93,86,258.38
775.4,1,55,0,34,6.56
775.4,2,15,0,58,20.41
777.5,0,7013,100,85,229.01
777.5,1,55,0,34,7.33
777.5,2,15,0,58,21.27
779.6,0,7239,100,85,250.34
779.6,1,55,0,34,6.31
779.6,2,15,0,58,21.93
781.7,0,6523,53,85,243.25
781.7,1,55,0,34,5.94
781.7,2,15,0,57,21.13
783.7,0,6929,100,85,267.66
783.7,1,55,0,34,6.03
783.7,2,15,0,57,20.64
785.8,0,7121,100,85,263.20
785.8,1,55,0,34,10.35
785.8,2,15,0,58,29.64
787.9,0,7249,100,86,266.61
787.9,1,55,0,34,6.21
787.9,2,15,0,57,20.50
789.9,0,7505,100,85,268.24
789.9,1,55,0,34,7.30
789.9,2,15,0,58,20.44
792.0,0,4625,83,86,264.16
792.0,1,55,0,34,8.41
792.0,2,15,0,58,22.64
794.1,0,6417,100,86,281.35
794.1,1,55,0,34,7.56
794.1,2,15,0,58,22.51
796.2,0,6321,80,86,276.83
796.2,1,55,0,34,6.91
796.2,2,15,0,57,20.75
798.3,0,7729,100,86,270.97
798.3,1,55,0,34,7.19
798.3,2,15,0,58,20.86
800.4,0,4817,96,85,261.35
800.4,1,55,0,34,12.11
800.4,2,15,0,58,29.51
802.5,0,4945,97,86,286.60
802.5,1,55,0,34,7.16
802.5,2,15,0,58,21.24
804.5,0,4753,89,86,283.49
804.5,1,55,0,34,6.97
804.5,2,15,0,58,21.04
806.6,0,4945,97,87,282.08
806.6,1,55,0,34,11.66
806.6,2,15,0,58,29.76
808.7,0,4913,97,86,284.63
808.7,1,55,0,34,7.25
808.7,2,15,0,58,21.01
810.8,0,4529,95,86,285.52
810.8,1,55,0,34,7.06
810.8,2,15,0,58,21.08
812.9,0,7333,59,86,232.00
812.9,1,55,0,34,7.15
812.9,2,15,0,58,20.74
815.0,0,4581,84,86,238.62
815.0,1,55,0,34,11.90
815.0,2,15,0,58,29.81
817.1,0,6725,100,86,250.48
817.1,1,55,0,34,6.72
817.1,2,15,0,58,21.43
819.1,0,4007,100,86,248.56
819.1,1,55,0,34,7.36
819.1,2,15,0,58,20.57
821.2,0,5097,99,85,256.05
821.2,1,55,0,34,10.42
821.2,2,15,0,58,29.41
823.3,0,6377,95,84,231.23
823.3,1,55,0,34,5.89
823.3,2,15,0,58,21.07
825.4,0,6825,100,86,244.99
825.4,1,55,0,34,5.75
825.4,2,15,0,58,20.63
827.4,0,6953,91,85,245.76
827.4,1,55,0,34,5.81
827.4,2,15,0,58,20.44
829.5,0,4457,81,85,241.82
829.5,1,55,0,34,6.49
829.5,2,15,0,58,22.17
831.6,0,4585,80,85,239.51
831.6,1,55,0,34,5.88
831.6,2,15,0,58,21.86
833.6,0,7271,81,85,232.91
833.6,1,55,0,34,5.93
833.6,2,15,0,58,21.89
835.7,0,6073,100,85,256.85
835.7,1,55,0,34,10.24
835.7,2,15,0,58,29.64
837.8,0,5077,97,86,249.31
837.8,1,55,0,34,6.11
837.8,2,15,0,58,21.10
839.8,0,4497,92,86,270.32
839.8,1,55,0,34,5.90
839.8,2,15,0,58,21.00
841.9,0,7783,100,86,262.61
841.9,1,55,0,34,6.44
841.9,2,15,0,58,21.64
844.0,0,5491,95,86,270.42
844.0,1,55,0,34,6.16
844.0,2,15,0,58,22.02
846.0,0,5427,97,86,294.98
846.0,1,55,0,34,5.72
846.0,2,15,0,58,20.97
848.1,0,5587,98,86,293.61
848.1,1,55,0,34,6.07
848.1,2,15,0,58,21.23
850.2,0,5523,93,87,293.15
850.2,1,55,0,34,11.67
850.2,2,15,0,58,29.48
852.3,0,5555,97,87,289.37
852.3,1,55,0,34,6.78
852.3,2,15,0,58,21.06
854.4,0,5361,96,87,286.11
854.4,1,55,0,34,6.82
854.4,2,15,0,58,20.84
856.4,0,5585,98,87,279.71
856.4,1,55,0,34,7.99
856.4,2,15,0,58,23.05
858.5,0,5585,98,87,286.43
858.5,1,55,0,34,7.34
858.5,2,15,0,58,21.86
860.6,0,5905,98,87,286.81
860.6,1,55,0,34,6.77
860.6,2,15,0,58,20.82
862.7,0,5425,98,87,283.70
862.7,1,55,0,34,6.94
862.7,2,15,0,58,20.83
864.7,0,8081,98,87,284.97
864.7,1,55,0,34,11.65
864.7,2,15,0,58,29.70
866.8,0,6385,100,87,247.68
866.8,1,55,0,34,6.85
866.8,2,15,0,58,21.03
868.9,0,14171,98,87,276.75
868.9,1,55,0,34,6.81
868.9,2,15,0,58,20.65
871.0,0,14011,100,87,276.45
871.0,1,55,0,34,8.55
871.0,2,15,0,58,23.53
873.1,0,23301,98,87,280.48
873.1,1,55,0,34,7.45
873.1,2,15,0,58,20.66
875.2,0,23653,98,87,271.34
875.2,1,55,0,34,6.92
875.2,2,15,0,58,20.47
877.3,0,23493,100,87,279.28
877.3,1,55,0,34,7.09
877.3,2,15,0,58,20.54
879.4,0,23429,98,87,281.45
879.4,1,55,0,34,11.78
879.4,2,15,0,58,29.93
881.5,0,23237,100,87,280.27
881.5,1,55,0,34,7.07
881.5,2,15,0,58,20.61
883.6,0,23141,100,87,277.59
883.6,1,55,0,34,6.70
883.6,2,15,0,58,20.45
885.6,0,26245,100,87,271.38
885.6,1,55,0,34,10.96
885.6,2,15,0,58,29.84
887.7,0,26341,98,87,264.59
887.7,1,55,0,34,6.78
887.7,2,15,0,58,20.84
889.8,0,26277,100,87,274.46
889.8,1,55,0,34,6.66
889.8,2,15,0,58,20.33
891.9,0,23461,100,88,273.13
891.9,1,55,0,34,6.81
891.9,2,15,0,58,20.31
894.0,0,25605,100,87,278.94
894.0,1,55,0,34,11.85
894.0,2,15,0,58,21.76
896.1,0,24453,99,87,273.94
896.1,1,55,0,34,6.95
896.1,2,15,0,58,20.28
898.2,0,28005,100,87,262.83
898.2,1,55,0,34,6.38
898.2,2,15,0,58,20.39
900.2,0,23653,100,87,275.38
900.2,1,55,0,34,10.83
900.2,2,15,0,58,29.32
902.3,0,16209,100,87,257.18
902.3,1,55,0,34,6.38
902.3,2,15,0,58,20.45
904.4,0,13383,98,87,289.95
904.4,1,55,0,34,6.21
904.4,2,15,0,58,20.36
906.4,0,16263,100,87,271.69
906.4,1,55,0,34,6.90
906.4,2,15,0,58,21.49
908.5,0,13833,90,88,286.87
908.5,1,55,0,34,7.27
908.5,2,15,0,58,22.55
910.6,0,16905,98,88,284.49
910.6,1,55,0,34,6.87
910.6,2,15,0,58,20.81
912.7,0,16585,100,87,264.74
912.7,1,55,0,34,7.04
912.7,2,15,0,58,20.75
914.8,0,13961,95,87,282.46
914.8,1,55,0,34,11.67
914.8,2,15,0,58,29.09
916.8,0,13865,98,87,282.42
916.8,1,55,0,34,7.16
916.8,2,15,0,58,21.21
918.9,0,13961,98,87,286.32
918.9,1,55,0,34,6.92
918.9,2,15,0,58,20.89
921.0,0,13993,99,87,284.31
921.0,1,55,0,34,8.44
921.0,2,15,0,58,22.97
923.1,0,13929,98,87,283.08
923.1,1,55,0,34,7.25
923.1,2,15,0,58,22.24
925.2,0,13769,98,88,283.74
925.2,1,55,0,34,6.84
925.2,2,15,0,58,21.10
927.3,0,14057,98,87,286.06
927.3,1,55,0,34,7.21
927.3,2,15,0,58,21.34
929.4,0,14313,96,88,284.57
929.4,1,55,0,34,11.91
929.4,2,15,0,58,29.89
931.4,0,13993,98,88,283.98
931.4,1,55,0,34,7.16
931.4,2,15,0,58,21.02
933.5,0,22813,96,87,276.26
933.5,1,55,0,34,6.88
933.5,2,15,0,58,20.86
935.6,0,32551,100,88,280.19
935.6,1,55,0,34,8.49
935.6,2,15,0,58,23.63
937.7,0,32551,100,88,281.09
937.7,1,55,0,34,7.26
937.7,2,15,0,58,21.06
939.8,0,32583,97,87,278.00
939.8,1,55,0,34,6.89
939.8,2,15,0,58,20.57
941.9,0,32615,100,87,277.02
941.9,1,55,0,34,6.76
941.9,2,15,0,58,20.52
944.0,0,32615,100,88,279.99
944.0,1,55,0,34,11.51
944.0,2,15,0,58,29.76
946.1,0,32615,100,87,276.69
946.1,1,55,0,34,6.98
946.1,2,15,0,58,20.78
948.2,0,32615,100,87,277.30
948.2,1,55,0,34,7.00
948.2,2,15,0,58,20.62
950.2,0,32647,100,87,276.83
950.2,1,55,0,34,11.42
950.2,2,15,0,58,29.95
952.3,0,32679,100,87,278.09
952.3,1,55,0,34,7.11
952.3,2,15,0,58,20.65
954.4,0,32647,100,87,279.38
954.4,1,55,0,34,6.80
954.4,2,15,0,58,20.49
956.5,0,32519,100,87,277.63
956.5,1,55,0,34,6.61
956.5,2,15,0,58,20.53
958.6,0,32391,100,88,279.11
958.6,1,55,0,34,7.25
958.6,2,15,0,58,22.43
960.7,0,32167,93,87,281.23
960.7,1,55,0,34,6.70
960.7,2,15,0,58,20.48
962.8,0,32167,100,87,283.67
962.8,1,55,0,34,7.02
962.8,2,15,0,58,20.54
964.9,0,32071,99,87,276.65
964.9,1,55,0,34,11.43
964.9,2,15,0,58,29.47
966.9,0,32071,100,88,279.22
966.9,1,55,0,34,7.01
966.9,2,15,0,58,20.92
969.0,0,32391,100,87,277.66
969.0,1,55,0,34,6.82
969.0,2,15,0,58,20.58
971.1,0,32423,100,87,281.76
971.1,1,55,0,34,7.30
971.1,2,15,0,58,21.40
973.2,0,32423,96,88,279.15
973.2,1,55,0,34,7.19
973.2,2,15,0,58,21.85
975.2,0,32455,94,87,280.85
975.2,1,55,0,34,6.65
975.2,2,15,0,58,20.54
977.3,0,32455,100,88,280.90
977.3,1,55,0,34,6.77
977.3,2,15,0,58,20.68
979.4,0,32455,100,88,279.46
979.4,1,55,0,34,11.89
979.4,2,15,0,58,30.11
981.5,0,32551,100,87,280.65
981.5,1,55,0,34,7.31
981.5,2,15,0,58,21.16
983.6,0,32679,96,87,284.96
983.6,1,55,0,34,6.91
983.6,2,15,0,58,20.49
985.7,0,32391,100,87,278.15
985.7,1,55,0,34,9.27
985.7,2,15,0,58,24.74
987.8,0,32263,99,87,279.51
987.8,1,55,0,34,7.78
987.8,2,15,0,58,22.25
989.9,0,32103,94,87,279.58
989.9,1,55,0,34,7.12
989.9,2,15,0,58,20.55
992.0,0,32007,99,87,282.51
992.0,1,55,0,34,7.28
992.0,2,15,0,58,20.68
994.1,0,31975,100,87,281.56
994.1,1,55,0,34,11.68
994.1,2,15,0,58,29.72
996.2,0,32359,96,87,277.70
996.2,1,55,0,34,7.19
996.2,2,15,0,58,20.55
998.3,0,14631,100,87,274.71
998.3,1,55,0,34,7.34
998.3,2,15,0,58,20.73
1000.4,0,14751,96,87,280.48
1000.4,1,55,0,34,11.87
1000.4,2,15,0,58,29.91
1002.4,0,14623,97,87,278.56
1002.4,1,55,0,34,7.40
1002.4,2,15,0,58,21.15
1004.5,0,17407,100,87,251.04
1004.5,1,55,0,34,6.94
1004.5,2,15,0,58,20.86
1006.6,0,13759,69,86,255.30
1006.6,1,55,0,34,7.03
1006.6,2,15,0,58,20.89
1008.7,0,13321,100,87,276.05
1008.7,1,55,0,34,7.64
1008.7,2,15,0,58,22.29
1010.8,0,27123,79,87,265.30
1010.8,1,55,0,34,7.02
1010.8,2,15,0,58,20.49
1012.9,0,24435,99,87,267.28
1012.9,1,55,0,34,7.17
1012.9,2,15,0,58,20.64
1015.0,0,27219,100,87,270.20
1015.0,1,55,0,34,12.00
1015.0,2,15,0,58,29.55
1017.1,0,25043,100,86,274.57
1017.1,1,55,0,34,7.19
1017.1,2,15,0,58,20.82
1019.1,0,32349,100,86,281.68
1019.1,1,55,0,34,7.12
1019.1,2,15,0,58,20.62
1021.2,0,35837,100,87,281.11
1021.2,1,55,0,34,8.61
1021.2,2,15,0,58,23.85
1023.3,0,35421,99,87,282.68
1023.3,1,55,0,34,7.62
1023.3,2,15,0,58,21.69
1025.4,0,33183,100,87,264.96
1025.4,1,55,0,34,7.08
1025.4,2,15,0,58,20.57
1027.5,0,35487,100,86,284.31
1027.5,1,55,0,34,7.11
1027.5,2,15,0,58,20.60
1029.6,0,32959,100,87,284.76
1029.6,1,55,0,34,11.66
1029.6,2,15,0,58,30.00
1031.7,0,43881,100,86,260.23
1031.7,1,55,0,34,7.33
1031.7,2,15,0,58,21.09
1033.8,0,44937,54,86,258.91
1033.8,1,55,0,34,7.02
1033.8,2,15,0,58,20.50
1035.8,0,44969,100,87,269.23
1035.8,1,55,0,34,9.08
1035.8,2,15,0,58,24.45
1037.9,0,45097,100,87,266.05
1037.9,1,55,0,34,7.60
1037.9,2,15,0,58,22.09
1040.0,0,45129,100,87,286.13
1040.0,1,55,0,34,7.34
1040.0,2,15,0,58,20.51
1042.1,0,44393,100,86,275.80
1042.1,1,55,0,34,7.32
1042.1,2,15,0,58,20.59
1044.2,0,42089,98,87,279.34
1044.2,1,55,0,34,11.87
1044.2,2,15,0,58,21.78
1046.3,0,23567,100,87,283.05
1046.3,1,55,0,34,6.94
1046.3,2,15,0,58,20.38
1048.4,0,23975,97,87,288.42
1048.4,1,55,0,34,7.08
1048.4,2,15,0,58,21.03
1050.4,0,23623,93,86,286.89
1050.4,1,55,0,34,9.38
1050.4,2,15,0,58,25.38
1052.5,0,23911,96,87,287.07
1052.5,1,55,0,34,7.55
1052.5,2,15,0,58,21.99
1054.6,0,23847,91,87,284.01
1054.6,1,55,0,34,7.05
1054.6,2,15,0,58,21.07
1056.7,0,23879,98,87,286.85
1056.7,1,55,0,34,7.36
1056.7,2,15,0,58,22.31
1058.8,0,23847,97,87,286.05
1058.8,1,55,0,34,7.45
1058.8,2,15,0,58,22.66
1060.9,0,23687,96,87,285.68
1060.9,1,55,0,34,7.01
1060.9,2,15,0,58,21.10
1062.9,0,23975,97,87,287.73
1062.9,1,55,0,34,7.31
1062.9,2,15,0,58,21.14
1065.0,0,24071,97,87,288.76
1065.0,1,55,0,34,11.87
1065.0,2,15,0,59,29.47
1067.1,0,5453,99,87,279.71
1067.1,1,55,0,34,7.23
1067.1,2,15,0,58,21.13
1069.2,0,6047,99,87,294.11
1069.2,1,55,0,34,7.24
1069.2,2,15,0,58,21.02
1071.3,0,5887,98,87,293.74
1071.3,1,55,0,34,8.52
1071.3,2,15,0,58,23.10
1073.3,0,6141,99,87,289.60
1073.3,1,55,0,34,7.83
1073.3,2,15,0,59,21.97
1075.4,0,6237,99,87,291.41
1075.4,1,55,0,34,6.40
1075.4,2,15,0,58,20.99
1077.5,0,6141,98,87,289.27
1077.5,1,55,0,34,6.65
1077.5,2,15,0,58,21.07
1079.6,0,6333,99,87,291.78
1079.6,1,55,0,34,10.74
1079.6,2,15,0,59,29.97
1081.6,0,6173,99,87,288.40
1081.6,1,55,0,34,6.75
1081.6,2,15,0,58,21.41
1083.7,0,6613,98,88,290.40
1083.7,1,55,0,34,6.62
1083.7,2,15,0,58,20.92
1085.8,0,6069,97,87,287.35
1085.8,1,55,1,34,8.24
1085.8,2,15,0,58,23.79
1087.9,0,6549,98,88,288.97
1087.9,1,55,0,34,7.30
1087.9,2,15,0,59,22.32
1090.0,0,6293,97,87,286.80
1090.0,1,55,0,34,7.15
1090.0,2,15,0,58,20.88
1092.1,0,9109,82,87,273.65
1092.1,1,55,0,34,7.30
1092.1,2,15,0,58,20.94
1094.1,0,6549,100,86,270.50
1094.1,1,55,0,34,12.07
1094.1,2,15,0,59,29.73
1096.2,0,8245,99,87,264.23
1096.2,1,55,0,34,7.57
1096.2,2,15,0,58,20.85
1098.3,0,8853,100,87,276.65
1098.3,1,55,0,34,7.08
1098.3,2,15,0,58,20.56
1100.4,0,10385,100,87,262.97
1100.4,1,55,0,34,9.05
1100.4,2,15,0,59,24.31
1102.5,0,10513,100,86,269.79
1102.5,1,55,0,34,7.23
1102.5,2,15,0,59,22.45
1104.5,0,10289,100,87,272.02
1104.5,1,55,0,34,7.06
1104.5,2,15,0,58,20.67
1106.6,0,10353,92,86,254.69
1106.6,1,55,0,34,7.31
1106.6,2,15,0,58,20.83
1108.7,0,9553,100,86,258.39
1108.7,1,55,0,34,11.67
1108.7,2,15,0,59,22.04
1110.8,0,8017,89,87,275.09
1110.8,1,55,0,34,6.74
1110.8,2,15,0,58,20.61
1112.8,0,8049,99,87,297.36
1112.8,1,55,0,34,7.20
1112.8,2,15,0,58,21.06
1114.9,0,8241,99,87,297.48
1114.9,1,55,0,34,9.54
1114.9,2,15,0,59,25.03
1117.0,0,7889,99,87,298.63
1117.0,1,55,0,34,7.16
1117.0,2,15,0,59,22.25
1119.1,0,7729,98,87,294.26
1119.1,1,55,0,34,7.19
1119.1,2,15,0,58,20.88
1121.2,0,7953,99,87,294.72
1121.2,1,55,0,34,8.13
1121.2,2,15,0,59,22.03
1123.3,0,7793,99,87,293.18
1123.3,1,55,0,34,7.74
1123.3,2,15,0,59,21.87
1125.4,0,7953,99,87,294.45
1125.4,1,55,0,34,6.93
1125.4,2,15,0,58,20.91
1127.5,0,7441,98,87,291.33
1127.5,1,55,0,34,7.22
1127.5,2,15,0,58,20.95
1129.6,0,7921,98,87,291.46
1129.6,1,55,0,34,11.62
1129.6,2,15,0,59,29.90
1131.6,0,7985,97,87,290.68
1131.6,1,55,0,34,7.25
1131.6,2,15,0,58,21.33
1133.8,0,7857,99,87,290.73
1133.8,1,55,0,34,7.27
1133.8,2,15,0,58,20.80
1135.8,0,8081,99,87,290.96
1135.8,1,55,0,34,8.86
1135.8,2,15,0,59,22.80
1137.9,0,7921,95,87,289.18
1137.9,1,55,0,34,7.80
1137.9,2,15,0,59,22.17
1140.0,0,6255,99,87,291.27
1140.0,1,55,0,34,7.36
1140.0,2,15,0,58,20.95
1142.1,0,4959,88,86,264.32
1142.1,1,55,0,34,7.47
1142.1,2,15,0,58,21.12
1144.2,0,8687,93,87,274.13
1144.2,1,55,0,34,12.02
1144.2,2,15,0,59,29.82
1146.3,0,7983,100,87,231.38
1146.3,1,55,0,34,7.31
1146.3,2,15,0,58,20.78
1148.4,0,4771,99,87,279.90
1148.4,1,55,0,34,7.11
1148.4,2,15,0,58,20.83
1150.4,0,8387,100,87,267.45
1150.4,1,55,0,34,8.97
1150.4,2,15,1,59,23.65
1152.5,0,8451,100,87,275.33
1152.5,1,55,0,34,7.61
1152.5,2,15,0,59,22.48
1154.6,0,7583,100,86,260.38
1154.6,1,55,0,34,7.20
1154.6,2,15,0,58,20.61
1156.7,0,6959,100,86,246.34
1156.7,1,55,0,34,7.23
1156.7,2,15,0,58,20.52
1158.8,0,8107,100,86,261.39
1158.8,1,55,0,34,12.20
1158.8,2,15,0,59,29.58
1160.9,0,5643,94,86,250.04
1160.9,1,55,0,34,7.22
1160.9,2,15,0,58,21.02
1163.0,0,5931,94,86,262.09
1163.0,1,55,0,34,7.18
1163.0,2,15,0,58,21.21
1165.0,0,5931,98,86,299.11
1165.0,1,55,0,34,9.36
1165.0,2,15,0,59,25.18
1167.1,0,5579,98,87,292.20
1167.1,1,55,0,34,7.20
1167.1,2,15,0,59,22.39
1169.2,0,5355,98,87,295.18
1169.2,1,55,0,34,7.06
1169.2,2,15,0,58,21.11
1171.3,0,5571,100,87,283.46
1171.3,1,55,0,34,7.71
1171.3,2,15,0,58,21.09
1173.4,0,14423,97,86,271.64
1173.4,1,55,0,34,7.82
1173.4,2,15,0,59,22.63
1175.4,0,23713,100,87,284.25
1175.4,1,55,0,34,7.16
1175.4,2,15,0,58,20.74
1177.5,0,24067,100,87,284.96
1177.5,1,55,0,34,7.42
1177.5,2,15,0,58,20.72
1179.6,0,24101,100,86,287.80
1179.6,1,55,0,34,11.47
1179.6,2,15,0,59,29.45
1181.7,0,24133,100,87,284.40
1181.7,1,55,0,34,7.95
1181.7,2,15,0,58,21.16
1183.8,0,24069,100,87,284.55
1183.8,1,55,0,34,7.18
1183.8,2,15,0,58,20.69
1186.0,0,24069,100,86,287.99
1186.0,1,55,0,34,8.26
1186.0,2,15,0,59,22.12
1188.0,0,24069,98,86,285.70
1188.0,1,55,0,34,7.52
1188.0,2,15,0,59,22.02
1190.1,0,23973,97,86,285.23
1190.1,1,55,0,34,7.23
1190.1,2,15,0,58,20.61
1192.2,0,23749,97,87,285.53
1192.2,1,55,0,34,7.26
1192.2,2,15,0,58,20.69
1194.3,0,23717,97,86,287.70
1194.3,1,55,0,34,11.65
1194.3,2,15,0,59,30.14
1196.4,0,26661,95,87,286.31
1196.4,1,55,0,34,7.48
1196.4,2,15,0,58,20.70
1198.5,0,26565,100,86,281.74
1198.5,1,55,0,34,7.32
1198.5,2,15,0,58,20.67
1200.6,0,24261,96,87,281.32
1200.6,1,55,0,34,8.27
1200.6,2,15,0,59,23.11
1202.6,0,7571,100,86,270.86
1202.6,1,55,0,34,7.32
1202.6,2,15,0,59,22.29
1204.7,0,8267,100,86,262.98
1204.7,1,55,0,34,6.74
1204.7,2,15,0,58,20.75
1206.8,0,9359,100,86,258.73
1206.8,1,55,0,34,6.92
1206.8,2,15,0,58,21.02
1208.9,0,9457,81,86,253.44
1208.9,1,55,0,34,12.05
1208.9,2,15,0,59,29.91
1210.9,0,7025,89,86,270.73
1210.9,1,55,0,34,7.21
1210.9,2,15,0,58,21.03
1213.0,0,5195,87,85,263.00
1213.0,1,55,0,34,7.10
1213.0,2,15,0,58,20.99
1215.1,0,7209,100,86,270.62
1215.1,1,55,0,34,8.90
1215.1,2,15,0,59,24.25
1217.2,0,5125,74,86,253.80
1217.2,1,55,0,34,8.15
1217.2,2,15,0,59,21.06
1219.3,0,5793,72,85,243.45
1219.3,1,55,0,34,7.11
1219.3,2,15,0,58,21.00
1221.4,0,6777,94,86,262.15
1221.4,1,55,0,34,7.05
1221.4,2,15,0,58,21.08
1223.5,0,4529,100,86,273.38
1223.5,1,55,0,34,11.82
1223.5,2,15,0,59,30.30
1225.6,0,6711,68,83,256.11
1225.6,1,55,0,34,7.53
1225.6,2,15,0,59,21.15
1227.7,0,5475,77,86,251.26
1227.7,1,55,0,34,7.10
1227.7,2,15,0,59,20.52
1229.7,0,8411,77,85,256.90
1229.7,1,55,0,34,9.23
1229.7,2,15,0,59,29.60
1231.8,0,8891,66,85,253.03
1231.8,1,55,0,34,7.27
1231.8,2,15,0,59,20.91
1233.9,0,8539,100,85,225.05
1233.9,1,55,0,34,7.32
1233.9,2,15,0,59,20.58
1236.0,0,6107,92,85,262.29
1236.0,1,55,0,34,7.45
1236.0,2,15,1,59,21.26
1238.1,0,5915,69,85,266.90
1238.1,1,55,0,34,6.79
1238.1,2,15,0,59,22.42
1240.1,0,6171,87,85,268.14
1240.1,1,55,0,34,6.68
1240.1,2,15,0,59,21.36
1242.2,0,8859,100,85,277.86
1242.2,1,55,0,34,6.26
1242.2,2,15,0,59,21.06
1244.3,0,8955,100,85,270.44
1244.3,1,55,0,34,8.13
1244.3,2,15,0,59,29.94
1246.3,0,6363,93,85,278.83
1246.3,1,55,0,34,6.22
1246.3,2,15,0,59,21.31
1248.4,0,6395,96,86,291.14
1248.4,1,55,0,34,5.90
1248.4,2,15,0,59,21.15
1250.5,0,5979,97,86,292.23
1250.5,1,55,0,34,6.76
1250.5,2,15,0,59,22.32
1252.5,0,6363,97,86,293.94
1252.5,1,55,0,34,6.28
1252.5,2,15,0,59,22.72
1254.6,0,6171,95,86,290.22
1254.6,1,55,0,34,5.91
1254.6,2,15,0,59,21.25
1256.7,0,6331,97,86,290.58
1256.7,1,55,0,34,6.02
1256.7,2,15,0,59,21.57
1258.8,0,5231,98,86,294.70
1258.8,1,55,0,34,10.03
1258.8,2,15,0,59,29.89
1260.8,0,5497,99,87,294.47
1260.8,1,55,0,34,6.09
1260.8,2,15,0,59,21.34
1262.9,0,5305,99,87,298.08
1262.9,1,55,0,34,6.17
1262.9,2,15,0,59,21.08
1265.0,0,5745,98,87,297.75
1265.0,1,55,0,34,7.63
1265.0,2,15,0,59,23.30
1267.0,0,5487,99,87,296.79
1267.0,1,55,0,34,6.50
1267.0,2,15,0,59,21.98
1269.2,0,5903,99,87,295.98
1269.2,1,55,0,34,6.65
1269.2,2,15,0,59,21.13
1271.2,0,8619,98,87,294.94
1271.2,1,55,0,34,7.15
1271.2,2,15,0,58,21.40
1273.4,0,5707,98,87,250.88
1273.4,1,55,0,34,11.55
1273.4,2,15,0,59,30.37
1275.4,0,8491,63,84,265.92
1275.4,1,55,0,34,7.17
1275.4,2,15,0,59,21.14
1277.5,0,6091,96,85,283.78
1277.5,1,55,0,34,7.05
1277.5,2,15,0,59,20.55
1279.6,0,9579,93,86,283.92
1279.6,1,55,0,34,8.90
1279.6,2,15,1,59,24.05
1281.7,0,8395,100,87,267.07
1281.7,1,55,0,34,7.51
1281.7,2,15,0,59,22.13
1283.8,0,6315,100,86,264.75
1283.8,1,55,0,34,6.87
1283.8,2,15,0,59,20.57
1285.8,0,6759,100,86,275.58
1285.8,1,55,0,34,7.06
1285.8,2,15,0,59,20.54
1287.9,0,6183,99,87,297.93
1287.9,1,55,0,34,7.68
1287.9,2,15,0,59,29.56
1290.0,0,6215,99,87,296.96
1290.0,1,55,0,34,6.84
1290.0,2,15,0,59,21.01
1292.1,0,8871,90,87,280.54
1292.1,1,55,0,34,7.11
1292.1,2,15,0,59,20.98
1294.2,0,8999,100,85,261.63
1294.2,1,55,0,34,9.15
1294.2,2,15,0,59,24.33
1296.3,0,9127,100,87,263.36
1296.3,1,55,0,34,7.56
1296.3,2,15,0,59,21.13
1298.4,0,6535,97,86,276.58
1298.4,1,55,0,34,7.29
1298.4,2,15,0,59,20.94
1300.4,0,6503,90,87,288.76
1300.4,1,55,0,34,7.59
1300.4,2,15,0,59,21.25
1302.5,0,6471,85,87,281.44
1302.5,1,55,0,34,7.56
1302.5,2,15,0,59,22.76
1304.6,0,6503,90,87,286.83
1304.6,1,55,0,34,6.76
1304.6,2,15,0,59,21.21
1306.7,0,6279,98,87,287.08
1306.7,1,55,0,34,6.73
1306.7,2,15,0,59,21.25
1308.8,0,6471,91,87,291.34
1308.8,1,55,0,34,10.96
1308.8,2,15,0,59,29.77
1310.9,0,6599,97,87,283.15
1310.9,1,55,0,34,6.52
1310.9,2,15,0,59,21.21
1313.0,0,6727,90,87,281.84
1313.0,1,55,0,34,6.43
1313.0,2,15,0,59,21.03
1315.1,0,5575,96,87,273.73
1315.1,1,55,0,34,7.14
1315.1,2,15,0,59,21.89
1317.1,0,5755,90,86,250.02
1317.1,1,55,0,34,6.67
1317.1,2,15,0,59,22.86
1319.2,0,6107,69,86,247.48
1319.2,1,55,0,34,5.95
1319.2,2,15,0,59,20.86
1321.3,0,6953,77,85,237.47
1321.3,1,55,0,34,6.01
1321.3,2,15,0,59,20.90
1323.3,0,6731,100,87,261.29
1323.3,1,55,0,34,10.07
1323.3,2,15,0,59,29.56
1325.4,0,7277,100,87,263.64
1325.4,1,55,0,34,6.05
1325.4,2,15,0,59,21.17
1327.5,0,7293,100,86,259.27
1327.5,1,55,0,34,6.06
1327.5,2,15,0,59,20.61
1329.6,0,8233,87,86,256.87
1329.6,1,55,0,34,8.72
1329.6,2,15,0,59,22.64
1331.7,0,5539,99,86,261.94
1331.7,1,55,0,34,7.54
1331.7,2,15,0,59,21.86
1333.8,0,5571,99,87,298.25
1333.8,1,55,0,34,7.03
1333.8,2,15,0,59,20.90
1335.9,0,5571,98,87,293.23
1335.9,1,55,0,34,7.23
1335.9,2,15,0,59,21.18
1337.9,0,5219,96,87,296.05
1337.9,1,55,0,34,11.79
1337.9,2,15,0,59,30.06
1340.0,0,5187,100,86,259.30
1340.0,1,55,0,34,7.16
1340.0,2,15,0,59,20.95
1342.1,0,8451,100,87,268.74
1342.1,1,55,0,34,7.06
1342.1,2,15,0,59,20.60
1344.2,0,6111,100,87,279.75
1344.2,1,55,0,34,9.03
1344.2,2,15,0,59,24.09
1346.3,0,5695,99,87,292.79
1346.3,1,55,0,34,7.69
1346.3,2,15,0,59,21.55
1348.4,0,6047,95,87,293.45
1348.4,1,55,0,34,6.74
1348.4,2,15,0,59,21.08
1350.4,0,5535,99,87,294.25
1350.4,1,55,0,34,6.99
1350.4,2,15,0,59,21.02
1352.5,0,6111,98,87,295.26
1352.5,1,55,0,34,11.97
1352.5,2,15,0,59,29.69
1354.6,0,5599,97,87,292.16
1354.6,1,55,0,34,7.13
1354.6,2,15,0,59,21.46
1356.7,0,6015,98,87,292.12
1356.7,1,55,0,34,6.90
1356.7,2,15,0,59,21.16
1358.8,0,6175,93,87,289.99
1358.8,1,55,0,34,9.29
1358.8,2,15,0,59,30.02
1360.9,0,5599,98,87,291.14
1360.9,1,55,0,34,7.20
1360.9,2,15,0,59,21.41
1363.0,0,5823,83,87,272.67
1363.0,1,55,0,34,6.99
1363.0,2,15,0,59,21.20
1365.1,0,5759,94,87,282.77
1365.1,1,55,0,34,7.44
1365.1,2,15,0,59,21.35
1367.2,0,5855,94,87,282.21
1367.2,1,55,0,34,7.63
1367.2,2,15,0,59,23.01
1369.2,0,5695,98,87,282.64
1369.2,1,55,0,34,7.26
1369.2,2,15,0,59,21.10
1371.3,0,8415,68,85,255.70
1371.3,1,55,0,34,7.39
1371.3,2,15,0,59,21.16
1373.4,0,8671,42,86,251.65
1373.4,1,55,0,34,11.56
1373.4,2,15,0,59,29.46
1375.5,0,8159,100,87,257.41
1375.5,1,55,0,34,7.37
1375.5,2,15,0,59,21.00
1377.6,0,5311,69,86,256.96
1377.6,1,55,0,34,7.12
1377.6,2,15,0,59,20.73
1379.7,0,5599,99,87,281.71
1379.7,1,55,0,34,7.83
1379.7,2,15,0,59,22.41
1381.8,0,5311,99,87,295.24
1381.8,1,55,0,34,6.96
1381.8,2,15,0,59,22.09
1383.8,0,7871,86,87,280.78
1383.8,1,55,0,34,6.39
1383.8,2,15,0,59,20.90
1385.9,0,8031,100,87,263.55
1385.9,1,55,0,34,6.80
1385.9,2,15,0,59,20.75
1388.0,0,5823,100,86,263.39
1388.0,1,55,0,34,11.42
1388.0,2,15,0,59,29.96
1390.1,0,5137,100,87,256.05
1390.1,1,55,0,34,7.44
1390.1,2,15,0,59,20.54
1392.2,0,4849,98,87,292.65
1392.2,1,55,0,34,7.15
1392.2,2,15,0,59,21.04
1394.3,0,8017,100,84,257.44
1394.3,1,55,0,34,8.86
1394.3,2,15,0,59,25.35
1396.3,0,8933,100,87,271.31
1396.3,1,55,0,34,7.91
1396.3,2,15,0,59,22.40
1398.4,0,5701,93,86,257.05
1398.4,1,55,0,34,6.97
1398.4,2,15,0,59,20.62
1400.5,0,6117,78,86,257.32
1400.5,1,55,0,34,7.04
1400.5,2,15,0,59,21.00
1402.6,0,6215,80,86,271.70
1402.6,1,55,0,34,11.66
1402.6,2,15,0,59,29.66
1404.6,0,7261,100,86,265.95
1404.6,1,55,0,34,7.43
1404.6,2,15,0,59,21.01
1406.7,0,4069,74,86,243.39
1406.7,1,55,0,34,7.26
1406.7,2,15,0,59,20.46
1408.8,0,7723,97,86,275.70
1408.8,1,55,0,34,9.36
1408.8,2,15,0,59,29.91
1410.9,0,5239,97,87,273.34
1410.9,1,55,0,34,7.53
1410.9,2,15,0,59,20.91
1413.0,0,6743,100,86,273.47
1413.0,1,55,0,34,7.19
1413.0,2,15,0,59,20.76
1415.1,0,8055,100,86,261.60
1415.1,1,55,0,34,7.26
1415.1,2,15,0,59,20.55
1417.2,0,8151,100,86,267.64
1417.2,1,55,0,34,7.67
1417.2,2,15,0,59,30.04
1419.3,0,9719,79,83,239.65
1419.3,1,55,0,34,7.25
1419.3,2,15,0,59,20.45
1421.4,0,7639,100,86,275.85
1421.4,1,55,0,34,7.43
1421.4,2,15,0,59,20.47
1423.5,0,5623,98,87,298.99
1423.5,1,55,0,34,11.93
1423.5,2,15,0,59,29.59
1425.5,0,8535,100,86,276.73
1425.5,1,55,0,34,7.00
1425.5,2,15,0,59,21.27
1427.6,0,5815,98,87,298.76
1427.6,1,55,0,34,6.61
1427.6,2,15,0,59,20.89
1429.7,0,8663,100,86,276.32
1429.7,1,55,0,34,7.07
1429.7,2,15,0,59,21.11
1431.8,0,9175,100,86,274.06
1431.8,1,55,0,34,6.69
1431.8,2,15,0,59,21.71
1433.9,0,6105,98,87,297.82
1433.9,1,55,0,34,6.39
1433.9,2,15,0,59,20.72
1435.9,0,6009,98,87,296.21
1435.9,1,55,0,34,6.43
1435.9,2,15,0,59,20.92
1438.0,0,5817,98,87,295.27
1438.0,1,55,0,34,11.18
1438.0,2,15,0,59,29.71
1440.1,0,6105,98,87,292.82
1440.1,1,55,0,34,6.62
1440.1,2,15,0,59,21.40
1442.2,0,5689,98,87,292.65
1442.2,1,55,0,34,6.51
1442.2,2,15,0,59,20.82
1444.3,0,6201,98,87,293.78
1444.3,1,55,0,34,7.52
1444.3,2,15,0,59,24.49
1446.3,0,6265,96,87,289.61
1446.3,1,55,0,34,6.87
1446.3,2,15,0,59,22.46
1448.4,0,6105,89,87,276.99
1448.4,1,55,0,34,6.38
1448.4,2,15,0,59,20.92
1450.5,0,6137,94,87,285.33
1450.5,1,55,0,34,7.04
1450.5,2,15,0,59,20.96
1452.6,0,6009,93,87,279.07
1452.6,1,55,0,34,11.58
1452.6,2,15,0,59,29.66
1454.7,0,24689,93,87,274.66
1454.7,1,55,0,34,7.11
1454.7,2,15,0,59,21.26
1456.8,0,24699,100,87,281.92
1456.8,1,55,0,34,6.93
1456.8,2,15,0,59,20.54
1458.9,0,24731,100,87,284.48
1458.9,1,55,0,34,8.65
1458.9,2,15,0,59,24.90
1460.9,0,24763,100,87,284.58
1460.9,1,55,0,34,7.21
1460.9,2,15,0,59,21.27
1463.0,0,24827,100,87,281.64
1463.0,1,55,0,34,6.94
1463.0,2,15,0,59,20.30
1465.1,0,34085,100,87,281.86
1465.1,1,55,0,34,6.92
1465.1,2,15,0,59,20.59
1467.2,0,34085,100,87,283.42
1467.2,1,55,0,34,11.56
1467.2,2,15,0,59,30.39
1469.3,0,34117,100,87,284.29
1469.3,1,55,0,34,7.17
1469.3,2,15,0,59,20.40
1471.4,0,34117,100,87,285.46
1471.4,1,55,0,34,7.22
1471.4,2,15,0,59,20.65
1473.5,0,34053,100,87,282.34
1473.5,1,55,0,34,11.67
1473.5,2,15,0,59,29.61
1475.6,0,33989,98,87,284.63
1475.6,1,55,0,34,7.20
1475.6,2,15,0,59,20.61
1477.7,0,33957,100,87,285.18
1477.7,1,55,0,34,7.14
1477.7,2,15,0,59,20.31
1479.8,0,33925,100,87,281.39
1479.8,1,55,0,34,7.18
1479.8,2,15,0,59,22.73
1481.8,0,33637,100,87,280.28
1481.8,1,55,0,34,7.93
1481.8,2,15,0,59,21.52
1483.9,0,33573,100,87,281.85
1483.9,1,55,0,34,7.03
1483.9,2,15,0,59,20.47
1486.0,0,33605,100,87,282.20
1486.0,1,55,0,34,7.41
1486.0,2,15,0,59,20.49
1488.1,0,33605,98,87,283.72
1488.1,1,55,0,34,11.52
1488.1,2,15,0,59,30.12
1490.2,0,34213,100,87,283.48
1490.2,1,55,0,34,7.34
1490.2,2,15,0,59,20.94
1492.3,0,34245,93,88,287.33
1492.3,1,55,0,34,7.04
1492.3,2,15,0,59,20.38
1494.4,0,33893,100,87,286.56
1494.4,1,55,0,34,8.76
1494.4,2,15,0,59,23.47
1496.5,0,33893,90,87,281.68
1496.5,1,55,0,34,7.07
1496.5,2,15,0,59,22.06
1498.6,0,33925,100,87,281.82
1498.6,1,55,0,34,6.71
1498.6,2,15,0,59,20.42
1500.7,0,33893,100,87,282.62
1500.7,1,55,0,34,7.16
1500.7,2,15,0,59,20.67
1502.8,0,33957,96,87,285.31
1502.8,1,55,0,34,11.69
1502.8,2,15,0,59,29.98
1504.9,0,33957,100,87,281.93
1504.9,1,55,0,34,7.94
1504.9,2,15,0,59,20.67
1507.0,0,33829,98,87,283.92
1507.0,1,55,0,34,7.82
1507.0,2,15,0,59,20.43
1509.1,0,33829,97,87,281.70
1509.1,1,55,0,34,12.10
1509.1,2,15,0,59,24.40
1511.2,0,33765,100,87,283.86
1511.2,1,55,0,34,8.66
1511.2,2,15,0,59,22.53
1513.3,0,33765,100,87,280.02
1513.3,1,55,0,34,7.90
1513.3,2,15,0,59,20.51
1515.4,0,33701,100,87,281.66
1515.4,1,55,0,34,8.00
1515.4,2,15,0,59,20.98
1517.5,0,33669,100,87,284.36
1517.5,1,55,0,34,8.12
1517.5,2,15,0,59,22.30
1519.6,0,33477,100,87,285.52
1519.6,1,55,0,34,7.89
1519.6,2,15,0,59,20.54
1521.7,0,36581,100,87,283.89
1521.7,1,55,0,34,7.70
1521.7,2,15,0,59,20.54
1523.8,0,37925,100,87,268.48
1523.8,1,55,0,34,11.83
1523.8,2,15,0,59,29.62
1525.9,0,34149,100,88,283.16
1525.9,1,55,0,34,7.78
1525.9,2,15,0,59,20.60
1528.0,0,34053,100,87,283.27
1528.0,1,55,0,34,7.85
1528.0,2,15,0,59,20.26
1530.1,0,34053,99,87,284.42
1530.1,1,55,0,34,9.11
1530.1,2,15,0,59,21.98
1532.1,0,34053,99,87,284.70
1532.1,1,55,0,34,8.20
1532.1,2,15,0,59,21.47
1534.2,0,34085,100,87,286.71
1534.2,1,55,0,34,7.58
1534.2,2,15,0,59,20.32
1536.4,0,34053,98,87,282.45
1536.4,1,55,0,34,7.68
1536.4,2,15,0,59,20.48
1538.5,0,34053,100,87,283.29
1538.5,1,55,0,34,11.56
1538.5,2,15,0,59,30.07
1540.6,0,34053,100,87,284.26
1540.6,1,55,0,34,7.98
1540.6,2,15,0,59,20.83
1542.7,0,33733,100,87,283.82
1542.7,1,55,0,34,7.79
1542.7,2,15,0,59,20.36
1544.7,0,33605,100,87,283.44
1544.7,1,55,0,35,9.08
1544.7,2,15,0,59,23.01
1546.8,0,33541,99,88,282.64
1546.8,1,55,0,34,7.63
1546.8,2,15,0,59,21.84
1548.9,0,33605,100,87,283.01
1548.9,1,55,0,34,7.64
1548.9,2,15,0,59,20.47
1551.0,0,33477,100,87,284.28
1551.0,1,55,0,34,7.48
1551.0,2,15,0,59,20.64
1553.2,0,32869,100,87,280.18
1553.2,1,55,0,34,11.86
1553.2,2,15,0,59,29.92
1555.3,0,32901,99,87,275.30
1555.3,1,55,0,34,7.86
1555.3,2,15,0,59,20.54
1557.4,0,33125,100,87,277.64
1557.4,1,55,0,34,7.76
1557.4,2,15,0,59,20.57
1559.5,0,33189,100,87,284.65
1559.5,1,55,0,34,11.63
1559.5,2,15,0,59,29.85
1561.6,0,33157,100,87,282.94
1561.6,1,55,0,34,7.76
1561.6,2,15,0,59,20.84
1563.7,0,33189,99,88,285.86
1563.7,1,55,0,34,7.82
1563.7,2,15,0,59,20.37
1565.8,0,33189,100,87,285.27
1565.8,1,55,1,34,7.76
1565.8,2,15,0,59,22.91
1567.9,0,33221,99,87,285.51
1567.9,1,55,0,34,7.89
1567.9,2,15,0,59,21.92
1570.0,0,33221,100,87,284.14
1570.0,1,55,0,34,7.37
1570.0,2,15,0,59,20.29
1572.1,0,33253,100,87,283.40
1572.1,1,55,0,34,7.78
1572.1,2,15,0,59,20.45
1574.3,0,33157,100,87,283.00
1574.3,1,55,0,34,12.05
1574.3,2,15,0,59,29.84
1576.4,0,32965,98,87,283.12
1576.4,1,55,0,34,7.61
1576.4,2,15,0,59,20.59
1578.5,0,32741,100,87,284.41
1578.5,1,55,0,34,7.50
1578.5,2,15,0,59,20.42
1580.6,0,32709,99,87,286.87
1580.6,1,55,0,35,9.22
1580.6,2,15,0,59,23.83
1582.7,0,32645,99,87,283.98
1582.7,1,55,0,35,7.93
1582.7,2,15,0,59,22.33
1584.9,0,34117,100,87,278.47
1584.9,1,55,0,34,7.07
1584.9,2,15,0,59,20.55
1587.0,0,35685,100,87,276.17
1587.0,1,55,0,34,7.74
1587.0,2,15,0,59,20.35
1589.1,0,35781,100,88,283.35
1589.1,1,55,0,35,8.02
1589.1,2,15,0,59,29.57
1591.2,0,33125,100,86,253.35
1591.2,1,55,0,34,7.57
1591.2,2,15,0,59,20.80
1593.3,0,35877,100,87,269.25
1593.3,1,55,0,34,7.51
1593.3,2,15,0,59,20.40
1595.4,0,37253,73,86,261.10
1595.4,1,55,0,35,11.62
1595.4,2,15,0,59,29.76
1597.5,0,36005,98,87,280.91
1597.5,1,55,0,34,8.13
1597.5,2,15,0,59,20.71
1599.6,0,36069,100,86,278.77
1599.6,1,55,0,34,7.30
1599.6,2,15,0,59,20.42
1601.7,0,33797,99,87,279.67
1601.7,1,55,0,34,8.59
1601.7,2,15,0,59,20.67
1603.8,0,37541,100,87,282.43
1603.8,1,55,0,35,7.90
1603.8,2,15,0,59,21.60
1605.9,0,33477,92,86,258.95
1605.9,1,55,0,34,7.58
1605.9,2,15,0,59,20.64
1608.0,0,36389,81,86,269.13
1608.0,1,55,0,34,7.79
1608.0,2,15,0,59,20.69
1610.1,0,34085,100,87,275.44
1610.1,1,55,0,35,11.71
1610.1,2,15,0,59,30.39
1612.2,0,33701,97,86,283.86
1612.2,1,55,0,34,7.63
1612.2,2,15,0,59,21.02
1614.3,0,33733,96,87,286.57
1614.3,1,55,0,34,7.52
1614.3,2,15,0,59,20.48
1616.4,0,33733,99,86,285.34
1616.4,1,55,0,35,9.11
1616.4,2,15,0,59,24.38
1618.5,0,33765,100,87,284.04
1618.5,1,55,0,35,7.69
1618.5,2,15,0,59,21.95
1620.6,0,23381,100,87,260.24
1620.6,1,55,0,34,7.14
1620.6,2,15,0,59,20.36
1622.7,0,23597,99,87,293.46
1622.7,1,55,0,34,7.92
1622.7,2,15,0,59,20.46
1624.8,0,25997,100,87,268.02
1624.8,1,55,0,35,11.86
1624.8,2,15,0,59,29.66
1626.9,0,26573,100,87,279.37
1626.9,1,55,0,34,8.04
1626.9,2,15,0,59,20.68
1629.0,0,23501,98,87,298.36
1629.0,1,55,0,34,7.83
1629.0,2,15,0,59,20.93
1631.1,0,23501,97,87,298.94
1631.1,1,55,0,35,11.60
1631.1,2,15,0,59,25.41
1633.2,0,23693,99,87,298.61
1633.2,1,55,0,34,7.79
1633.2,2,15,0,59,22.78
1635.3,0,26157,98,87,292.77
1635.3,1,55,0,34,7.65
1635.3,2,15,0,59,20.85
1637.4,0,23629,100,87,284.61
1637.4,1,55,0,34,7.51
1637.4,2,15,0,59,21.93
1639.4,0,23725,99,87,294.69
1639.4,1,55,0,35,11.64
1639.4,2,15,0,59,22.21
1641.5,0,23629,98,87,296.60
1641.5,1,55,0,34,6.90
1641.5,2,15,0,59,20.82
1643.6,0,23661,98,87,293.09
1643.6,1,55,0,34,7.12
1643.6,2,15,0,59,20.98
1645.7,0,23661,99,87,291.68
1645.7,1,55,0,35,11.81
1645.7,2,15,0,59,29.75
1647.8,0,23597,96,87,293.22
1647.8,1,55,0,34,6.79
1647.8,2,15,0,59,21.03
1649.9,0,23693,99,87,292.41
1649.9,1,55,0,34,6.90
1649.9,2,15,0,59,20.73
1652.0,0,23309,99,87,288.39
1652.0,1,55,1,34,7.21
1652.0,2,15,0,59,23.06
1654.0,0,23693,99,87,290.40
1654.0,1,55,0,35,7.57
1654.0,2,15,0,59,22.69
1656.1,0,23405,98,87,290.43
1656.1,1,55,0,34,6.98
1656.1,2,15,0,59,20.80
1658.2,0,23597,98,87,285.52
1658.2,1,55,0,34,6.90
1658.2,2,15,0,59,20.96
1660.3,0,23117,98,87,288.49
1660.3,1,55,0,35,11.41
1660.3,2,15,0,59,29.36
1662.4,0,23693,98,87,272.97
1662.4,1,55,0,34,7.17
1662.4,2,15,0,59,21.01
1664.5,0,23277,98,87,289.90
1664.5,1,55,0,34,7.08
1664.5,2,15,0,59,20.81
1666.6,0,23373,98,87,291.00
1666.6,1,55,0,35,8.88
1666.6,2,15,1,59,23.94
1668.7,0,26189,66,85,267.96
1668.7,1,55,0,35,7.22
1668.7,2,15,0,59,22.24
1670.8,0,22989,98,87,266.02
1670.8,1,55,0,34,6.75
1670.8,2,15,0,59,20.59
1672.9,0,22765,99,87,290.31
1672.9,1,55,0,34,7.05
1672.9,2,15,0,59,20.84
1674.9,0,25933,100,87,261.88
1674.9,1,55,0,35,12.02
1674.9,2,15,0,59,30.05
1677.0,0,25965,83,87,264.87
1677.0,1,55,0,34,6.89
1677.0,2,15,0,59,20.63
1679.1,0,26029,99,87,266.97
1679.1,1,55,0,34,7.00
1679.1,2,15,0,59,20.60
1681.2,0,27053,99,86,244.33
1681.2,1,55,0,35,11.30
1681.2,2,15,0,59,24.52
1683.3,0,25805,76,86,259.10
1683.3,1,55,0,35,7.60
1683.3,2,15,0,59,22.38
1685.4,0,25933,99,86,255.46
1685.4,1,55,0,34,6.84
1685.4,2,15,0,59,20.59
1687.4,0,23437,98,87,298.20
1687.4,1,55,0,34,6.98
1687.4,2,15,0,59,21.12
1689.5,0,26477,98,87,298.21
1689.5,1,55,0,35,11.65
1689.5,2,15,0,59,22.31
1691.6,0,26573,99,87,262.96
1691.6,1,55,0,34,6.76
1691.6,2,15,0,59,20.56
1693.7,0,23533,98,87,272.78
1693.7,1,55,0,34,7.07
1693.7,2,15,0,59,20.71
1695.8,0,23373,98,87,299.40
1695.8,1,55,0,35,11.32
1695.8,2,15,0,59,29.70
1697.9,0,23533,99,87,299.05
1697.9,1,55,0,34,6.59
1697.9,2,15,0,59,21.09
1700.0,0,23181,97,87,293.25
1700.0,1,55,0,34,6.73
1700.0,2,15,0,59,20.96
1702.1,0,23565,100,86,258.40
1702.1,1,55,0,34,8.89
1702.1,2,15,0,59,22.45
1704.2,0,23725,99,87,296.38
1704.2,1,55,0,35,7.53
1704.2,2,15,0,59,22.72
1706.3,0,23629,98,87,295.24
1706.3,1,55,0,34,6.83
1706.3,2,15,0,59,21.04
1708.4,0,23565,99,87,295.48
1708.4,1,55,0,34,7.00
1708.4,2,15,0,59,21.07
1710.4,0,23629,88,86,291.02
1710.4,1,55,0,34,11.38
1710.4,2,15,0,59,29.34
1712.5,0,23821,99,87,293.30
1712.5,1,55,0,34,6.77
1712.5,2,15,0,59,21.14
1714.6,0,23565,98,87,290.75
1714.6,1,55,0,34,6.73
1714.6,2,15,0,59,20.81
1716.7,0,23533,96,87,291.78
1716.7,1,55,0,34,8.89
1716.7,2,15,0,59,23.49
1718.8,0,23757,96,87,291.80
1718.8,1,55,0,35,7.18
1718.8,2,15,0,59,22.21
1720.9,0,23533,99,87,291.26
1720.9,1,55,0,34,6.81
1720.9,2,15,0,59,20.96
1723.0,0,23181,95,87,290.69
1723.0,1,55,0,34,6.87
1723.0,2,15,0,59,20.97
1725.1,0,23597,98,87,290.47
1725.1,1,55,0,35,11.63
1725.1,2,15,0,59,30.12
1727.1,0,8157,97,87,284.68
1727.1,1,55,0,34,6.76
1727.1,2,15,0,59,21.01
1729.2,0,5429,100,87,257.08
1729.2,1,55,0,34,6.96
1729.2,2,15,0,59,20.53
1731.3,0,5297,96,87,290.58
1731.3,1,55,0,34,9.05
1731.3,2,15,0,59,24.29
1733.4,0,6529,98,85,263.56
1733.4,1,55,0,34,7.32
1733.4,2,15,0,59,21.18
1735.5,0,6241,74,86,247.62
1735.5,1,55,0,34,6.53
1735.5,2,15,0,59,20.46
1737.5,0,7139,76,85,246.32
1737.5,1,55,0,34,6.84
1737.5,2,15,0,59,20.53
1739.6,0,4579,96,87,260.20
1739.6,1,55,0,34,6.99
1739.6,2,15,0,59,29.71
1741.7,0,7715,97,86,289.75
1741.7,1,55,0,34,6.77
1741.7,2,15,0,59,21.13
1743.8,0,7907,100,86,268.37
1743.8,1,55,0,34,6.68
1743.8,2,15,0,59,20.72
1745.9,0,7971,100,86,265.17
1745.9,1,55,0,34,11.16
1745.9,2,15,0,60,30.02
1748.0,0,7715,100,85,260.64
1748.0,1,55,0,34,6.75
1748.0,2,15,0,59,20.65
1750.1,0,8227,100,86,260.14
1750.1,1,55,0,34,7.00
1750.1,2,15,0,59,20.52
1752.2,0,5507,87,85,250.22
1752.2,1,55,0,34,7.76
1752.2,2,15,1,59,21.30
1754.3,0,5123,67,85,237.78
1754.3,1,55,0,34,7.32
1754.3,2,15,0,59,22.79
1756.3,0,5443,92,86,272.16
1756.3,1,55,0,34,6.81
1756.3,2,15,0,59,20.93
1758.4,0,7573,100,86,261.44
1758.4,1,55,0,34,6.99
1758.4,2,15,0,59,20.86
1760.5,0,7607,100,85,262.16
1760.5,1,55,0,34,11.52
1760.5,2,15,0,59,29.77
1762.6,0,13663,91,86,246.95
1762.6,1,55,0,34,7.02
1762.6,2,15,0,59,21.11
1764.7,0,3003,100,85,274.56
1764.7,1,55,0,34,6.84
1764.7,2,15,0,59,20.66
1766.8,0,14235,82,84,249.71
1766.8,1,55,0,34,8.35
1766.8,2,15,0,59,22.07
1768.9,0,13755,100,85,273.33
1768.9,1,55,0,34,7.02
1768.9,2,15,0,59,21.73
1771.0,0,17499,97,85,267.33
1771.0,1,55,0,34,6.75
1771.0,2,15,0,59,20.41
1773.0,0,17147,100,85,270.97
1773.0,1,55,0,34,7.09
1773.0,2,15,0,59,20.47
1775.1,0,7737,93,85,256.93
1775.1,1,55,0,35,11.67
1775.1,2,15,0,59,30.02
1777.2,0,5113,86,85,245.79
1777.2,1,55,0,34,7.05
1777.2,2,15,0,59,21.05
1779.3,0,4955,95,86,278.32
1779.3,1,55,0,34,6.27
1779.3,2,15,0,59,20.91
1781.4,0,4889,97,85,280.30
1781.4,1,55,0,34,8.30
1781.4,2,15,0,59,29.59
1783.4,0,5145,90,86,271.20
1783.4,1,55,0,34,6.86
1783.4,2,15,0,59,22.81
1785.5,0,5237,94,85,278.80
1785.5,1,55,0,34,6.13
1785.5,2,15,0,59,21.08
1787.6,0,4949,93,85,278.59
1787.6,1,55,0,34,6.34
1787.6,2,15,0,59,21.11
1789.6,0,4917,92,85,274.80
1789.6,1,55,0,34,10.82
1789.6,2,15,0,59,29.87
1791.7,0,4431,95,86,277.88
1791.7,1,55,0,34,6.05
1791.7,2,15,0,59,21.23
1793.8,0,5137,98,86,297.95
1793.8,1,55,0,34,5.38
1793.8,2,15,0,59,21.00
1795.8,0,8145,100,86,271.33
1795.8,1,55,0,34,7.78
1795.8,2,15,0,59,30.22
1797.9,0,4689,100,85,256.50
1797.9,1,55,0,34,5.97
1797.9,2,15,0,59,20.48
1800.0,0,4625,100,86,270.52
1800.0,1,55,0,34,5.60
1800.0,2,15,0,59,20.55
1802.1,0,17637,100,86,271.33
1802.1,1,55,0,34,5.78
1802.1,2,15,0,59,20.46
1804.1,0,27823,100,86,272.48
1804.1,1,55,0,34,6.10
1804.1,2,15,0,59,30.09
1806.2,0,34907,100,86,273.47
1806.2,1,55,0,34,5.61
1806.2,2,15,0,59,20.75
1808.3,0,35451,100,86,278.29
1808.3,1,55,0,34,6.20
1808.3,2,15,0,59,20.30
1810.4,0,35867,100,86,280.13
1810.4,1,55,0,34,11.25
1810.4,2,15,0,59,29.75
1812.5,0,33307,100,86,286.61
1812.5,1,55,0,34,7.34
1812.5,2,15,0,59,20.70
1814.6,0,33307,100,86,287.06
1814.6,1,55,0,34,6.62
1814.6,2,15,0,59,20.41
1816.7,0,33339,100,86,285.72
1816.7,1,55,0,34,8.08
1816.7,2,15,0,59,20.55
1818.8,0,33339,100,86,290.67
1818.8,1,55,0,34,7.45
1818.8,2,15,0,60,21.58
1820.9,0,33339,100,86,287.35
1820.9,1,55,0,34,6.75
1820.9,2,15,0,59,20.33
1822.9,0,33371,100,86,288.56
1822.9,1,55,0,34,6.79
1822.9,2,15,0,59,20.52
1825.0,0,33371,100,86,288.33
1825.0,1,55,0,34,11.41
1825.0,2,15,0,59,30.30
1827.1,0,33435,100,87,287.35
1827.1,1,55,0,34,6.98
1827.1,2,15,0,59,20.95
1829.2,0,33467,100,87,289.88
1829.2,1,55,0,34,6.73
1829.2,2,15,0,59,20.38
1831.3,0,33307,99,87,290.05
1831.3,1,55,0,34,8.36
1831.3,2,15,0,59,21.74
1833.4,0,33243,100,87,281.60
1833.4,1,55,0,34,7.18
1833.4,2,15,0,59,22.08
1835.5,0,33115,100,87,282.65
1835.5,1,55,0,34,6.47
1835.5,2,15,0,59,20.35
1837.6,0,32955,98,87,287.77
1837.6,1,55,0,34,6.97
1837.6,2,15,0,59,20.50
1839.6,0,32827,96,86,282.37
1839.6,1,55,0,34,11.59
1839.6,2,15,0,59,29.87
1841.7,0,32827,100,87,283.26
1841.7,1,55,0,34,6.89
1841.7,2,15,0,59,20.64
1843.8,0,33275,97,87,287.20
1843.8,1,55,0,34,6.78
1843.8,2,15,0,59,20.42
1845.9,0,33275,100,87,284.18
1845.9,1,55,0,34,8.81
1845.9,2,15,0,59,25.20
1848.0,0,33307,100,87,284.44
1848.0,1,55,0,34,7.73
1848.0,2,15,0,59,22.58
1850.1,0,33339,100,87,284.29
1850.1,1,55,0,34,6.83
1850.1,2,15,0,59,20.36
1852.2,0,33339,98,87,282.99
1852.2,1,55,0,34,6.94
1852.2,2,15,0,59,20.55
1854.3,0,33339,100,87,281.17
1854.3,1,55,0,35,7.05
1854.3,2,15,0,59,29.40
1856.4,0,33339,100,87,284.15
1856.4,1,55,0,34,6.92
1856.4,2,15,0,59,20.84
1858.4,0,33243,100,87,284.04
1858.4,1,55,0,34,7.14
1858.4,2,15,0,59,20.53
1860.5,0,33211,100,87,287.48
1860.5,1,55,0,34,11.54
1860.5,2,15,0,59,29.75
1862.6,0,33179,99,87,285.34
1862.6,1,55,0,34,7.41
1862.6,2,15,0,59,20.59
1864.7,0,33019,100,87,283.66
1864.7,1,55,0,34,6.84
1864.7,2,15,0,59,20.33
1866.8,0,33019,100,87,282.33
1866.8,1,55,0,34,7.90
1866.8,2,15,0,59,20.30
1868.9,0,32955,100,87,281.94
1868.9,1,55,0,34,7.65
1868.9,2,15,0,59,21.42
1871.0,0,32923,100,87,281.73
1871.0,1,55,0,34,6.86
1871.0,2,15,0,59,20.41
1873.1,0,32891,100,87,282.10
1873.1,1,55,0,34,7.09
1873.1,2,15,0,59,20.56
1875.2,0,34747,100,88,285.75
1875.2,1,55,0,34,11.48
1875.2,2,15,0,59,30.34
1877.3,0,33499,97,87,274.86
1877.3,1,55,0,34,7.05
1877.3,2,15,0,59,21.06
1879.4,0,37403,100,87,269.19
1879.4,1,55,0,34,6.91
1879.4,2,15,0,59,20.60
1881.5,0,33435,97,87,258.42
1881.5,1,55,0,34,8.20
1881.5,2,15,0,59,24.19
1883.6,0,33403,100,87,285.98
1883.6,1,55,0,34,7.19
1883.6,2,15,0,59,22.21
1885.6,0,33435,99,87,283.06
1885.6,1,55,0,34,6.78
1885.6,2,15,0,59,20.62
1887.7,0,33435,100,88,284.91
1887.7,1,55,0,34,7.02
1887.7,2,15,0,59,20.83
1889.8,0,33467,100,87,285.27
1889.8,1,55,0,34,11.51
1889.8,2,15,0,59,30.21
1891.9,0,33467,100,87,283.16
1891.9,1,55,0,34,7.05
1891.9,2,15,0,59,20.71
1894.0,0,33499,97,87,286.13
1894.0,1,55,0,34,6.93
1894.0,2,15,0,59,20.56
1896.1,0,33563,100,88,282.44
1896.1,1,55,0,34,8.59
1896.1,2,15,0,59,24.92
1898.2,0,33595,100,87,284.72
1898.2,1,55,0,34,7.04
1898.2,2,15,0,59,22.41
1900.3,0,33563,100,87,285.55
1900.3,1,55,0,34,6.55
1900.3,2,15,0,59,20.45
1902.4,0,33531,100,87,281.35
1902.4,1,55,0,34,6.96
1902.4,2,15,0,59,20.55
1904.5,0,33499,100,87,285.17
1904.5,1,55,0,34,11.54
1904.5,2,15,0,59,22.07
1906.5,0,33147,100,87,281.52
1906.5,1,55,0,34,7.10
1906.5,2,15,0,59,20.44
1908.6,0,32987,100,87,282.76
1908.6,1,55,0,34,6.96
1908.6,2,15,0,59,20.57
1910.7,0,32987,100,88,287.56
1910.7,1,55,0,34,11.42
1910.7,2,15,0,60,29.84
1912.9,0,32987,100,87,281.86
1912.9,1,55,0,34,7.13
1912.9,2,15,0,59,21.81
1914.9,0,32987,100,87,282.73
1914.9,1,55,0,34,6.98
1914.9,2,15,0,59,20.47
1917.0,0,35899,100,87,275.31
1917.0,1,55,1,34,7.38
1917.0,2,15,0,59,22.43
1919.1,0,36155,100,87,278.12
1919.1,1,55,0,34,7.77
1919.1,2,15,0,59,22.58
1921.2,0,36219,100,87,280.44
1921.2,1,55,0,34,7.05
1921.2,2,15,0,59,20.59
1923.3,0,35515,100,85,280.30
1923.3,1,55,0,34,7.08
1923.3,2,15,0,59,20.53
1925.4,0,33659,100,87,283.81
1925.4,1,55,0,34,11.36
1925.4,2,15,0,59,29.47
1927.5,0,33691,100,87,282.45
1927.5,1,55,0,34,7.18
1927.5,2,15,0,59,20.89
1929.6,0,33659,97,87,283.55
1929.6,1,55,0,34,7.10
1929.6,2,15,0,59,20.59
1931.6,0,33659,97,87,282.47
1931.6,1,55,0,34,7.49
1931.6,2,15,0,59,23.25
1933.7,0,33723,94,87,285.55
1933.7,1,55,0,34,7.37
1933.7,2,15,0,59,21.90
1935.8,0,33755,100,87,284.60
1935.8,1,55,0,34,6.97
1935.8,2,15,0,59,20.55
1937.9,0,33819,100,87,287.58
1937.9,1,55,0,34,7.03
1937.9,2,15,0,59,20.51
1940.0,0,33819,100,87,282.34
1940.0,1,55,0,34,11.80
1940.0,2,15,0,59,30.12
1942.1,0,33819,100,87,283.41
1942.1,1,55,0,34,7.29
1942.1,2,15,0,59,20.53
1944.2,0,33787,100,87,285.80
1944.2,1,55,0,34,6.90
1944.2,2,15,0,59,20.50
1946.3,0,33595,100,87,284.46
1946.3,1,55,0,34,10.77
1946.3,2,15,0,59,24.15
1948.4,0,33499,100,87,283.74
1948.4,1,55,0,34,7.38
1948.4,2,15,0,59,21.09
1950.5,0,33307,100,87,285.21
1950.5,1,55,0,34,6.66
1950.5,2,15,0,59,20.58
1952.6,0,33179,100,87,284.35
1952.6,1,55,0,34,7.12
1952.6,2,15,0,59,20.44
1954.7,0,33179,100,87,283.30
1954.7,1,55,0,34,7.27
1954.7,2,15,0,59,29.76
1956.8,0,33179,97,87,282.53
1956.8,1,55,0,34,7.03
1956.8,2,15,0,59,20.86
1958.9,0,33211,100,87,285.12
1958.9,1,55,0,34,7.16
1958.9,2,15,0,59,20.73
1961.0,0,33787,97,87,284.36
1961.0,1,55,0,34,11.41
1961.0,2,15,0,60,29.97
1963.1,0,33787,100,87,282.81
1963.1,1,55,0,34,6.91
1963.1,2,15,0,59,20.67
1965.2,0,33819,99,87,284.40
1965.2,1,55,0,34,6.87
1965.2,2,15,0,59,20.58
1967.3,0,33819,100,87,284.17
1967.3,1,55,0,34,8.79
1967.3,2,15,1,59,20.72
1969.4,0,33851,100,87,285.13
1969.4,1,55,0,34,7.74
1969.4,2,15,0,59,22.34
1971.5,0,33851,98,87,284.19
1971.5,1,55,0,34,7.05
1971.5,2,15,0,59,20.50
1973.6,0,33915,96,87,283.35
1973.6,1,55,0,34,7.06
1973.6,2,15,0,59,20.56
1975.6,0,33947,100,87,284.33
1975.6,1,55,0,34,11.65
1975.6,2,15,0,59,29.60
1977.7,0,14201,100,87,275.62
1977.7,1,55,0,34,7.35
1977.7,2,15,0,59,20.81
1979.8,0,23427,100,87,284.83
1979.8,1,55,0,34,7.03
1979.8,2,15,0,59,20.49
1981.9,0,22969,99,87,289.94
1981.9,1,55,0,34,9.09
1981.9,2,15,0,59,24.96
1984.0,0,23417,93,87,292.76
1984.0,1,55,0,34,7.78
1984.0,2,15,0,60,22.27
1986.1,0,22937,99,87,290.97
1986.1,1,55,0,34,7.21
1986.1,2,15,0,59,21.03
1988.2,0,23001,96,87,270.73
1988.2,1,55,0,34,6.98
1988.2,2,15,0,59,21.16
1990.3,0,23065,97,87,289.95
1990.3,1,55,0,34,11.98
1990.3,2,15,0,60,30.16
1992.4,0,23035,98,87,292.41
1992.4,1,55,0,34,7.30
1992.4,2,15,0,59,21.13
1994.4,0,23131,97,87,285.62
1994.4,1,55,0,34,7.10
1994.4,2,15,0,59,21.23
1996.5,0,22843,99,87,291.28
1996.5,1,55,0,34,9.00
1996.5,2,15,0,60,25.59
1998.6,0,23067,98,87,290.30
1998.6,1,55,0,34,7.76
1998.6,2,15,0,59,22.67
2000.7,0,22683,98,87,287.45
2000.7,1,55,0,34,7.09
2000.7,2,15,0,59,21.10
2002.8,0,25979,97,88,288.74
2002.8,1,55,1,34,7.59
2002.8,2,15,0,59,21.18
2004.9,0,25403,100,87,264.23
2004.9,1,55,0,34,7.59
2004.9,2,15,0,59,29.80
2006.9,0,25883,100,87,261.32
2006.9,1,55,0,34,7.12
2006.9,2,15,0,59,20.63
2009.0,0,22437,98,87,284.80
2009.0,1,55,0,34,7.26
2009.0,2,15,0,59,20.57
2011.1,0,22437,100,87,284.48
2011.1,1,55,0,34,9.46
2011.1,2,15,0,60,30.13
2013.2,0,22149,100,87,276.58
2013.2,1,55,0,34,7.86
2013.2,2,15,0,59,20.63
2015.3,0,31887,95,87,283.49
2015.3,1,55,0,34,7.14
2015.3,2,15,0,59,20.48
2017.4,0,33711,99,87,279.32
2017.4,1,55,0,34,7.83
2017.4,2,15,0,59,20.61
2019.5,0,32079,100,87,284.52
2019.5,1,55,0,34,7.74
2019.5,2,15,0,60,22.40
2021.6,0,31855,100,87,281.53
2021.6,1,55,0,34,7.13
2021.6,2,15,0,59,20.44
2023.7,0,32047,99,87,285.51
2023.7,1,55,0,34,7.16
2023.7,2,15,0,59,20.62
2025.8,0,32047,100,87,284.26
2025.8,1,55,0,34,11.75
2025.8,2,15,0,60,29.85
2027.8,0,41337,100,87,284.52
2027.8,1,55,0,34,7.07
2027.8,2,15,0,59,20.83
2029.9,0,41369,100,87,283.22
2029.9,1,55,0,34,6.93
2029.9,2,15,0,59,20.47
2032.0,0,41369,100,87,284.16
2032.0,1,55,0,34,8.35
2032.0,2,15,0,60,24.08
2034.1,0,41401,100,87,286.77
2034.1,1,55,0,34,7.16
2034.1,2,15,0,60,21.45
2036.2,0,41401,99,87,286.65
2036.2,1,55,0,34,6.56
2036.2,2,15,0,59,20.44
2038.3,0,41401,100,87,285.77
2038.3,1,55,0,34,7.12
2038.3,2,15,0,59,20.57
2040.4,0,41433,100,87,285.19
2040.4,1,55,0,34,12.07
2040.4,2,15,0,60,30.15
2042.5,0,41497,100,87,286.43
2042.5,1,55,0,34,7.20
2042.5,2,15,0,59,20.30
2044.6,0,41369,100,87,287.45
2044.6,1,55,0,34,6.81
2044.6,2,15,0,59,20.44
2046.7,0,41305,100,87,285.41
2046.7,1,55,1,34,8.57
2046.7,2,15,0,60,24.66
2048.8,0,41241,99,87,286.62
2048.8,1,55,0,34,7.13
2048.8,2,15,0,60,22.12
2050.8,0,41113,100,87,286.17
2050.8,1,55,0,34,6.86
2050.8,2,15,0,59,20.31
2052.9,0,40921,100,87,284.39
2052.9,1,55,0,34,6.80
2052.9,2,15,0,59,21.22
2055.0,0,41401,99,87,280.99
2055.0,1,55,0,34,11.47
2055.0,2,15,0,60,21.86
2057.1,0,41369,99,87,283.95
2057.1,1,55,0,34,6.85
2057.1,2,15,0,59,20.38
2059.2,0,41369,100,87,286.59
2059.2,1,55,0,34,6.92
2059.2,2,15,0,59,20.56
2061.3,0,41401,100,87,285.70
2061.3,1,55,0,34,11.44
2061.3,2,15,0,60,29.95
2063.4,0,41433,100,87,283.77
2063.4,1,55,0,34,7.15
2063.4,2,15,0,60,21.42
2065.5,0,41465,100,87,285.90
2065.5,1,55,0,34,7.03
2065.5,2,15,0,59,20.33
2067.6,0,41465,100,87,285.60
2067.6,1,55,0,34,7.64
2067.6,2,15,0,60,22.56
2069.7,0,41465,100,87,282.92
2069.7,1,55,0,34,7.52
2069.7,2,15,0,60,22.17
2071.8,0,41465,100,87,285.53
2071.8,1,55,0,34,7.07
2071.8,2,15,0,59,20.44
2073.9,0,41369,100,87,287.90
2073.9,1,55,0,34,7.17
2073.9,2,15,0,59,20.43
2076.0,0,41433,100,87,286.95
2076.0,1,55,0,34,11.42
2076.0,2,15,0,60,29.86
2078.1,0,41401,97,87,285.54
2078.1,1,55,0,34,7.20
2078.1,2,15,0,59,20.63
2080.1,0,41369,100,87,286.97
2080.1,1,55,0,34,7.13
2080.1,2,15,0,59,20.39
2082.2,0,41369,100,87,283.97
2082.2,1,55,0,34,9.12
2082.2,2,15,0,60,23.29
2084.3,0,41241,96,87,285.13
2084.3,1,55,0,34,7.66
2084.3,2,15,0,60,21.50
2086.4,0,41017,100,87,283.80
2086.4,1,55,0,34,6.72
2086.4,2,15,0,59,20.39
2088.5,0,44025,100,87,284.23
2088.5,1,55,0,34,7.31
2088.5,2,15,0,59,20.42
2090.6,0,41529,100,87,285.05
2090.6,1,55,0,34,11.74
2090.6,2,15,0,60,30.12
2092.7,0,40953,100,87,260.14
2092.7,1,55,0,34,7.24
2092.7,2,15,0,59,20.88
2094.8,0,41401,98,87,285.53
2094.8,1,55,0,34,7.26
2094.8,2,15,0,59,20.36
2096.9,0,41401,99,87,287.52
2096.9,1,55,0,34,11.42
2096.9,2,15,0,60,23.99
2099.0,0,41433,100,87,284.58
2099.0,1,55,0,34,7.72
2099.0,2,15,0,59,20.67
2101.1,0,41465,100,87,283.34
2101.1,1,55,0,34,7.08
2101.1,2,15,0,59,20.34
2103.2,0,41465,100,87,286.28
2103.2,1,55,0,34,7.24
2103.2,2,15,0,59,20.23
2105.2,0,41465,97,87,290.55
2105.2,1,55,0,34,11.93
2105.2,2,15,0,60,29.65
2107.3,0,41497,100,87,284.89
2107.3,1,55,0,34,7.11
2107.3,2,15,0,59,20.47
2109.4,0,41561,100,87,285.65
2109.4,1,55,0,34,7.33
2109.4,2,15,0,59,20.45
2111.5,0,41497,100,87,283.80
2111.5,1,55,0,34,11.71
2111.5,2,15,0,60,30.07
2113.6,0,41433,100,87,285.89
2113.6,1,55,0,34,7.19
2113.6,2,15,0,59,20.98
2115.7,0,41433,99,87,285.31
2115.7,1,55,0,34,7.06
2115.7,2,15,0,59,20.41
2117.8,0,41401,100,87,286.33
2117.8,1,55,0,34,8.49
2117.8,2,15,0,59,20.72
2119.9,0,41305,96,87,284.78
2119.9,1,55,0,34,7.04
2119.9,2,15,0,60,21.96
2122.0,0,41209,97,87,282.97
2122.0,1,55,0,34,6.85
2122.0,2,15,0,59,20.24
2124.1,0,41049,100,87,283.90
2124.1,1,55,0,34,7.14
2124.1,2,15,0,59,20.34
2126.2,0,43225,100,87,287.29
2126.2,1,55,0,34,11.64
2126.2,2,15,0,60,29.78
2128.3,0,42425,100,87,282.27
2128.3,1,55,0,34,7.43
2128.3,2,15,0,59,20.61
2130.3,0,41785,100,87,284.61
2130.3,1,55,0,34,7.34
2130.3,2,15,0,59,20.48
2132.4,0,44217,100,87,283.13
2132.4,1,55,0,34,9.02
2132.4,2,15,0,60,22.09
2134.6,0,42073,100,87,284.06
2134.6,1,55,0,34,7.66
2134.6,2,15,0,60,21.34
2136.7,0,41689,100,87,282.26
2136.7,1,55,0,34,7.00
2136.7,2,15,0,59,20.42
2138.7,0,41689,100,87,286.12
2138.7,1,55,0,34,7.26
2138.7,2,15,0,59,20.49
2140.8,0,41689,100,87,288.78
2140.8,1,55,0,34,11.79
2140.8,2,15,0,60,30.28
2142.9,0,41721,100,86,287.32
2142.9,1,55,0,34,6.97
2142.9,2,15,0,59,20.92
2145.0,0,41785,96,87,290.70
2145.0,1,55,0,34,7.01
2145.0,2,15,0,59,20.49
2147.1,0,41785,98,87,282.74
2147.1,1,55,0,34,9.25
2147.1,2,15,0,60,29.68
2149.1,0,41785,94,87,284.75
2149.1,1,55,0,34,7.34
2149.1,2,15,0,60,21.97
2151.2,0,41817,97,87,283.78
2151.2,1,55,0,34,7.03
2151.2,2,15,0,59,20.42
2153.3,0,41785,100,87,284.57
2153.3,1,55,0,34,7.09
2153.3,2,15,0,59,20.49
2155.4,0,41657,85,87,283.49
2155.4,1,55,0,34,7.48
2155.4,2,15,0,60,29.95
2157.4,0,41689,97,87,285.12
2157.4,1,55,0,34,6.76
2157.4,2,15,0,59,20.39
2159.5,0,41753,100,87,284.79
2159.5,1,55,0,34,7.00
2159.5,2,15,0,59,20.58
2161.6,0,41625,100,87,286.52
2161.6,1,55,0,34,11.15
2161.6,2,15,0,60,30.22
2163.7,0,41593,99,87,285.75
2163.7,1,55,0,34,7.97
2163.7,2,15,0,59,20.92
2165.8,0,41369,100,87,288.99
2165.8,1,55,0,34,7.16
2165.8,2,15,0,59,20.34
2167.9,0,41305,100,87,284.52
2167.9,1,55,0,34,8.11
2167.9,2,15,0,59,20.33
2170.0,0,41369,98,86,286.60
2170.0,1,55,0,34,7.11
2170.0,2,15,0,60,21.98
2172.1,0,41305,96,87,285.72
2172.1,1,55,0,34,7.17
2172.1,2,15,0,59,20.42
2174.1,0,41305,100,87,287.70
2174.1,1,55,0,34,7.25
2174.1,2,15,0,59,20.58
2176.2,0,41305,100,87,286.35
2176.2,1,55,0,34,11.70
2176.2,2,15,0,60,30.01
2178.3,0,41305,100,87,286.38
2178.3,1,55,0,34,7.10
2178.3,2,15,0,59,20.65
2180.4,0,41305,100,87,286.02
2180.4,1,55,0,34,7.10
2180.4,2,15,0,59,20.35
2182.5,0,41305,100,87,284.75
2182.5,1,55,0,34,8.48
2182.5,2,15,0,60,23.94
2184.6,0,41305,100,87,287.02
2184.6,1,55,0,34,7.61
2184.6,2,15,0,60,22.30
2186.7,0,41305,95,87,283.21
2186.7,1,55,0,34,6.91
2186.7,2,15,0,59,20.35
2188.8,0,41273,95,87,284.21
2188.8,1,55,0,34,6.98
2188.8,2,15,0,59,20.43
2190.9,0,41273,94,86,285.91
2190.9,1,55,0,34,11.38
2190.9,2,15,0,60,29.53
2192.9,0,41785,95,87,283.95
2192.9,1,55,0,34,6.99
2192.9,2,15,0,59,20.77
2195.0,0,41657,100,87,287.55
2195.0,1,55,0,34,6.90
2195.0,2,15,0,59,20.40
2197.1,0,41657,100,87,287.70
2197.1,1,55,0,34,8.90
2197.1,2,15,0,60,24.63
2199.2,0,41689,100,87,284.46
2199.2,1,55,0,34,7.32
2199.2,2,15,0,60,22.03
2201.3,0,41721,98,87,283.85
2201.3,1,55,0,34,6.97
2201.3,2,15,0,59,20.48
2203.4,0,41785,100,87,283.15
2203.4,1,55,0,34,6.86
2203.4,2,15,0,59,20.46
2205.5,0,41721,100,87,286.84
2205.5,1,55,0,34,7.62
2205.5,2,15,0,60,21.64
2207.6,0,41785,100,87,283.76
2207.6,1,55,0,34,6.94
2207.6,2,15,0,59,20.46
2209.7,0,41785,100,87,285.45
2209.7,1,55,0,34,7.12
2209.7,2,15,0,59,20.50
2211.8,0,41817,100,87,285.24
2211.8,1,55,0,34,8.99
2211.8,2,15,0,60,25.16
2213.9,0,41817,100,87,281.80
2213.9,1,55,0,34,6.93
2213.9,2,15,0,60,22.09
2216.0,0,41849,100,87,284.07
2216.0,1,55,0,34,6.78
2216.0,2,15,0,59,20.45
2218.0,0,41881,100,87,287.30
2218.0,1,55,0,34,7.65
2218.0,2,15,0,60,21.92
2220.1,0,41881,100,87,283.91
2220.1,1,55,0,34,7.64
2220.1,2,15,0,60,22.04
2222.2,0,41817,100,87,284.39
2222.2,1,55,0,34,7.15
2222.2,2,15,0,59,20.41
2224.3,0,41753,99,87,284.25
2224.3,1,55,0,34,7.35
2224.3,2,15,0,59,20.55
2226.4,0,41561,100,87,287.75
2226.4,1,55,0,34,11.62
2226.4,2,15,0,60,30.02
2228.5,0,41369,100,87,285.18
2228.5,1,55,0,34,7.32
2228.5,2,15,0,59,20.52
2230.6,0,41241,100,87,284.65
2230.6,1,55,0,34,6.90
2230.6,2,15,0,59,20.41
2232.7,0,41241,100,87,287.65
2232.7,1,55,0,34,8.31
2232.7,2,15,0,60,23.64
2234.8,0,41305,100,87,284.73
2234.8,1,55,0,34,7.70
2234.8,2,15,0,60,22.54
2236.9,0,41593,100,87,289.64
2236.9,1,55,0,34,6.94
2236.9,2,15,0,59,20.51
2239.0,0,32301,100,86,233.29
2239.0,1,55,0,34,7.19
2239.0,2,15,0,59,20.35
2241.1,0,32067,99,87,293.42
2241.1,1,55,0,34,11.50
2241.1,2,15,0,60,29.71
2243.2,0,32197,98,87,289.71
2243.2,1,55,0,34,7.25
2243.2,2,15,0,59,21.35
2245.3,0,31909,98,87,292.58
2245.3,1,55,0,34,6.95
2245.3,2,15,0,59,21.01
2247.3,0,32229,98,87,290.56
2247.3,1,55,0,34,11.64
2247.3,2,15,0,60,24.43
2249.4,0,32101,97,87,292.29
2249.4,1,55,0,34,7.24
2249.4,2,15,0,60,22.17
2251.5,0,33701,98,87,295.49
2251.5,1,55,0,34,6.96
2251.5,2,15,0,59,21.03
2253.6,0,34597,99,87,280.39
2253.6,1,55,0,34,7.01
2253.6,2,15,0,59,20.56
2255.7,0,34693,95,84,271.26
2255.7,1,55,0,34,12.00
2255.7,2,15,0,60,22.45
2257.8,0,43951,100,86,284.02
2257.8,1,55,0,34,7.22
2257.8,2,15,0,59,20.56
2259.8,0,40879,100,87,284.53
2259.8,1,55,0,34,7.08
2259.8,2,15,0,59,20.61
2261.9,0,44431,100,87,284.49
2261.9,1,55,0,34,11.56
2261.9,2,15,0,60,24.77
2264.0,0,40847,100,87,278.81
2264.0,1,55,0,34,7.19
2264.0,2,15,0,59,21.03
2266.1,0,40911,97,87,288.08
2266.1,1,55,0,34,7.12
2266.1,2,15,0,59,20.42
2268.2,0,43151,98,87,278.01
2268.2,1,55,0,34,7.08
2268.2,2,15,0,59,21.15
2270.3,0,44303,97,87,286.15
2270.3,1,55,0,34,11.58
2270.3,2,15,0,60,21.85
2272.3,0,43823,99,87,282.92
2272.3,1,55,0,34,6.76
2272.3,2,15,0,59,20.58
2274.4,0,41231,100,87,282.84
2274.4,1,55,0,34,6.89
2274.4,2,15,0,59,20.70
2276.5,0,41167,100,87,288.99
2276.5,1,55,0,34,11.79
2276.5,2,15,0,60,30.28
2278.6,0,41167,100,87,287.64
2278.6,1,55,0,34,7.11
2278.6,2,15,0,59,20.61
2280.7,0,41167,100,87,288.49
2280.7,1,55,0,34,6.72
2280.7,2,15,0,59,20.55
2282.8,0,41167,99,87,289.88
2282.8,1,55,0,34,7.39
2282.8,2,15,0,60,22.36
2284.9,0,41167,99,87,287.17
2284.9,1,55,0,34,7.37
2284.9,2,15,0,60,22.22
2287.0,0,41199,98,87,288.58
2287.0,1,55,0,34,6.62
2287.0,2,15,0,59,20.44
2289.1,0,41231,100,87,291.05
2289.1,1,55,0,34,6.72
2289.1,2,15,0,59,20.77
2291.2,0,41135,100,87,285.07
2291.2,1,55,0,34,11.56
2291.2,2,15,0,60,30.01
2293.3,0,41135,100,87,285.42
2293.3,1,55,0,34,7.06
2293.3,2,15,0,59,20.90
2295.4,0,41071,100,87,286.07
2295.4,1,55,0,34,6.76
2295.4,2,15,0,59,20.60
2297.4,0,41071,100,87,286.95
2297.4,1,55,0,34,8.75
2297.4,2,15,0,60,23.19
2299.5,0,41039,100,87,285.91
2299.5,1,55,0,34,7.10
2299.5,2,15,0,59,21.77
2301.6,0,40879,98,87,290.11
2301.6,1,55,0,34,6.96
2301.6,2,15,0,59,20.52
2303.7,0,41455,100,87,289.30
2303.7,1,55,0,34,6.93
2303.7,2,15,0,59,20.63
2305.8,0,41295,100,87,286.05
2305.8,1,55,0,34,11.82
2305.8,2,15,0,60,30.20
2307.9,0,41327,100,87,285.68
2307.9,1,55,0,34,6.81
2307.9,2,15,0,59,20.94
2310.0,0,41359,100,87,289.71
2310.0,1,55,0,34,7.08
2310.0,2,15,0,59,20.32
2312.1,0,41359,98,87,284.38
2312.1,1,55,0,34,11.25
2312.1,2,15,0,60,29.57
2314.1,0,41359,100,87,283.95
2314.1,1,55,0,34,6.98
2314.1,2,15,0,59,20.85
2316.2,0,41391,100,87,286.14
2316.2,1,55,0,34,6.93
2316.2,2,15,0,59,20.46
2318.3,0,41391,100,87,282.57
2318.3,1,55,0,34,6.85
2318.3,2,15,0,59,20.41
2320.4,0,41423,100,87,284.71
2320.4,1,55,0,34,7.18
2320.4,2,15,0,60,30.09
2322.5,0,41423,100,87,286.71
2322.5,1,55,0,34,6.73
2322.5,2,15,0,59,20.49
2324.6,0,41359,100,87,284.97
2324.6,1,55,0,34,7.12
2324.6,2,15,0,59,20.57
2326.7,0,41391,100,87,285.85
2326.7,1,55,0,34,11.79
2326.7,2,15,0,60,30.48
2328.8,0,41423,100,87,284.79
2328.8,1,55,0,34,7.39
2328.8,2,15,0,59,20.49
2330.9,0,41455,100,87,287.50
2330.9,1,55,0,34,6.82
2330.9,2,15,0,59,20.36
2333.0,0,41359,100,87,286.05
2333.0,1,55,0,34,8.43
2333.0,2,15,0,60,24.17
2335.1,0,41359,97,87,284.87
2335.1,1,55,0,34,7.79
2335.1,2,15,0,60,22.32
2337.2,0,41231,100,87,283.13
2337.2,1,55,0,34,7.10
2337.2,2,15,0,59,20.51
2339.3,0,41135,100,87,284.69
2339.3,1,55,0,34,7.31
2339.3,2,15,0,59,20.59
2341.4,0,40975,100,87,281.55
2341.4,1,55,0,34,11.72
2341.4,2,15,0,60,29.86
2343.5,0,40975,100,87,286.75
2343.5,1,55,0,34,7.11
2343.5,2,15,0,59,20.70
2345.6,0,40879,100,87,286.50
2345.6,1,55,0,34,6.92
2345.6,2,15,0,59,20.42
2347.7,0,44015,69,87,269.41
2347.7,1,55,0,34,8.90
2347.7,2,15,0,60,24.70
2349.7,0,44079,100,87,279.43
2349.7,1,55,0,34,7.76
2349.7,2,15,0,60,21.57
2351.8,0,44015,100,87,284.49
2351.8,1,55,0,34,6.72
2351.8,2,15,0,59,20.28
2353.9,0,40847,99,87,289.03
2353.9,1,55,0,34,6.96
2353.9,2,15,0,59,20.53
2356.0,0,41295,100,87,288.72
2356.0,1,55,0,34,7.60
2356.0,2,15,0,60,22.26
2358.1,0,41327,100,87,291.13
2358.1,1,55,0,34,7.22
2358.1,2,15,0,59,20.43
2360.2,0,41327,97,87,287.86
2360.2,1,55,0,34,7.41
2360.2,2,15,0,59,20.61
2362.3,0,41359,100,87,289.03
2362.3,1,55,0,34,9.15
2362.3,2,15,0,60,29.68
2364.4,0,41391,100,87,289.13
2364.4,1,55,0,34,7.70
2364.4,2,15,0,60,22.12
2366.5,0,41455,100,87,285.66
2366.5,1,55,0,34,7.06
2366.5,2,15,0,59,20.47
2368.6,0,41455,100,87,285.40
2368.6,1,55,0,34,7.81
2368.6,2,15,0,60,22.17
2370.7,0,41583,100,87,289.71
2370.7,1,55,0,34,7.19
2370.7,2,15,0,60,21.74
2372.8,0,41519,98,87,282.89
2372.8,1,55,0,34,7.04
2372.8,2,15,0,59,20.36
2374.9,0,41583,98,87,290.27
2374.9,1,55,0,34,7.39
2374.9,2,15,0,59,20.54
2377.0,0,41583,100,87,286.72
2377.0,1,55,0,34,11.80
2377.0,2,15,0,60,30.18
2379.1,0,41391,100,87,282.20
2379.1,1,55,0,34,7.42
2379.1,2,15,0,59,21.09
2381.2,0,41233,100,87,285.07
2381.2,1,55,0,34,7.18
2381.2,2,15,0,59,20.40
2383.2,0,41107,99,87,286.80
2383.2,1,55,0,34,8.26
2383.2,2,15,0,60,22.98
2385.3,0,40979,100,87,286.63
2385.3,1,55,0,34,7.62
2385.3,2,15,0,60,22.21
2387.4,0,40755,100,87,284.74
2387.4,1,55,0,34,6.98
2387.4,2,15,0,59,20.45
2389.5,0,43891,100,87,284.86
2389.5,1,55,0,34,7.43
2389.5,2,15,0,59,20.65
2391.6,0,41363,94,85,273.83
2391.6,1,55,0,34,11.68
2391.6,2,15,0,60,30.17
2393.7,0,43827,91,87,284.93
2393.7,1,55,0,34,7.26
2393.7,2,15,0,59,20.92
2395.8,0,43987,100,87,286.85
2395.8,1,55,0,34,7.16
2395.8,2,15,0,59,20.61
2397.8,0,43955,97,86,264.92
2397.8,1,55,0,34,9.03
2397.8,2,15,1,60,24.22
2399.9,0,41395,100,87,285.65
2399.9,1,55,0,34,7.36
2399.9,2,15,0,60,21.45
2402.0,0,41363,100,87,285.20
2402.0,1,55,0,34,7.07
2402.0,2,15,0,59,20.54
2404.1,0,41363,100,87,284.94
2404.1,1,55,0,34,6.82
2404.1,2,15,0,59,20.45
2406.2,0,41363,100,87,287.54
2406.2,1,55,0,34,11.63
2406.2,2,15,0,60,22.35
2408.3,0,41363,100,87,287.64
2408.3,1,55,0,34,7.13
2408.3,2,15,0,59,20.53
2410.4,0,41395,100,87,287.97
2410.4,1,55,0,34,7.14
2410.4,2,15,0,59,20.72
2412.5,0,41427,99,87,285.27
2412.5,1,55,0,34,11.96
2412.5,2,15,0,60,29.93
2414.6,0,41427,100,87,286.51
2414.6,1,55,0,34,7.20
2414.6,2,15,0,59,20.86
2416.7,0,41459,100,87,286.14
2416.7,1,55,0,34,7.35
2416.7,2,15,0,59,20.55
2418.8,0,41427,100,87,286.67
2418.8,1,55,0,34,7.07
2418.8,2,15,0,59,21.46
2420.9,0,41459,100,87,287.50
2420.9,1,55,0,34,8.05
2420.9,2,15,0,60,21.76
2423.0,0,41459,97,87,287.06
2423.0,1,55,0,34,7.05
2423.0,2,15,0,59,20.56
2425.0,0,41237,100,87,286.97
2425.0,1,55,0,34,7.08
2425.0,2,15,0,59,20.70
2427.1,0,41237,100,87,285.70
2427.1,1,55,0,34,11.86
2427.1,2,15,0,60,30.51
2429.2,0,41175,100,87,287.34
2429.2,1,55,0,34,7.19
2429.2,2,15,0,59,21.17
2431.3,0,40919,100,87,286.46
2431.3,1,55,0,34,6.86
2431.3,2,15,0,59,20.73
2433.4,0,40887,99,87,287.35
2433.4,1,55,0,34,7.69
2433.4,2,15,0,60,22.65
2435.5,0,40855,100,87,286.07
2435.5,1,55,0,34,7.30
2435.5,2,15,0,60,22.23
2437.6,0,40855,100,87,286.54
2437.6,1,55,0,34,6.95
2437.6,2,15,0,59,20.62
2439.7,0,41431,100,87,288.70
2439.7,1,55,0,34,7.31
2439.7,2,15,0,59,20.78
2441.8,0,41431,100,87,284.25
2441.8,1,55,0,34,11.47
2441.8,2,15,0,60,30.14
2443.9,0,41431,99,87,285.35
2443.9,1,55,0,34,7.02
2443.9,2,15,0,59,20.75
2446.0,0,41431,100,87,283.00
2446.0,1,55,0,34,7.25
2446.0,2,15,0,59,20.49
2448.1,0,41431,100,87,286.51
2448.1,1,55,0,34,9.28
2448.1,2,15,0,60,30.21
2450.2,0,41463,100,86,282.59
2450.2,1,55,0,34,7.66
2450.2,2,15,0,59,21.09
2452.3,0,41463,100,87,282.94
2452.3,1,55,0,34,6.75
2452.3,2,15,0,59,20.47
2454.4,0,41463,100,87,284.19
2454.4,1,55,0,34,7.12
2454.4,2,15,0,59,20.54
2456.4,0,41431,100,87,286.76
2456.4,1,55,0,34,7.27
2456.4,2,15,0,60,29.94
2458.5,0,41527,100,87,287.12
2458.5,1,55,0,34,7.09
2458.5,2,15,0,59,20.68
2460.6,0,41495,100,87,285.79
2460.6,1,55,0,34,7.11
2460.6,2,15,0,59,20.59
2462.7,0,41591,100,87,283.48
2462.7,1,55,0,34,11.39
2462.7,2,15,0,60,30.08
2464.8,0,41495,100,87,285.42
2464.8,1,55,0,34,6.86
2464.8,2,15,0,59,20.82
2466.9,0,41367,100,87,284.07
2466.9,1,55,0,34,6.78
2466.9,2,15,0,59,20.47
2469.0,0,41367,100,87,287.83
2469.0,1,55,0,34,8.51
2469.0,2,15,0,59,20.57
2471.1,0,41143,99,87,285.86
2471.1,1,55,0,34,7.74
2471.1,2,15,0,60,21.59
2473.2,0,41143,100,87,286.33
2473.2,1,55,0,34,6.94
2473.2,2,15,0,59,20.55
2475.2,0,41047,100,87,284.83
2475.2,1,55,0,34,7.09
2475.2,2,15,0,59,20.64
2477.3,0,40887,99,87,286.07
2477.3,1,55,0,34,11.32
2477.3,2,15,0,60,30.38
2479.5,0,40855,100,87,284.52
2479.5,1,55,0,34,7.47
2479.5,2,15,0,59,21.01
2481.6,0,40855,99,87,285.89
2481.6,1,55,0,34,7.28
2481.6,2,15,0,59,20.51
2483.7,0,41303,98,87,286.95
2483.7,1,55,1,34,8.97
2483.7,2,15,0,60,24.19
2485.7,0,41271,100,87,287.30
2485.7,1,55,0,34,7.66
2485.7,2,15,0,60,22.10
2487.8,0,41271,98,87,283.99
2487.8,1,55,0,34,7.11
2487.8,2,15,0,59,20.61
2489.9,0,41207,100,87,282.84
2489.9,1,55,0,34,7.11
2489.9,2,15,0,59,20.74
2492.0,0,41079,100,87,286.03
2492.0,1,55,0,34,11.54
2492.0,2,15,0,60,30.25
2494.1,0,41079,100,87,287.03
2494.1,1,55,0,34,7.45
2494.1,2,15,0,59,20.76
2496.2,0,41111,100,87,286.03
2496.2,1,55,0,34,7.15
2496.2,2,15,0,59,20.64
2498.3,0,41143,100,87,283.23
2498.3,1,55,0,34,9.34
2498.3,2,15,0,60,25.13
2500.4,0,22591,100,87,281.85
2500.4,1,55,0,34,7.97
2500.4,2,15,0,60,22.59
2502.5,0,40877,100,87,285.10
2502.5,1,55,0,34,7.51
2502.5,2,15,0,59,20.59
2504.6,0,41165,95,87,284.09
2504.6,1,55,0,34,7.60
2504.6,2,15,0,60,21.68
2506.7,0,41229,98,87,285.90
2506.7,1,55,0,34,8.02
2506.7,2,15,0,60,22.60
2508.7,0,40813,97,87,287.60
2508.7,1,55,0,34,7.36
2508.7,2,15,0,59,21.19
2510.8,0,41037,92,87,282.33
2510.8,1,55,0,34,7.55
2510.8,2,15,0,59,21.28
2512.9,0,41165,96,87,287.54
2512.9,1,55,0,34,9.57
2512.9,2,15,0,60,29.87
2515.0,0,40909,98,86,282.69
2515.0,1,55,0,34,7.34
2515.0,2,15,0,59,22.41
2517.1,0,44045,100,87,276.48
2517.1,1,55,0,34,7.33
2517.1,2,15,0,59,21.30
2519.2,0,40493,100,87,283.17
2519.2,1,55,0,34,8.20
2519.2,2,15,0,60,22.49
2521.2,0,44045,100,86,279.53
2521.2,1,55,0,34,7.79
2521.2,2,15,0,60,22.50
2523.3,0,40461,100,87,282.93
2523.3,1,55,0,34,7.21
2523.3,2,15,0,59,20.66
2525.4,0,40525,100,87,286.22
2525.4,1,55,0,34,7.68
2525.4,2,15,0,59,20.65
2527.7,0,31235,100,87,282.55
2527.7,1,55,0,34,11.73
2527.7,2,15,0,60,29.65
2529.8,0,34681,100,86,269.54
2529.8,1,55,0,34,7.15
2529.8,2,15,0,59,21.08
2531.9,0,31641,97,86,285.12
2531.9,1,55,0,34,7.39
2531.9,2,15,0,59,20.97
2534.0,0,31675,96,87,289.00
2534.0,1,55,0,34,8.94
2534.0,2,15,0,60,23.88
2536.1,0,34203,97,87,288.39
2536.1,1,55,0,34,7.85
2536.1,2,15,0,60,22.73
2538.2,0,31899,89,86,250.62
2538.2,1,55,0,34,7.30
2538.2,2,15,0,59,21.13
2540.3,0,31803,96,87,291.53
2540.3,1,55,0,34,7.52
2540.3,2,15,0,59,21.21
2542.4,0,33307,96,87,292.02
2542.4,1,55,0,34,12.03
2542.4,2,15,0,60,30.52
2544.5,0,34395,79,85,243.96
2544.5,1,55,0,34,7.58
2544.5,2,15,0,59,21.23
2546.6,0,35931,100,86,269.99
2546.6,1,55,0,34,7.48
2546.6,2,15,0,59,21.21
2548.7,0,32027,99,87,284.27
2548.7,1,55,0,34,11.60
2548.7,2,15,0,60,30.61
2550.7,0,31867,96,87,287.18
2550.7,1,55,0,34,7.44
2550.7,2,15,0,59,21.74
2552.8,0,31867,97,87,284.11
2552.8,1,55,0,34,7.39
2552.8,2,15,0,59,21.10
2554.9,0,31483,97,87,286.35
2554.9,1,55,0,34,7.39
2554.9,2,15,0,59,21.19
2557.0,0,31867,96,87,287.67
2557.0,1,55,0,34,7.66
2557.0,2,15,0,60,29.94
2559.1,0,31771,97,87,287.26
2559.1,1,55,0,34,7.36
2559.1,2,15,0,59,21.20
2561.2,0,31835,95,87,288.44
2561.2,1,55,0,34,7.32
2561.2,2,15,0,59,21.39
2563.3,0,31963,99,87,290.23
2563.3,1,55,0,34,11.88
2563.3,2,15,0,60,30.23
2565.4,0,31451,95,87,290.51
2565.4,1,55,0,34,7.26
2565.4,2,15,0,59,21.45
2567.4,0,34875,97,87,287.68
2567.4,1,55,0,34,7.29
2567.4,2,15,0,59,21.17
2569.5,0,34811,97,86,274.04
2569.5,1,55,0,34,9.02
2569.5,2,15,0,60,21.26
2571.6,0,34715,97,86,262.03
2571.6,1,55,0,34,7.75
2571.6,2,15,0,60,22.95
2573.7,0,31643,98,87,272.50
2573.7,1,55,0,34,7.31
2573.7,2,15,0,59,20.96
2575.7,0,31483,96,87,290.33
2575.7,1,55,0,34,7.53
2575.7,2,15,0,59,21.58
2577.8,0,31035,99,86,291.19
2577.8,1,55,0,34,11.56
2577.8,2,15,0,60,29.87
2579.9,0,34299,100,87,270.68
2579.9,1,55,0,34,6.89
2579.9,2,15,0,59,21.51
2582.0,0,31739,96,87,287.50
2582.0,1,55,0,34,6.71
2582.0,2,15,0,59,21.13
2584.0,0,31259,98,87,288.79
2584.0,1,55,0,34,8.05
2584.0,2,15,0,60,25.58
2586.1,0,35739,97,87,269.50
2586.1,1,55,0,34,6.42
2586.1,2,15,0,60,22.25
2588.2,0,32059,100,86,259.42
2588.2,1,55,0,34,6.37
2588.2,2,15,0,59,20.85
2590.3,0,31963,96,86,290.22
2590.3,1,55,0,34,7.41
2590.3,2,15,0,59,21.35
2592.4,0,31867,97,87,289.30
2592.4,1,55,0,34,11.88
2592.4,2,15,0,60,30.52
2594.4,0,13381,96,87,288.27
2594.4,1,55,0,34,7.43
2594.4,2,15,0,59,21.45
2596.5,0,13211,96,87,296.84
2596.5,1,55,0,34,7.44
2596.5,2,15,0,59,21.40
2598.6,0,13371,99,87,298.49
2598.6,1,55,0,34,11.61
2598.6,2,15,0,60,30.88
2600.7,0,12795,99,87,296.26
2600.7,1,55,0,34,7.90
2600.7,2,15,0,60,21.76
2602.8,0,13115,99,87,296.02
2602.8,1,55,0,34,7.31
2602.8,2,15,0,59,21.25
2604.9,0,12827,98,87,293.89
2604.9,1,55,0,34,7.46
2604.9,2,15,0,59,21.20
2607.0,0,16283,100,87,286.38
2607.0,1,55,0,34,11.91
2607.0,2,15,0,60,29.94
2609.0,0,15835,100,87,275.40
2609.0,1,55,0,34,7.28
2609.0,2,15,0,59,21.20
2611.1,0,16091,100,87,269.31
2611.1,1,55,0,34,7.34
2611.1,2,15,0,59,20.95
2613.2,0,13083,99,87,295.93
2613.2,1,55,0,34,11.59
2613.2,2,15,0,60,30.41
2615.3,0,12795,99,87,294.41
2615.3,1,55,0,34,7.40
2615.3,2,15,0,59,21.44
2617.4,0,13083,99,87,293.20
2617.4,1,55,0,34,7.25
2617.4,2,15,0,59,21.24
2619.5,0,13083,98,87,294.74
2619.5,1,55,0,34,7.08
2619.5,2,15,0,59,21.27
2621.6,0,17019,100,87,284.58
2621.6,1,55,0,34,7.90
2621.6,2,15,0,60,22.83
2623.6,0,16315,100,87,266.87
2623.6,1,55,0,34,7.21
2623.6,2,15,0,59,20.96
2625.7,0,13403,98,87,294.09
2625.7,1,55,0,34,7.48
2625.7,2,15,0,59,21.17
2627.8,0,13083,98,87,292.39
2627.8,1,55,0,34,11.57
2627.8,2,15,0,60,29.99
2629.9,0,12827,88,86,291.93
2629.9,1,55,0,34,7.43
2629.9,2,15,0,59,21.55
2632.0,0,13147,99,87,294.47
2632.0,1,55,0,34,7.23
2632.0,2,15,0,59,21.28
2634.1,0,13179,99,87,292.39
2634.1,1,55,0,34,8.94
2634.1,2,15,0,60,24.67
2636.2,0,12827,99,87,293.47
2636.2,1,55,0,34,7.31
2636.2,2,15,0,60,22.28
2638.3,0,13083,98,87,292.77
2638.3,1,55,0,34,7.06
2638.3,2,15,0,59,21.17
2640.3,0,13051,99,87,290.42
2640.3,1,55,0,34,7.28
2640.3,2,15,0,59,21.24
2642.4,0,12709,98,87,290.42
2642.4,1,55,0,34,11.90
2642.4,2,15,0,60,30.37
2644.5,0,15685,100,87,267.13
2644.5,1,55,0,34,7.48
2644.5,2,15,0,59,21.68
2646.6,0,41249,100,87,276.41
2646.6,1,55,0,34,7.32
2646.6,2,15,0,59,20.96
2648.7,0,40643,100,87,285.17
2648.7,1,55,0,34,9.13
2648.7,2,15,0,60,24.94
2650.8,0,40515,98,87,286.30
2650.8,1,55,0,34,7.63
2650.8,2,15,0,60,22.12
2652.9,0,40513,100,87,284.43
2652.9,1,55,0,34,7.08
2652.9,2,15,0,59,20.58
2655.0,0,41217,84,84,265.23
2655.0,1,55,0,34,7.32
2655.0,2,15,0,59,20.63
2657.1,0,43619,100,87,278.23
2657.1,1,55,0,34,7.42
2657.1,2,15,0,60,21.95
2659.2,0,41187,100,87,270.99
2659.2,1,55,0,34,7.09
2659.2,2,15,0,59,20.66
2661.2,0,41187,95,87,281.95
2661.2,1,55,0,34,7.31
2661.2,2,15,0,59,20.63
2663.3,0,41155,99,87,281.80
2663.3,1,55,0,34,9.46
2663.3,2,15,0,60,30.25
2665.4,0,40771,100,87,286.75
2665.4,1,55,0,34,7.27
2665.4,2,15,0,59,21.64
2667.5,0,40867,93,87,275.65
2667.5,1,55,0,34,7.10
2667.5,2,15,0,59,20.65
2669.6,0,43875,85,87,272.90
2669.6,1,55,0,34,8.35
2669.6,2,15,0,60,23.00
2671.7,0,43715,100,87,274.89
2671.7,1,55,0,34,7.63
2671.7,2,15,0,60,22.69
2673.7,0,43939,100,87,274.93
2673.7,1,55,0,34,7.01
2673.7,2,15,0,59,20.75
2675.8,0,15651,100,86,260.96
2675.8,1,55,0,34,7.42
2675.8,2,15,0,59,20.88
2677.9,0,16165,100,86,262.42
2677.9,1,55,0,34,11.61
2677.9,2,15,0,60,30.05
2680.0,0,6551,97,86,269.68
2680.0,1,55,0,34,7.28
2680.0,2,15,0,59,21.13
2682.1,0,6679,95,87,290.95
2682.1,1,55,0,34,7.11
2682.1,2,15,0,59,21.22
2684.2,0,6263,99,87,291.76
2684.2,1,55,0,34,8.84
2684.2,2,15,0,60,23.77
2686.2,0,6423,97,87,281.52
2686.2,1,55,0,34,7.73
2686.2,2,15,0,60,22.24
2688.3,0,6135,95,87,289.80
2688.3,1,55,0,34,7.18
2688.3,2,15,0,59,21.13
2690.4,0,5911,99,87,287.26
2690.4,1,55,0,34,7.00
2690.4,2,15,0,59,21.24
2692.5,0,8791,100,86,268.98
2692.5,1,55,0,34,10.66
2692.5,2,15,0,60,30.26
2694.6,0,10095,82,86,256.61
2694.6,1,55,0,34,6.80
2694.6,2,15,0,59,21.25
2696.6,0,10319,100,86,278.72
2696.6,1,55,0,34,6.55
2696.6,2,15,0,59,20.72
2698.7,0,7087,100,86,254.79
2698.7,1,55,0,34,8.13
2698.7,2,15,0,60,24.06
2700.8,0,6991,97,87,290.94
2700.8,1,55,0,34,6.36
2700.8,2,15,0,60,22.61
2702.8,0,6735,98,87,290.74
2702.8,1,55,0,34,5.98
2702.8,2,15,0,59,21.18
2704.9,0,7119,99,87,291.46
2704.9,1,55,0,34,6.02
2704.9,2,15,0,59,21.27
2707.0,0,7151,97,87,289.68
2707.0,1,55,0,34,10.21
2707.0,2,15,0,60,29.78
2709.1,0,9807,98,87,282.22
2709.1,1,55,0,34,6.62
2709.1,2,15,0,59,21.28
2711.2,0,7311,96,87,273.41
2711.2,1,55,0,34,7.14
2711.2,2,15,0,59,20.75
2713.3,0,7375,96,87,292.09
2713.3,1,55,0,34,9.29
2713.3,2,15,0,60,25.34
2715.4,0,6959,97,87,290.70
2715.4,1,55,0,34,7.77
2715.4,2,15,0,60,23.06
2717.4,0,7215,98,87,287.08
2717.4,1,55,0,34,7.11
2717.4,2,15,0,59,21.23
2719.5,0,7247,96,87,287.45
2719.5,1,55,0,34,7.19
2719.5,2,15,0,59,21.17
2721.6,0,6993,99,87,291.76
2721.6,1,55,0,34,7.48
2721.6,2,15,0,60,22.62
2723.7,0,7153,96,87,285.69
2723.7,1,55,0,34,7.07
2723.7,2,15,0,59,21.11
2725.8,0,5235,98,87,288.74
2725.8,1,55,0,34,7.26
2725.8,2,15,0,59,21.41
2727.9,0,8747,100,87,282.86
2727.9,1,55,0,34,11.46
2727.9,2,15,0,60,29.88
2730.0,0,8289,100,87,264.18
2730.0,1,55,0,34,7.82
2730.0,2,15,0,60,22.07
2732.1,0,10113,100,86,278.96
2732.1,1,55,0,34,7.27
2732.1,2,15,0,59,20.70
2734.2,0,9185,91,86,252.56
2734.2,1,55,0,34,8.68
2734.2,2,15,0,60,22.47
2736.2,0,7697,98,87,299.21
2736.2,1,55,0,34,7.85
2736.2,2,15,0,60,21.96
2738.3,0,7217,98,87,296.37
2738.3,1,55,0,34,7.02
2738.3,2,15,0,59,21.10
2740.4,0,7761,98,87,296.90
2740.4,1,55,0,34,7.01
2740.4,2,15,0,59,21.12
2742.5,0,7377,99,87,294.61
2742.5,1,55,0,34,11.01
2742.5,2,15,0,60,30.25
2744.6,0,7825,98,87,272.72
2744.6,1,55,0,34,7.32
2744.6,2,15,0,59,21.16
2746.7,0,7953,99,87,296.71
2746.7,1,55,0,34,7.04
2746.7,2,15,0,59,20.88
2748.8,0,7441,99,87,294.75
2748.8,1,55,0,34,8.57
2748.8,2,15,0,60,23.47
2750.9,0,7697,99,87,293.60
2750.9,1,55,0,34,7.34
2750.9,2,15,0,60,22.40
2753.0,0,7537,98,87,294.23
2753.0,1,55,0,34,6.90
2753.0,2,15,0,59,20.99
2755.1,0,7729,98,87,282.17
2755.1,1,55,0,34,7.18
2755.1,2,15,0,59,21.20
2757.2,0,7217,98,87,292.40
2757.2,1,55,0,34,11.35
2757.2,2,15,0,60,29.90
2759.2,0,10641,100,87,292.40
2759.2,1,55,0,34,6.57
2759.2,2,15,0,59,21.11
2761.3,0,29413,100,85,263.62
2761.3,1,55,0,34,6.43
2761.3,2,15,0,59,20.75
2763.4,0,28805,99,87,274.81
2763.4,1,55,0,34,7.98
2763.4,2,15,0,60,24.06
2765.4,0,39503,100,87,285.11
2765.4,1,55,0,34,6.76
2765.4,2,15,0,60,22.52
2767.5,0,35151,100,87,285.12
2767.5,1,55,0,34,6.03
2767.5,2,15,0,59,20.48
2769.6,0,35151,100,87,284.68
2769.6,1,55,0,34,6.75
2769.6,2,15,0,59,20.33
2771.7,0,35023,100,87,279.23
2771.7,1,55,0,34,11.42
2771.7,2,15,0,60,22.13
2773.8,0,35407,100,87,286.33
2773.8,1,55,0,34,7.02
2773.8,2,15,0,59,20.38
2775.9,0,35375,100,87,285.35
2775.9,1,55,0,34,6.97
2775.9,2,15,0,59,20.44
2778.0,0,35407,100,87,286.75
2778.0,1,55,0,34,9.10
2778.0,2,15,0,60,24.94
2780.1,0,35439,100,87,284.98
2780.1,1,55,0,34,7.72
2780.1,2,15,0,60,21.67
2782.2,0,44761,100,87,286.53
2782.2,1,55,0,34,7.05
2782.2,2,15,0,59,20.40
2784.3,0,44793,100,87,287.29
2784.3,1,55,1,34,7.78
2784.3,2,15,0,59,21.45
2786.4,0,44793,100,87,284.80
2786.4,1,55,0,34,8.15
2786.4,2,15,0,60,22.38
2788.5,0,44889,100,87,283.89
2788.5,1,55,0,34,7.18
2788.5,2,15,0,59,20.34
2790.6,0,44857,100,87,282.34
2790.6,1,55,0,34,7.30
2790.6,2,15,0,59,20.42
2792.7,0,44857,100,87,283.70
2792.7,1,55,0,34,11.62
2792.7,2,15,0,60,29.59
2794.8,0,44793,99,87,288.98
2794.8,1,55,0,34,7.60
2794.8,2,15,0,59,20.96
2796.8,0,44697,100,87,284.83
2796.8,1,55,0,34,7.36
2796.8,2,15,0,59,20.36
2798.9,0,44505,100,87,286.86
2798.9,1,55,0,34,8.48
2798.9,2,15,0,60,22.56
2801.0,0,44441,100,87,287.93
2801.0,1,55,0,34,7.62
2801.0,2,15,0,60,21.87
2803.1,0,44345,100,87,284.00
2803.1,1,55,0,34,7.19
2803.1,2,15,0,59,20.47
2805.2,0,44313,100,87,285.96
2805.2,1,55,0,34,7.19
2805.2,2,15,0,59,20.47
2807.3,0,41345,100,87,284.08
2807.3,1,55,0,34,11.84
2807.3,2,15,0,60,30.00
2809.4,0,41701,100,87,285.13
2809.4,1,55,0,34,7.43
2809.4,2,15,0,59,20.40
2811.5,0,41733,100,87,283.87
2811.5,1,55,0,34,7.21
2811.5,2,15,0,59,20.32
2813.5,0,41375,99,87,286.29
2813.5,1,55,0,34,8.89
2813.5,2,15,0,60,23.52
2815.7,0,41407,100,87,285.47
2815.7,1,55,0,34,7.42
2815.7,2,15,0,60,20.95
2817.7,0,41407,99,87,287.05
2817.7,1,55,0,34,7.15
2817.7,2,15,0,59,20.40
2819.8,0,41405,98,87,285.57
2819.8,1,55,0,34,7.20
2819.8,2,15,0,59,20.49
2821.9,0,41439,97,87,284.43
2821.9,1,55,0,34,11.88
2821.9,2,15,0,60,29.92
2824.0,0,41503,100,87,286.16
2824.0,1,55,0,34,7.42
2824.0,2,15,0,59,20.80
2826.1,0,41439,100,87,285.98
2826.1,1,55,0,34,7.25
2826.1,2,15,0,59,20.56
2828.2,0,41503,100,87,283.91
2828.2,1,55,0,34,11.73
2828.2,2,15,0,60,29.97
2830.3,0,41375,100,87,289.61
2830.3,1,55,0,34,7.12
2830.3,2,15,0,59,20.51
2832.4,0,41313,100,88,287.00
2832.4,1,55,0,34,7.14
2832.4,2,15,0,59,20.47
2834.5,0,41281,100,87,286.35
2834.5,1,55,0,34,6.91
2834.5,2,15,0,59,20.38
2836.6,0,41057,100,87,288.67
2836.6,1,55,0,34,7.72
2836.6,2,15,0,60,22.19
2838.7,0,40993,99,87,285.69
2838.7,1,55,0,34,6.97
2838.7,2,15,0,59,20.43
2840.8,0,41761,100,87,287.05
2840.8,1,55,0,34,7.18
2840.8,2,15,0,59,20.42
2842.9,0,44833,85,87,269.88
2842.9,1,55,0,34,11.43
2842.9,2,15,0,60,29.70
2844.9,0,41761,100,87,289.38
2844.9,1,55,0,34,7.25
2844.9,2,15,0,59,20.83
2847.0,0,41537,100,87,287.47
2847.0,1,55,0,34,7.13
2847.0,2,15,0,59,20.46
2849.1,0,41537,100,87,284.04
2849.1,1,55,0,34,8.11
2849.1,2,15,0,60,24.14
2851.2,0,41569,100,87,285.54
2851.2,1,55,0,34,6.97
2851.2,2,15,0,60,21.58
2853.3,0,41601,100,87,285.23
2853.3,1,55,0,34,6.95
2853.3,2,15,0,59,20.30
2855.4,0,41665,100,87,291.16
2855.4,1,55,0,34,7.33
2855.4,2,15,0,59,20.40
2857.5,0,41697,100,87,286.74
2857.5,1,55,0,34,12.07
2857.5,2,15,0,60,29.87
2859.6,0,41601,100,87,284.27
2859.6,1,55,0,34,7.55
2859.6,2,15,0,59,20.89
2861.6,0,41601,100,87,286.00
2861.6,1,55,0,34,7.51
2861.6,2,15,0,59,20.50
2863.8,0,41505,100,87,286.09
2863.8,1,55,0,34,9.50
2863.8,2,15,0,60,24.54
2865.9,0,41441,99,87,288.42
2865.9,1,55,0,34,8.04
2865.9,2,15,0,60,22.05
2867.9,0,41313,99,87,287.06
2867.9,1,55,0,34,7.22
2867.9,2,15,0,59,20.34
2870.0,0,41245,97,87,287.95
2870.0,1,55,0,34,7.35
2870.0,2,15,0,59,20.52
2872.1,0,41119,100,87,284.92
2872.1,1,55,0,34,11.64
2872.1,2,15,0,60,21.75
2874.2,0,41151,100,87,284.49
2874.2,1,55,0,34,7.03
2874.2,2,15,0,59,20.37
2876.3,0,41119,100,87,286.86
2876.3,1,55,0,34,7.16
2876.3,2,15,0,59,20.54
2878.4,0,40991,100,87,285.03
2878.4,1,55,0,34,11.57
2878.4,2,15,0,60,29.85
2880.5,0,41343,100,87,286.39
2880.5,1,55,0,34,7.56
2880.5,2,15,0,59,21.43
2882.6,0,41343,100,87,285.27
2882.6,1,55,0,34,7.18
2882.6,2,15,0,59,20.43
2884.7,0,41375,100,87,287.23
2884.7,1,55,0,34,8.37
2884.7,2,15,0,60,22.42
2886.8,0,41407,99,87,286.47
2886.8,1,55,0,34,7.97
2886.8,2,15,0,60,22.27
2888.8,0,41407,100,87,282.85
2888.8,1,55,0,34,7.34
2888.8,2,15,0,59,20.56
2890.9,0,41375,99,87,286.48
2890.9,1,55,0,34,7.33
2890.9,2,15,0,59,20.57
2893.0,0,41471,99,87,285.18
2893.0,1,55,0,34,11.60
2893.0,2,15,0,60,29.72
2895.1,0,41439,100,87,288.05
2895.1,1,55,0,34,7.48
2895.1,2,15,0,59,20.68
2897.2,0,41279,99,87,285.88
2897.2,1,55,0,34,7.23
2897.2,2,15,0,59,20.36
2899.3,0,41151,99,87,288.50
2899.3,1,55,0,34,8.80
2899.3,2,15,0,60,23.21
2901.4,0,41151,100,87,284.39
2901.4,1,55,0,34,7.51
2901.4,2,15,0,60,21.47
2903.5,0,41057,100,87,286.68
2903.5,1,55,0,34,7.12
2903.5,2,15,0,59,20.37
2905.5,0,40993,100,87,281.03
2905.5,1,55,0,34,7.22
2905.5,2,15,0,59,20.53
2907.6,0,40929,100,87,286.31
2907.6,1,55,0,34,11.93
2907.6,2,15,0,60,30.21
2909.7,0,40897,100,87,284.55
2909.7,1,55,0,34,7.39
2909.7,2,15,0,59,20.88
2911.8,0,40897,99,87,283.44
2911.8,1,55,0,34,7.14
2911.8,2,15,0,59,20.42
2913.9,0,43809,100,87,280.34
2913.9,1,55,0,34,8.95
2913.9,2,15,0,60,23.80
2916.0,0,44097,100,87,273.25
2916.0,1,55,0,34,7.80
2916.0,2,15,0,60,22.04
2918.1,0,44481,100,87,280.32
2918.1,1,55,0,34,7.22
2918.1,2,15,0,59,20.43
2920.2,0,43937,100,87,284.61
2920.2,1,55,0,34,7.03
2920.2,2,15,0,59,20.30
2922.3,0,44001,100,87,257.62
2922.3,1,55,0,34,7.39
2922.3,2,15,0,60,29.82
2924.4,0,40993,100,87,286.52
2924.4,1,55,0,34,7.07
2924.4,2,15,0,59,20.55
2926.5,0,44449,100,87,286.98
2926.5,1,55,0,34,7.47
2926.5,2,15,0,59,20.38
2928.6,0,41377,100,87,278.62
2928.6,1,55,0,34,11.70
2928.6,2,15,0,60,24.83
2930.7,0,41377,100,87,287.48
2930.7,1,55,0,34,7.23
2930.7,2,15,0,59,20.47
2932.8,0,41409,100,87,284.83
2932.8,1,55,0,34,6.94
2932.8,2,15,0,59,20.55
2934.9,0,41441,99,87,288.16
2934.9,1,55,0,34,8.20
2934.9,2,15,0,60,20.79
2937.0,0,41441,100,87,285.38
2937.0,1,55,0,34,7.55
2937.0,2,15,0,60,22.06
2939.1,0,41473,100,87,284.56
2939.1,1,55,0,34,7.20
2939.1,2,15,0,59,20.37
2941.2,0,41409,97,86,285.80
2941.2,1,55,0,34,6.99
2941.2,2,15,0,59,20.55
2943.2,0,41409,100,87,288.87
2943.2,1,55,0,34,11.62
2943.2,2,15,0,60,29.71
2945.3,0,41377,100,87,287.15
2945.3,1,55,0,34,7.04
2945.3,2,15,0,59,20.70
2947.4,0,41377,98,87,285.20
2947.4,1,55,0,34,7.13
2947.4,2,15,0,59,20.47
2949.5,0,41249,98,87,284.72
2949.5,1,55,0,34,8.21
2949.5,2,15,0,60,22.04
2951.6,0,41121,100,87,284.97
2951.6,1,55,0,34,7.92
2951.6,2,15,0,60,21.35
2953.7,0,41409,98,87,288.22
2953.7,1,55,0,34,7.01
2953.7,2,15,0,59,20.38
2955.8,0,41409,100,87,286.00
2955.8,1,55,0,34,7.32
2955.8,2,15,0,59,20.44
2957.9,0,41409,99,87,289.48
2957.9,1,55,0,34,11.73
2957.9,2,15,0,60,30.10
2959.9,0,41441,100,87,285.66
2959.9,1,55,0,34,7.28
2959.9,2,15,0,59,20.80
2962.0,0,41441,100,87,284.19
2962.0,1,55,0,34,7.23
2962.0,2,15,0,59,20.33
2964.1,0,41409,99,87,289.37
2964.1,1,55,1,34,8.78
2964.1,2,15,0,60,29.49
2966.2,0,41473,100,87,285.46
2966.2,1,55,0,34,7.33
2966.2,2,15,0,60,20.66
2968.3,0,41505,100,87,285.78
2968.3,1,55,0,34,7.55
2968.3,2,15,0,59,20.36
2970.4,0,41505,100,87,285.41
2970.4,1,55,0,34,7.28
2970.4,2,15,0,59,20.34
2972.5,0,41505,100,87,284.94
2972.5,1,55,0,34,11.94
2972.5,2,15,0,60,29.79
2974.6,0,41473,100,87,287.20
2974.6,1,55,0,34,7.38
2974.6,2,15,0,59,20.44
2976.7,0,41473,99,87,288.44
2976.7,1,55,0,34,7.20
2976.7,2,15,0,59,20.55
2978.7,0,41313,100,87,285.77
2978.7,1,55,0,34,11.88
2978.7,2,15,0,60,30.10
2980.8,0,41313,100,87,285.26
2980.8,1,55,0,34,7.45
2980.8,2,15,0,59,21.04
2982.9,0,41249,100,87,287.48
2982.9,1,55,0,34,7.22
2982.9,2,15,0,59,20.47
2985.0,0,41153,100,87,287.86
2985.0,1,55,0,34,6.91
2985.0,2,15,0,59,20.47
2987.1,0,41057,100,87,288.68
2987.1,1,55,0,34,7.80
2987.1,2,15,0,60,22.09
2989.2,0,44065,100,87,286.85
2989.2,1,55,0,34,7.15
2989.2,2,15,0,59,20.42
2991.3,0,43361,100,87,282.44
2991.3,1,55,0,34,7.34
2991.3,2,15,0,59,20.62
2993.4,0,45441,100,87,283.56
2993.4,1,55,0,34,11.83
2993.4,2,15,0,60,29.98
2995.5,0,41569,100,87,284.58
2995.5,1,55,0,34,7.50
2995.5,2,15,0,59,20.73
2997.6,0,41569,98,87,288.92
2997.6,1,55,0,34,7.06
2997.6,2,15,0,59,20.42
2999.7,0,41601,100,87,288.19
2999.7,1,55,0,34,8.15
2999.7,2,15,0,60,24.32
3001.8,0,41601,100,87,286.72
3001.8,1,55,0,34,7.72
3001.8,2,15,0,60,21.49
3003.8,0,41475,100,87,286.43
3003.8,1,55,0,34,7.05
3003.8,2,15,0,59,20.44
3005.9,0,41539,97,87,289.03
3005.9,1,55,0,34,7.07
3005.9,2,15,0,59,20.55
3008.0,0,41571,100,87,283.45
3008.0,1,55,0,34,11.33
3008.0,2,15,0,60,30.40
3010.1,0,41539,100,87,287.79
3010.1,1,55,0,34,7.30
3010.1,2,15,0,59,20.89
3012.2,0,41571,99,87,286.75
3012.2,1,55,0,34,7.20
3012.2,2,15,0,59,20.57
3014.3,0,41571,100,87,285.80
3014.3,1,55,0,34,9.25
3014.3,2,15,0,60,24.77
3016.4,0,41571,100,87,284.75
3016.4,1,55,0,34,7.53
3016.4,2,15,0,60,22.08
3018.5,0,41379,100,87,286.92
3018.5,1,55,0,34,6.97
3018.5,2,15,0,59,20.47
3020.5,0,41219,100,87,287.11
3020.5,1,55,0,34,7.28
3020.5,2,15,0,59,20.70
3022.6,0,40993,100,87,285.47
3022.6,1,55,0,34,11.96
3022.6,2,15,0,60,21.73
3024.7,0,40995,98,87,286.42
3024.7,1,55,0,34,7.01
3024.7,2,15,0,59,20.60
3026.8,0,40901,100,87,285.78
3026.8,1,55,0,34,7.02
3026.8,2,15,0,59,20.75
3028.9,0,40901,100,87,286.11
3028.9,1,55,0,34,11.87
3028.9,2,15,0,60,30.55
3031.0,0,40805,97,87,286.36
3031.0,1,55,0,34,7.29
3031.0,2,15,0,59,21.12
3033.1,0,41093,100,87,286.28
3033.1,1,55,0,34,6.97
3033.1,2,15,0,59,20.65
3035.2,0,41093,100,87,285.26
3035.2,1,55,0,34,7.34
3035.2,2,15,0,60,22.74
3037.3,0,41125,97,87,287.33
3037.3,1,55,0,34,7.63
3037.3,2,15,0,60,22.30
3039.4,0,41125,100,87,286.29
3039.4,1,55,0,34,6.86
3039.4,2,15,0,59,20.51
3041.5,0,41221,100,87,285.63
3041.5,1,55,0,34,7.26
3041.5,2,15,0,59,20.77
3043.6,0,41185,95,87,290.21
3043.6,1,55,0,34,11.96
3043.6,2,15,0,60,30.07
3045.6,0,41187,100,87,285.52
3045.6,1,55,0,34,7.31
3045.6,2,15,0,59,20.75
3047.7,0,41187,100,87,286.34
3047.7,1,55,0,34,7.33
3047.7,2,15,0,59,20.56
3049.8,0,41187,96,88,288.11
3049.8,1,55,1,34,9.02
3049.8,2,15,0,60,23.68
3051.9,0,41219,96,87,287.39
3051.9,1,55,0,34,7.84
3051.9,2,15,0,60,22.65
3054.0,0,41251,100,87,285.58
3054.0,1,55,0,34,7.21
3054.0,2,15,0,59,20.60
3056.1,0,41219,100,87,286.02
3056.1,1,55,0,34,7.48
3056.1,2,15,0,59,20.66
3058.2,0,41123,100,87,282.61
3058.2,1,55,0,34,11.47
3058.2,2,15,0,60,29.80
3060.3,0,41027,100,87,287.52
3060.3,1,55,0,34,7.25
3060.3,2,15,0,59,21.02
3062.4,0,40931,100,87,284.55
3062.4,1,55,0,34,7.01
3062.4,2,15,0,59,20.62
3064.5,0,40803,99,87,287.92
3064.5,1,55,0,34,9.45
3064.5,2,15,0,60,24.21
3066.6,0,40675,100,87,286.57
3066.6,1,55,0,34,7.66
3066.6,2,15,0,60,21.88
3068.7,0,40707,100,87,286.08
3068.7,1,55,0,34,7.03
3068.7,2,15,0,59,20.51
3070.8,0,43779,100,87,284.08
3070.8,1,55,0,34,7.43
3070.8,2,15,0,59,20.59
3072.9,0,43715,100,87,281.21
3072.9,1,55,0,34,7.94
3072.9,2,15,0,60,30.42
3075.0,0,43843,100,87,270.62
3075.0,1,55,0,34,6.85
3075.0,2,15,0,59,20.71
3077.0,0,40767,100,87,282.77
3077.0,1,55,0,34,7.40
3077.0,2,15,0,59,20.81
3079.1,0,44243,100,87,284.43
3079.1,1,55,0,34,11.41
3079.1,2,15,0,60,25.01
3081.2,0,41011,100,87,275.85
3081.2,1,55,0,34,7.95
3081.2,2,15,0,59,21.17
3083.3,0,41139,100,87,281.12
3083.3,1,55,0,34,7.18
3083.3,2,15,0,59,20.49
3085.4,0,41139,100,87,287.79
3085.4,1,55,0,34,8.36
3085.4,2,15,0,60,21.06
3087.5,0,41235,99,87,288.20
3087.5,1,55,0,34,7.58
3087.5,2,15,0,60,22.15
3089.6,0,41203,100,87,286.21
3089.6,1,55,0,34,6.93
3089.6,2,15,0,59,20.45
3091.7,0,41139,100,87,288.19
3091.7,1,55,0,34,7.13
3091.7,2,15,0,59,20.61
3093.8,0,41171,100,87,284.50
3093.8,1,55,0,34,11.69
3093.8,2,15,0,60,30.10
3095.9,0,41171,100,87,288.45
3095.9,1,55,0,34,6.87
3095.9,2,15,0,59,20.79
3098.0,0,41139,100,87,286.82
3098.0,1,55,0,34,6.93
3098.0,2,15,0,59,20.64
3100.0,0,41043,100,87,289.33
3100.0,1,55,0,34,8.37
3100.0,2,15,0,60,22.59
3102.1,0,40851,100,87,290.12
3102.1,1,55,0,34,7.68
3102.1,2,15,0,60,22.52
3104.2,0,40851,100,87,286.82
3104.2,1,55,0,34,7.00
3104.2,2,15,0,59,20.75
3106.3,0,40819,100,87,290.48
3106.3,1,55,0,34,7.21
3106.3,2,15,0,59,20.80
3108.4,0,40787,100,87,288.90
3108.4,1,55,0,34,11.51
3108.4,2,15,0,60,29.98
3110.5,0,41107,95,87,285.26
3110.5,1,55,0,34,7.14
3110.5,2,15,0,59,21.11
3112.6,0,41107,99,87,285.36
3112.6,1,55,0,34,6.90
3112.6,2,15,0,59,20.79
3114.7,0,41139,100,87,285.93
3114.7,1,55,0,34,8.80
3114.7,2,15,0,60,30.10
3116.8,0,41203,100,87,285.74
3116.8,1,55,0,34,6.95
3116.8,2,15,0,59,22.23
3118.9,0,41171,100,87,282.80
3118.9,1,55,0,34,6.96
3118.9,2,15,0,59,20.72
3121.0,0,41203,99,87,285.79
3121.0,1,55,0,34,6.76
3121.0,2,15,0,59,20.81
3123.1,0,41235,97,87,286.10
3123.1,1,55,0,34,11.81
3123.1,2,15,0,60,30.29
3125.2,0,41235,100,87,285.47
3125.2,1,55,0,34,7.07
3125.2,2,15,0,59,20.57
3127.3,0,41299,100,87,289.08
3127.3,1,55,0,34,7.00
3127.3,2,15,0,59,20.79
3129.4,0,41235,100,87,286.71
3129.4,1,55,0,34,11.33
3129.4,2,15,0,60,29.72
3131.4,0,41331,97,87,288.14
3131.4,1,55,0,34,7.05
3131.4,2,15,0,59,21.01
3133.8,0,22575,100,87,281.36
3133.8,1,55,0,34,7.22
3133.8,2,15,0,59,20.40
3135.9,0,41115,100,87,287.79
3135.9,1,55,1,34,8.72
3135.9,2,15,0,60,23.67
3137.9,0,43739,98,87,265.05
3137.9,1,55,0,34,7.42
3137.9,2,15,0,60,22.23
3140.0,0,41275,100,87,297.79
3140.0,1,55,0,34,6.90
3140.0,2,15,0,59,20.67
3142.1,0,41179,99,87,295.29
3142.1,1,55,0,34,7.21
3142.1,2,15,0,59,21.09
3144.2,0,41051,97,87,288.23
3144.2,1,55,0,34,11.47
3144.2,2,15,0,60,29.93
3146.3,0,40955,99,87,293.40
3146.3,1,55,0,34,7.28
3146.3,2,15,0,59,21.09
3148.4,0,44155,100,87,287.90
3148.4,1,55,0,34,7.11
3148.4,2,15,0,59,21.04
3150.5,0,43323,100,87,279.08
3150.5,1,55,0,34,9.10
3150.5,2,15,0,60,24.70
3152.5,0,44251,100,87,268.09
3152.5,1,55,0,34,7.87
3152.5,2,15,0,60,22.68
3154.6,0,41115,99,87,295.23
3154.6,1,55,0,34,7.26
3154.6,2,15,0,59,20.71
3156.7,0,40699,100,87,293.02
3156.7,1,55,0,34,7.30
3156.7,2,15,0,59,21.05
3158.8,0,41179,99,87,295.09
3158.8,1,55,0,34,7.76
3158.8,2,15,0,60,22.47
3160.9,0,40923,97,87,292.54
3160.9,1,55,0,34,7.18
3160.9,2,15,0,59,21.01
3163.0,0,43931,100,87,247.15
3163.0,1,55,0,34,7.18
3163.0,2,15,0,59,21.12
3165.1,0,41339,99,87,291.96
3165.1,1,55,0,34,11.75
3165.1,2,15,0,60,25.10
3167.1,0,41435,99,87,294.26
3167.1,1,55,0,34,7.49
3167.1,2,15,0,60,22.30
3169.2,0,41147,99,87,294.84
3169.2,1,55,0,34,7.11
3169.2,2,15,0,59,21.18
3171.3,0,40859,99,87,293.35
3171.3,1,55,0,34,8.29
3171.3,2,15,0,60,22.26
3173.4,0,43739,98,87,292.66
3173.4,1,55,0,34,7.66
3173.4,2,15,0,60,23.11
3175.5,0,44155,100,87,274.65
3175.5,1,55,0,34,7.03
3175.5,2,15,0,59,20.95
3177.5,0,44219,100,87,280.07
3177.5,1,55,0,34,7.14
3177.5,2,15,0,59,20.99
3179.6,0,41179,99,87,293.58
3179.6,1,55,0,34,11.54
3179.6,2,15,0,60,29.93
3181.7,0,40731,99,87,294.17
3181.7,1,55,0,34,6.91
3181.7,2,15,0,59,21.57
3183.8,0,41211,96,87,294.48
3183.8,1,55,0,34,7.03
3183.8,2,15,0,59,21.07
3185.9,0,40795,99,87,293.24
3185.9,1,55,0,34,8.38
3185.9,2,15,0,60,23.18
3188.0,0,44603,100,87,269.98
3188.0,1,55,0,34,7.33
3188.0,2,15,0,60,22.00
3190.0,0,41339,99,87,295.33
3190.0,1,55,0,34,6.85
3190.0,2,15,0,59,20.98
3192.1,0,41243,91,87,293.24
3192.1,1,55,0,34,7.09
3192.1,2,15,0,59,21.26
3194.2,0,40987,85,87,282.74
3194.2,1,55,0,34,11.87
3194.2,2,15,0,60,30.33
3196.3,0,40667,95,87,293.76
3196.3,1,55,0,34,7.05
3196.3,2,15,0,59,21.21
3198.4,0,44027,100,87,282.04
3198.4,1,55,0,34,6.83
3198.4,2,15,0,59,21.07
3200.5,0,41275,100,87,276.43
3200.5,1,55,0,34,8.65
3200.5,2,15,0,60,24.08
3202.6,0,41115,100,87,279.03
3202.6,1,55,0,34,7.51
3202.6,2,15,0,60,22.72
3204.6,0,41115,99,87,294.61
3204.6,1,55,0,34,7.01
3204.6,2,15,0,59,20.97
3206.7,0,41115,99,87,294.35
3206.7,1,55,0,34,6.93
3206.7,2,15,0,59,21.08
3208.8,0,41211,99,87,294.83
3208.8,1,55,0,34,12.03
3208.8,2,15,0,60,29.85
3210.9,0,40603,99,87,292.05
3210.9,1,55,0,34,7.09
3210.9,2,15,0,59,21.24
3212.9,0,43803,100,87,261.30
3212.9,1,55,0,34,7.00
3212.9,2,15,0,59,20.87
3215.0,0,41307,100,87,296.24
3215.0,1,55,0,34,8.97
3215.0,2,15,0,60,24.64
3217.1,0,41083,94,87,292.79
3217.1,1,55,0,34,7.75
3217.1,2,15,0,60,22.02
3219.2,0,41083,99,87,286.55
3219.2,1,55,0,34,7.00
3219.2,2,15,0,59,20.98
3221.3,0,40699,100,87,295.23
3221.3,1,55,0,34,7.45
3221.3,2,15,0,59,20.95
3223.4,0,44123,100,87,280.58
3223.4,1,55,0,34,7.46
3223.4,2,15,0,60,22.42
3225.5,0,40699,100,87,276.62
3225.5,1,55,0,34,6.86
3225.5,2,15,0,59,20.56
3227.5,0,41051,100,86,274.96
3227.5,1,55,0,34,6.82
3227.5,2,15,0,59,20.80
3229.6,0,41245,99,87,295.55
3229.6,1,55,0,34,11.81
3229.6,2,15,0,60,25.04
3231.7,0,40765,99,87,295.47
3231.7,1,55,0,34,7.10
3231.7,2,15,0,59,21.23
3233.8,0,41213,99,87,294.83
3233.8,1,55,0,34,6.98
3233.8,2,15,0,59,20.86
3235.9,0,40957,99,87,293.00
3235.9,1,55,0,34,8.25
3235.9,2,15,0,60,21.44
3238.0,0,43741,100,87,282.65
3238.0,1,55,0,34,7.39
3238.0,2,15,0,60,21.81
3240.1,0,41213,96,87,260.49
3240.1,1,55,0,34,6.97
3240.1,2,15,0,59,20.57
3242.1,0,41405,99,87,295.95
3242.1,1,55,0,34,7.36
3242.1,2,15,0,59,21.09
3244.2,0,40893,99,87,294.54
3244.2,1,55,0,34,11.72
3244.2,2,15,0,60,30.00
3246.3,0,40925,99,87,296.74
3246.3,1,55,0,34,7.09
3246.3,2,15,0,59,21.42
3248.4,0,44125,98,87,292.66
3248.4,1,55,0,34,7.19
3248.4,2,15,0,59,21.02
3250.5,0,44157,100,87,273.11
3250.5,1,55,0,34,8.60
3250.5,2,15,0,60,22.69
3252.6,0,44221,100,87,277.49
3252.6,1,55,0,34,7.73
3252.6,2,15,0,60,22.40
3254.6,0,41149,100,87,294.25
3254.6,1,55,0,34,7.03
3254.6,2,15,0,59,20.70
3256.7,0,40925,99,87,292.68
3256.7,1,55,0,34,7.28
3256.7,2,15,0,59,21.25
3258.8,0,41181,99,87,294.31
3258.8,1,55,0,34,11.80
3258.8,2,15,0,60,30.00
3260.9,0,41053,99,87,294.85
3260.9,1,55,0,34,6.99
3260.9,2,15,0,59,21.19
3263.0,0,43741,100,86,262.20
3263.0,1,55,0,34,7.21
3263.0,2,15,0,59,20.90
3265.1,0,41373,100,87,298.46
3265.1,1,55,1,34,9.13
3265.1,2,15,0,60,23.56
3267.2,0,41309,100,87,295.77
3267.2,1,55,0,34,7.91
3267.2,2,15,0,60,21.79
3269.3,0,40797,99,87,295.80
3269.3,1,55,0,34,7.16
3269.3,2,15,0,59,20.74
3271.3,0,41053,99,87,292.17
3271.3,1,55,0,34,6.88
3271.3,2,15,0,59,20.94
3273.4,0,40669,99,87,294.35
3273.4,1,55,0,34,11.71
3273.4,2,15,0,60,30.36
3275.5,0,44125,100,87,275.23
3275.5,1,55,0,34,7.08
3275.5,2,15,0,59,21.36
3277.6,0,40733,100,87,272.71
3277.6,1,55,0,34,7.09
3277.6,2,15,0,59,20.49
3279.7,0,41117,100,87,272.54
3279.7,1,55,0,34,9.22
3279.7,2,15,0,60,29.60
3281.8,0,41149,99,87,295.84
3281.8,1,55,0,34,7.36
3281.8,2,15,0,59,20.93
3283.9,0,41181,99,87,296.67
3283.9,1,55,0,34,6.82
3283.9,2,15,0,59,20.89
3286.0,0,41181,99,87,294.36
3286.0,1,55,0,34,7.02
3286.0,2,15,0,59,20.98
3288.1,0,43805,100,87,286.43
3288.1,1,55,0,34,7.22
3288.1,2,15,0,60,30.13
3290.1,0,41277,99,87,271.58
3290.1,1,55,0,34,7.03
3290.1,2,15,0,59,20.99
3292.2,0,41149,99,87,294.67
3292.2,1,55,0,34,7.02
3292.2,2,15,0,59,21.04
3294.3,0,41533,96,87,293.70
3294.3,1,55,0,34,11.81
3294.3,2,15,0,60,30.13
3296.4,0,40733,97,87,293.52
3296.4,1,55,0,34,7.10
3296.4,2,15,0,59,21.28
3298.5,0,44125,100,87,283.11
3298.5,1,55,0,34,6.68
3298.5,2,15,0,59,20.87
3300.6,0,43677,82,86,257.27
3300.6,1,55,0,34,7.91
3300.6,2,15,0,60,21.29
3302.7,0,44221,96,87,283.75
3302.7,1,55,0,34,7.28
3302.7,2,15,0,60,22.38
3304.8,0,41181,97,87,295.57
3304.8,1,55,0,34,6.92
3304.8,2,15,0,59,20.74
3306.9,0,41149,99,87,297.21
3306.9,1,55,0,34,6.86
3306.9,2,15,0,59,21.13
3309.0,0,41117,99,87,293.41
3309.0,1,55,0,34,11.45
3309.0,2,15,0,60,30.01
3311.0,0,41213,99,87,294.00
3311.0,1,55,0,34,7.07
3311.0,2,15,0,59,21.25
3313.1,0,40925,83,87,290.08
3313.1,1,55,0,34,6.81
3313.1,2,15,0,59,21.07
3315.2,0,43773,100,87,280.70
3315.2,1,55,0,34,8.51
3315.2,2,15,0,60,25.19
3317.3,0,41277,99,87,295.28
3317.3,1,55,0,34,7.68
3317.3,2,15,0,60,23.00
3319.4,0,41213,99,87,294.90
3319.4,1,55,0,34,6.95
3319.4,2,15,0,59,20.93
3321.5,0,40893,99,87,294.15
3321.5,1,55,0,34,6.98
3321.5,2,15,0,59,21.01
3323.6,0,41149,99,87,293.64
3323.6,1,55,0,34,11.37
3323.6,2,15,0,60,29.53
3325.7,0,40637,99,87,293.39
3325.7,1,55,0,34,7.18
3325.7,2,15,0,59,21.28
3327.7,0,44189,100,87,275.73
3327.7,1,55,0,34,7.04
3327.7,2,15,0,59,20.86
3329.8,0,44221,80,87,257.71
3329.8,1,55,0,34,8.94
3329.8,2,15,0,60,29.85
3331.9,0,41117,100,87,278.99
3331.9,1,55,0,34,7.13
3331.9,2,15,0,60,20.97
3334.0,0,41245,99,87,296.77
3334.0,1,55,0,34,7.07
3334.0,2,15,0,59,20.95
3336.1,0,40701,99,87,295.74
3336.1,1,55,0,34,6.95
3336.1,2,15,0,59,20.97
3338.1,0,41213,97,87,295.58
3338.1,1,55,0,34,7.59
3338.1,2,15,0,60,30.22
3340.2,0,41085,100,87,294.91
3340.2,1,55,0,34,6.62
3340.2,2,15,0,59,21.06
3342.3,0,43901,100,87,286.58
3342.3,1,55,0,34,6.89
3342.3,2,15,0,59,21.17
3344.4,0,41213,100,87,277.80
3344.4,1,55,0,34,11.24
3344.4,2,15,0,60,30.45
3346.5,0,41245,99,87,293.84
3346.5,1,55,0,34,6.90
3346.5,2,15,0,59,21.50
3348.6,0,40829,99,87,294.14
3348.6,1,55,0,34,6.86
3348.6,2,15,0,59,21.09
3350.6,0,41021,100,87,281.57
3350.6,1,55,0,34,7.72
3350.6,2,15,0,59,21.07
3352.7,0,44061,99,86,293.95
3352.7,1,55,0,34,7.33
3352.7,2,15,0,60,22.40
3354.8,0,43709,85,87,269.46
3354.8,1,55,0,34,7.00
3354.8,2,15,0,59,20.73
3356.9,0,44093,63,87,263.13
3356.9,1,55,0,34,7.08
3356.9,2,15,0,59,20.76
3359.0,0,41181,99,87,269.66
3359.0,1,55,0,34,11.39
3359.0,2,15,0,60,29.92
3361.1,0,13159,100,87,296.71
3361.1,1,55,0,34,7.04
3361.1,2,15,0,59,21.06
3363.2,0,16231,100,86,257.41
3363.2,1,55,0,34,6.89
3363.2,2,15,0,59,20.95
3365.2,0,13415,99,87,291.30
3365.2,1,55,0,34,8.32
3365.2,2,15,0,60,24.64
3367.3,0,16231,100,86,260.91
3367.3,1,55,0,34,7.33
3367.3,2,15,0,60,22.63
3369.4,0,13319,100,86,264.02
3369.4,1,55,0,34,6.99
3369.4,2,15,0,59,20.66
3371.5,0,13417,100,87,280.91
3371.5,1,55,0,34,7.32
3371.5,2,15,0,59,20.82
3373.5,0,16267,100,86,273.93
3373.5,1,55,0,34,11.69
3373.5,2,15,0,60,29.92
3375.6,0,12751,99,87,297.23
3375.6,1,55,0,34,7.17
3375.6,2,15,0,59,21.09
3377.7,0,12879,99,87,298.33
3377.7,1,55,0,34,7.01
3377.7,2,15,0,59,20.99
3379.8,0,15887,100,87,297.11
3379.8,1,55,0,34,8.61
3379.8,2,15,0,60,25.11
3381.9,0,12399,100,87,273.31
3381.9,1,55,0,34,7.19
3381.9,2,15,0,60,21.80
3384.0,0,12815,99,87,297.01
3384.0,1,55,0,34,7.04
3384.0,2,15,0,59,20.80
3386.1,0,12591,100,87,298.42
3386.1,1,55,0,34,7.37
3386.1,2,15,0,59,21.08
3388.2,0,12335,99,87,298.55
3388.2,1,55,0,34,11.99
3388.2,2,15,0,60,30.12
3390.3,0,12303,99,87,298.15
3390.3,1,55,0,34,7.39
3390.3,2,15,0,59,20.91
3392.3,0,12495,100,87,248.96
3392.3,1,55,0,34,7.01
3392.3,2,15,0,59,20.71
3394.4,0,12495,99,87,299.26
3394.4,1,55,0,34,11.54
3394.4,2,15,0,60,29.51
3396.5,0,12975,99,87,298.52
3396.5,1,55,0,34,7.22
3396.5,2,15,0,59,21.33
3398.6,0,31395,100,87,285.76
3398.6,1,55,0,34,7.16
3398.6,2,15,0,59,20.73
3400.7,0,40653,100,87,287.17
3400.7,1,55,0,34,7.11
3400.7,2,15,0,59,20.36
3402.8,0,40717,99,87,289.27
3402.8,1,55,0,34,11.56
3402.8,2,15,0,60,21.83
3404.9,0,40557,100,87,287.83
3404.9,1,55,0,34,6.99
3404.9,2,15,0,59,20.50
3407.0,0,40525,100,87,287.21
3407.0,1,55,0,34,7.20
3407.0,2,15,0,59,20.64
3409.1,0,40461,100,87,286.72
3409.1,1,55,0,34,11.55
3409.1,2,15,0,60,30.19
3411.2,0,40109,100,87,287.11
3411.2,1,55,0,34,7.32
3411.2,2,15,0,59,20.51
3413.2,0,40109,100,87,285.24
3413.2,1,55,0,34,6.88
3413.2,2,15,0,59,20.48
3415.3,0,40109,100,87,284.23
3415.3,1,55,0,34,7.57
3415.3,2,15,0,60,23.59
3417.4,0,43181,100,87,284.17
3417.4,1,55,0,34,6.89
3417.4,2,15,0,60,22.45
3419.5,0,44621,100,87,278.03
3419.5,1,55,0,34,6.86
3419.5,2,15,0,59,20.59
3421.6,0,40239,100,87,285.83
3421.6,1,55,0,34,7.14
3421.6,2,15,0,59,20.62
3423.7,0,40239,100,87,284.55
3423.7,1,55,0,34,11.38
3423.7,2,15,0,60,29.84
3425.8,0,40559,100,86,288.77
3425.8,1,55,0,34,7.03
3425.8,2,15,0,59,20.90
3427.8,0,40591,97,87,285.41
3427.8,1,55,0,34,7.05
3427.8,2,15,0,59,20.47
3429.9,0,40623,100,87,287.58
3429.9,1,55,0,34,9.15
3429.9,2,15,0,60,24.25
3432.0,0,40623,99,87,286.86
3432.0,1,55,0,34,7.22
3432.0,2,15,0,60,21.71
3434.1,0,40655,100,87,284.77
3434.1,1,55,0,34,6.68
3434.1,2,15,0,59,20.61
3436.2,0,40527,100,86,283.23
3436.2,1,55,0,34,6.91
3436.2,2,15,0,59,20.82
3438.3,0,40495,96,87,286.92
3438.3,1,55,0,34,12.00
3438.3,2,15,0,60,22.64
3440.4,0,40303,100,87,288.00
3440.4,1,55,0,34,7.18
3440.4,2,15,0,59,20.73
3442.5,0,40143,100,87,283.62
3442.5,1,55,0,34,7.13
3442.5,2,15,0,59,20.79
3444.6,0,40143,100,87,286.41
3444.6,1,55,0,34,11.47
3444.6,2,15,0,60,25.00
3446.7,0,40143,100,87,286.42
3446.7,1,55,0,34,7.21
3446.7,2,15,0,60,22.51
3448.8,0,43311,100,86,279.36
3448.8,1,55,0,34,7.07
3448.8,2,15,0,59,20.60
3450.9,0,40431,100,87,284.34
3450.9,1,55,0,34,6.89
3450.9,2,15,0,60,21.28
3453.0,0,40271,100,87,285.97
3453.0,1,55,0,34,7.25
3453.0,2,15,0,60,22.07
3455.1,0,40527,97,87,282.69
3455.1,1,55,0,34,6.83
3455.1,2,15,0,59,20.80
3457.1,0,40591,100,87,287.84
3457.1,1,55,0,34,7.05
3457.1,2,15,0,59,20.77
3459.2,0,40623,98,87,287.25
3459.2,1,55,0,34,11.81
3459.2,2,15,0,60,30.29
3461.3,0,40591,100,87,287.57
3461.3,1,55,0,34,7.17
3461.3,2,15,0,59,20.58
3463.4,0,40655,100,87,286.62
3463.4,1,55,0,34,7.00
3463.4,2,15,0,59,20.61
3465.5,0,40619,100,87,282.96
3465.5,1,55,0,34,8.64
3465.5,2,15,0,60,22.63
3467.6,0,31277,73,86,230.54
3467.6,1,55,0,34,7.22
3467.6,2,15,0,60,22.44
3469.7,0,31245,99,87,289.03
3469.7,1,55,0,34,6.85
3469.7,2,15,0,59,20.63
3471.8,0,31117,98,87,286.43
3471.8,1,55,0,34,7.27
3471.8,2,15,0,59,20.85
3473.8,0,30701,85,83,214.71
3473.8,1,55,0,34,11.82
3473.8,2,15,0,60,29.99
3475.9,0,30733,92,85,177.65
3475.9,1,55,0,34,7.24
3475.9,2,15,0,59,20.57
3478.0,0,30733,97,86,289.75
3478.0,1,55,0,34,7.04
3478.0,2,15,0,59,20.50
3480.1,0,34221,100,86,274.35
3480.1,1,55,0,34,8.72
3480.1,2,15,0,60,23.53
3482.2,0,30669,94,86,276.69
3482.2,1,55,0,34,7.77
3482.2,2,15,0,60,21.79
3484.3,0,34253,100,86,277.74
3484.3,1,55,0,34,6.80
3484.3,2,15,0,59,20.90
3486.4,0,12063,0,81,151.46
3486.4,1,55,0,34,7.09
3486.4,2,15,0,59,20.48
3488.5,0,12065,83,82,261.61
3488.5,1,55,0,34,7.54
3488.5,2,15,0,60,30.52
3490.5,0,12067,72,84,206.38
3490.5,1,55,0,34,6.86
3490.5,2,15,0,59,21.11
3492.6,0,14085,100,84,243.51
3492.6,1,55,0,34,7.26
3492.6,2,15,0,59,20.98
3494.7,0,12615,91,84,262.59
3494.7,1,55,0,34,9.11
3494.7,2,15,0,60,24.63
3496.9,0,12711,99,84,281.06
3496.9,1,55,0,34,7.63
3496.9,2,15,0,59,21.63
3499.0,0,12487,95,85,278.89
3499.0,1,55,0,34,6.89
3499.0,2,15,0,59,21.20
3501.1,0,12071,0,81,230.77
3501.1,1,55,0,34,7.51
3501.1,2,15,0,59,21.37
3503.1,0,12071,0,80,112.99
3503.1,1,55,0,34,6.84
3503.1,2,15,0,60,21.48
3505.2,0,12071,0,78,103.54
3505.2,1,55,0,34,6.50
3505.2,2,15,0,59,20.29
3507.3,0,14823,97,82,264.72
3507.3,1,55,0,34,6.68
3507.3,2,15,0,59,20.94
3509.4,0,12583,92,83,278.10
3509.4,1,55,0,34,10.88
3509.4,2,15,0,60,30.27
3511.5,0,12391,95,83,276.96
3511.5,1,55,0,34,6.59
3511.5,2,15,0,59,21.52
3513.5,0,16551,96,82,264.38
3513.5,1,55,0,34,6.46
3513.5,2,15,0,59,21.19
3515.6,0,12647,97,83,271.15
3515.6,1,55,0,34,7.14
3515.6,2,15,0,60,21.91
3517.7,0,12071,88,83,263.26
3517.7,1,55,0,34,6.26
3517.7,2,15,0,60,22.69
3519.7,0,12583,100,83,257.00
3519.7,1,55,0,34,5.79
3519.7,2,15,0,59,20.64
3521.8,0,12103,100,83,273.13
3521.8,1,55,0,34,6.01
3521.8,2,15,0,59,20.87
3523.9,0,12711,97,84,278.75
3523.9,1,55,0,34,10.02
3523.9,2,15,0,60,30.25
3525.9,0,15655,57,80,207.20
3525.9,1,55,0,34,5.77
3525.9,2,15,0,59,21.52
3528.0,0,12071,82,84,267.21
3528.0,1,55,0,34,5.71
3528.0,2,15,0,59,20.99
3530.1,0,12807,94,84,266.03
3530.1,1,55,1,34,7.47
3530.1,2,15,0,60,23.18
3532.1,0,12071,0,80,229.23
3532.1,1,55,0,34,6.25
3532.1,2,15,0,60,22.30
3534.2,0,15571,100,82,142.14
3534.2,1,55,0,34,5.67
3534.2,2,15,0,59,20.27
3536.3,0,11987,94,83,201.48
3536.3,1,55,0,34,5.80
3536.3,2,15,0,59,20.78
3538.3,0,14067,100,82,214.27
3538.3,1,55,0,34,9.99
3538.3,2,15,0,60,30.56
3540.4,0,12533,88,82,250.90
3540.4,1,55,0,34,5.89
3540.4,2,15,0,59,21.34
3542.5,0,12597,98,83,282.94
3542.5,1,55,0,34,5.73
3542.5,2,15,0,59,21.30
3544.6,0,12437,95,83,284.70
3544.6,1,55,0,34,7.68
3544.6,2,15,0,60,24.28
3546.6,0,12053,96,83,278.93
3546.6,1,55,0,34,6.17
3546.6,2,15,0,60,22.69
3548.7,0,15861,96,83,253.96
3548.7,1,55,0,34,6.18
3548.7,2,15,0,59,21.25
3550.8,0,12501,71,83,263.70
3550.8,1,55,0,34,6.86
3550.8,2,15,0,59,21.09
3552.9,0,12565,98,83,278.64
3552.9,1,55,0,34,11.34
3552.9,2,15,0,60,30.48
3554.9,0,12183,94,84,282.47
3554.9,1,55,0,34,6.82
3554.9,2,15,0,59,21.59
3557.0,0,21217,96,84,264.79
3557.0,1,55,0,34,6.76
3557.0,2,15,0,59,21.41
3559.1,0,30507,100,85,283.33
3559.1,1,55,0,34,11.40
3559.1,2,15,0,60,24.74
3561.2,0,30507,100,85,288.30
3561.2,1,55,0,34,7.39
3561.2,2,15,0,60,22.78
3563.3,0,30507,100,85,284.12
3563.3,1,55,0,34,6.60
3563.3,2,15,0,59,20.86
3565.4,0,30507,100,85,286.69
3565.4,1,55,0,34,6.84
3565.4,2,15,0,59,20.75
3567.5,0,30507,98,85,286.22
3567.5,1,55,0,34,7.34
3567.5,2,15,0,60,22.36
3569.6,0,30507,94,85,284.17
3569.6,1,55,0,34,6.67
3569.6,2,15,0,59,20.82
3571.7,0,30507,98,85,278.73
3571.7,1,55,0,34,6.96
3571.7,2,15,0,59,21.03
3573.7,0,30507,98,86,288.67
3573.7,1,55,0,34,11.83
3573.7,2,15,0,60,25.15
3575.8,0,30507,98,86,286.60
3575.8,1,55,0,34,6.81
3575.8,2,15,0,59,20.97
3577.9,0,21213,100,86,283.60
3577.9,1,55,0,34,6.74
3577.9,2,15,0,59,20.69
3580.0,0,21237,98,86,281.93
3580.0,1,55,0,34,8.25
3580.0,2,15,0,59,22.00
3582.1,0,21237,95,86,282.31
3582.1,1,55,0,34,7.70
3582.1,2,15,0,59,23.05
3584.2,0,21237,94,87,280.56
3584.2,1,55,0,34,6.70
3584.2,2,15,0,59,21.31
3586.3,0,21237,87,86,273.34
3586.3,1,55,0,34,6.54
3586.3,2,15,0,59,21.42
3588.4,0,21237,94,87,279.11
3588.4,1,55,0,34,10.62
3588.4,2,15,0,59,29.78
3590.4,0,11947,96,87,280.06
3590.4,1,55,0,34,6.39
3590.4,2,15,0,59,21.57
3592.5,0,11969,97,87,281.87
3592.5,1,55,0,34,6.20
3592.5,2,15,0,59,21.09
3594.6,0,11967,98,87,284.06
3594.6,1,55,0,34,7.95
3594.6,2,15,0,59,23.12
3596.7,0,11967,98,88,286.72
3596.7,1,55,0,34,6.48
3596.7,2,15,0,59,22.33
3598.7,0,11989,98,87,285.03
3598.7,1,55,0,34,6.14
3598.7,2,15,0,59,20.93
3600.8,0,11989,97,88,285.78
3600.8,1,55,0,34,6.43
3600.8,2,15,0,59,20.97
3602.9,0,11989,100,88,283.76
3602.9,1,55,0,34,11.10
3602.9,2,15,0,59,30.00
3605.0,0,11989,100,88,284.49
3605.0,1,55,0,34,6.64
3605.0,2,15,0,59,20.99
3607.1,0,11989,100,87,283.22
3607.1,1,55,0,34,6.49
3607.1,2,15,0,59,20.97
3609.2,0,11989,100,88,282.35
3609.2,1,55,0,34,9.00
3609.2,2,15,0,59,23.83
3611.2,0,11989,98,88,277.39
3611.2,1,55,0,34,7.65
3611.2,2,15,0,59,22.69
3613.3,0,11989,100,87,278.61
3613.3,1,55,0,34,6.75
3613.3,2,15,0,59,20.88
3615.4,0,11989,100,88,283.35
3615.4,1,55,0,34,6.83
3615.4,2,15,0,59,20.90
3617.5,0,11989,100,87,279.01
3617.5,1,55,0,34,7.19
3617.5,2,15,0,59,29.65
3619.6,0,11989,100,87,276.87
3619.6,1,55,0,34,6.85
3619.6,2,15,0,59,21.17
3621.7,0,11989,98,87,277.80
3621.7,1,55,0,34,6.97
3621.7,2,15,0,59,20.90
3623.8,0,11989,99,88,281.13
3623.8,1,55,0,34,9.16
3623.8,2,15,0,59,24.52
3625.8,0,11989,97,88,278.44
3625.8,1,55,0,34,7.26
3625.8,2,15,0,59,21.11
3627.9,0,11989,97,88,279.91
3627.9,1,55,0,34,6.83
3627.9,2,15,0,59,20.94
3630.0,0,11989,100,88,278.13
3630.0,1,55,0,34,7.77
3630.0,2,15,0,59,20.84
3632.1,0,11989,100,88,280.35
3632.1,1,55,0,34,7.28
3632.1,2,15,0,59,22.62
3634.2,0,11989,98,88,278.29
3634.2,1,55,0,34,6.40
3634.2,2,15,0,59,20.97
3636.3,0,11989,97,88,279.69
3636.3,1,55,0,34,6.85
3636.3,2,15,0,59,21.22
3638.4,0,11989,96,88,280.05
3638.4,1,55,0,34,11.36
3638.4,2,15,0,59,29.84
3640.5,0,11991,97,88,279.79
3640.5,1,55,0,34,7.01
3640.5,2,15,0,59,21.38
3642.6,0,11991,98,88,280.49
3642.6,1,55,0,34,6.88
3642.6,2,15,0,59,21.04
3644.7,0,11991,97,88,277.94
3644.7,1,55,0,34,7.92
3644.7,2,15,0,59,21.75
3646.7,0,11991,97,88,278.93
3646.7,1,55,0,34,7.14
3646.7,2,15,0,59,22.10
3648.8,0,11991,97,88,280.27
3648.8,1,55,0,34,6.61
3648.8,2,15,0,59,20.95
3650.9,0,11991,97,87,277.27
3650.9,1,55,0,34,6.83
3650.9,2,15,0,59,21.01
3653.0,0,11991,97,88,281.75
3653.0,1,55,0,34,11.71
3653.0,2,15,0,59,29.96
3655.1,0,11991,96,88,278.40
3655.1,1,55,0,34,6.62
3655.1,2,15,0,59,21.40
3657.2,0,11989,100,88,285.66
3657.2,1,55,0,34,6.68
3657.2,2,15,0,59,20.95
3659.3,0,11989,100,88,285.59
3659.3,1,55,0,34,8.19
3659.3,2,15,0,59,22.60
3661.3,0,12011,100,88,285.38
3661.3,1,55,0,34,7.18
3661.3,2,15,0,59,22.40
3663.4,0,12011,100,88,285.36
3663.4,1,55,0,34,6.56
3663.4,2,15,0,59,20.71
3665.5,0,12011,100,88,284.96
3665.5,1,55,0,34,6.60
3665.5,2,15,0,59,20.86
3667.6,0,12011,100,88,285.48
3667.6,1,55,0,34,11.72
3667.6,2,15,0,59,29.57
3669.7,0,12011,100,88,284.05
3669.7,1,55,0,34,6.81
3669.7,2,15,0,59,20.89
3671.8,0,12011,100,88,284.07
3671.8,1,55,0,34,6.85
3671.8,2,15,0,59,20.69
3673.9,0,12011,99,88,285.10
3673.9,1,55,0,34,8.68
3673.9,2,15,0,59,29.86
3676.0,0,12011,99,88,285.40
3676.0,1,55,0,34,7.41
3676.0,2,15,0,59,21.85
3678.1,0,12011,100,88,285.36
3678.1,1,55,0,34,6.68
3678.1,2,15,0,59,20.83
3680.2,0,12011,100,88,284.85
3680.2,1,55,0,34,7.08
3680.2,2,15,0,59,20.89
3682.3,0,12011,100,88,284.97
3682.3,1,55,0,34,7.10
3682.3,2,15,0,59,30.20
3684.3,0,12011,100,88,285.38
3684.3,1,55,0,34,6.59
3684.3,2,15,0,59,20.86
3686.4,0,12011,100,88,285.42
3686.4,1,55,0,34,6.73
3686.4,2,15,0,59,21.01
3688.5,0,12011,100,88,285.58
3688.5,1,55,0,34,11.03
3688.5,2,15,0,59,29.73
3690.6,0,12011,100,88,285.78
3690.6,1,55,0,34,6.57
3690.6,2,15,0,59,21.09
3692.7,0,12011,100,88,286.95
3692.7,1,55,0,34,6.58
3692.7,2,15,0,59,20.94
3694.8,0,12011,100,88,285.09
3694.8,1,55,0,34,7.54
3694.8,2,15,0,59,20.89
3696.9,0,12011,100,88,285.58
3696.9,1,55,0,34,6.77
3696.9,2,15,0,59,22.00
3699.0,0,12011,100,88,285.81
3699.0,1,55,0,34,6.34
3699.0,2,15,0,59,20.83
3701.1,0,12011,100,88,286.10
3701.1,1,55,0,34,6.50
3701.1,2,15,0,59,20.96
3703.2,0,12011,100,88,287.22
3703.2,1,55,0,34,11.36
3703.2,2,15,0,59,30.15
3705.2,0,12011,100,88,285.95
3705.2,1,55,0,34,6.54
3705.2,2,15,0,59,21.47
3707.3,0,12011,100,88,282.39
3707.3,1,55,0,34,6.49
3707.3,2,15,0,59,20.98
3709.4,0,12011,99,88,285.63
3709.4,1,55,0,34,7.92
3709.4,2,15,0,59,24.79
3711.5,0,12011,98,88,286.27
3711.5,1,55,0,34,6.91
3711.5,2,15,0,59,22.51
3713.6,0,12011,99,88,286.52
3713.6,1,55,0,34,6.46
3713.6,2,15,0,59,21.18
3715.7,0,12011,99,88,286.20
3715.7,1,55,0,34,6.37
3715.7,2,15,0,59,21.15
3717.8,0,12011,100,88,286.24
3717.8,1,55,0,34,10.97
3717.8,2,15,0,59,30.12
3719.9,0,12011,100,88,287.08
3719.9,1,55,0,34,6.22
3719.9,2,15,0,59,21.15
3722.0,0,12011,100,88,285.34
3722.0,1,55,0,34,6.23
3722.0,2,15,0,59,21.26
3724.0,0,12011,100,88,287.29
3724.0,1,55,0,34,11.25
3724.0,2,15,0,59,25.58
3726.1,0,12011,100,88,286.44
3726.1,1,55,0,34,6.51
3726.1,2,15,0,59,23.08
3728.2,0,12011,100,88,287.64
3728.2,1,55,0,34,6.60
3728.2,2,15,0,59,21.16
3730.3,0,12011,100,88,287.60
3730.3,1,55,0,34,6.53
3730.3,2,15,0,59,22.31
3732.4,0,12011,100,88,288.05
3732.4,1,55,0,34,11.63
3732.4,2,15,0,59,22.77
3734.5,0,12011,99,88,287.21
3734.5,1,55,0,34,6.89
3734.5,2,15,0,59,21.22
3736.6,0,12011,100,87,219.98
3736.6,1,55,0,34,6.57
3736.6,2,15,0,59,21.08
3738.7,0,12011,100,88,290.75
3738.7,1,55,0,34,11.25
3738.7,2,15,0,59,30.06
3740.8,0,12011,100,88,290.58
3740.8,1,55,0,34,6.65
3740.8,2,15,0,59,21.40
3742.8,0,12011,100,88,290.22
3742.8,1,55,0,34,6.26
3742.8,2,15,0,59,21.10
3744.9,0,12011,100,88,290.59
3744.9,1,55,0,34,6.80
3744.9,2,15,0,59,23.35
3747.0,0,12011,100,88,290.04
3747.0,1,55,0,34,7.30
3747.0,2,15,0,59,22.05
3749.1,0,12011,100,88,289.79
3749.1,1,55,0,34,6.63
3749.1,2,15,0,59,21.05
3751.2,0,12011,100,88,290.44
3751.2,1,55,0,34,6.58
3751.2,2,15,0,59,21.21
3753.3,0,12011,100,88,290.14
3753.3,1,55,0,34,11.20
3753.3,2,15,0,59,30.38
3755.4,0,12011,100,88,290.22
3755.4,1,55,0,34,6.92
3755.4,2,15,0,59,21.59
3757.5,0,12013,100,88,289.56
3757.5,1,55,0,34,6.55
3757.5,2,15,0,59,21.09
3759.6,0,12013,99,88,288.49
3759.6,1,55,0,34,7.35
3759.6,2,15,0,59,24.07
3761.6,0,12013,100,88,289.30
3761.6,1,55,0,34,7.23
3761.6,2,15,0,59,22.61
3763.7,0,12013,100,88,289.62
3763.7,1,55,0,34,6.52
3763.7,2,15,0,59,21.10
3765.8,0,12013,100,88,290.67
3765.8,1,55,0,34,6.64
3765.8,2,15,0,59,21.19
3767.9,0,12013,100,88,289.73
3767.9,1,55,0,34,11.71
3767.9,2,15,0,59,30.17
3770.0,0,12013,100,88,290.03
3770.0,1,55,0,34,6.81
3770.0,2,15,0,59,21.28
3772.1,0,12013,100,87,271.88
3772.1,1,55,0,34,6.77
3772.1,2,15,0,59,21.18
3774.2,0,12013,83,87,254.83
3774.2,1,55,0,34,8.83
3774.2,2,15,0,59,25.09
3776.3,0,12013,91,87,287.84
3776.3,1,55,0,34,7.32
3776.3,2,15,0,59,22.90
3778.3,0,12013,95,88,288.47
3778.3,1,55,0,34,6.57
3778.3,2,15,0,59,21.23
3780.4,0,12013,93,87,286.94
3780.4,1,55,0,34,6.70
3780.4,2,15,0,59,21.29
3782.5,0,12013,97,88,291.24
3782.5,1,55,0,34,11.45
3782.5,2,15,0,59,22.55
3784.6,0,12013,97,87,289.93
3784.6,1,55,0,34,6.68
3784.6,2,15,0,59,21.06
3786.7,0,12013,97,88,290.82
3786.7,1,55,0,34,6.81
3786.7,2,15,0,59,21.14
3788.8,0,12013,92,87,288.92
3788.8,1,55,0,34,11.50
3788.8,2,15,0,59,29.86
3790.9,0,12013,100,88,288.80
3790.9,1,55,0,34,6.85
3790.9,2,15,0,59,21.26
3793.0,0,12013,97,87,287.56
3793.0,1,55,0,34,6.85
3793.0,2,15,0,59,20.93
3795.1,0,12013,100,88,291.55
3795.1,1,55,0,34,8.61
3795.1,2,15,0,59,21.90
3797.2,0,12013,100,88,287.23
3797.2,1,55,0,34,7.10
3797.2,2,15,0,59,21.81
3799.3,0,15213,100,87,258.51
3799.3,1,55,0,34,6.68
3799.3,2,15,0,59,20.75
3801.3,0,12685,96,87,291.08
3801.3,1,55,0,34,6.68
3801.3,2,15,0,59,21.02
3803.4,0,12653,99,87,288.78
3803.4,1,55,0,34,11.49
3803.4,2,15,0,59,30.22
3805.5,0,12173,99,87,287.38
3805.5,1,55,0,34,6.98
3805.5,2,15,0,59,21.37
3807.6,0,15789,100,87,255.66
3807.6,1,55,0,34,6.85
3807.6,2,15,0,59,20.80
3809.7,0,15341,94,87,278.32
3809.7,1,55,0,34,8.61
3809.7,2,15,0,59,22.95
3811.8,0,12781,99,87,293.29
3811.8,1,55,0,34,7.29
3811.8,2,15,0,59,22.25
3813.9,0,12749,100,87,294.05
3813.9,1,55,0,34,6.78
3813.9,2,15,0,59,20.99
3816.0,0,12813,99,87,292.28
3816.0,1,55,0,34,6.92
3816.0,2,15,0,59,21.25
3818.1,0,12877,99,87,293.64
3818.1,1,55,0,34,11.50
3818.1,2,15,0,59,30.18
3820.1,0,12461,99,87,291.93
3820.1,1,55,0,34,6.64
3820.1,2,15,0,59,21.11
3822.2,0,15725,100,87,250.80
3822.2,1,55,0,34,6.85
3822.2,2,15,0,59,20.99
3824.3,0,15277,94,85,267.61
3824.3,1,55,0,34,8.93
3824.3,2,15,0,59,23.76
3826.4,0,12845,100,87,296.25
3826.4,1,55,0,34,7.52
3826.4,2,15,0,59,21.40
3828.5,0,12525,99,87,293.40
3828.5,1,55,0,34,6.64
3828.5,2,15,0,59,21.01
3830.5,0,12749,91,87,291.86
3830.5,1,55,0,34,6.89
3830.5,2,15,0,59,20.96
3832.6,0,12845,99,87,293.54
3832.6,1,55,0,34,7.28
3832.6,2,15,0,59,29.62
3834.7,0,12429,99,87,292.21
3834.7,1,55,0,34,6.68
3834.7,2,15,0,59,21.15
3836.8,0,15661,100,87,241.22
3836.8,1,55,0,34,6.95
3836.8,2,15,0,59,20.91
3838.9,0,12237,100,87,271.31
3838.9,1,55,0,34,11.56
3838.9,2,15,0,59,30.12
3841.0,0,12877,99,87,296.38
3841.0,1,55,0,34,7.46
3841.0,2,15,0,59,21.39
3843.1,0,12621,99,87,294.68
3843.1,1,55,0,34,6.64
3843.1,2,15,0,59,21.15
3845.2,0,12749,99,87,292.08
3845.2,1,55,0,34,7.82
3845.2,2,15,0,59,20.93
3847.2,0,12845,100,87,294.60
3847.2,1,55,0,34,7.25
3847.2,2,15,0,60,22.76
3849.3,0,12429,99,87,293.56
3849.3,1,55,0,34,6.60
3849.3,2,15,0,59,20.98
3851.4,0,15245,100,87,278.01
3851.4,1,55,0,34,7.03
3851.4,2,15,0,59,20.97
3853.5,0,12781,100,87,289.11
3853.5,1,55,0,34,11.50
3853.5,2,15,0,59,29.59
3855.6,0,12749,99,87,295.09
3855.6,1,55,0,34,6.81
3855.6,2,15,0,59,21.33
3857.7,0,12781,99,87,295.14
3857.7,1,55,0,34,6.68
3857.7,2,15,0,59,20.99
3859.8,0,12813,100,87,293.69
3859.8,1,55,0,34,8.10
3859.8,2,15,0,59,21.65
3861.9,0,12525,99,87,293.64
3861.9,1,55,0,34,6.77
3861.9,2,15,0,59,22.31
3863.9,0,15725,70,87,276.75
3863.9,1,55,0,34,6.57
3863.9,2,15,0,59,20.97
3866.0,0,15757,100,87,269.09
3866.0,1,55,0,34,6.67
3866.0,2,15,0,59,20.77
3868.1,0,12845,99,87,296.51
3868.1,1,55,0,34,11.60
3868.1,2,15,0,59,30.25
3870.2,0,12461,99,87,293.31
3870.2,1,55,0,34,6.74
3870.2,2,15,0,59,21.15
3872.3,0,12813,100,87,295.60
3872.3,1,55,0,34,6.53
3872.3,2,15,0,59,21.23
3874.4,0,12813,99,87,293.59
3874.4,1,55,0,34,8.33
3874.4,2,15,0,59,25.29
3876.5,0,13293,98,87,292.99
3876.5,1,55,0,34,7.64
3876.5,2,15,0,59,22.57
3878.5,0,15757,100,86,264.25
3878.5,1,55,0,34,6.87
3878.5,2,15,0,59,20.90
3880.6,0,12941,100,86,263.21
3880.6,1,55,0,34,7.08
3880.6,2,15,0,59,20.96
3882.7,0,12909,99,87,296.31
3882.7,1,55,0,34,11.66
3882.7,2,15,0,60,29.97
3884.8,0,12429,99,87,296.05
3884.8,1,55,0,34,6.81
3884.8,2,15,0,59,21.21
3887.0,0,12877,100,87,295.80
3887.0,1,55,0,34,6.73
3887.0,2,15,0,59,21.25
3889.0,0,12749,100,87,294.02
3889.0,1,55,0,34,8.82
3889.0,2,15,0,59,30.12
3891.1,0,15725,99,86,263.62
3891.1,1,55,0,34,7.11
3891.1,2,15,0,59,21.16
3893.2,0,15309,100,87,257.45
3893.2,1,55,0,34,6.72
3893.2,2,15,0,59,20.93
3895.3,0,12845,99,87,298.12
3895.3,1,55,0,34,7.24
3895.3,2,15,0,59,21.18
3897.4,0,12845,99,87,298.04
3897.4,1,55,0,34,7.22
3897.4,2,15,0,60,23.08
3899.5,0,12781,99,87,298.35
3899.5,1,55,0,34,6.67
3899.5,2,15,0,59,21.42
3901.5,0,12909,100,87,296.08
3901.5,1,55,0,34,7.03
3901.5,2,15,0,59,21.40
3903.6,0,13069,99,87,294.92
3903.6,1,55,0,34,11.27
3903.6,2,15,0,60,29.99
3905.7,0,15757,100,87,277.41
3905.7,1,55,0,34,6.86
3905.7,2,15,0,59,21.43
3907.8,0,12813,100,87,288.70
3907.8,1,55,0,34,6.68
3907.8,2,15,0,59,21.03
3909.9,0,12877,99,87,298.06
3909.9,1,55,0,34,8.29
3909.9,2,15,0,60,24.43
3911.9,0,12781,99,87,294.90
3911.9,1,55,0,34,6.52
3911.9,2,15,0,60,22.38
3914.0,0,12813,99,87,295.45
3914.0,1,55,0,34,6.71
3914.0,2,15,0,59,21.18
3916.1,0,12493,98,87,294.81
3916.1,1,55,0,34,6.92
3916.1,2,15,0,59,21.31
3918.2,0,15725,100,87,268.42
3918.2,1,55,0,34,11.53
3918.2,2,15,0,60,30.29
3920.3,0,16621,86,87,252.57
3920.3,1,55,0,34,6.98
3920.3,2,15,0,59,21.18
3922.4,0,12877,100,87,293.97
3922.4,1,55,0,34,6.82
3922.4,2,15,0,59,20.68
3924.5,0,12781,99,87,298.48
3924.5,1,55,0,34,8.31
3924.5,2,15,0,60,24.73
3926.5,0,12717,99,87,296.64
3926.5,1,55,0,34,7.08
3926.5,2,15,0,60,22.67
3928.6,0,12845,99,87,296.79
3928.6,1,55,0,34,6.61
3928.6,2,15,0,59,20.96
3930.7,0,12525,99,87,294.22
3930.7,1,55,0,34,6.68
3930.7,2,15,0,59,21.01
3932.8,0,15661,100,87,254.82
3932.8,1,55,0,34,11.48
3932.8,2,15,0,60,29.79
3934.9,0,14349,100,86,273.23
3934.9,1,55,0,34,6.75
3934.9,2,15,0,59,20.59
3937.0,0,12877,92,87,296.47
3937.0,1,55,0,34,6.54
3937.0,2,15,0,59,21.09
3939.1,0,12397,85,87,284.83
3939.1,1,55,0,34,8.73
3939.1,2,15,0,60,25.34
3941.2,0,12909,99,87,291.44
3941.2,1,55,0,34,7.49
3941.2,2,15,0,60,22.14
3943.3,0,13005,91,87,290.04
3943.3,1,55,0,34,6.82
3943.3,2,15,0,59,21.15
3945.4,0,12365,94,87,284.64
3945.4,1,55,0,34,6.71
3945.4,2,15,0,60,22.35
3947.5,0,13773,100,86,258.54
3947.5,1,55,0,34,6.82
3947.5,2,15,0,60,22.53
3949.5,0,15245,100,86,247.41
3949.5,1,55,0,34,6.50
3949.5,2,15,0,59,20.86
3951.6,0,12781,98,87,283.67
3951.6,1,55,0,34,6.80
3951.6,2,15,0,59,21.15
3953.7,0,12845,81,86,290.64
3953.7,1,55,0,34,11.26
3953.7,2,15,0,60,29.97
3955.8,0,12717,85,87,281.79
3955.8,1,55,0,34,6.74
3955.8,2,15,0,59,21.54
3957.9,0,12877,88,86,288.87
3957.9,1,55,0,34,6.12
3957.9,2,15,0,59,21.34
3960.0,0,15693,26,86,249.19
3960.0,1,55,0,34,6.83
3960.0,2,15,0,60,23.28
3962.1,0,16621,96,86,266.22
3962.1,1,55,0,34,6.53
3962.1,2,15,0,60,21.92
3964.1,0,16749,100,87,281.61
3964.1,1,55,0,34,6.12
3964.1,2,15,0,59,20.78
3966.2,0,12909,99,87,297.54
3966.2,1,55,0,34,6.18
3966.2,2,15,0,59,21.02
3968.3,0,12909,99,87,299.21
3968.3,1,55,0,34,11.31
3968.3,2,15,0,60,30.39
3970.4,0,12845,99,87,296.02
3970.4,1,55,0,34,6.80
3970.4,2,15,0,59,21.72
3972.5,0,12909,97,87,298.33
3972.5,1,55,0,34,6.64
3972.5,2,15,0,59,21.20
3974.5,0,12397,94,87,296.78
3974.5,1,55,0,34,7.76
3974.5,2,15,0,60,24.22
3976.6,0,12973,99,87,298.18
3976.6,1,55,0,34,7.05
3976.6,2,15,0,60,22.85
3978.7,0,12653,99,87,297.26
3978.7,1,55,0,34,6.60
3978.7,2,15,0,59,21.30
3980.8,0,15757,100,87,262.71
3980.8,1,55,0,34,6.48
3980.8,2,15,0,59,21.37
3982.9,0,16589,100,86,267.14
3982.9,1,55,0,34,11.35
3982.9,2,15,0,60,30.21
3984.9,0,15533,100,85,243.86
3984.9,1,55,0,34,6.55
3984.9,2,15,0,59,20.98
3987.0,0,12941,99,87,294.42
3987.0,1,55,0,34,6.50
3987.0,2,15,0,59,20.80
3989.1,0,12941,99,87,297.74
3989.1,1,55,0,34,8.35
3989.1,2,15,0,60,24.96
3991.2,0,12813,99,87,298.25
3991.2,1,55,0,34,6.97
3991.2,2,15,0,60,23.17
3993.3,0,12973,98,87,298.23
3993.3,1,55,0,34,6.71
3993.3,2,15,0,59,21.44
3995.4,0,12845,92,87,294.53
3995.4,1,55,0,34,6.59
3995.4,2,15,0,59,21.33
3997.5,0,12973,87,87,285.44
3997.5,1,55,0,34,11.18
3997.5,2,15,0,60,22.79
3999.6,0,13069,98,87,292.41
3999.6,1,55,0,34,6.77
3999.6,2,15,0,59,21.15
4001.7,0,14381,96,87,290.04
4001.7,1,55,0,34,6.65
4001.7,2,15,0,59,21.27
4003.8,0,15277,100,87,274.47
4003.8,1,55,0,34,11.49
4003.8,2,15,0,60,25.05
4005.8,0,15437,100,87,279.89
4005.8,1,55,0,34,6.93
4005.8,2,15,0,60,22.07
4007.9,0,12877,88,87,269.52
4007.9,1,55,0,34,6.70
4007.9,2,15,0,59,20.68
4010.1,0,13005,95,87,291.38
4010.1,1,55,0,34,6.78
4010.1,2,15,0,60,21.88
4012.1,0,12557,89,87,287.24
4012.1,1,55,0,34,7.38
4012.1,2,15,0,60,21.88
4014.2,0,12941,99,87,297.19
4014.2,1,55,0,34,6.06
4014.2,2,15,0,59,20.87
4016.3,0,12973,95,87,297.15
4016.3,1,55,0,34,6.35
4016.3,2,15,0,59,21.04
4018.4,0,12845,99,87,295.79
4018.4,1,55,0,34,10.48
4018.4,2,15,0,60,30.24
4020.4,0,12973,99,87,296.45
4020.4,1,55,0,34,6.58
4020.4,2,15,0,59,21.50
4022.5,0,12557,99,87,294.45
4022.5,1,55,0,34,6.25
4022.5,2,15,0,59,21.14
4024.6,0,15725,100,87,273.32
4024.6,1,55,0,34,6.74
4024.6,2,15,0,60,22.94
4026.7,0,13997,100,87,269.60
4026.7,1,55,0,34,6.83
4026.7,2,15,0,60,22.27
4028.7,0,15565,100,87,279.89
4028.7,1,55,0,34,6.52
4028.7,2,15,0,59,20.70
4030.8,0,13037,100,87,277.08
4030.8,1,55,0,34,6.92
4030.8,2,15,0,59,20.97
4032.9,0,13133,100,87,296.74
4032.9,1,55,0,34,11.51
4032.9,2,15,0,60,30.05
4035.0,0,13011,99,87,295.49
4035.0,1,55,0,34,6.72
4035.0,2,15,0,59,21.27
4037.1,0,12917,99,87,294.28
4037.1,1,55,0,34,6.61
4037.1,2,15,0,59,21.20
4039.2,0,13013,99,87,293.78
4039.2,1,55,0,34,8.91
4039.2,2,15,1,60,23.98
4041.3,0,13077,99,87,293.52
4041.3,1,55,0,34,7.45
4041.3,2,15,0,60,22.78
4043.4,0,12471,99,87,293.19
4043.4,1,55,0,34,6.69
4043.4,2,15,0,59,20.93
4045.5,0,13079,99,87,294.64
4045.5,1,55,0,34,6.80
4045.5,2,15,0,59,20.94
4047.6,0,12695,98,87,292.02
4047.6,1,55,0,34,11.38
4047.6,2,15,0,60,29.61
4049.6,0,15767,79,86,280.62
4049.6,1,55,0,34,7.04
4049.6,2,15,0,59,21.29
4051.7,0,15735,100,87,270.32
4051.7,1,55,0,34,6.85
4051.7,2,15,0,59,20.80
4053.8,0,15447,100,87,262.98
4053.8,1,55,0,34,11.28
4053.8,2,15,0,60,24.50
4055.9,0,14871,100,86,257.47
4055.9,1,55,0,34,6.69
4055.9,2,15,0,59,20.92
4058.0,0,13047,99,87,298.90
4058.0,1,55,0,34,6.54
4058.0,2,15,0,59,20.86
4060.1,0,13047,93,87,297.54
4060.1,1,55,0,34,6.54
4060.1,2,15,0,59,21.09
4062.2,0,13015,99,87,294.87
4062.2,1,55,0,34,12.00
4062.2,2,15,0,60,22.96
4064.3,0,13079,99,87,296.10
4064.3,1,55,0,34,6.70
4064.3,2,15,0,59,20.98
4066.3,0,12247,0,83,169.91
4066.3,1,55,0,34,6.76
4066.3,2,15,0,59,21.08
4068.4,0,12247,0,82,116.07
4068.4,1,55,0,34,11.30
4068.4,2,15,0,60,29.57
4070.5,0,12247,0,80,104.00
4070.5,1,55,0,34,6.99
4070.5,2,15,0,59,20.68
4072.6,0,12247,0,79,103.48
4072.6,1,55,0,34,6.64
4072.6,2,15,0,59,20.19
4074.7,0,15767,100,82,158.90
4074.7,1,55,0,34,7.02
4074.7,2,15,0,59,21.95
4076.8,0,13015,100,82,272.74
4076.8,1,55,0,34,6.71
4076.8,2,15,0,60,21.96
4078.9,0,15543,100,83,271.25
4078.9,1,55,0,34,6.27
4078.9,2,15,0,59,20.51
4081.0,0,12951,99,83,277.67
4081.0,1,55,0,34,6.52
4081.0,2,15,0,59,20.81
4083.1,0,13143,98,84,296.81
4083.1,1,55,0,34,10.75
4083.1,2,15,0,60,29.96
4085.2,0,12535,88,84,293.78
4085.2,1,55,0,34,6.32
4085.2,2,15,0,59,21.20
4087.2,0,13179,81,84,274.58
4087.2,1,55,0,34,6.14
4087.2,2,15,0,59,21.08
4089.3,0,13087,99,85,297.14
4089.3,1,55,0,34,8.89
4089.3,2,15,0,60,23.35
4091.4,0,12959,99,85,287.48
4091.4,1,55,0,34,6.89
4091.4,2,15,0,60,22.54
4093.5,0,12959,99,85,294.16
4093.5,1,55,0,34,6.86
4093.5,2,15,0,59,20.86
4095.6,0,15807,73,85,291.68
4095.6,1,55,0,34,7.08
4095.6,2,15,0,59,21.06
4097.7,0,15743,100,85,279.03
4097.7,1,55,0,34,11.64
4097.7,2,15,0,60,29.88
4099.8,0,15871,100,85,276.10
4099.8,1,55,0,34,6.55
4099.8,2,15,0,59,21.01
4101.9,0,12991,100,83,261.07
4101.9,1,55,0,34,6.83
4101.9,2,15,0,59,20.60
4103.9,0,13311,99,85,288.02
4103.9,1,55,0,34,9.15
4103.9,2,15,0,60,30.22
4106.0,0,12255,0,80,129.19
4106.0,1,55,0,34,6.88
4106.0,2,15,0,59,20.59
4108.1,0,12255,0,79,106.72
4108.1,1,55,0,34,6.86
4108.1,2,15,0,59,20.18
4110.2,0,15775,0,78,103.37
4110.2,1,55,0,34,7.02
4110.2,2,15,0,59,20.32
4112.3,0,16575,100,82,247.28
4112.3,1,55,0,34,7.72
4112.3,2,15,0,60,30.25
4114.3,0,15839,100,83,266.24
4114.3,1,55,0,34,6.56
4114.3,2,15,0,59,21.21
4116.4,0,12959,68,80,248.08
4116.4,1,55,0,34,6.25
4116.4,2,15,0,59,20.76
4118.5,0,13087,86,83,264.56
4118.5,1,55,0,34,10.54
4118.5,2,15,0,60,29.87
4120.5,0,15743,100,82,197.90
4120.5,1,55,0,34,6.39
4120.5,2,15,0,59,21.29
4122.6,0,12191,100,83,254.33
4122.6,1,55,0,34,6.21
4122.6,2,15,0,59,20.70
4124.7,0,15967,83,83,264.94
4124.7,1,55,0,34,6.22
4124.7,2,15,1,59,20.75
4126.8,0,13055,79,83,282.58
4126.8,1,55,0,34,6.73
4126.8,2,15,0,59,22.49
4128.9,0,13311,99,84,284.72
4128.9,1,55,0,34,5.87
4128.9,2,15,0,59,21.31
4130.9,0,15773,0,82,192.26
4130.9,1,55,0,34,5.80
4130.9,2,15,0,59,21.29
4133.0,0,15709,87,84,269.18
4133.0,1,55,0,34,10.34
4133.0,2,15,0,59,30.41
4135.1,0,15005,100,84,264.17
4135.1,1,55,0,34,5.74
4135.1,2,15,0,59,20.87
4137.1,0,7491,100,81,258.72
4137.1,1,55,0,34,5.37
4137.1,2,15,0,59,20.84
4139.2,0,8367,86,84,281.78
4139.2,1,55,0,34,5.62
4139.2,2,15,0,59,22.42
4141.3,0,10991,60,83,210.30
4141.3,1,55,0,34,5.95
4141.3,2,15,0,59,22.70
4143.3,0,11055,100,84,267.86
4143.3,1,55,0,34,5.48
4143.3,2,15,0,59,20.65
4145.4,0,12079,100,84,267.38
4145.4,1,55,0,34,5.60
4145.4,2,15,0,59,20.81
4147.5,0,8367,99,83,266.27
4147.5,1,55,0,34,10.22
4147.5,2,15,0,59,29.89
4149.6,0,8239,69,84,270.24
4149.6,1,55,0,34,6.62
4149.6,2,15,0,59,21.51
4151.7,0,11055,100,84,227.70
4151.7,1,55,0,34,6.66
4151.7,2,15,0,59,21.02
4153.7,0,11183,100,85,256.02
4153.7,1,55,0,34,7.47
4153.7,2,15,0,59,23.02
4155.8,0,10863,100,85,253.31
4155.8,1,55,0,34,6.93
4155.8,2,15,0,59,21.83
4157.9,0,4755,95,84,265.52
4157.9,1,55,0,34,6.86
4157.9,2,15,0,59,20.89
4160.0,0,9989,96,85,297.43
4160.0,1,55,0,34,6.96
4160.0,2,15,0,59,21.31
4162.1,0,9765,100,85,253.41
4162.1,1,55,0,34,11.78
4162.1,2,15,0,59,30.44
4164.2,0,7315,100,85,253.57
4164.2,1,55,0,34,7.09
4164.2,2,15,0,59,21.08
4166.3,0,6485,99,86,276.78
4166.3,1,55,0,34,6.95
4166.3,2,15,0,59,20.73
4168.4,0,6581,100,86,298.73
4168.4,1,55,0,34,11.21
4168.4,2,15,0,59,24.09
4170.5,0,6549,99,86,299.38
4170.5,1,55,0,34,7.27
4170.5,2,15,0,59,21.52
4172.6,0,6709,99,87,299.67
4172.6,1,55,0,34,6.87
4172.6,2,15,0,59,21.15
4174.6,0,6517,99,87,297.43
4174.6,1,55,0,34,7.04
4174.6,2,15,0,59,21.01
4176.7,0,6549,99,87,297.96
4176.7,1,55,0,34,11.99
4176.7,2,15,0,59,30.08
4178.8,0,7947,70,83,206.22
4178.8,1,55,0,34,6.94
4178.8,2,15,0,59,21.28
4180.9,0,9291,86,86,254.59
4180.9,1,55,0,34,7.04
4180.9,2,15,0,59,20.83
4183.0,0,8067,100,86,257.08
4183.0,1,55,0,34,11.12
4183.0,2,15,0,59,30.35
4185.0,0,8163,96,87,275.89
4185.0,1,55,0,34,6.59
4185.0,2,15,0,59,21.55
4187.1,0,6291,95,87,284.70
4187.1,1,55,0,34,6.44
4187.1,2,15,0,59,20.98
4189.2,0,5587,93,86,260.66
4189.2,1,55,0,34,5.93
4189.2,2,15,0,59,21.19
4191.2,0,5715,86,86,181.71
4191.2,1,55,0,34,10.41
4191.2,2,15,0,59,22.28
4193.3,0,9043,100,86,279.07
4193.3,1,55,0,34,5.76
4193.3,2,15,0,59,21.01
4195.4,0,9795,100,86,280.91
4195.4,1,55,0,34,5.92
4195.4,2,15,0,59,21.06
4197.4,0,6915,100,86,271.74
4197.4,1,55,0,34,10.04
4197.4,2,15,0,59,30.17
4199.5,0,7107,92,86,284.89
4199.5,1,55,0,34,5.82
4199.5,2,15,0,59,21.49
4201.6,0,6115,82,86,256.78
4201.6,1,55,0,34,5.62
4201.6,2,15,0,59,21.19
4203.6,0,9667,99,86,268.33
4203.6,1,55,0,34,6.18
4203.6,2,15,0,59,21.76
4205.7,0,9731,100,86,263.72
4205.7,1,55,0,34,6.47
4205.7,2,15,0,59,21.78
4207.8,0,5143,100,86,253.50
4207.8,1,55,0,34,5.93
4207.8,2,15,0,59,20.67
4209.9,0,8489,95,85,244.30
4209.9,1,55,0,34,6.95
4209.9,2,15,0,59,21.27
4212.0,0,7947,93,86,270.48
4212.0,1,55,0,34,11.20
4212.0,2,15,0,59,30.58
4214.1,0,9077,100,86,257.33
4214.1,1,55,0,34,7.12
4214.1,2,15,0,59,21.32
4216.2,0,9205,87,87,266.06
4216.2,1,55,0,34,7.09
4216.2,2,15,0,59,20.81
4218.3,0,6773,94,87,293.37
4218.3,1,55,0,34,7.86
4218.3,2,15,0,59,23.02
4220.3,0,6581,84,86,287.54
4220.3,1,55,0,34,7.49
4220.3,2,15,0,59,22.37
4222.4,0,6165,83,86,290.15
4222.4,1,55,0,34,6.97
4222.4,2,15,0,59,21.01
4224.5,0,6677,86,87,283.32
4224.5,1,55,0,34,7.15
4224.5,2,15,0,59,21.09
4226.7,0,6677,86,87,286.09
4226.7,1,55,0,34,11.63
4226.7,2,15,0,59,29.92
4228.8,0,6261,70,87,276.14
4228.8,1,55,0,34,6.99
4228.8,2,15,0,59,21.17
4230.9,0,6677,96,88,284.76
4230.9,1,55,0,34,7.17
4230.9,2,15,0,59,20.99
4233.0,0,6805,94,87,281.57
4233.0,1,55,0,34,9.34
4233.0,2,15,0,59,30.16
4235.1,0,6453,97,87,280.95
4235.1,1,55,0,34,7.39
4235.1,2,15,0,59,21.47
4237.1,0,7177,99,87,287.85
4237.1,1,55,0,34,6.95
4237.1,2,15,0,59,21.05
4239.2,0,6985,93,88,286.09
4239.2,1,55,0,34,6.97
4239.2,2,15,0,59,20.97
4241.3,0,9865,100,87,264.45
4241.3,1,55,0,34,11.68
4241.3,2,15,0,59,29.63
4243.4,0,8617,100,87,258.67
4243.4,1,55,0,34,7.20
4243.4,2,15,0,59,21.24
4245.5,0,9545,100,87,230.35
4245.5,1,55,0,34,7.32
4245.5,2,15,0,59,20.66
4247.5,0,7307,100,87,266.67
4247.5,1,55,0,34,10.79
4247.5,2,15,0,59,29.99
4249.6,0,6453,99,87,284.77
4249.6,1,55,0,34,6.58
4249.6,2,15,0,59,20.98
4251.7,0,6261,99,88,289.22
4251.7,1,55,0,34,6.36
4251.7,2,15,0,59,20.85
4253.8,0,9045,100,88,268.30
4253.8,1,55,0,34,6.30
4253.8,2,15,1,59,20.72
4255.8,0,6677,99,88,287.65
4255.8,1,55,0,34,6.88
4255.8,2,15,0,59,22.88
4257.9,0,6133,99,88,285.11
4257.9,1,55,0,34,6.17
4257.9,2,15,0,59,20.98
4260.0,0,6613,99,88,286.55
4260.0,1,55,0,34,5.96
4260.0,2,15,0,59,21.13
4262.0,0,6069,99,88,283.70
4262.0,1,55,0,34,9.74
4262.0,2,15,0,59,29.47
4264.1,0,6613,98,88,283.79
4264.1,1,55,0,34,5.89
4264.1,2,15,0,59,21.28
4266.2,0,6197,99,88,281.00
4266.2,1,55,0,34,5.70
4266.2,2,15,0,59,20.85
4268.3,0,6517,99,88,276.49
4268.3,1,55,1,34,6.59
4268.3,2,15,0,59,22.32
4270.4,0,6453,99,88,279.40
4270.4,1,55,0,34,7.27
4270.4,2,15,0,59,22.24
4272.4,0,5813,99,88,281.58
4272.4,1,55,0,34,6.70
4272.4,2,15,0,59,20.90
4274.5,0,9173,100,87,273.42
4274.5,1,55,0,34,6.82
4274.5,2,15,0,59,20.83
4276.6,0,9269,100,87,263.89
4276.6,1,55,0,34,11.45
4276.6,2,15,0,59,30.00
4278.7,0,9333,80,87,236.45
4278.7,1,55,0,34,6.90
4278.7,2,15,0,59,20.55
4280.8,0,5717,93,84,186.09
4280.8,1,55,0,34,6.77
4280.8,2,15,0,59,20.54
4282.9,0,5717,0,82,113.76
4282.9,1,55,0,34,9.10
4282.9,2,15,0,59,22.92
4285.0,0,6453,96,86,209.12
4285.0,1,55,0,34,7.50
4285.0,2,15,0,59,22.08
4287.1,0,6197,99,86,295.11
4287.1,1,55,0,34,6.74
4287.1,2,15,0,59,21.05
4289.1,0,6549,99,87,297.71
4289.1,1,55,0,34,7.06
4289.1,2,15,0,59,21.26
4291.2,0,6389,93,87,293.80
4291.2,1,55,0,34,11.52
4291.2,2,15,0,59,29.59
4293.3,0,6485,99,87,297.77
4293.3,1,55,0,34,7.07
4293.3,2,15,0,59,21.24
4295.4,0,6069,98,87,295.57
4295.4,1,55,0,34,6.84
4295.4,2,15,0,59,20.91
4297.4,0,27849,100,87,265.62
4297.4,1,55,0,34,11.76
4297.4,2,15,0,59,29.68
4299.6,0,25673,100,87,266.07
4299.6,1,55,0,34,6.79
4299.6,2,15,0,59,20.64
4301.6,0,26569,96,87,275.97
4301.6,1,55,0,34,6.70
4301.6,2,15,0,59,20.43
4303.7,0,25193,99,87,267.69
4303.7,1,55,0,34,6.53
4303.7,2,15,0,59,20.62
4305.8,0,25097,99,87,282.02
4305.8,1,55,0,34,11.23
4305.8,2,15,0,59,29.98
4307.9,0,24745,99,87,275.46
4307.9,1,55,0,34,6.34
4307.9,2,15,0,59,21.12
4309.9,0,24169,98,86,278.85
4309.9,1,55,0,34,6.58
4309.9,2,15,0,59,20.75
4312.0,0,27305,100,87,276.91
4312.0,1,55,0,34,10.07
4312.0,2,15,0,59,29.65
4314.1,0,28681,100,87,267.64
4314.1,1,55,0,34,5.95
4314.1,2,15,0,59,21.04
4316.1,0,5831,100,85,256.61
4316.1,1,55,0,34,5.82
4316.1,2,15,0,59,20.60
4318.2,0,6983,97,87,277.17
4318.2,1,55,0,34,5.86
4318.2,2,15,0,59,21.07
4320.3,0,5075,0,82,136.99
4320.3,1,55,0,34,10.10
4320.3,2,15,0,59,21.67
4322.3,0,8597,94,86,271.34
4322.3,1,55,0,34,5.47
4322.3,2,15,0,59,20.63
4324.4,0,10633,93,85,250.40
4324.4,1,55,0,34,5.74
4324.4,2,15,0,59,20.82
4326.5,0,6697,97,86,262.11
4326.5,1,55,0,34,10.18
4326.5,2,15,0,59,30.15
4328.6,0,6825,98,86,279.13
4328.6,1,55,0,34,6.35
4328.6,2,15,0,59,21.66
4330.7,0,6505,91,86,276.48
4330.7,1,55,0,34,6.66
4330.7,2,15,0,59,21.12
4332.7,0,6249,94,87,274.60
4332.7,1,55,0,34,7.14
4332.7,2,15,0,59,22.21
4334.8,0,6729,97,86,274.82
4334.8,1,55,0,34,7.17
4334.8,2,15,0,59,22.62
4336.9,0,6825,97,87,277.96
4336.9,1,55,0,34,6.50
4336.9,2,15,0,59,21.00
4339.0,0,6281,96,87,275.20
4339.0,1,55,0,34,6.91
4339.0,2,15,0,59,21.06
4341.1,0,6761,97,86,277.65
4341.1,1,55,0,34,11.46
4341.1,2,15,0,59,29.77
4343.2,0,6857,97,86,278.85
4343.2,1,55,0,34,6.82
4343.2,2,15,0,59,21.32
4345.3,0,6505,94,87,282.98
4345.3,1,55,0,34,6.78
4345.3,2,15,0,59,21.12
4347.3,0,6249,98,87,277.26
4347.3,1,55,0,34,7.90
4347.3,2,15,0,59,23.38
4349.4,0,9577,96,86,267.77
4349.4,1,55,0,34,7.41
4349.4,2,15,0,59,21.62
4351.5,0,9289,87,85,253.67
4351.5,1,55,0,34,6.86
4351.5,2,15,0,59,20.57
4353.6,0,7385,99,86,266.37
4353.6,1,55,0,34,6.90
4353.6,2,15,0,59,20.73
4355.7,0,7353,94,87,281.75
4355.7,1,55,0,34,11.45
4355.7,2,15,0,59,30.08
4357.8,0,7065,99,86,277.86
4357.8,1,55,0,34,6.93
4357.8,2,15,0,59,21.42
4359.9,0,7353,97,87,278.45
4359.9,1,55,0,34,7.21
4359.9,2,15,0,59,20.97
4362.0,0,7417,94,87,278.71
4362.0,1,55,0,34,11.36
4362.0,2,15,0,59,29.56
4364.1,0,7705,96,87,281.99
4364.1,1,55,0,34,7.11
4364.1,2,15,0,59,21.23
4366.2,0,5785,99,87,274.39
4366.2,1,55,0,34,6.56
4366.2,2,15,0,59,20.94
4368.3,0,5401,96,86,278.05
4368.3,1,55,0,34,6.98
4368.3,2,15,0,59,20.91
4370.3,0,8761,100,87,273.21
4370.3,1,55,0,34,11.72
4370.3,2,15,0,59,30.03
4372.4,0,8377,100,87,266.57
4372.4,1,55,0,34,6.08
4372.4,2,15,0,59,20.66
4374.5,0,5755,90,86,237.11
4374.5,1,55,0,34,6.28
4374.5,2,15,0,59,20.59
4376.5,0,5787,97,86,272.89
4376.5,1,55,0,34,10.99
4376.5,2,15,0,59,29.95
4378.6,0,5563,96,86,276.33
4378.6,1,55,0,34,6.27
4378.6,2,15,0,59,21.36
4380.7,0,6203,99,86,275.41
4380.7,1,55,0,34,5.55
4380.7,2,15,0,59,20.80
4382.7,0,5531,0,83,221.18
4382.7,1,55,0,34,5.61
4382.7,2,15,0,59,20.82
4384.8,0,5531,0,81,111.53
4384.8,1,55,0,34,10.31
4384.8,2,15,0,59,21.73
4386.9,0,5531,0,80,103.35
4386.9,1,55,0,34,5.63
4386.9,2,15,0,59,20.13
4389.0,0,8667,100,83,261.67
4389.0,1,55,0,34,6.53
4389.0,2,15,0,59,20.70
4391.1,0,10491,100,83,266.95
4391.1,1,55,0,34,11.39
4391.1,2,15,0,59,29.92
4393.1,0,7119,100,84,257.81
4393.1,1,55,0,34,7.05
4393.1,2,15,0,59,20.81
4395.2,0,7139,81,84,258.89
4395.2,1,55,0,34,6.68
4395.2,2,15,0,59,21.07
4397.3,0,9987,100,84,260.26
4397.3,1,55,0,34,7.19
4397.3,2,15,0,59,21.79
4399.3,0,10115,100,84,257.89
4399.3,1,55,0,34,7.56
4399.3,2,15,0,59,22.59
4401.4,0,7459,92,85,249.98
4401.4,1,55,0,34,6.75
4401.4,2,15,0,59,20.65
4403.5,0,9891,8,81,208.68
4403.5,1,55,0,34,6.94
4403.5,2,15,0,59,21.12
4405.6,0,9987,100,85,269.04
4405.6,1,55,0,34,11.40
4405.6,2,15,0,59,29.39
4407.7,0,7043,100,84,260.42
4407.7,1,55,0,34,7.30
4407.7,2,15,0,59,21.04
4409.7,0,4341,93,84,268.20
4409.7,1,55,0,34,6.66
4409.7,2,15,0,59,21.01
4411.8,0,4281,100,82,261.38
4411.8,1,55,0,34,7.33
4411.8,2,15,0,59,22.87
4413.9,0,3999,100,85,260.67
4413.9,1,55,0,34,5.98
4413.9,2,15,0,59,22.09
4416.0,0,5143,98,85,296.54
4416.0,1,55,0,34,5.23
4416.0,2,15,0,59,21.17
4418.1,0,14209,100,85,270.67
4418.1,1,55,0,34,5.64
4418.1,2,15,0,59,21.09
4420.1,0,15279,100,85,262.80
4420.1,1,55,0,34,9.93
4420.1,2,15,0,59,30.04
4422.2,0,14959,99,86,292.03
4422.2,1,55,0,34,5.41
4422.2,2,15,0,59,21.26
4424.3,0,14895,96,85,291.85
4424.3,1,55,0,34,5.58
4424.3,2,15,0,59,21.32
4426.3,0,14863,97,86,292.74
4426.3,1,55,0,34,7.52
4426.3,2,15,1,59,24.01
4428.4,0,15023,98,86,292.00
4428.4,1,55,0,34,5.78
4428.4,2,15,0,59,22.79
4430.5,0,14513,97,86,293.04
4430.5,1,55,0,34,5.63
4430.5,2,15,0,59,21.17
4432.6,0,16177,100,85,238.26
4432.6,1,55,0,34,5.69
4432.6,2,15,0,59,21.06
4434.6,0,18801,98,85,270.62
4434.6,1,55,0,34,10.15
4434.6,2,15,0,59,29.79
4436.7,0,14929,100,86,260.77
4436.7,1,55,0,34,5.82
4436.7,2,15,0,59,21.08
4438.8,0,15025,98,86,289.82
4438.8,1,55,0,34,5.64
4438.8,2,15,0,58,21.03
4440.8,0,14673,97,87,288.86
4440.8,1,55,0,34,7.59
4440.8,2,15,0,59,24.49
4442.9,0,14961,97,87,288.61
4442.9,1,55,0,34,5.77
4442.9,2,15,0,59,22.09
4445.0,0,14961,86,87,287.03
4445.0,1,55,0,34,5.68
4445.0,2,15,0,58,21.05
4447.1,0,15473,98,87,290.10
4447.1,1,55,0,34,5.88
4447.1,2,15,0,58,20.98
4449.1,0,17009,100,84,263.57
4449.1,1,55,0,34,7.34
4449.1,2,15,0,59,22.49
4451.2,0,14897,98,85,266.46
4451.2,1,55,0,34,6.82
4451.2,2,15,0,59,20.70
4453.3,0,15025,97,87,285.59
4453.3,1,55,0,34,7.10
4453.3,2,15,0,58,21.08
4455.4,0,14737,97,87,283.73
4455.4,1,55,0,34,11.46
4455.4,2,15,0,59,29.13
4457.5,0,14737,98,87,284.09
4457.5,1,55,0,34,7.01
4457.5,2,15,0,58,21.24
4459.6,0,14801,99,87,283.64
4459.6,1,55,0,34,6.90
4459.6,2,15,0,58,20.82
4461.7,0,14609,98,87,282.74
4461.7,1,55,0,34,7.62
4461.7,2,15,0,59,22.25
4463.8,0,17297,81,87,280.62
4463.8,1,55,0,34,7.14
4463.8,2,15,0,59,22.15
4465.9,0,23995,97,87,272.34
4465.9,1,55,0,34,6.74
4465.9,2,15,0,58,20.58
4467.9,0,41681,96,87,281.70
4467.9,1,55,0,34,6.92
4467.9,2,15,0,58,20.61
4470.0,0,41281,100,87,283.58
4470.0,1,55,0,34,11.76
4470.0,2,15,0,59,30.19
4472.1,0,41283,97,87,283.85
4472.1,1,55,0,34,7.20
4472.1,2,15,0,58,20.54
4474.2,0,41157,100,87,282.99
4474.2,1,55,0,34,6.61
4474.2,2,15,0,58,20.48
4476.3,0,41191,100,87,283.20
4476.3,1,55,0,34,7.88
4476.3,2,15,0,59,23.10
4478.4,0,41223,100,87,282.85
4478.4,1,55,0,34,7.34
4478.4,2,15,0,59,22.28
4480.5,0,41285,100,87,281.54
4480.5,1,55,0,34,6.81
4480.5,2,15,0,58,20.61
4482.6,0,41319,97,88,282.37
4482.6,1,55,0,34,6.93
4482.6,2,15,0,58,20.58
4484.7,0,41319,100,87,280.19
4484.7,1,55,0,34,11.19
4484.7,2,15,0,59,29.99
4486.8,0,41223,100,87,280.53
4486.8,1,55,0,34,6.78
4486.8,2,15,0,58,20.87
4488.9,0,41255,100,87,279.93
4488.9,1,55,0,34,6.61
4488.9,2,15,0,58,20.46
4491.0,0,41255,100,88,279.08
4491.0,1,55,0,34,11.20
4491.0,2,15,0,59,23.75
4493.1,0,41191,100,88,282.20
4493.1,1,55,0,34,7.30
4493.1,2,15,0,58,20.55
4495.2,0,41191,100,87,282.71
4495.2,1,55,0,34,6.76
4495.2,2,15,0,58,20.42
4497.2,0,41065,100,87,279.50
4497.2,1,55,0,34,6.89
4497.2,2,15,0,58,20.41
4499.3,0,40841,100,87,282.08
4499.3,1,55,0,34,11.92
4499.3,2,15,0,59,30.16
4501.4,0,40681,98,88,281.28
4501.4,1,55,0,34,6.97
4501.4,2,15,0,58,21.03
4503.5,0,40681,98,87,280.87
4503.5,1,55,0,34,6.74
4503.5,2,15,0,58,20.62
4505.6,0,40681,100,88,280.15
4505.6,1,55,0,34,10.47
4505.6,2,15,0,59,29.64
4507.7,0,40681,98,87,277.43
4507.7,1,55,0,34,6.84
4507.7,2,15,0,58,20.77
4509.8,0,43753,98,87,275.20
4509.8,1,55,0,34,6.85
4509.8,2,15,0,58,20.52
4511.8,0,43625,62,87,259.18
4511.8,1,55,0,34,6.86
4511.8,2,15,1,58,20.85
4513.9,0,41481,100,87,277.97
4513.9,1,55,0,34,11.64
4513.9,2,15,0,59,21.80
4516.0,0,41225,100,88,282.62
4516.0,1,55,0,34,6.91
4516.0,2,15,0,58,20.42
4518.1,0,41219,100,87,278.96
4518.1,1,55,0,34,6.95
4518.1,2,15,0,58,20.48
4520.2,0,41223,100,88,280.43
4520.2,1,55,0,34,11.31
4520.2,2,15,0,59,29.97
4522.3,0,41223,100,87,280.91
4522.3,1,55,0,34,6.84
4522.3,2,15,0,58,20.97
4524.4,0,41287,100,88,279.73
4524.4,1,55,0,34,6.76
4524.4,2,15,0,58,20.39
4526.5,0,41287,100,87,280.93
4526.5,1,55,0,34,8.74
4526.5,2,15,0,59,24.32
4528.6,0,41319,100,88,278.41
4528.6,1,55,0,34,7.45
4528.6,2,15,0,59,21.92
4530.7,0,41319,100,87,281.55
4530.7,1,55,0,34,6.92
4530.7,2,15,0,58,20.38
4532.8,0,41353,100,87,279.11
4532.8,1,55,0,34,6.92
4532.8,2,15,0,58,20.45
4534.8,0,31873,100,88,281.33
4534.8,1,55,0,34,11.09
4534.8,2,15,0,59,29.64
4536.9,0,31735,99,87,278.54
4536.9,1,55,0,34,6.96
4536.9,2,15,0,58,20.77
4539.0,0,31415,96,88,281.94
4539.0,1,55,0,34,6.93
4539.0,2,15,0,58,20.96
4541.1,0,34199,85,87,262.36
4541.1,1,55,0,34,11.60
4541.1,2,15,0,59,25.10
4543.2,0,31639,100,87,266.83
4543.2,1,55,0,34,7.98
4543.2,2,15,0,59,21.59
4545.3,0,31799,97,87,282.51
4545.3,1,55,0,34,6.85
4545.3,2,15,0,58,20.73
4547.4,0,31831,97,87,280.64
4547.4,1,55,0,34,6.74
4547.4,2,15,0,58,20.85
4549.5,0,31223,98,87,280.52
4549.5,1,55,0,34,11.28
4549.5,2,15,0,59,30.09
4551.5,0,34231,100,87,260.45
4551.5,1,55,0,34,7.09
4551.5,2,15,0,58,20.78
4553.6,0,31799,95,87,271.33
4553.6,1,55,0,34,7.38
4553.6,2,15,0,58,20.66
4555.7,0,31895,98,88,286.57
4555.7,1,55,0,34,11.23
4555.7,2,15,0,59,29.44
4557.8,0,31735,97,87,282.88
4557.8,1,55,0,34,7.18
4557.8,2,15,0,59,21.17
4559.9,0,31319,97,87,283.29
4559.9,1,55,0,34,6.97
4559.9,2,15,0,58,20.88
4562.0,0,35607,100,87,240.52
4562.0,1,55,0,34,8.28
4562.0,2,15,0,58,20.77
4564.0,0,31735,90,87,275.38
4564.0,1,55,0,34,7.17
4564.0,2,15,0,59,21.75
4566.1,0,31735,97,87,281.09
4566.1,1,55,0,34,6.99
4566.1,2,15,0,58,20.76
4568.2,0,31351,99,87,285.07
4568.2,1,55,0,34,6.99
4568.2,2,15,0,59,21.00
4570.3,0,34359,97,87,274.17
4570.3,1,55,0,34,11.67
4570.3,2,15,0,59,30.06
4572.4,0,31671,98,87,275.65
4572.4,1,55,0,34,7.11
4572.4,2,15,0,59,21.08
4574.5,0,31865,97,87,284.60
4574.5,1,55,0,34,6.93
4574.5,2,15,0,58,20.85
4576.6,0,31417,96,87,285.86
4576.6,1,55,0,34,8.63
4576.6,2,15,0,59,23.68
4578.7,0,34233,67,86,257.73
4578.7,1,55,0,34,7.58
4578.7,2,15,0,59,22.21
4580.7,0,31705,93,88,277.83
4580.7,1,55,0,34,6.82
4580.7,2,15,0,59,20.54
4582.8,0,31769,93,87,281.50
4582.8,1,55,0,34,7.03
4582.8,2,15,0,58,20.77
4584.9,0,31577,97,87,283.83
4584.9,1,55,0,34,11.19
4584.9,2,15,0,59,29.36
4587.0,0,32377,95,85,270.98
4587.0,1,55,0,34,7.01
4587.0,2,15,0,58,20.89
4589.1,0,33465,99,87,256.32
4589.1,1,55,0,34,6.99
4589.1,2,15,0,59,20.53
4591.2,0,31801,98,87,284.70
4591.2,1,55,0,34,8.92
4591.2,2,15,0,59,24.44
4593.3,0,12963,100,87,285.73
4593.3,1,55,0,34,7.82
4593.3,2,15,0,59,22.58
4595.4,0,15737,71,86,261.08
4595.4,1,55,0,34,6.70
4595.4,2,15,0,59,20.75
4597.5,0,13081,100,87,257.51
4597.5,1,55,0,34,7.11
4597.5,2,15,0,58,20.80
4599.5,0,13273,99,87,295.09
4599.5,1,55,0,34,7.20
4599.5,2,15,0,59,22.31
4601.6,0,12953,99,87,290.55
4601.6,1,55,0,34,6.76
4601.6,2,15,0,59,20.82
4603.7,0,12601,100,87,292.68
4603.7,1,55,0,34,7.10
4603.7,2,15,0,58,20.92
4605.8,0,13081,100,87,264.39
4605.8,1,55,0,34,11.65
4605.8,2,15,0,59,24.73
4607.9,0,13275,99,87,293.98
4607.9,1,55,0,34,7.45
4607.9,2,15,0,59,22.14
4610.0,0,12987,97,87,290.26
4610.0,1,55,0,34,6.56
4610.0,2,15,0,59,20.82
4612.1,0,15675,99,86,275.92
4612.1,1,55,0,34,7.01
4612.1,2,15,0,59,21.87
4614.1,0,13083,100,87,273.10
4614.1,1,55,0,34,6.99
4614.1,2,15,0,59,21.78
4616.2,0,13307,98,87,292.14
4616.2,1,55,0,34,6.30
4616.2,2,15,0,59,20.94
4618.3,0,13275,95,88,290.13
4618.3,1,55,0,34,6.53
4618.3,2,15,0,59,21.18
4620.4,0,15707,100,87,275.39
4620.4,1,55,0,34,10.59
4620.4,2,15,0,59,30.12
4622.4,0,13115,99,87,280.57
4622.4,1,55,0,34,6.51
4622.4,2,15,0,59,21.15
4624.5,0,13275,99,87,291.07
4624.5,1,55,0,34,6.26
4624.5,2,15,0,59,20.95
4626.6,0,12827,99,87,289.03
4626.6,1,55,0,34,7.48
4626.6,2,15,0,59,22.85
4628.7,0,15707,100,87,270.92
4628.7,1,55,0,34,7.53
4628.7,2,15,0,59,22.13
4630.8,0,13147,100,87,265.01
4630.8,1,55,0,34,6.93
4630.8,2,15,0,59,20.63
4632.9,0,13243,99,87,291.11
4632.9,1,55,0,34,6.95
4632.9,2,15,0,59,21.03
4635.0,0,13467,99,87,290.19
4635.0,1,55,0,34,11.52
4635.0,2,15,0,59,29.89
4637.0,0,17019,100,87,269.13
4637.0,1,55,0,34,6.96
4637.0,2,15,0,59,20.92
4639.1,0,13211,99,87,290.72
4639.1,1,55,0,34,6.65
4639.1,2,15,0,59,20.55
4641.2,0,13275,98,88,290.83
4641.2,1,55,0,34,8.42
4641.2,2,15,1,59,23.97
4643.3,0,12731,99,87,291.11
4643.3,1,55,0,34,7.38
4643.3,2,15,0,59,22.30
4645.4,0,15675,100,87,265.28
4645.4,1,55,0,34,6.61
4645.4,2,15,0,59,20.59
4647.5,0,13307,99,87,294.05
4647.5,1,55,0,34,6.88
4647.5,2,15,0,59,20.58
4649.6,0,13243,99,87,292.45
4649.6,1,55,0,34,11.45
4649.6,2,15,0,59,29.21
4651.7,0,12699,99,87,291.29
4651.7,1,55,0,34,6.89
4651.7,2,15,0,59,20.94
4653.8,0,12923,100,87,274.39
4653.8,1,55,0,34,6.73
4653.8,2,15,0,59,20.57
4655.8,0,13051,99,87,292.36
4655.8,1,55,0,34,8.82
4655.8,2,15,0,59,24.54
4657.9,0,12699,99,87,292.06
4657.9,1,55,0,34,7.20
4657.9,2,15,0,59,21.99
4660.0,0,31119,100,87,286.95
4660.0,1,55,0,34,6.60
4660.0,2,15,0,59,20.50
4662.1,0,40409,100,87,284.00
4662.1,1,55,1,34,6.95
4662.1,2,15,0,59,20.52
4664.2,0,40409,100,87,285.26
4664.2,1,55,0,34,6.95
4664.2,2,15,0,59,22.22
4666.3,0,40409,100,87,284.20
4666.3,1,55,0,34,6.86
4666.3,2,15,0,59,20.26
4668.4,0,40409,100,87,284.92
4668.4,1,55,0,34,6.96
4668.4,2,15,0,59,20.41
4670.5,0,40409,100,87,281.63
4670.5,1,55,0,34,11.10
4670.5,2,15,0,59,29.14
4672.6,0,40409,100,87,287.01
4672.6,1,55,0,34,6.92
4672.6,2,15,0,59,20.74
4674.7,0,40409,100,87,285.00
4674.7,1,55,0,34,6.97
4674.7,2,15,0,59,20.34
4676.8,0,40409,100,87,284.76
4676.8,1,55,0,34,8.20
4676.8,2,15,0,59,21.80
4678.9,0,40409,100,87,285.45
4678.9,1,55,0,34,7.39
4678.9,2,15,0,59,21.74
4681.0,0,40409,100,87,286.30
4681.0,1,55,0,34,6.83
4681.0,2,15,0,59,20.40
4683.1,0,40409,100,87,286.20
4683.1,1,55,0,34,7.05
4683.1,2,15,0,59,20.43
4685.2,0,40409,99,87,284.74
4685.2,1,55,0,34,11.79
4685.2,2,15,0,59,29.95
4687.3,0,40409,100,87,283.70
4687.3,1,55,0,34,6.92
4687.3,2,15,0,59,20.37
4689.4,0,40409,100,87,285.93
4689.4,1,55,0,34,6.81
4689.4,2,15,0,59,20.22
4691.5,0,40409,98,87,283.47
4691.5,1,55,0,34,8.61
4691.5,2,15,0,59,22.78
4693.6,0,40409,100,87,284.66
4693.6,1,55,0,34,7.57
4693.6,2,15,0,59,22.01
4695.6,0,40409,100,87,285.69
4695.6,1,55,0,34,7.09
4695.6,2,15,0,59,20.19
4697.7,0,40409,100,87,287.01
4697.7,1,55,0,34,6.95
4697.7,2,15,0,59,20.40
4699.8,0,40409,100,87,287.04
4699.8,1,55,0,34,11.13
4699.8,2,15,0,59,29.45
4701.9,0,40409,100,87,284.27
4701.9,1,55,0,34,6.91
4701.9,2,15,0,59,20.50
4703.9,0,40409,100,87,285.74
4703.9,1,55,0,34,6.56
4703.9,2,15,0,59,20.36
4706.0,0,40409,100,87,287.24
4706.0,1,55,1,34,8.77
4706.0,2,15,0,59,23.54
4708.1,0,40409,100,87,286.07
4708.1,1,55,0,34,7.09
4708.1,2,15,0,59,20.56
4710.2,0,40409,100,87,287.68
4710.2,1,55,0,34,6.95
4710.2,2,15,0,59,20.37
4712.3,0,40409,100,87,287.61
4712.3,1,55,0,34,6.97
4712.3,2,15,0,59,20.32
4714.4,0,40409,100,87,283.29
4714.4,1,55,0,34,11.96
4714.4,2,15,0,59,29.99
4716.5,0,40409,99,87,285.57
4716.5,1,55,0,34,7.20
4716.5,2,15,0,59,20.87
4718.6,0,40409,100,87,285.88
4718.6,1,55,0,34,7.00
4718.6,2,15,0,59,20.47
4720.7,0,40409,100,87,286.16
4720.7,1,55,0,34,11.76
4720.7,2,15,0,59,29.38
4722.8,0,40409,100,87,283.98
4722.8,1,55,0,34,6.91
4722.8,2,15,0,59,20.62
4724.9,0,40409,99,87,285.74
4724.9,1,55,0,34,6.54
4724.9,2,15,0,59,20.28
4727.0,0,40409,100,87,286.09
4727.0,1,55,0,34,7.08
4727.0,2,15,1,59,20.44
4729.1,0,40409,100,87,283.95
4729.1,1,55,0,34,7.25
4729.1,2,15,0,59,21.80
4731.1,0,40407,100,87,286.59
4731.1,1,55,0,34,6.69
4731.1,2,15,0,59,20.31
4733.2,0,40407,100,87,285.25
4733.2,1,55,0,34,7.18
4733.2,2,15,0,59,20.38
4735.3,0,40407,100,87,283.68
4735.3,1,55,0,34,11.68
4735.3,2,15,0,59,30.01
4737.4,0,40407,100,87,287.32
4737.4,1,55,0,34,7.18
4737.4,2,15,0,59,20.31
4739.5,0,40407,100,87,287.65
4739.5,1,55,0,34,6.82
4739.5,2,15,0,59,20.32
4741.6,0,40407,100,87,283.98
4741.6,1,55,0,34,8.85
4741.6,2,15,0,59,24.44
4743.7,0,40407,100,87,285.31
4743.7,1,55,0,34,7.32
4743.7,2,15,0,59,22.16
4745.8,0,40407,100,87,284.39
4745.8,1,55,0,34,6.92
4745.8,2,15,0,59,20.34
4747.9,0,40407,100,87,286.47
4747.9,1,55,0,34,7.16
4747.9,2,15,0,59,20.47
4750.0,0,40407,100,87,285.05
4750.0,1,55,0,34,11.75
4750.0,2,15,0,59,29.67
4752.1,0,40405,100,87,281.72
4752.1,1,55,0,34,7.10
4752.1,2,15,0,59,20.40
4754.1,0,40407,100,87,286.83
4754.1,1,55,0,34,7.12
4754.1,2,15,0,59,20.44
4756.2,0,40407,100,87,283.95
4756.2,1,55,0,34,9.06
4756.2,2,15,0,59,25.00
4758.3,0,40407,100,87,286.70
4758.3,1,55,0,34,7.24
4758.3,2,15,0,59,21.59
4760.4,0,40407,100,87,286.88
4760.4,1,55,0,34,6.66
4760.4,2,15,0,59,20.35
4762.5,0,40407,100,87,283.56
4762.5,1,55,0,34,6.89
4762.5,2,15,0,59,20.51
4764.6,0,40407,100,87,284.90
4764.6,1,55,0,34,7.22
4764.6,2,15,0,59,22.43
4766.7,0,40407,100,87,285.46
4766.7,1,55,0,34,6.74
4766.7,2,15,0,59,20.46
4768.8,0,40407,100,87,285.34
4768.8,1,55,0,34,6.89
4768.8,2,15,0,59,20.71
4770.9,0,40407,100,87,286.15
4770.9,1,55,0,34,11.29
4770.9,2,15,0,59,29.90
4773.0,0,40407,100,87,286.11
4773.0,1,55,0,34,7.04
4773.0,2,15,0,59,20.83
4775.0,0,40407,100,87,289.80
4775.0,1,55,0,34,6.66
4775.0,2,15,0,59,20.40
4777.1,0,40407,99,87,286.36
4777.1,1,55,0,34,8.23
4777.1,2,15,0,59,22.81
4779.2,0,40407,100,87,285.87
4779.2,1,55,0,34,7.20
4779.2,2,15,0,59,21.68
4781.3,0,40407,100,87,284.95
4781.3,1,55,0,34,6.87
4781.3,2,15,0,59,20.32
4783.4,0,40407,100,87,284.23
4783.4,1,55,0,34,6.87
4783.4,2,15,0,59,20.50
4785.5,0,40407,100,87,286.92
4785.5,1,55,0,34,11.39
4785.5,2,15,0,59,30.12
4787.5,0,40407,100,87,284.57
4787.5,1,55,0,34,7.01
4787.5,2,15,0,59,21.01
4789.6,0,40407,100,87,288.49
4789.6,1,55,0,34,6.84
4789.6,2,15,0,59,20.46
4791.7,0,40407,100,87,286.85
4791.7,1,55,0,34,8.62
4791.7,2,15,0,59,23.54
4793.8,0,40407,100,87,288.13
4793.8,1,55,0,34,7.34
4793.8,2,15,0,59,22.16
4795.9,0,40407,100,87,287.81
4795.9,1,55,0,34,6.91
4795.9,2,15,0,59,20.57
4798.0,0,40407,100,87,286.21
4798.0,1,55,0,34,7.21
4798.0,2,15,0,59,20.53
4800.1,0,40407,100,87,290.47
4800.1,1,55,0,34,11.90
4800.1,2,15,0,59,29.97
4802.2,0,40407,100,87,284.54
4802.2,1,55,0,34,7.07
4802.2,2,15,0,59,20.71
4804.3,0,40407,100,87,284.87
4804.3,1,55,0,34,6.83
4804.3,2,15,0,59,20.44
4806.4,0,40407,100,87,289.07
4806.4,1,55,0,34,8.88
4806.4,2,15,0,59,24.71
4808.5,0,40407,100,87,283.47
4808.5,1,55,0,34,7.75
4808.5,2,15,0,59,21.40
4810.6,0,40407,100,87,285.39
4810.6,1,55,0,34,6.98
4810.6,2,15,0,59,20.42
4812.6,0,40407,100,87,285.79
4812.6,1,55,0,34,7.38
4812.6,2,15,0,59,20.89
4814.7,0,40407,100,87,284.99
4814.7,1,55,0,34,7.49
4814.7,2,15,0,59,22.29
4816.8,0,40407,100,87,285.02
4816.8,1,55,0,34,6.92
4816.8,2,15,0,59,20.51
4818.9,0,40407,86,87,286.74
4818.9,1,55,0,34,6.96
4818.9,2,15,0,59,20.57
4821.0,0,40407,100,87,290.02
4821.0,1,55,0,34,11.19
4821.0,2,15,0,59,29.47
4823.1,0,40407,100,87,285.34
4823.1,1,55,0,34,6.91
4823.1,2,15,0,59,20.67
4825.2,0,40405,100,87,283.80
4825.2,1,55,0,34,6.83
4825.2,2,15,0,59,20.44
4827.3,0,40407,100,87,288.84
4827.3,1,55,0,34,7.49
4827.3,2,15,0,59,22.18
4829.4,0,40407,100,87,286.88
4829.4,1,55,0,34,6.66
4829.4,2,15,0,59,21.58
4831.5,0,40407,100,87,283.83
4831.5,1,55,0,34,6.55
4831.5,2,15,0,59,20.36
4833.6,0,40407,100,87,285.12
4833.6,1,55,0,34,6.66
4833.6,2,15,0,59,20.54
4835.7,0,40407,100,87,285.72
4835.7,1,55,0,34,11.34
4835.7,2,15,0,59,30.33
4837.8,0,40407,100,87,284.35
4837.8,1,55,0,34,6.91
4837.8,2,15,0,59,20.91
4839.8,0,44055,99,87,285.55
4839.8,1,55,0,34,6.54
4839.8,2,15,0,59,20.49
4841.9,0,43607,100,87,276.51
4841.9,1,55,0,34,8.06
4841.9,2,15,0,59,22.99
4844.0,0,43607,100,87,284.89
4844.0,1,55,0,34,7.39
4844.0,2,15,0,59,21.90
4846.1,0,40983,100,87,282.02
4846.1,1,55,0,34,6.55
4846.1,2,15,0,59,20.46
4848.2,0,41015,100,87,287.99
4848.2,1,55,0,34,6.80
4848.2,2,15,0,59,20.53
4850.3,0,41015,100,87,285.63
4850.3,1,55,0,34,11.63
4850.3,2,15,0,59,29.82
4852.4,0,41015,100,87,286.70
4852.4,1,55,0,34,6.72
4852.4,2,15,0,59,20.59
4854.5,0,41079,100,87,283.65
4854.5,1,55,0,34,6.57
4854.5,2,15,0,59,20.46
4856.6,0,41143,100,87,283.67
4856.6,1,55,0,34,8.41
4856.6,2,15,0,59,30.34
4858.6,0,41141,100,87,286.23
4858.6,1,55,0,34,6.76
4858.6,2,15,0,59,21.10
4860.7,0,41143,100,87,284.87
4860.7,1,55,0,34,6.68
4860.7,2,15,0,59,20.39
4862.8,0,41141,100,87,285.70
4862.8,1,55,0,34,6.57
4862.8,2,15,0,59,20.49
4864.9,0,41175,100,87,286.72
4864.9,1,55,0,34,11.62
4864.9,2,15,0,59,29.59
4867.0,0,41141,94,87,285.42
4867.0,1,55,0,34,6.93
4867.0,2,15,0,59,20.95
4869.1,0,41173,100,87,288.24
4869.1,1,55,0,34,6.86
4869.1,2,15,0,59,20.60
4871.2,0,31735,100,87,246.31
4871.2,1,55,0,34,11.42
4871.2,2,15,0,59,29.86
4873.3,0,40897,100,87,289.43
4873.3,1,55,0,34,6.98
4873.3,2,15,0,59,20.77
4875.4,0,40929,100,87,288.84
4875.4,1,55,0,34,7.03
4875.4,2,15,0,59,20.52
4877.5,0,40705,100,87,287.60
4877.5,1,55,0,34,7.26
4877.5,2,15,0,59,20.77
4879.6,0,40705,100,87,287.81
4879.6,1,55,0,34,7.70
4879.6,2,15,0,59,21.58
4881.7,0,40545,96,87,283.10
4881.7,1,55,0,34,6.97
4881.7,2,15,0,59,20.53
4883.8,0,40577,100,87,284.31
4883.8,1,55,0,34,7.07
4883.8,2,15,0,59,20.63
4885.9,0,40449,98,87,286.69
4885.9,1,55,0,34,11.41
4885.9,2,15,0,59,30.50
4888.0,0,43553,100,86,277.95
4888.0,1,55,0,34,7.15
4888.0,2,15,0,59,21.11
4890.1,0,40929,100,87,268.86
4890.1,1,55,0,34,7.00
4890.1,2,15,0,59,20.64
4892.2,0,40449,100,87,278.79
4892.2,1,55,0,34,9.01
4892.2,2,15,0,59,24.58
4894.2,0,40449,0,82,139.52
4894.2,1,55,0,34,7.34
4894.2,2,15,0,59,21.73
4896.3,0,40449,0,80,108.60
4896.3,1,55,0,34,6.94
4896.3,2,15,0,59,20.26
4898.4,0,40449,0,79,103.32
4898.4,1,55,0,34,6.99
4898.4,2,15,0,59,20.46
4900.5,0,43521,100,84,278.18
4900.5,1,55,0,34,11.54
4900.5,2,15,0,59,29.99
4902.6,0,43553,84,81,276.12
4902.6,1,55,0,34,7.06
4902.6,2,15,0,59,20.76
4904.7,0,42721,100,84,272.04
4904.7,1,55,0,34,7.04
4904.7,2,15,0,59,20.75
4906.7,0,40929,99,84,283.07
4906.7,1,55,0,34,11.84
4906.7,2,15,0,59,25.27
4908.8,0,40961,100,85,291.43
4908.8,1,55,0,34,6.83
4908.8,2,15,0,59,22.48
4910.9,0,40993,100,84,286.92
4910.9,1,55,0,34,6.62
4910.9,2,15,0,59,20.56
4913.0,0,41023,90,85,289.00
4913.0,1,55,0,34,6.73
4913.0,2,15,0,59,20.73
4915.1,0,41025,100,85,286.49
4915.1,1,55,0,34,11.72
4915.1,2,15,0,59,22.16
4917.2,0,41089,100,85,287.11
4917.2,1,55,0,34,6.78
4917.2,2,15,0,59,20.50
4919.3,0,41089,100,85,287.61
4919.3,1,55,0,34,6.84
4919.3,2,15,0,59,20.73
4921.4,0,41185,90,85,283.57
4921.4,1,55,0,34,11.59
4921.4,2,15,0,59,30.08
4923.5,0,41057,100,85,285.39
4923.5,1,55,0,34,6.58
4923.5,2,15,0,59,20.83
4925.6,0,40993,98,85,287.68
4925.6,1,55,0,34,6.49
4925.6,2,15,0,59,20.57
4927.7,0,40897,98,85,290.94
4927.7,1,55,0,34,8.37
4927.7,2,15,0,59,22.82
4929.8,0,40609,100,86,287.57
4929.8,1,55,0,34,7.33
4929.8,2,15,0,59,22.49
4931.9,0,40545,100,86,288.36
4931.9,1,55,0,34,6.40
4931.9,2,15,0,59,20.60
4934.0,0,40543,100,86,286.86
4934.0,1,55,0,34,6.70
4934.0,2,15,0,59,20.66
4936.1,0,43519,99,86,274.99
4936.1,1,55,0,34,11.08
4936.1,2,15,0,59,29.65
4938.2,0,40929,99,86,289.04
4938.2,1,55,0,34,6.58
4938.2,2,15,0,59,21.06
4940.2,0,41121,100,86,285.65
4940.2,1,55,0,34,6.37
4940.2,2,15,0,59,20.36
4942.3,0,43521,96,86,278.98
4942.3,1,55,0,34,8.77
4942.3,2,15,1,59,23.67
4944.4,0,40961,97,87,281.80
4944.4,1,55,0,34,7.17
4944.4,2,15,0,59,21.87
4946.5,0,41057,100,86,286.93
4946.5,1,55,0,34,6.72
4946.5,2,15,0,59,20.35
4948.6,0,40675,87,86,281.58
4948.6,1,55,0,34,6.92
4948.6,2,15,0,59,20.49
4950.7,0,40675,100,86,279.66
4950.7,1,55,0,34,6.88
4950.7,2,15,0,59,30.28
4952.8,0,40931,99,87,284.57
4952.8,1,55,0,34,6.57
4952.8,2,15,0,59,20.62
4954.9,0,41123,100,86,269.72
4954.9,1,55,0,34,6.67
4954.9,2,15,0,59,20.62
4957.0,0,43747,92,86,272.36
4957.0,1,55,0,34,8.88
4957.0,2,15,0,59,24.53
4959.0,0,41027,100,87,287.05
4959.0,1,55,0,34,7.44
4959.0,2,15,0,59,22.41
4961.1,0,44067,100,87,278.53
4961.1,1,55,0,34,6.64
4961.1,2,15,0,59,20.74
4963.2,0,41251,96,86,280.26
4963.2,1,55,0,34,6.79
4963.2,2,15,0,59,21.04
4965.3,0,44131,100,87,280.11
4965.3,1,55,0,34,6.99
4965.3,2,15,0,59,22.09
4967.4,0,41027,98,86,286.99
4967.4,1,55,0,34,6.69
4967.4,2,15,0,59,20.50
4969.5,0,44099,99,87,274.18
4969.5,1,55,0,34,6.87
4969.5,2,15,0,59,20.64
4971.5,0,12545,94,85,237.64
4971.5,1,55,0,34,11.81
4971.5,2,15,0,59,24.98
4973.6,0,15779,100,86,265.98
4973.6,1,55,0,34,7.12
4973.6,2,15,0,59,20.88
4975.7,0,13569,36,84,203.11
4975.7,1,55,0,34,6.68
4975.7,2,15,0,59,20.78
4977.8,0,16227,100,86,257.71
4977.8,1,55,0,34,7.62
4977.8,2,15,0,59,22.81
4979.9,0,16259,100,86,256.13
4979.9,1,55,0,34,7.19
4979.9,2,15,0,59,22.54
4982.0,0,13283,100,86,292.72
4982.0,1,55,0,34,6.63
4982.0,2,15,0,59,20.73
4984.1,0,13347,98,87,293.93
4984.1,1,55,0,34,6.88
4984.1,2,15,0,59,21.11
4986.1,0,12867,97,87,293.27
4986.1,1,55,0,34,11.35
4986.1,2,15,0,59,29.41
4988.2,0,13379,97,87,293.71
4988.2,1,55,0,34,6.24
4988.2,2,15,0,59,21.27
4990.3,0,13411,97,87,295.19
4990.3,1,55,0,34,6.67
4990.3,2,15,0,59,20.93
4992.4,0,12643,99,87,284.84
4992.4,1,55,0,34,8.26
4992.4,2,15,0,59,23.52
4994.5,0,15779,100,84,260.36
4994.5,1,55,0,34,7.33
4994.5,2,15,0,59,21.66
4996.6,0,13285,100,87,277.54
4996.6,1,55,0,34,6.47
4996.6,2,15,0,59,20.45
4998.7,0,13035,99,87,297.09
4998.7,1,55,0,34,6.88
4998.7,2,15,0,59,20.86
5000.7,0,12545,99,87,294.21
5000.7,1,55,0,34,11.73
5000.7,2,15,0,59,29.86
5002.8,0,13057,99,87,297.07
5002.8,1,55,0,34,7.00
5002.8,2,15,0,59,21.29
5004.9,0,12769,96,87,293.94
5004.9,1,55,0,34,6.97
5004.9,2,15,0,59,20.72
5007.0,0,15873,100,87,274.09
5007.0,1,55,0,34,8.84
5007.0,2,15,0,59,24.02
5009.1,0,13025,100,87,266.24
5009.1,1,55,0,34,7.59
5009.1,2,15,0,59,21.00
5011.2,0,13057,96,87,293.27
5011.2,1,55,0,34,6.68
5011.2,2,15,0,59,20.84
5013.3,0,12961,89,87,288.01
5013.3,1,55,0,34,6.67
5013.3,2,15,0,59,20.93
5015.4,0,12513,96,87,291.20
5015.4,1,55,0,34,7.33
5015.4,2,15,0,59,29.50
5017.5,0,12993,89,87,286.10
5017.5,1,55,0,34,6.80
5017.5,2,15,0,59,21.11
5019.5,0,12897,99,87,286.86
5019.5,1,55,0,34,6.88
5019.5,2,15,0,59,20.88
5021.6,0,15937,100,87,266.53
5021.6,1,55,0,34,9.10
5021.6,2,15,0,59,30.13
5023.7,0,15457,89,85,271.91
5023.7,1,55,0,34,7.27
5023.7,2,15,0,59,20.75
5025.8,0,13057,97,87,279.49
5025.8,1,55,0,34,6.52
5025.8,2,15,0,59,20.72
5027.9,0,13089,99,87,293.87
5027.9,1,55,0,34,7.27
5027.9,2,15,1,59,21.01
5029.9,0,12609,99,87,292.45
5029.9,1,55,0,34,6.84
5029.9,2,15,0,59,22.51
5032.0,0,13121,99,87,292.50
5032.0,1,55,0,34,6.24
5032.0,2,15,0,59,20.78
5034.1,0,12577,99,88,291.35
5034.1,1,55,0,34,6.37
5034.1,2,15,0,59,20.92
5036.2,0,15937,100,87,259.28
5036.2,1,55,0,34,10.72
5036.2,2,15,0,59,29.83
5038.2,0,16097,89,87,270.24
5038.2,1,55,0,34,6.19
5038.2,2,15,0,59,21.01
5040.3,0,13089,100,87,263.48
5040.3,1,55,0,34,6.11
5040.3,2,15,0,59,20.70
5042.4,0,13217,95,87,291.53
5042.4,1,55,0,34,7.67
5042.4,2,15,0,59,22.50
5044.5,0,12673,99,87,293.37
5044.5,1,55,0,34,6.80
5044.5,2,15,0,59,22.08
5046.5,0,13185,99,87,292.95
5046.5,1,55,0,34,6.17
5046.5,2,15,0,59,20.94
5048.6,0,12865,100,87,292.02
5048.6,1,55,0,34,6.75
5048.6,2,15,0,59,21.14
5050.7,0,13089,99,87,288.82
5050.7,1,55,0,34,11.59
5050.7,2,15,0,59,30.21
5052.8,0,12769,98,87,288.21
5052.8,1,55,0,34,7.04
5052.8,2,15,0,59,21.48
5054.9,0,16033,100,87,264.79
5054.9,1,55,0,34,6.87
5054.9,2,15,0,59,20.98
5057.0,0,12545,100,87,271.81
5057.0,1,55,0,34,8.61
5057.0,2,15,0,59,23.46
5059.1,0,13121,100,87,259.74
5059.1,1,55,0,34,7.40
5059.1,2,15,0,59,22.30
5061.2,0,13249,99,87,291.56
5061.2,1,55,0,34,6.85
5061.2,2,15,0,59,20.84
5063.3,0,12769,100,88,292.16
5063.3,1,55,0,34,6.84
5063.3,2,15,0,59,21.07
5065.3,0,13219,99,88,290.57
5065.3,1,55,0,34,11.85
5065.3,2,15,0,59,29.95
5067.4,0,13091,99,88,290.96
5067.4,1,55,0,34,6.85
5067.4,2,15,0,59,21.22
5069.5,0,13187,99,88,292.35
5069.5,1,55,0,34,7.11
5069.5,2,15,0,59,21.08
5071.6,0,13219,95,87,290.04
5071.6,1,55,0,34,8.88
5071.6,2,15,0,59,24.20
5073.7,0,15971,75,87,283.19
5073.7,1,55,0,34,7.87
5073.7,2,15,0,59,20.88
5075.8,0,15971,100,87,263.19
5075.8,1,55,0,34,6.79
5075.8,2,15,0,59,20.63
5077.8,0,15651,100,87,268.37
5077.8,1,55,0,34,6.98
5077.8,2,15,0,59,20.67
5079.9,0,13059,100,87,270.06
5079.9,1,55,0,34,7.44
5079.9,2,15,0,59,30.32
5082.0,0,12835,99,87,290.52
5082.0,1,55,0,34,6.94
5082.0,2,15,0,59,21.33
5084.1,0,13123,99,87,292.02
5084.1,1,55,0,34,7.11
5084.1,2,15,0,59,20.96
5086.2,0,13251,99,87,289.40
5086.2,1,55,0,34,9.02
5086.2,2,15,0,59,29.65
5088.3,0,13155,99,87,290.85
5088.3,1,55,0,34,6.85
5088.3,2,15,0,59,21.16
5090.4,0,13123,89,87,281.97
5090.4,1,55,0,34,6.64
5090.4,2,15,0,59,21.15
5092.5,0,16035,91,87,284.21
5092.5,1,55,0,34,7.33
5092.5,2,15,0,59,21.37
5094.6,0,15459,100,87,256.49
5094.6,1,55,0,34,6.84
5094.6,2,15,0,59,21.70
5096.7,0,16995,100,87,265.11
5096.7,1,55,0,34,6.53
5096.7,2,15,0,59,20.73
5098.8,0,13123,97,87,269.21
5098.8,1,55,0,34,6.74
5098.8,2,15,0,59,20.90
5100.8,0,13155,79,87,285.19
5100.8,1,55,0,34,11.74
5100.8,2,15,0,59,30.26
5102.9,0,12835,96,87,284.70
5102.9,1,55,0,34,6.72
5102.9,2,15,0,59,21.55
5105.0,0,13123,93,87,283.89
5105.0,1,55,0,34,5.99
5105.0,2,15,0,59,21.14
5107.1,0,13251,91,87,288.13
5107.1,1,55,0,34,7.30
5107.1,2,15,0,59,24.83
5109.2,0,13155,99,87,292.34
5109.2,1,55,0,34,7.30
5109.2,2,15,0,59,22.49
5111.3,0,13219,100,87,292.90
5111.3,1,55,0,34,6.71
5111.3,2,15,0,59,21.00
5113.4,0,12771,99,87,291.00
5113.4,1,55,0,34,6.78
5113.4,2,15,0,59,21.10
5115.5,0,16035,99,87,272.46
5115.5,1,55,0,34,11.48
5115.5,2,15,0,59,30.07
5117.6,0,14083,100,87,275.21
5117.6,1,55,0,34,6.74
5117.6,2,15,0,59,21.00
5119.7,0,15651,100,87,258.81
5119.7,1,55,0,34,6.74
5119.7,2,15,0,59,20.94
5121.7,0,13187,100,87,282.38
5121.7,1,55,0,34,8.62
5121.7,2,15,0,59,25.50
5123.8,0,13347,99,87,294.50
5123.8,1,55,0,34,6.99
5123.8,2,15,0,59,23.02
5125.9,0,13059,99,87,292.43
5125.9,1,55,0,34,6.72
5125.9,2,15,0,59,21.12
5128.0,0,13251,97,87,292.26
5128.0,1,55,0,34,6.61
5128.0,2,15,0,59,21.16
5130.1,0,13315,99,87,292.59
5130.1,1,55,0,34,11.13
5130.1,2,15,0,59,29.67
5132.2,0,13155,99,87,291.71
5132.2,1,55,0,34,6.65
5132.2,2,15,0,59,21.23
5134.3,0,13283,99,87,292.06
5134.3,1,55,0,34,6.68
5134.3,2,15,0,59,21.35
5136.3,0,13539,99,87,290.88
5136.3,1,55,0,34,11.87
5136.3,2,15,0,59,29.91
5138.4,0,13283,100,87,292.65
5138.4,1,55,0,34,6.92
5138.4,2,15,0,59,21.34
5140.5,0,12739,99,88,291.37
5140.5,1,55,0,34,6.77
5140.5,2,15,0,59,20.92
5142.6,0,16067,100,87,258.39
5142.6,1,55,0,34,7.09
5142.6,2,15,0,59,20.85
5144.7,0,14723,100,87,271.54
5144.7,1,55,0,34,7.45
5144.7,2,15,0,59,21.71
5146.8,0,15715,100,87,280.29
5146.8,1,55,0,34,6.93
5146.8,2,15,0,59,20.67
5148.8,0,15395,84,87,243.79
5148.8,1,55,0,34,7.01
5148.8,2,15,0,59,20.94
5150.9,0,13283,99,87,267.86
5150.9,1,55,0,34,11.52
5150.9,2,15,0,59,30.39
5153.0,0,13059,99,87,294.94
5153.0,1,55,0,34,6.84
5153.0,2,15,0,59,21.50
5155.1,0,13219,100,87,292.90
5155.1,1,55,0,34,6.66
5155.1,2,15,0,59,20.86
5157.2,0,13283,99,87,294.80
5157.2,1,55,0,34,7.82
5157.2,2,15,0,59,24.14
5159.3,0,13539,99,87,292.87
5159.3,1,55,0,34,6.96
5159.3,2,15,0,59,22.28
5161.3,0,13315,99,87,292.39
5161.3,1,55,0,34,6.77
5161.3,2,15,0,59,20.94
5163.4,0,13219,99,88,291.58
5163.4,1,55,0,34,6.88
5163.4,2,15,0,59,20.95
5165.5,0,13315,100,87,291.90
5165.5,1,55,0,34,11.44
5165.5,2,15,0,59,29.85
5167.6,0,12867,99,87,292.29
5167.6,1,55,0,34,6.81
5167.6,2,15,0,59,20.98
5169.7,0,16035,100,87,266.77
5169.7,1,55,0,34,6.89
5169.7,2,15,0,59,20.99
5171.8,0,15459,94,85,267.95
5171.8,1,55,0,34,11.64
5171.8,2,15,0,59,24.94
5173.9,0,16579,100,86,274.92
5173.9,1,55,0,34,7.57
5173.9,2,15,0,59,22.51
5175.9,0,15779,100,87,276.59
5175.9,1,55,0,34,6.76
5175.9,2,15,0,59,20.70
5178.0,0,13283,99,87,292.91
5178.0,1,55,0,34,6.99
5178.0,2,15,0,59,20.82
5180.1,0,13379,99,87,294.79
5180.1,1,55,0,34,11.51
5180.1,2,15,0,59,29.58
5182.2,0,13219,99,87,293.41
5182.2,1,55,0,34,6.86
5182.2,2,15,0,59,20.88
5184.3,0,13379,99,87,294.72
5184.3,1,55,0,34,6.77
5184.3,2,15,0,59,21.00
5186.4,0,12867,99,87,293.25
5186.4,1,55,0,34,11.40
5186.4,2,15,0,59,29.44
5188.5,0,13315,100,87,292.76
5188.5,1,55,0,34,6.64
5188.5,2,15,0,59,21.90
5190.6,0,13027,99,87,291.02
5190.6,1,55,0,34,6.47
5190.6,2,15,0,59,20.86
5192.6,0,13283,96,87,291.70
5192.6,1,55,0,34,6.76
5192.6,2,15,0,59,22.71
5194.7,0,13283,99,87,291.55
5194.7,1,55,0,34,11.74
5194.7,2,15,0,59,22.77
5196.8,0,16067,69,86,276.25
5196.8,1,55,0,34,6.65
5196.8,2,15,0,59,20.96
5198.9,0,15523,100,87,267.23
5198.9,1,55,0,34,6.97
5198.9,2,15,0,59,20.71
5201.0,0,16099,100,87,272.87
5201.0,1,55,0,34,11.14
5201.0,2,15,0,59,29.48
5203.0,0,16227,100,87,271.92
5203.0,1,55,0,34,6.90
5203.0,2,15,0,59,21.00
5205.1,0,13283,99,87,295.31
5205.1,1,55,0,34,6.84
5205.1,2,15,0,59,20.75
5207.2,0,13187,99,87,294.86
5207.2,1,55,0,34,6.94
5207.2,2,15,0,59,23.51
5209.3,0,13315,99,87,294.26
5209.3,1,55,0,34,7.52
5209.3,2,15,0,59,22.26
5211.4,0,13347,99,87,294.65
5211.4,1,55,0,34,6.86
5211.4,2,15,0,59,20.96
5213.5,0,12803,99,87,292.68
5213.5,1,55,0,34,7.08
5213.5,2,15,0,59,21.22
5215.6,0,13283,99,87,293.11
5215.6,1,55,0,34,11.51
5215.6,2,15,0,59,30.14
5217.6,0,12899,99,87,291.78
5217.6,1,55,0,34,7.03
5217.6,2,15,0,59,21.04
5219.7,0,13219,99,87,291.24
5219.7,1,55,0,34,6.87
5219.7,2,15,0,59,20.96
5221.8,0,13251,99,87,293.42
5221.8,1,55,0,34,9.04
5221.8,2,15,0,59,24.41
5223.9,0,12771,99,87,292.28
5223.9,1,55,0,34,7.68
5223.9,2,15,0,59,22.69
5226.0,0,15945,100,87,275.04
5226.0,1,55,0,34,7.10
5226.0,2,15,0,59,20.74
5228.1,0,13451,100,87,277.42
5228.1,1,55,0,34,7.15
5228.1,2,15,0,59,20.71
5230.2,0,16203,100,87,279.14
5230.2,1,55,0,34,11.60
5230.2,2,15,0,59,29.96
5232.3,0,13227,99,87,288.71
5232.3,1,55,0,34,7.15
5232.3,2,15,0,59,21.16
5234.3,0,13067,95,87,293.85
5234.3,1,55,0,34,7.05
5234.3,2,15,0,59,21.15
5236.4,0,13227,99,87,292.87
5236.4,1,55,0,34,9.19
5236.4,2,15,0,59,24.91
5238.5,0,13323,99,87,294.34
5238.5,1,55,0,34,7.55
5238.5,2,15,0,60,22.18
5240.6,0,12715,99,87,291.78
5240.6,1,55,0,34,6.95
5240.6,2,15,0,59,20.85
5242.7,0,13259,99,87,293.02
5242.7,1,55,0,34,7.22
5242.7,2,15,1,59,21.28
5244.7,0,13131,99,87,290.23
5244.7,1,55,0,34,11.78
5244.7,2,15,0,59,22.93
5246.8,0,12459,0,83,131.73
5246.8,1,55,0,34,6.98
5246.8,2,15,0,59,20.67
5248.9,0,12459,0,81,108.69
5248.9,1,55,0,34,7.20
5248.9,2,15,0,59,20.45
5251.0,0,12459,0,80,103.82
5251.0,1,55,0,34,11.55
5251.0,2,15,0,59,29.49
5253.1,0,15435,100,83,262.09
5253.1,1,55,0,34,7.17
5253.1,2,15,0,59,22.23
5255.2,0,15627,97,84,281.38
5255.2,1,55,0,34,6.90
5255.2,2,15,0,59,20.61
5257.2,0,15723,100,84,274.75
5257.2,1,55,0,34,6.93
5257.2,2,15,0,59,22.42
5259.3,0,13291,99,85,294.52
5259.3,1,55,0,34,11.71
5259.3,2,15,0,60,22.34
5261.4,0,13099,69,85,296.17
5261.4,1,55,0,34,6.84
5261.4,2,15,0,59,21.31
5263.5,0,13259,99,85,298.44
5263.5,1,55,0,34,7.02
5263.5,2,15,0,59,21.38
5265.6,0,13323,99,86,292.15
5265.6,1,55,0,34,11.80
5265.6,2,15,0,60,30.19
5267.7,0,13259,99,86,295.81
5267.7,1,55,0,34,7.01
5267.7,2,15,0,59,21.75
5269.8,0,12779,64,85,287.64
5269.8,1,55,0,34,6.77
5269.8,2,15,0,59,21.10
5271.9,0,13227,99,86,294.29
5271.9,1,55,0,34,8.60
5271.9,2,15,0,59,23.51
5274.0,0,13579,99,86,297.16
5274.0,1,55,0,34,7.46
5274.0,2,15,0,60,22.92
5276.0,0,13451,100,85,274.05
5276.0,1,55,0,34,6.41
5276.0,2,15,0,59,21.05
5278.1,0,16075,100,85,259.77
5278.1,1,55,0,34,6.61
5278.1,2,15,0,59,21.06
5280.2,0,12715,100,86,272.28
5280.2,1,55,0,34,11.01
5280.2,2,15,0,59,30.08
5282.3,0,13355,99,86,298.77
5282.3,1,55,0,34,6.43
5282.3,2,15,0,59,21.35
5284.4,0,13419,99,86,296.58
5284.4,1,55,0,34,6.40
5284.4,2,15,0,59,21.22
5286.4,0,15987,92,83,250.27
5286.4,1,55,0,34,8.22
5286.4,2,15,1,59,24.58
5288.5,0,15923,99,86,257.07
5288.5,1,55,0,34,7.08
5288.5,2,15,0,59,21.78
5290.6,0,16179,68,85,265.72
5290.6,1,55,0,34,7.03
5290.6,2,15,0,59,20.77
5292.7,0,13363,87,86,251.95
5292.7,1,55,0,34,7.29
5292.7,2,15,0,59,21.00
5294.8,0,16085,2,82,230.55
5294.8,1,55,0,34,11.84
5294.8,2,15,0,59,30.68
5296.9,0,15925,100,85,266.12
5296.9,1,55,0,34,7.04
5296.9,2,15,0,59,21.37
5299.0,0,15605,100,85,258.71
5299.0,1,55,0,34,7.18
5299.0,2,15,0,59,20.98
5301.1,0,4167,72,82,262.90
5301.1,1,55,0,34,11.24
5301.1,2,15,0,59,24.88
5303.1,0,3143,0,81,127.89
5303.1,1,55,0,34,7.59
5303.1,2,15,0,60,22.36
5305.2,0,5375,0,79,103.32
5305.2,1,55,0,34,7.01
5305.2,2,15,0,59,20.22
5307.3,0,6577,89,84,283.98
5307.3,1,55,0,34,7.45
5307.3,2,15,0,59,21.53
5309.4,0,7325,0,82,145.96
5309.4,1,55,0,34,7.44
5309.4,2,15,0,59,21.77
5311.5,0,8231,100,83,265.89
5311.5,1,55,0,34,6.36
5311.5,2,15,0,59,20.82
5313.5,0,7847,100,84,261.47
5313.5,1,55,0,34,6.55
5313.5,2,15,0,59,21.01
5315.6,0,5959,97,84,270.63
5315.6,1,55,0,34,10.36
5315.6,2,15,0,59,25.48
5317.7,0,6119,99,84,299.33
5317.7,1,55,0,34,5.96
5317.7,2,15,0,59,23.04
5319.7,0,6087,99,85,297.65
5319.7,1,55,0,34,5.83
5319.7,2,15,0,59,21.25
5321.8,0,5991,99,85,298.17
5321.8,1,55,0,34,5.80
5321.8,2,15,0,59,22.54
5323.9,0,8711,2,81,220.52
5323.9,1,55,0,34,6.14
5323.9,2,15,0,59,22.60
5325.9,0,8743,100,84,266.82
5325.9,1,55,0,34,5.54
5325.9,2,15,0,59,20.72
5328.0,0,9623,100,85,279.24
5328.0,1,55,0,34,5.80
5328.0,2,15,0,59,20.94
5330.1,0,6551,95,85,254.30
5330.1,1,55,0,34,10.18
5330.1,2,15,0,59,30.37
5332.1,0,5879,92,83,256.47
5332.1,1,55,0,34,5.62
5332.1,2,15,0,59,21.43
5334.2,0,9367,100,84,254.83
5334.2,1,55,0,34,5.65
5334.2,2,15,0,59,20.67
5336.3,0,9047,100,85,278.86
5336.3,1,55,0,34,5.90
5336.3,2,15,0,59,23.77
5338.4,0,3865,100,85,262.14
5338.4,1,55,0,34,6.09
5338.4,2,15,0,59,22.56
5340.4,0,6743,99,85,293.33
5340.4,1,55,0,34,5.63
5340.4,2,15,0,59,20.94
5342.5,0,5803,70,81,189.35
5342.5,1,55,0,34,5.74
5342.5,2,15,0,59,21.07
5344.6,0,8619,100,85,276.30
5344.6,1,55,0,34,9.85
5344.6,2,15,0,59,29.55
5346.7,0,10155,100,85,265.97
5346.7,1,55,0,34,5.89
5346.7,2,15,0,59,21.17
5348.7,0,8973,100,85,263.42
5348.7,1,55,0,34,6.06
5348.7,2,15,0,59,20.79
5350.8,0,6381,99,86,297.21
5350.8,1,55,0,34,7.52
5350.8,2,15,0,59,24.36
5352.9,0,5965,96,86,299.01
5352.9,1,55,0,34,6.70
5352.9,2,15,0,59,22.50
5355.0,0,6509,99,86,299.00
5355.0,1,55,0,34,6.74
5355.0,2,15,0,59,21.20
5357.1,0,6125,99,86,299.03
5357.1,1,55,0,34,6.84
5357.1,2,15,0,59,21.27
5359.2,0,6413,99,86,298.02
5359.2,1,55,0,34,11.40
5359.2,2,15,0,59,30.05
5361.3,0,6573,99,86,296.98
5361.3,1,55,0,34,6.73
5361.3,2,15,0,59,21.17
5363.3,0,5997,99,87,298.68
5363.3,1,55,0,34,6.75
5363.3,2,15,0,59,21.05
5365.4,0,6413,99,87,299.07
5365.4,1,55,0,34,9.13
5365.4,2,15,0,59,25.12
5367.5,0,6285,99,87,296.84
5367.5,1,55,0,34,7.35
5367.5,2,15,0,59,22.58
5369.6,0,9165,100,86,268.95
5369.6,1,55,0,34,6.57
5369.6,2,15,0,59,20.91
5371.6,0,10153,100,86,262.36
5371.6,1,55,0,34,6.87
5371.6,2,15,0,59,20.82
5373.8,0,11181,100,87,274.23
5373.8,1,55,0,34,11.33
5373.8,2,15,0,59,22.00
5375.8,0,7149,100,87,271.62
5375.8,1,55,0,34,6.73
5375.8,2,15,0,59,20.57
5377.9,0,7821,99,87,297.53
5377.9,1,55,0,34,7.04
5377.9,2,15,0,59,20.99
5380.0,0,7245,99,87,293.39
5380.0,1,55,0,34,11.45
5380.0,2,15,0,59,29.77
5382.1,0,7725,100,87,293.22
5382.1,1,55,0,34,6.59
5382.1,2,15,0,59,22.23
5384.2,0,7725,99,87,292.49
5384.2,1,55,0,34,6.57
5384.2,2,15,0,59,20.99
5386.3,0,7629,100,87,290.76
5386.3,1,55,0,34,6.61
5386.3,2,15,0,59,22.71
5388.4,0,7757,99,87,291.01
5388.4,1,55,0,34,7.05
5388.4,2,15,0,59,22.81
5390.4,0,7661,99,88,288.44
5390.4,1,55,0,34,6.42
5390.4,2,15,0,59,21.00
5392.5,0,7757,99,88,288.23
5392.5,1,55,0,34,6.60
5392.5,2,15,0,59,21.14
5394.6,0,7405,99,88,287.84
5394.6,1,55,0,34,11.28
5394.6,2,15,0,59,29.59
5396.7,0,10477,100,87,260.21
5396.7,1,55,0,34,6.71
5396.7,2,15,0,59,21.37
5398.8,0,10881,100,87,263.68
5398.8,1,55,0,34,6.62
5398.8,2,15,0,59,20.57
5400.9,0,11649,100,87,260.71
5400.9,1,55,0,34,6.49
5400.9,2,15,0,59,23.27
5402.9,0,8097,99,88,291.88
5402.9,1,55,0,34,5.94
5402.9,2,15,0,59,22.10
5405.0,0,7617,99,87,287.11
5405.0,1,55,0,34,5.88
5405.0,2,15,0,59,20.91
5407.1,0,7617,99,88,287.76
5407.1,1,55,0,34,6.20
5407.1,2,15,0,59,21.21
5409.2,0,7969,86,88,286.12
5409.2,1,55,0,34,11.31
5409.2,2,15,0,59,30.21
5411.3,0,8033,99,88,286.67
5411.3,1,55,0,34,6.88
5411.3,2,15,0,59,21.05
5413.4,0,7969,99,88,285.42
5413.4,1,55,0,34,6.91
5413.4,2,15,0,59,20.85
5415.5,0,8097,99,88,285.81
5415.5,1,55,0,34,8.98
5415.5,2,15,0,59,24.43
5417.6,0,7681,100,88,284.59
5417.6,1,55,0,34,7.29
5417.6,2,15,0,59,22.60
5419.6,0,10817,100,87,235.62
5419.6,1,55,0,34,6.62
5419.6,2,15,0,59,21.01
5421.7,0,26495,85,86,261.74
5421.7,1,55,0,34,6.89
5421.7,2,15,0,59,20.76
5423.8,0,45075,100,88,276.60
5423.8,1,55,0,34,11.31
5423.8,2,15,0,59,30.00
5425.9,0,43923,97,87,267.92
5425.9,1,55,0,34,6.81
5425.9,2,15,0,59,20.85
5428.0,0,45171,100,87,268.47
5428.0,1,55,0,34,7.09
5428.0,2,15,0,59,20.69
5430.0,0,41683,100,87,268.33
5430.0,1,55,0,34,11.68
5430.0,2,15,0,59,24.84
5432.1,0,41363,100,87,283.59
5432.1,1,55,0,34,7.23
5432.1,2,15,0,59,21.71
5434.2,0,41363,97,87,281.56
5434.2,1,55,0,34,6.55
5434.2,2,15,0,59,20.48
5436.3,0,41363,100,87,284.95
5436.3,1,55,0,34,6.82
5436.3,2,15,0,59,20.78
5438.4,0,41363,100,87,282.66
5438.4,1,55,0,34,7.57
5438.4,2,15,0,59,22.34
5440.5,0,40659,81,87,257.35
5440.5,1,55,0,34,6.82
5440.5,2,15,0,59,20.73
5442.5,0,40659,0,83,134.17
5442.5,1,55,0,34,6.81
5442.5,2,15,0,59,20.43
5444.6,0,40659,0,81,104.44
5444.6,1,55,0,34,11.68
5444.6,2,15,0,59,29.45
5446.7,0,41395,100,84,125.29
5446.7,1,55,0,34,6.95
5446.7,2,15,0,59,20.54
5448.8,0,40915,100,85,282.84
5448.8,1,55,0,34,6.42
5448.8,2,15,0,59,20.54
5450.9,0,40883,100,85,285.72
5450.9,1,55,0,34,6.20
5450.9,2,15,0,59,21.96
5453.0,0,40755,100,85,285.41
5453.0,1,55,0,34,6.59
5453.0,2,15,0,59,21.73
5455.1,0,44243,100,85,277.59
5455.1,1,55,0,34,6.03
5455.1,2,15,0,59,20.63
5457.1,0,44371,100,85,271.42
5457.1,1,55,0,34,6.32
5457.1,2,15,0,59,20.77
5459.2,0,41331,100,86,284.58
5459.2,1,55,0,34,10.91
5459.2,2,15,0,59,30.21
5461.3,0,41395,93,86,288.77
5461.3,1,55,0,34,6.42
5461.3,2,15,0,59,21.10
5463.4,0,41491,96,86,282.07
5463.4,1,55,0,34,6.25
5463.4,2,15,0,59,20.80
5465.4,0,44243,93,86,287.09
5465.4,1,55,0,34,7.79
5465.4,2,15,0,59,22.97
5467.5,0,44243,100,86,269.81
5467.5,1,55,0,34,6.65
5467.5,2,15,0,59,22.16
5469.6,0,43923,97,86,289.22
5469.6,1,55,0,34,6.39
5469.6,2,15,0,59,20.45
5471.7,0,6791,97,86,260.79
5471.7,1,55,0,34,6.86
5471.7,2,15,0,59,20.72
5473.7,0,5959,0,82,219.22
5473.7,1,55,0,34,11.58
5473.7,2,15,0,59,29.91
5475.8,0,7721,100,85,173.89
5475.8,1,55,0,34,6.77
5475.8,2,15,0,59,20.54
5477.9,0,7781,100,85,245.59
5477.9,1,55,0,34,6.58
5477.9,2,15,0,59,20.47
5480.0,0,9941,100,86,270.34
5480.0,1,55,0,34,8.82
5480.0,2,15,0,59,23.94
5482.1,0,6757,96,86,287.49
5482.1,1,55,0,34,7.01
5482.1,2,15,0,59,21.86
5484.2,0,6437,99,86,290.24
5484.2,1,55,0,34,6.39
5484.2,2,15,0,59,20.95
5486.3,0,6693,97,86,289.56
5486.3,1,55,0,34,6.74
5486.3,2,15,0,59,20.94
5488.4,0,6693,98,86,293.57
5488.4,1,55,0,34,10.87
5488.4,2,15,0,59,30.14
5490.5,0,6693,97,86,289.48
5490.5,1,55,0,34,5.94
5490.5,2,15,0,59,21.42
5492.5,0,6789,99,86,288.63
5492.5,1,55,0,34,6.16
5492.5,2,15,0,59,21.12
5494.6,0,6341,97,87,289.01
5494.6,1,55,0,34,10.40
5494.6,2,15,0,59,24.83
5496.7,0,9285,100,87,268.16
5496.7,1,55,0,34,6.64
5496.7,2,15,0,59,22.40
5498.8,0,11093,100,86,269.15
5498.8,1,55,0,34,5.96
5498.8,2,15,0,59,20.53
5500.8,0,9941,97,86,264.72
5500.8,1,55,0,34,6.29
5500.8,2,15,1,59,20.69
5502.9,0,7381,97,87,289.23
5502.9,1,55,0,34,10.97
5502.9,2,15,0,59,21.98
5505.0,0,7285,96,87,285.41
5505.0,1,55,0,34,5.72
5505.0,2,15,0,59,20.88
5507.1,0,7253,100,87,286.28
5507.1,1,55,0,34,6.18
5507.1,2,15,0,59,21.03
5509.2,0,7317,97,87,288.36
5509.2,1,55,0,34,10.80
5509.2,2,15,0,59,25.19
5511.2,0,7029,98,87,284.91
5511.2,1,55,0,34,5.98
5511.2,2,15,0,59,21.29
5513.3,0,7349,97,87,285.84
5513.3,1,55,0,34,5.84
5513.3,2,15,0,59,20.89
5515.4,0,7349,97,87,282.17
5515.4,1,55,0,34,6.02
5515.4,2,15,0,59,22.10
5517.5,0,6773,96,87,283.59
5517.5,1,55,0,34,6.54
5517.5,2,15,0,59,22.39
5519.5,0,10197,100,87,268.65
5519.5,1,55,0,34,5.91
5519.5,2,15,0,59,20.76
5521.6,0,9749,96,86,269.15
5521.6,1,55,0,34,6.23
5521.6,2,15,0,59,20.77
5523.7,0,9813,100,87,262.22
5523.7,1,55,0,34,10.42
5523.7,2,15,0,59,29.92
5525.8,0,7383,100,87,287.02
5525.8,1,55,0,34,5.62
5525.8,2,15,0,59,20.96
5527.8,0,7127,94,87,282.32
5527.8,1,55,0,34,5.68
5527.8,2,15,0,59,20.91
5529.9,0,7383,97,87,278.45
5529.9,1,55,0,34,7.61
5529.9,2,15,0,59,23.61
5532.0,0,4743,99,87,285.10
5532.0,1,55,0,34,7.11
5532.0,2,15,0,59,22.64
5534.1,0,5665,99,87,290.70
5534.1,1,55,0,34,6.47
5534.1,2,15,0,59,20.89
5536.2,0,5907,99,87,291.57
5536.2,1,55,0,34,6.75
5536.2,2,15,0,59,21.05
5538.3,0,5747,99,88,288.21
5538.3,1,55,0,34,11.20
5538.3,2,15,0,59,29.33
5540.3,0,5043,100,87,273.05
5540.3,1,55,0,34,6.95
5540.3,2,15,0,59,21.17
5542.4,0,10535,100,87,258.19
5542.4,1,55,0,34,6.63
5542.4,2,15,0,59,20.51
5544.5,0,6591,100,87,262.55
5544.5,1,55,0,34,9.12
5544.5,2,15,0,59,24.09
5546.6,0,6559,99,87,291.51
5546.6,1,55,0,34,7.26
5546.6,2,15,0,59,22.02
5548.7,0,6559,100,87,290.07
5548.7,1,55,0,34,6.73
5548.7,2,15,0,59,20.92
5550.8,0,6687,99,88,290.43
5550.8,1,55,0,34,7.08
5550.8,2,15,0,59,20.67
5552.9,0,6559,94,88,287.54
5552.9,1,55,0,34,11.43
5552.9,2,15,0,59,29.93
5554.9,0,6623,92,88,287.50
5554.9,1,55,0,34,6.89
5554.9,2,15,0,59,20.97
5557.0,0,6335,100,88,287.72
5557.0,1,55,0,34,6.79
5557.0,2,15,0,59,20.82
5559.1,0,9535,59,86,269.24
5559.1,1,55,0,34,11.81
5559.1,2,15,0,59,25.08
5561.2,0,9055,100,87,271.40
5561.2,1,55,0,34,7.00
5561.2,2,15,0,59,22.15
5563.3,0,7007,79,87,260.50
5563.3,1,55,0,34,6.82
5563.3,2,15,0,59,20.58
5565.4,0,6527,100,88,278.10
5565.4,1,55,0,34,6.76
5565.4,2,15,0,59,21.37
5567.5,0,6655,99,87,289.64
5567.5,1,55,0,34,7.02
5567.5,2,15,0,59,22.28
5569.6,0,6559,99,88,290.23
5569.6,1,55,0,34,6.81
5569.6,2,15,0,59,20.87
5571.7,0,6719,99,87,288.73
5571.7,1,55,0,34,6.76
5571.7,2,15,0,59,20.98
5573.7,0,6655,99,87,288.73
5573.7,1,55,0,34,11.53
5573.7,2,15,0,59,29.89
5575.8,0,6591,99,88,288.88
5575.8,1,55,0,34,6.96
5575.8,2,15,0,59,21.11
5577.9,0,6431,96,88,287.04
5577.9,1,55,0,34,6.66
5577.9,2,15,0,59,20.93
5580.0,0,5887,98,88,286.30
5580.0,1,55,0,34,8.21
5580.0,2,15,0,59,22.78
5582.1,0,8991,97,87,262.48
5582.1,1,55,0,34,7.44
5582.1,2,15,0,59,22.65
5584.2,0,9119,100,87,264.84
5584.2,1,55,0,34,6.71
5584.2,2,15,0,59,20.69
5586.2,0,6623,99,87,290.37
5586.2,1,55,0,34,6.25
5586.2,2,15,0,59,20.82
5588.3,0,6559,99,88,287.39
5588.3,1,55,0,34,11.23
5588.3,2,15,0,59,29.47
5590.4,0,6559,99,87,290.03
5590.4,1,55,0,34,6.88
5590.4,2,15,0,59,21.16
5592.5,0,6687,100,88,288.75
5592.5,1,55,0,34,6.73
5592.5,2,15,0,59,20.85
5594.6,0,6879,100,88,287.75
5594.6,1,55,0,34,8.70
5594.6,2,15,0,59,23.46
5596.7,0,6559,99,88,286.97
5596.7,1,55,0,34,7.28
5596.7,2,15,0,59,22.03
5598.8,0,6175,99,88,287.17
5598.8,1,55,0,34,6.81
5598.8,2,15,0,59,20.80
5600.9,0,9439,100,87,266.11
5600.9,1,55,0,34,7.12
5600.9,2,15,0,59,20.91
5603.0,0,7679,100,87,269.76
5603.0,1,55,0,34,12.11
5603.0,2,15,0,59,29.89
5605.1,0,6495,99,87,290.08
5605.1,1,55,0,34,7.09
5605.1,2,15,0,59,21.37
5607.1,0,6239,99,87,289.39
5607.1,1,55,0,34,7.03
5607.1,2,15,0,59,20.79
5609.2,0,6047,99,88,289.56
5609.2,1,55,0,34,9.12
5609.2,2,15,0,59,29.30
5611.3,0,6047,99,88,288.57
5611.3,1,55,0,34,7.53
5611.3,2,15,0,59,21.09
5613.4,0,6495,99,88,289.20
5613.4,1,55,0,34,6.82
5613.4,2,15,0,59,20.87
5615.5,0,6431,99,88,288.35
5615.5,1,55,0,34,7.41
5615.5,2,15,0,59,20.90
5617.6,0,9439,95,87,287.76
5617.6,1,55,0,34,7.37
5617.6,2,15,0,59,29.50
5619.7,0,18217,100,87,267.03
5619.7,1,55,0,34,6.84
5619.7,2,15,0,59,20.81
5621.8,0,26195,100,87,278.78
5621.8,1,55,0,34,6.77
5621.8,2,15,0,59,20.60
5623.8,0,34301,100,87,281.60
5623.8,1,55,0,34,11.58
5623.8,2,15,0,59,29.87
5625.9,0,34333,100,88,284.13
5625.9,1,55,0,34,6.83
5625.9,2,15,0,59,20.37
5628.0,0,34333,98,87,282.87
5628.0,1,55,0,34,6.79
5628.0,2,15,0,59,20.39
5630.1,0,34365,100,87,281.96
5630.1,1,55,0,34,8.15
5630.1,2,15,1,59,20.86
5632.2,0,34333,100,88,282.82
5632.2,1,55,0,34,7.45
5632.2,2,15,0,59,22.09
5634.3,0,34397,100,87,284.95
5634.3,1,55,0,34,6.62
5634.3,2,15,0,59,20.43
5636.3,0,34429,100,87,283.12
5636.3,1,55,0,34,6.83
5636.3,2,15,0,59,20.57
5638.5,0,34429,99,87,284.80
5638.5,1,55,0,34,11.25
5638.5,2,15,0,59,29.73
5640.6,0,34397,100,87,284.88
5640.6,1,55,0,34,7.14
5640.6,2,15,0,59,20.70
5642.7,0,34397,100,87,282.85
5642.7,1,55,0,34,6.67
5642.7,2,15,0,59,20.36
5644.8,0,34397,100,87,282.96
5644.8,1,55,0,34,8.44
5644.8,2,15,0,59,24.43
5646.9,0,34429,97,87,286.52
5646.9,1,55,0,34,7.07
5646.9,2,15,0,59,21.51
5648.9,0,34429,100,87,283.95
5648.9,1,55,0,34,6.83
5648.9,2,15,0,59,20.25
5651.0,0,34333,100,87,281.53
5651.0,1,55,0,34,6.74
5651.0,2,15,0,59,20.40
5653.1,0,34237,100,87,283.75
5653.1,1,55,0,34,11.47
5653.1,2,15,0,59,30.22
5655.2,0,34173,100,87,285.44
5655.2,1,55,0,34,6.73
5655.2,2,15,0,59,20.90
5657.2,0,33949,100,87,282.55
5657.2,1,55,0,34,6.73
5657.2,2,15,0,59,20.34
5659.3,0,33949,100,87,281.08
5659.3,1,55,0,34,8.67
5659.3,2,15,0,59,29.37
5661.4,0,33885,100,87,283.42
5661.4,1,55,0,34,7.34
5661.4,2,15,0,59,22.02
5663.5,0,34301,100,87,283.96
5663.5,1,55,0,34,6.71
5663.5,2,15,0,59,20.35
5665.5,0,43975,100,88,283.22
5665.5,1,55,1,34,6.69
5665.5,2,15,0,59,20.46
5667.6,0,43975,98,87,284.59
5667.6,1,55,0,34,6.89
5667.6,2,15,0,59,29.74
5669.7,0,44007,100,87,285.50
5669.7,1,55,0,34,6.53
5669.7,2,15,0,59,20.52
5671.8,0,44039,100,87,283.74
5671.8,1,55,0,34,7.00
5671.8,2,15,0,59,20.46
5673.9,0,43911,100,87,284.01
5673.9,1,55,0,34,9.08
5673.9,2,15,0,59,29.86
5676.0,0,43943,100,87,285.65
5676.0,1,55,0,34,7.54
5676.0,2,15,0,59,20.96
5678.1,0,43943,100,87,282.71
5678.1,1,55,0,34,6.88
5678.1,2,15,0,59,20.21
5680.2,0,43975,100,87,283.95
5680.2,1,55,0,34,7.96
5680.2,2,15,0,59,20.40
5682.3,0,43847,100,87,285.18
5682.3,1,55,0,34,7.29
5682.3,2,15,0,59,29.48
5684.4,0,43847,100,87,286.33
5684.4,1,55,0,34,6.73
5684.4,2,15,0,59,20.44
5686.5,0,43815,99,87,283.58
5686.5,1,55,0,34,6.75
5686.5,2,15,0,59,20.62
5688.6,0,43783,100,88,282.94
5688.6,1,55,0,34,11.22
5688.6,2,15,0,59,29.76
5690.7,0,43623,100,87,285.10
5690.7,1,55,0,34,6.90
5690.7,2,15,0,59,20.68
5692.8,0,43559,100,87,284.82
5692.8,1,55,0,34,6.79
5692.8,2,15,0,59,20.45
5694.9,0,43527,100,87,281.29
5694.9,1,55,0,34,7.96
5694.9,2,15,0,59,23.71
5697.0,0,43495,100,87,284.66
5697.0,1,55,0,34,7.10
5697.0,2,15,0,59,21.38
5699.1,0,43495,100,87,283.72
5699.1,1,55,0,34,6.89
5699.1,2,15,0,59,20.28
5701.2,0,43495,99,87,280.68
5701.2,1,55,0,34,7.02
5701.2,2,15,0,59,20.47
5703.3,0,43495,100,87,283.04
5703.3,1,55,0,34,11.69
5703.3,2,15,0,59,30.07
5705.4,0,43367,100,87,285.48
5705.4,1,55,0,34,7.11
5705.4,2,15,0,59,20.37
5707.5,0,46919,100,87,282.22
5707.5,1,55,0,34,6.87
5707.5,2,15,0,59,20.46
5709.6,0,46439,99,87,280.18
5709.6,1,55,0,34,11.42
5709.6,2,15,0,59,24.78
5711.7,0,44103,100,87,283.10
5711.7,1,55,0,34,7.20
5711.7,2,15,0,59,21.89
5713.8,0,43687,100,87,283.80
5713.8,1,55,0,34,6.84
5713.8,2,15,0,59,20.37
5715.8,0,43977,100,87,283.22
5715.8,1,55,0,34,6.91
5715.8,2,15,0,59,21.13
5717.9,0,43977,100,87,283.55
5717.9,1,55,0,34,11.58
5717.9,2,15,0,59,21.51
5720.0,0,44009,100,87,286.08
5720.0,1,55,0,34,7.14
5720.0,2,15,0,59,20.31
5722.1,0,44041,100,87,285.56
5722.1,1,55,0,34,7.14
5722.1,2,15,0,59,20.53
5724.2,0,44041,98,87,287.73
5724.2,1,55,0,34,11.63
5724.2,2,15,0,59,30.06
5726.3,0,44073,100,87,284.65
5726.3,1,55,0,34,7.12
5726.3,2,15,0,59,20.93
5728.4,0,44073,100,87,284.64
5728.4,1,55,0,34,6.97
5728.4,2,15,0,59,20.39
5730.5,0,44169,100,87,284.11
5730.5,1,55,0,34,7.23
5730.5,2,15,0,59,22.29
5732.6,0,44041,100,87,285.40
5732.6,1,55,0,34,7.32
5732.6,2,15,0,59,21.97
5734.6,0,44073,100,87,285.92
5734.6,1,55,0,34,6.95
5734.6,2,15,0,59,20.41
5736.8,0,44137,100,87,284.19
5736.8,1,55,0,34,7.07
5736.8,2,15,0,59,20.51
5738.8,0,44073,99,87,283.39
5738.8,1,55,0,34,11.52
5738.8,2,15,0,59,29.88
5740.9,0,43945,100,87,286.58
5740.9,1,55,0,34,6.95
5740.9,2,15,0,59,20.75
5743.0,0,43817,100,87,281.79
5743.0,1,55,0,34,7.14
5743.0,2,15,0,59,20.44
5745.1,0,43817,97,87,284.47
5745.1,1,55,0,34,8.73
5745.1,2,15,0,59,23.29
5747.2,0,43785,97,87,285.09
5747.2,1,55,0,34,7.43
5747.2,2,15,0,59,21.50
5749.2,0,43913,100,87,284.49
5749.2,1,55,0,34,6.47
5749.2,2,15,0,59,20.40
5751.3,0,43945,96,87,283.07
5751.3,1,55,0,34,6.70
5751.3,2,15,0,59,20.44
5753.4,0,43945,100,87,284.02
5753.4,1,55,0,34,11.22
5753.4,2,15,0,59,30.25
5755.5,0,43977,100,87,286.79
5755.5,1,55,0,34,6.64
5755.5,2,15,0,59,20.81
5757.5,0,44041,97,87,285.77
5757.5,1,55,0,34,6.42
5757.5,2,15,0,59,20.40
5759.6,0,44041,100,87,286.89
5759.6,1,55,0,34,11.20
5759.6,2,15,0,59,24.09
5761.7,0,44009,100,87,285.23
5761.7,1,55,0,34,7.20
5761.7,2,15,0,59,21.96
5763.8,0,44041,100,87,286.85
5763.8,1,55,0,34,6.49
5763.8,2,15,0,59,20.43
5765.8,0,44073,100,87,287.03
5765.8,1,55,0,34,6.87
5765.8,2,15,0,59,20.41
5767.9,0,44073,98,87,284.21
5767.9,1,55,0,34,11.23
5767.9,2,15,0,59,30.05
5770.0,0,44105,100,87,286.74
5770.0,1,55,0,34,6.69
5770.0,2,15,0,59,20.55
5772.0,0,44105,100,87,285.13
5772.0,1,55,0,34,6.76
5772.0,2,15,0,59,20.42
5774.1,0,44009,100,87,285.88
5774.1,1,55,0,34,11.46
5774.1,2,15,0,59,24.82
5776.2,0,44009,98,87,282.28
5776.2,1,55,0,34,6.60
5776.2,2,15,0,59,22.29
5778.3,0,44073,99,87,284.19
5778.3,1,55,0,34,6.49
5778.3,2,15,0,59,20.40
5780.3,0,44009,97,87,285.34
5780.3,1,55,0,34,6.55
5780.3,2,15,0,59,21.03
5782.4,0,44041,100,87,287.70
5782.4,1,55,0,34,11.24
5782.4,2,15,0,59,21.98
5784.5,0,43977,100,87,286.05
5784.5,1,55,0,34,6.58
5784.5,2,15,0,59,20.55
5786.6,0,43881,100,87,285.49
5786.6,1,55,0,34,6.24
5786.6,2,15,0,59,20.52
5788.6,0,43849,100,88,287.98
5788.6,1,55,0,34,11.10
5788.6,2,15,0,59,29.76
5790.7,0,43881,100,87,287.08
5790.7,1,55,0,34,6.71
5790.7,2,15,0,59,21.70
5792.8,0,43593,100,87,285.74
5792.8,1,55,0,34,6.66
5792.8,2,15,0,59,20.38
5794.8,0,43529,100,87,285.02
5794.8,1,55,0,34,6.98
5794.8,2,15,0,59,22.34
5796.9,0,43529,100,87,286.70
5796.9,1,55,0,34,7.15
5796.9,2,15,0,59,22.40
5799.0,0,43337,100,87,278.80
5799.0,1,55,0,34,6.32
5799.0,2,15,0,59,20.56
5801.1,0,46441,100,87,284.30
5801.1,1,55,0,34,6.74
5801.1,2,15,0,59,20.67
5803.2,0,46409,100,87,278.95
5803.2,1,55,0,34,11.32
5803.2,2,15,0,59,29.59
5805.3,0,43977,99,87,285.83
5805.3,1,55,0,34,6.82
5805.3,2,15,0,59,20.94
5807.4,0,44009,97,87,286.22
5807.4,1,55,0,34,6.65
5807.4,2,15,0,59,20.47
5809.4,0,44009,100,87,285.79
5809.4,1,55,0,34,7.81
5809.4,2,15,0,59,23.04
5811.5,0,44009,100,87,286.74
5811.5,1,55,0,34,7.23
5811.5,2,15,0,59,21.75
5813.6,0,44041,100,87,285.35
5813.6,1,55,0,34,6.65
5813.6,2,15,0,59,20.38
5815.7,0,44041,100,87,287.12
5815.7,1,55,0,34,6.77
5815.7,2,15,0,59,20.52
5817.8,0,43977,100,87,285.71
5817.8,1,55,0,34,11.40
5817.8,2,15,0,59,30.13
5819.9,0,43945,100,87,285.73
5819.9,1,55,0,34,6.69
5819.9,2,15,0,59,20.53
5822.0,0,44009,100,87,287.64
5822.0,1,55,0,34,6.58
5822.0,2,15,0,59,20.54
5824.1,0,44009,100,87,283.69
5824.1,1,55,0,34,8.31
5824.1,2,15,0,59,24.20
5826.2,0,44073,100,87,285.81
5826.2,1,55,0,34,7.61
5826.2,2,15,0,59,22.21
5828.3,0,43977,100,87,283.15
5828.3,1,55,0,34,6.79
5828.3,2,15,0,59,20.50
5830.4,0,43977,100,87,284.39
5830.4,1,55,0,34,6.84
5830.4,2,15,0,59,20.45
5832.5,0,43785,98,87,284.41
5832.5,1,55,0,34,11.53
5832.5,2,15,0,59,29.68
5834.6,0,43689,100,87,287.52
5834.6,1,55,0,34,7.16
5834.6,2,15,0,59,20.69
5836.7,0,43529,100,87,285.29
5836.7,1,55,0,34,7.08
5836.7,2,15,0,59,20.41
5838.7,0,43529,100,87,288.11
5838.7,1,55,0,34,11.52
5838.7,2,15,0,59,24.55
5840.8,0,44169,100,87,283.84
5840.8,1,55,0,34,6.99
5840.8,2,15,0,59,20.44
5842.9,0,43945,97,87,282.86
5842.9,1,55,0,34,6.85
5842.9,2,15,0,59,20.26
5845.0,0,43977,100,87,287.37
5845.0,1,55,0,34,6.95
5845.0,2,15,1,59,20.65
5847.1,0,44041,100,87,289.73
5847.1,1,55,0,34,11.98
5847.1,2,15,0,59,22.15
5849.2,0,44073,100,87,285.17
5849.2,1,55,0,34,6.81
5849.2,2,15,0,59,20.38
5851.3,0,44073,100,87,283.95
5851.3,1,55,0,34,7.03
5851.3,2,15,0,59,20.44
5853.4,0,44137,98,87,285.67
5853.4,1,55,0,34,11.42
5853.4,2,15,0,59,29.65
5855.5,0,44105,100,87,283.31
5855.5,1,55,0,34,7.07
5855.5,2,15,0,59,20.75
5857.6,0,44137,100,87,282.84
5857.6,1,55,0,34,6.83
5857.6,2,15,0,59,20.51
5859.7,0,44137,100,87,283.76
5859.7,1,55,0,34,8.76
5859.7,2,15,0,59,22.80
5861.8,0,44169,100,87,287.54
5861.8,1,55,0,34,7.06
5861.8,2,15,0,59,21.87
5863.9,0,44137,100,87,285.65
5863.9,1,55,0,34,6.63
5863.9,2,15,0,59,20.49
5865.9,0,44009,100,87,284.88
5865.9,1,55,0,34,6.75
5865.9,2,15,0,59,20.61
5868.0,0,43945,100,87,285.86
5868.0,1,55,0,34,11.42
5868.0,2,15,0,59,29.99
5870.1,0,43913,100,87,285.67
5870.1,1,55,0,34,6.90
5870.1,2,15,0,59,20.99
5872.2,0,43881,100,87,286.56
5872.2,1,55,0,34,6.71
5872.2,2,15,0,59,20.49
5874.3,0,43913,100,87,283.41
5874.3,1,55,0,34,8.78
5874.3,2,15,0,59,23.54
5876.4,0,43817,99,87,283.52
5876.4,1,55,0,34,7.59
5876.4,2,15,0,59,20.80
5878.5,0,43625,100,87,287.24
5878.5,1,55,0,34,6.60
5878.5,2,15,0,59,20.31
5880.6,0,43625,100,87,285.60
5880.6,1,55,0,34,6.59
5880.6,2,15,0,59,20.29
5882.7,0,43497,100,86,280.16
5882.7,1,55,0,34,6.36
5882.7,2,15,0,59,29.63
5884.8,0,43465,98,87,286.49
5884.8,1,55,0,34,6.72
5884.8,2,15,0,59,20.49
5886.9,0,43401,100,87,285.59
5886.9,1,55,0,34,6.80
5886.9,2,15,0,59,20.50
5888.9,0,43401,100,87,285.73
5888.9,1,55,0,34,11.40
5888.9,2,15,0,59,30.09
5891.0,0,46377,100,87,279.86
5891.0,1,55,0,34,7.14
5891.0,2,15,0,59,20.53
5893.1,0,46409,100,87,287.44
5893.1,1,55,0,34,6.83
5893.1,2,15,0,59,20.28
5895.2,0,43305,100,87,268.27
5895.2,1,55,0,34,8.17
5895.2,2,15,0,59,20.44
5897.3,0,43305,100,87,287.07
5897.3,1,55,0,34,7.38
5897.3,2,15,0,59,22.00
5899.4,0,43305,100,87,286.22
5899.4,1,55,0,34,6.60
5899.4,2,15,0,59,20.40
5901.5,0,43305,100,87,283.15
5901.5,1,55,0,34,6.70
5901.5,2,15,0,59,20.59
5903.6,0,43305,100,87,286.31
5903.6,1,55,0,34,11.02
5903.6,2,15,0,59,29.63
5905.7,0,43305,100,87,285.55
5905.7,1,55,0,34,6.70
5905.7,2,15,0,59,20.83
5907.7,0,43305,99,87,285.68
5907.7,1,55,0,34,6.63
5907.7,2,15,0,59,20.37
5909.8,0,43305,99,87,285.19
5909.8,1,55,0,34,8.20
5909.8,2,15,0,59,24.21
5911.9,0,43305,100,87,283.68
5911.9,1,55,0,34,6.86
5911.9,2,15,0,59,21.62
5914.0,0,43305,100,87,278.24
5914.0,1,55,0,34,6.65
5914.0,2,15,0,59,20.43
5916.1,0,43305,98,87,285.90
5916.1,1,55,0,34,6.82
5916.1,2,15,0,59,20.56
5918.2,0,43785,100,87,285.54
5918.2,1,55,0,34,11.62
5918.2,2,15,0,59,30.22
5920.3,0,43785,100,87,286.85
5920.3,1,55,0,34,6.80
5920.3,2,15,0,59,21.05
5922.4,0,43785,100,87,288.13
5922.4,1,55,0,34,6.86
5922.4,2,15,0,59,20.70
5924.5,0,43817,100,87,285.76
5924.5,1,55,0,34,8.63
5924.5,2,15,0,59,24.83
5926.6,0,43849,100,87,287.49
5926.6,1,55,0,34,7.55
5926.6,2,15,0,59,22.01
5928.7,0,43881,100,87,284.99
5928.7,1,55,0,34,6.68
5928.7,2,15,0,59,20.40
5930.8,0,43881,100,87,286.26
5930.8,1,55,0,34,6.79
5930.8,2,15,0,59,20.59
5932.9,0,43945,100,87,285.34
5932.9,1,55,0,34,11.45
5932.9,2,15,0,59,21.78
5935.0,0,43945,100,87,286.94
5935.0,1,55,0,34,7.05
5935.0,2,15,0,59,20.42
5937.1,0,43977,100,87,289.07
5937.1,1,55,0,34,7.30
5937.1,2,15,0,59,20.57
5939.2,0,43977,100,87,283.47
5939.2,1,55,0,34,11.46
5939.2,2,15,0,59,30.14
5941.3,0,43977,100,87,286.10
5941.3,1,55,0,34,7.15
5941.3,2,15,0,59,21.06
5943.4,0,43945,100,87,286.46
5943.4,1,55,0,34,6.71
5943.4,2,15,0,59,20.46
5945.5,0,43945,99,87,285.90
5945.5,1,55,0,34,7.11
5945.5,2,15,0,59,22.37
5947.6,0,43817,100,87,285.18
5947.6,1,55,0,34,7.36
5947.6,2,15,0,59,22.22
5949.7,0,43753,100,86,285.02
5949.7,1,55,0,34,6.79
5949.7,2,15,0,59,20.46
5951.8,0,43625,100,87,284.35
5951.8,1,55,0,34,7.05
5951.8,2,15,0,59,20.61
5953.9,0,43465,100,87,288.32
5953.9,1,55,0,34,11.38
5953.9,2,15,0,59,29.83
5956.0,0,43465,100,87,285.97
5956.0,1,55,0,34,7.27
5956.0,2,15,0,59,20.73
5958.1,0,43369,100,87,286.23
5958.1,1,55,0,34,6.87
5958.1,2,15,0,59,20.48
5960.2,0,43369,100,87,285.56
5960.2,1,55,0,34,8.05
5960.2,2,15,0,59,23.52
5962.3,0,45417,100,87,282.14
5962.3,1,55,0,34,7.25
5962.3,2,15,0,59,21.53
5964.3,0,43881,100,87,282.59
5964.3,1,55,0,34,6.96
5964.3,2,15,0,59,20.59
5966.4,0,43817,100,87,284.37
5966.4,1,55,0,34,6.96
5966.4,2,15,0,59,20.51
5968.5,0,43817,100,87,280.98
5968.5,1,55,0,34,11.77
5968.5,2,15,0,59,30.39
5970.6,0,43817,100,87,284.71
5970.6,1,55,0,34,7.11
5970.6,2,15,0,59,20.94
5972.7,0,23361,88,87,286.59
5972.7,1,55,0,34,6.67
5972.7,2,15,0,59,20.35
5974.8,0,23449,98,87,291.67
5974.8,1,55,0,34,11.50
5974.8,2,15,0,59,24.12
5976.9,0,23321,97,87,288.59
5976.9,1,55,0,34,7.22
5976.9,2,15,0,59,21.44
5979.0,0,27323,99,86,271.25
5979.0,1,55,0,34,6.99
5979.0,2,15,0,59,21.08
5981.1,0,23323,100,86,261.00
5981.1,1,55,0,34,7.11
5981.1,2,15,0,59,20.61
5983.2,0,23483,95,87,289.30
5983.2,1,55,0,34,11.33
5983.2,2,15,0,59,30.05
5985.2,0,23227,99,87,292.28
5985.2,1,55,0,34,6.73
5985.2,2,15,0,59,21.30
5987.3,0,22939,99,87,291.89
5987.3,1,55,0,34,7.09
5987.3,2,15,0,59,21.10
5989.4,0,26747,98,86,270.54
5989.4,1,55,0,34,12.09
5989.4,2,15,0,59,30.36
5991.5,0,23323,99,87,291.20
5991.5,1,55,0,34,7.19
5991.5,2,15,0,59,21.49
5993.6,0,23259,96,87,290.27
5993.6,1,55,0,34,6.82
5993.6,2,15,0,59,20.91
5995.7,0,22779,97,87,290.76
5995.7,1,55,0,34,6.91
5995.7,2,15,0,59,21.53
5997.8,0,22779,100,86,288.98
5997.8,1,55,0,34,7.51
5997.8,2,15,0,59,22.11
5999.9,0,22779,97,86,284.02
5999.9,1,55,0,34,6.93
5999.9,2,15,0,59,20.44
6002.0,0,22779,100,86,284.25
6002.0,1,55,0,34,7.18
6002.0,2,15,0,59,20.56
6004.1,0,32069,98,87,285.61
6004.1,1,55,0,34,11.56
6004.1,2,15,0,60,29.90
6006.2,0,32069,100,86,288.57
6006.2,1,55,0,34,7.31
6006.2,2,15,0,59,20.69
6008.3,0,32069,100,87,285.88
6008.3,1,55,0,34,6.95
6008.3,2,15,0,59,20.52
6010.3,0,32069,100,87,286.03
6010.3,1,55,0,34,8.86
6010.3,2,15,0,59,22.20
6012.4,0,32069,100,87,282.73
6012.4,1,55,0,34,7.70
6012.4,2,15,0,59,21.34
6014.5,0,32069,100,87,285.62
6014.5,1,55,0,34,7.07
6014.5,2,15,0,59,20.44
6016.6,0,32069,98,87,283.40
6016.6,1,55,0,34,7.10
6016.6,2,15,0,59,20.55
6018.7,0,32069,100,87,288.21
6018.7,1,55,0,34,11.50
6018.7,2,15,0,59,30.20
6020.8,0,32069,100,87,285.02
6020.8,1,55,0,34,6.90
6020.8,2,15,0,59,20.87
6022.8,0,32069,98,87,286.04
6022.8,1,55,0,34,7.28
6022.8,2,15,0,59,20.48
6024.9,0,32069,100,87,285.62
6024.9,1,55,0,34,9.19
6024.9,2,15,0,59,29.68
6027.0,0,32069,100,87,281.87
6027.0,1,55,0,34,7.59
6027.0,2,15,0,59,21.88
6029.1,0,32069,100,87,286.09
6029.1,1,55,0,34,6.92
6029.1,2,15,0,59,20.51
6031.2,0,32069,100,87,286.45
6031.2,1,55,0,34,7.13
6031.2,2,15,0,59,20.59
6033.3,0,32069,96,87,287.25
6033.3,1,55,0,34,7.50
6033.3,2,15,0,59,30.16
6035.4,0,41359,100,87,286.10
6035.4,1,55,0,34,6.86
6035.4,2,15,0,59,20.30
6037.5,0,41359,100,87,285.86
6037.5,1,55,0,34,7.21
6037.5,2,15,0,59,20.53
6039.6,0,41359,95,87,284.77
6039.6,1,55,0,34,11.92
6039.6,2,15,0,59,30.14
6041.6,0,41359,100,87,286.31
6041.6,1,55,0,34,7.16
6041.6,2,15,0,59,20.80
6043.7,0,41359,100,87,284.48
6043.7,1,55,0,34,6.92
6043.7,2,15,0,59,20.40
6045.8,0,41359,100,87,288.10
6045.8,1,55,0,34,8.13
6045.8,2,15,0,59,20.33
6047.9,0,41359,98,87,286.17
6047.9,1,55,0,34,7.21
6047.9,2,15,0,59,21.77
6049.9,0,41359,100,87,286.03
6049.9,1,55,0,34,6.75
6049.9,2,15,0,59,20.34
6052.0,0,41359,100,87,284.33
6052.0,1,55,0,34,6.83
6052.0,2,15,0,59,20.45
6054.1,0,41359,100,86,286.46
6054.1,1,55,0,34,11.41
6054.1,2,15,0,59,30.02
6056.1,0,41359,100,87,285.34
6056.1,1,55,0,34,6.78
6056.1,2,15,0,59,20.56
6058.2,0,41359,100,86,284.30
6058.2,1,55,0,34,6.57
6058.2,2,15,0,59,20.45
6060.3,0,41359,100,87,287.75
6060.3,1,55,0,34,8.67
6060.3,2,15,0,59,21.52
6062.4,0,41359,95,87,284.55
6062.4,1,55,0,34,7.13
6062.4,2,15,0,59,22.32
6064.5,0,41359,100,87,284.73
6064.5,1,55,0,34,6.70
6064.5,2,15,0,59,20.43
6066.6,0,41359,100,87,284.32
6066.6,1,55,0,34,6.85
6066.6,2,15,0,59,20.47
6068.7,0,41359,100,87,285.31
6068.7,1,55,0,34,11.13
6068.7,2,15,0,59,29.37
6070.8,0,41359,98,87,284.59
6070.8,1,55,0,34,6.89
6070.8,2,15,0,59,20.71
6072.8,0,41359,100,87,286.97
6072.8,1,55,0,34,7.26
6072.8,2,15,0,59,20.30
6074.9,0,41359,100,87,285.70
6074.9,1,55,0,34,9.16
6074.9,2,15,0,59,24.69
6077.0,0,41359,100,87,283.01
6077.0,1,55,0,34,7.59
6077.0,2,15,0,59,21.54
6079.1,0,41359,100,87,285.91
6079.1,1,55,0,34,7.05
6079.1,2,15,0,59,20.28
6081.2,0,41359,100,87,283.92
6081.2,1,55,0,34,7.22
6081.2,2,15,0,59,20.48
6083.3,0,41359,100,87,283.11
6083.3,1,55,0,34,11.70
6083.3,2,15,0,59,30.17
6085.4,0,41359,100,87,286.10
6085.4,1,55,0,34,7.24
6085.4,2,15,0,59,20.42
6087.5,0,41359,100,87,285.54
6087.5,1,55,0,34,6.93
6087.5,2,15,0,59,20.50
6089.6,0,41359,100,87,285.98
6089.6,1,55,0,34,9.52
6089.6,2,15,0,59,30.16
6091.7,0,41359,100,87,287.27
6091.7,1,55,0,34,7.86
6091.7,2,15,0,59,20.84
6093.7,0,41359,100,87,285.14
6093.7,1,55,0,34,7.05
6093.7,2,15,0,59,20.41
6095.8,0,41359,100,86,286.78
6095.8,1,55,0,34,8.03
6095.8,2,15,0,59,20.41
6097.9,0,41359,99,87,288.12
6097.9,1,55,0,34,7.28
6097.9,2,15,0,59,21.83
6100.0,0,41359,100,87,286.67
6100.0,1,55,0,34,6.73
6100.0,2,15,0,59,20.40
6102.1,0,41359,100,87,284.09
6102.1,1,55,0,34,7.00
6102.1,2,15,0,59,20.57
6104.2,0,41359,100,87,285.35
6104.2,1,55,0,34,11.70
6104.2,2,15,0,59,29.91
6106.3,0,41359,100,87,283.41
6106.3,1,55,0,34,6.86
6106.3,2,15,0,59,20.54
6108.4,0,41359,99,87,286.45
6108.4,1,55,0,34,6.80
6108.4,2,15,0,59,20.44
6110.5,0,41359,100,87,287.01
6110.5,1,55,0,34,8.63
6110.5,2,15,0,59,23.46
6112.6,0,41359,100,87,285.12
6112.6,1,55,0,34,7.79
6112.6,2,15,0,59,22.23
6114.7,0,41359,100,87,286.84
6114.7,1,55,0,34,6.58
6114.7,2,15,0,59,20.45
6116.7,0,41359,100,87,283.37
6116.7,1,55,0,34,6.95
6116.7,2,15,0,59,20.46
6118.8,0,41359,99,87,285.84
6118.8,1,55,0,34,11.16
6118.8,2,15,0,59,29.58
6120.9,0,41359,100,87,283.26
6120.9,1,55,0,34,6.67
6120.9,2,15,0,59,20.71
6123.0,0,41359,100,87,287.04
6123.0,1,55,0,34,6.73
6123.0,2,15,0,59,20.45
6125.1,0,41359,100,87,286.98
6125.1,1,55,0,34,8.65
6125.1,2,15,0,59,24.19
6127.2,0,41359,100,87,287.28
6127.2,1,55,0,34,7.31
6127.2,2,15,0,59,21.88
6129.3,0,41359,100,87,283.46
6129.3,1,55,0,34,6.85
6129.3,2,15,0,59,20.45
6131.4,0,41359,100,87,284.74
6131.4,1,55,0,34,6.88
6131.4,2,15,0,59,20.57
6133.5,0,41359,100,87,284.88
6133.5,1,55,0,34,11.66
6133.5,2,15,0,59,22.31
6135.6,0,41359,100,87,280.10
6135.6,1,55,0,34,6.84
6135.6,2,15,0,59,20.30
6137.7,0,41359,100,87,283.50
6137.7,1,55,0,34,6.80
6137.7,2,15,0,59,20.39
6139.8,0,41359,99,87,287.99
6139.8,1,55,0,34,8.88
6139.8,2,15,0,59,24.69
6141.9,0,41359,100,87,283.17
6141.9,1,55,0,34,6.87
6141.9,2,15,0,59,22.02
6144.0,0,41359,97,87,288.67
6144.0,1,55,0,34,7.01
6144.0,2,15,0,59,20.42
6146.1,0,41359,98,87,285.59
6146.1,1,55,1,34,7.30
6146.1,2,15,0,59,20.99
6148.2,0,41359,100,87,285.45
6148.2,1,55,0,34,7.36
6148.2,2,15,0,59,21.78
6150.3,0,41359,99,87,283.95
6150.3,1,55,0,34,6.91
6150.3,2,15,0,59,20.47
6152.3,0,41359,100,87,283.84
6152.3,1,55,0,34,6.98
6152.3,2,15,0,59,20.45
6154.4,0,41359,100,87,285.43
6154.4,1,55,0,34,11.59
6154.4,2,15,0,59,30.08
6156.5,0,41359,100,87,284.69
6156.5,1,55,0,34,6.82
6156.5,2,15,0,59,20.45
6158.6,0,41359,100,87,281.82
6158.6,1,55,0,34,6.73
6158.6,2,15,0,59,20.44
6160.7,0,41359,100,87,284.20
6160.7,1,55,0,34,7.75
6160.7,2,15,0,59,22.44
6162.8,0,41359,100,87,286.19
6162.8,1,55,0,34,7.54
6162.8,2,15,0,59,22.39
6164.9,0,41359,100,87,286.21
6164.9,1,55,0,34,6.74
6164.9,2,15,0,59,20.52
6167.0,0,41359,100,87,284.58
6167.0,1,55,0,34,6.99
6167.0,2,15,0,59,20.71
6169.1,0,41359,98,87,283.40
6169.1,1,55,0,34,11.27
6169.1,2,15,0,59,29.94
6171.1,0,41359,100,87,285.28
6171.1,1,55,0,34,7.05
6171.1,2,15,0,59,20.86
6173.2,0,41359,100,87,285.62
6173.2,1,55,0,34,6.86
6173.2,2,15,0,59,20.49
6175.3,0,41359,100,87,285.48
6175.3,1,55,0,34,9.07
6175.3,2,15,0,59,23.34
6177.4,0,41359,100,87,288.61
6177.4,1,55,0,34,7.13
6177.4,2,15,0,59,21.81
6179.5,0,41359,98,87,283.51
6179.5,1,55,0,34,6.74
6179.5,2,15,0,59,20.60
6181.6,0,41359,100,87,285.44
6181.6,1,55,0,34,6.89
6181.6,2,15,0,59,20.75
6183.7,0,41359,100,87,285.82
6183.7,1,55,0,34,11.66
6183.7,2,15,0,60,30.24
6185.8,0,41359,97,87,286.58
6185.8,1,55,0,34,7.13
6185.8,2,15,0,59,21.02
6187.9,0,41359,100,87,285.82
6187.9,1,55,0,34,7.10
6187.9,2,15,0,59,20.51
6190.0,0,41359,100,87,286.62
6190.0,1,55,0,34,11.61
6190.0,2,15,0,59,29.88
6192.1,0,41359,99,87,283.58
6192.1,1,55,0,34,7.20
6192.1,2,15,0,59,20.95
6194.2,0,41359,100,87,286.51
6194.2,1,55,0,34,7.17
6194.2,2,15,0,59,20.63
6196.3,0,22309,100,87,215.88
6196.3,1,55,0,34,6.34
6196.3,2,15,0,59,20.46
6198.3,0,40755,99,87,285.77
6198.3,1,55,0,34,7.36
6198.3,2,15,0,59,30.06
6200.4,0,40755,100,87,290.61
6200.4,1,55,0,34,6.72
6200.4,2,15,0,59,21.13
6202.5,0,40755,97,87,288.68
6202.5,1,55,0,34,6.97
6202.5,2,15,0,59,21.33
6204.6,0,40755,97,87,293.83
6204.6,1,55,0,34,11.45
6204.6,2,15,0,60,30.38
6206.7,0,40755,97,87,291.04
6206.7,1,55,0,34,7.18
6206.7,2,15,0,59,21.82
6208.8,0,40755,99,87,286.83
6208.8,1,55,0,34,7.01
6208.8,2,15,0,59,21.27
6210.8,0,40755,98,87,286.53
6210.8,1,55,0,34,8.68
6210.8,2,15,0,59,22.55
6212.9,0,40755,98,87,289.33
6212.9,1,55,0,34,7.88
6212.9,2,15,0,59,23.06
6215.0,0,40757,98,87,288.54
6215.0,1,55,0,34,6.83
6215.0,2,15,0,59,21.29
6217.1,0,40757,100,87,287.99
6217.1,1,55,0,34,6.95
6217.1,2,15,0,59,21.36
6219.2,0,40757,100,87,288.51
6219.2,1,55,0,34,11.67
6219.2,2,15,0,60,29.95
6221.3,0,40757,98,87,287.20
6221.3,1,55,0,34,6.95
6221.3,2,15,0,59,21.42
6223.4,0,40757,97,87,286.26
6223.4,1,55,0,34,6.82
6223.4,2,15,0,59,21.20
6225.5,0,40757,99,87,289.09
6225.5,1,55,0,34,8.97
6225.5,2,15,0,59,25.33
6227.6,0,40757,98,87,290.40
6227.6,1,55,0,34,6.89
6227.6,2,15,0,60,22.02
6229.6,0,40757,99,87,287.88
6229.6,1,55,0,34,6.83
6229.6,2,15,0,59,20.80
6231.7,0,40757,99,87,291.20
6231.7,1,55,0,34,7.09
6231.7,2,15,0,59,20.97
6233.8,0,40757,97,87,289.89
6233.8,1,55,0,34,11.75
6233.8,2,15,0,60,30.19
6235.9,0,40757,100,87,285.13
6235.9,1,55,0,34,6.95
6235.9,2,15,0,59,21.45
6238.0,0,40757,100,87,287.67
6238.0,1,55,0,34,7.05
6238.0,2,15,0,59,21.13
6240.0,0,40757,97,87,290.48
6240.0,1,55,0,34,11.55
6240.0,2,15,0,59,29.89
6242.1,0,40757,100,87,285.55
6242.1,1,55,0,34,7.57
6242.1,2,15,0,60,21.30
6244.2,0,12533,100,87,282.43
6244.2,1,55,0,34,6.79
6244.2,2,15,0,59,21.05
6246.3,0,12533,100,87,296.81
6246.3,1,55,0,34,7.03
6246.3,2,15,0,59,20.90
6248.4,0,12555,100,87,295.89
6248.4,1,55,0,34,7.18
6248.4,2,15,0,60,29.96
6250.5,0,12555,100,88,295.76
6250.5,1,55,0,34,7.07
6250.5,2,15,0,59,21.16
6252.6,0,12555,100,87,295.00
6252.6,1,55,0,34,7.07
6252.6,2,15,0,59,21.30
6254.7,0,12555,100,87,292.63
6254.7,1,55,0,34,11.69
6254.7,2,15,0,60,30.34
6256.8,0,12555,100,88,294.27
6256.8,1,55,0,34,7.17
6256.8,2,15,0,59,21.57
6258.8,0,12555,100,87,292.69
6258.8,1,55,0,34,6.95
6258.8,2,15,0,59,21.00
6260.9,0,12555,100,88,291.82
6260.9,1,55,0,34,8.33
6260.9,2,15,0,60,23.82
6263.0,0,12555,100,88,292.63
6263.0,1,55,0,34,7.56
6263.0,2,15,0,60,22.60
6265.1,0,12555,100,88,292.00
6265.1,1,55,0,34,6.99
6265.1,2,15,0,59,21.13
6267.2,0,12555,100,88,292.89
6267.2,1,55,0,34,7.17
6267.2,2,15,0,59,21.10
6269.3,0,12555,100,88,292.72
6269.3,1,55,0,34,11.77
6269.3,2,15,0,60,29.89
6271.4,0,12555,100,88,292.57
6271.4,1,55,0,34,6.96
6271.4,2,15,0,59,21.28
6273.5,0,12555,100,88,292.84
6273.5,1,55,0,34,6.95
6273.5,2,15,0,59,20.93
6275.5,0,12555,100,88,292.23
6275.5,1,55,0,34,8.73
6275.5,2,15,0,59,24.59
6277.6,0,12555,100,88,292.60
6277.6,1,55,0,34,7.77
6277.6,2,15,0,60,22.80
6279.7,0,12555,100,88,292.88
6279.7,1,55,0,34,6.84
6279.7,2,15,0,59,20.88
6281.8,0,12555,99,87,291.93
6281.8,1,55,0,34,6.86
6281.8,2,15,0,59,21.00
6283.9,0,12555,100,88,292.06
6283.9,1,55,0,34,11.40
6283.9,2,15,0,60,29.61
6286.0,0,12555,100,87,292.54
6286.0,1,55,0,34,7.11
6286.0,2,15,0,59,21.13
6288.1,0,12555,100,88,292.68
6288.1,1,55,0,34,6.74
6288.1,2,15,0,59,21.13
6290.2,0,12557,99,88,292.76
6290.2,1,55,0,34,8.86
6290.2,2,15,0,60,25.31
6292.2,0,12557,100,88,293.48
6292.2,1,55,0,34,7.55
6292.2,2,15,0,60,22.38
6294.3,0,12557,99,88,293.43
6294.3,1,55,0,34,6.74
6294.3,2,15,0,59,21.04
6296.4,0,12557,100,88,291.46
6296.4,1,55,0,34,7.02
6296.4,2,15,0,59,21.15
6298.5,0,12557,100,88,293.73
6298.5,1,55,0,34,6.99
6298.5,2,15,0,59,22.08
6300.6,0,12557,100,88,292.39
6300.6,1,55,0,34,6.84
6300.6,2,15,0,59,21.08
6302.7,0,12557,100,88,291.86
6302.7,1,55,0,34,6.97
6302.7,2,15,0,59,21.13
6304.8,0,12557,100,88,293.83
6304.8,1,55,0,34,9.35
6304.8,2,15,0,60,30.18
6306.9,0,12557,100,88,294.05
6306.9,1,55,0,34,7.21
6306.9,2,15,0,59,21.36
6309.0,0,12557,100,87,292.52
6309.0,1,55,0,34,7.15
6309.0,2,15,0,59,20.80
6311.1,0,12557,100,88,291.92
6311.1,1,55,0,34,7.93
6311.1,2,15,0,59,22.92
6313.2,0,12557,100,88,293.54
6313.2,1,55,0,34,7.22
6313.2,2,15,0,60,22.40
6315.2,0,12557,100,88,292.39
6315.2,1,55,0,34,6.61
6315.2,2,15,0,59,21.01
6317.3,0,12557,100,88,292.41
6317.3,1,55,0,34,6.86
6317.3,2,15,0,59,21.17
6319.4,0,12557,100,88,292.39
6319.4,1,55,0,34,11.39
6319.4,2,15,0,60,29.96
6321.5,0,12557,100,88,291.44
6321.5,1,55,0,34,6.90
6321.5,2,15,0,59,21.15
6323.6,0,12557,100,88,294.48
6323.6,1,55,0,34,7.05
6323.6,2,15,0,59,21.03
6325.7,0,12557,100,88,293.60
6325.7,1,55,0,34,8.68
6325.7,2,15,0,59,24.00
6327.8,0,12557,100,88,292.83
6327.8,1,55,0,34,7.75
6327.8,2,15,0,60,22.82
6329.8,0,12557,100,87,292.72
6329.8,1,55,0,34,6.97
6329.8,2,15,0,59,20.89
6331.9,0,12557,100,88,292.60
6331.9,1,55,0,34,7.19
6331.9,2,15,0,59,20.88
6334.0,0,12557,100,88,293.43
6334.0,1,55,0,34,11.45
6334.0,2,15,0,60,29.69
6336.1,0,12557,100,87,292.42
6336.1,1,55,0,34,7.26
6336.1,2,15,0,59,21.35
6338.2,0,12557,100,87,293.02
6338.2,1,55,0,34,6.88
6338.2,2,15,0,59,20.88
6340.3,0,12557,100,88,294.57
6340.3,1,55,0,34,8.97
6340.3,2,15,0,60,24.29
6342.4,0,12557,100,88,293.76
6342.4,1,55,0,34,7.54
6342.4,2,15,0,60,21.97
6344.4,0,12557,100,88,294.34
6344.4,1,55,0,34,6.85
6344.4,2,15,0,59,20.83
6346.6,0,12557,100,87,293.33
6346.6,1,55,0,34,7.00
6346.6,2,15,0,59,20.82
6348.7,0,12557,100,88,293.84
6348.7,1,55,0,34,11.97
6348.7,2,15,0,60,29.98
6350.8,0,12557,100,88,293.76
6350.8,1,55,0,34,6.93
6350.8,2,15,0,59,20.98
6352.9,0,12557,100,88,294.29
6352.9,1,55,0,34,7.03
6352.9,2,15,0,59,21.01
6355.0,0,12557,100,87,294.39
6355.0,1,55,0,34,11.86
6355.0,2,15,0,60,30.22
6357.1,0,12557,100,88,293.14
6357.1,1,55,0,34,6.98
6357.1,2,15,0,59,21.26
6359.2,0,12557,100,87,293.50
6359.2,1,55,0,34,6.91
6359.2,2,15,0,59,20.85
6361.3,0,12557,100,88,293.95
6361.3,1,55,0,34,7.34
6361.3,2,15,0,59,21.58
6363.4,0,12557,100,88,294.28
6363.4,1,55,0,34,6.95
6363.4,2,15,0,60,22.51
6365.4,0,12557,100,88,295.50
6365.4,1,55,0,34,6.93
6365.4,2,15,0,59,20.99
6367.5,0,12557,100,88,294.62
6367.5,1,55,0,34,6.81
6367.5,2,15,0,59,20.95
6369.6,0,12557,100,88,294.24
6369.6,1,55,0,34,11.58
6369.6,2,15,0,60,30.07
6371.7,0,12557,100,88,293.27
6371.7,1,55,0,34,6.99
6371.7,2,15,0,59,20.98
6373.8,0,12557,100,88,294.26
6373.8,1,55,0,34,6.89
6373.8,2,15,0,59,20.92
6375.9,0,12557,100,88,294.37
6375.9,1,55,0,34,7.97
6375.9,2,15,0,60,22.81
6378.0,0,12557,100,87,293.80
6378.0,1,55,0,34,7.40
6378.0,2,15,0,60,22.67
6380.1,0,12557,100,88,294.76
6380.1,1,55,0,34,6.74
6380.1,2,15,0,59,20.93
6382.1,0,12557,100,88,294.59
6382.1,1,55,0,34,7.01
6382.1,2,15,0,59,21.08
6384.2,0,12557,99,87,293.85
6384.2,1,55,0,34,11.53
6384.2,2,15,0,60,29.78
6386.3,0,12557,100,88,293.86
6386.3,1,55,0,34,7.02
6386.3,2,15,0,59,21.36
6388.4,0,12557,100,88,293.67
6388.4,1,55,0,34,6.91
6388.4,2,15,0,59,21.14
6390.5,0,12557,100,87,294.65
6390.5,1,55,0,34,11.65
6390.5,2,15,0,60,30.11
6392.6,0,12533,99,88,293.65
6392.6,1,55,0,34,7.46
6392.6,2,15,0,59,21.18
6394.7,0,12533,100,87,294.49
6394.7,1,55,0,34,6.82
6394.7,2,15,0,59,21.10
6396.8,0,12533,100,87,294.35
6396.8,1,55,0,34,6.90
6396.8,2,15,0,59,21.08
6398.9,0,12511,99,87,294.73
6398.9,1,55,0,34,11.84
6398.9,2,15,0,60,30.24
6401.0,0,12511,100,87,292.96
6401.0,1,55,0,34,6.81
6401.0,2,15,0,59,21.70
6403.0,0,12511,100,88,294.97
6403.0,1,55,0,34,7.18
6403.0,2,15,0,59,21.32
6405.1,0,12511,100,88,294.23
6405.1,1,55,0,34,11.76
6405.1,2,15,0,60,29.83
6407.2,0,12511,99,88,294.03
6407.2,1,55,0,34,7.05
6407.2,2,15,0,59,21.39
6409.3,0,12511,100,87,294.40
6409.3,1,55,0,34,6.96
6409.3,2,15,0,59,21.04
6411.4,0,12511,99,87,295.52
6411.4,1,55,0,34,6.95
6411.4,2,15,0,59,20.93
6413.5,0,12511,100,88,294.40
6413.5,1,55,0,34,7.30
6413.5,2,15,0,60,22.26
6415.6,0,12511,100,87,295.75
6415.6,1,55,0,34,7.00
6415.6,2,15,0,59,21.01
6417.7,0,12511,100,88,295.96
6417.7,1,55,0,34,7.01
6417.7,2,15,0,59,21.14
6419.7,0,12511,99,88,295.47
6419.7,1,55,0,34,11.45
6419.7,2,15,0,60,30.19
6421.8,0,12511,100,87,294.71
6421.8,1,55,0,34,6.86
6421.8,2,15,0,59,20.98
6423.9,0,12511,0,82,118.05
6423.9,1,55,0,34,6.73
6423.9,2,15,0,59,20.31
6426.0,0,12511,0,80,104.29
6426.0,1,55,0,34,8.70
6426.0,2,15,0,60,24.36
6428.1,0,12511,100,84,209.28
6428.1,1,55,0,34,7.59
6428.1,2,15,0,60,21.99
6430.2,0,12511,100,85,293.34
6430.2,1,55,0,34,6.59
6430.2,2,15,0,59,21.05
6432.2,0,12511,99,85,291.28
6432.2,1,55,0,34,6.94
6432.2,2,15,0,59,21.28
6434.3,0,12511,100,85,299.20
6434.3,1,55,0,34,11.54
6434.3,2,15,0,60,29.88
6436.4,0,12511,100,85,298.01
6436.4,1,55,0,34,7.02
6436.4,2,15,0,59,21.51
6438.5,0,12511,100,86,296.45
6438.5,1,55,0,34,6.82
6438.5,2,15,0,59,21.25
6440.6,0,12511,100,86,299.30
6440.6,1,55,0,34,11.37
6440.6,2,15,0,60,25.43
6442.7,0,12511,99,86,290.23
6442.7,1,55,0,34,7.28
6442.7,2,15,0,60,22.08
6444.8,0,12511,98,86,298.82
6444.8,1,55,0,34,6.83
6444.8,2,15,0,59,21.02
6446.9,0,12511,100,86,299.44
6446.9,1,55,0,34,6.94
6446.9,2,15,0,59,21.13
6448.9,0,12511,6,81,115.51
6448.9,1,55,0,34,7.45
6448.9,2,15,0,60,30.80
6451.0,0,12511,0,79,104.18
6451.0,1,55,0,34,6.76
6451.0,2,15,0,59,20.30
6453.1,0,12511,0,78,103.07
6453.1,1,55,0,34,6.97
6453.1,2,15,0,59,20.38
6455.2,0,12511,0,77,102.19
6455.2,1,55,0,34,11.57
6455.2,2,15,0,60,29.68
6457.3,0,12511,0,76,100.55
6457.3,1,55,0,34,6.96
6457.3,2,15,0,59,20.51
6459.4,0,12511,0,75,99.13
6459.4,1,55,0,34,7.00
6459.4,2,15,0,59,20.25
6461.5,0,12511,0,74,97.45
6461.5,1,55,0,34,8.26
6461.5,2,15,0,59,20.23
6463.6,0,12511,21,75,118.57
6463.6,1,55,0,34,7.35
6463.6,2,15,0,60,21.67
6465.6,0,12511,21,75,149.74
6465.6,1,55,0,34,6.97
6465.6,2,15,0,59,20.67
6467.7,0,12511,99,79,272.34
6467.7,1,55,0,34,6.99
6467.7,2,15,0,59,20.90
6469.8,0,12511,8,80,277.29
6469.8,1,55,0,34,11.18
6469.8,2,15,0,60,30.27
6471.9,0,12511,27,77,203.68
6471.9,1,55,0,34,7.02
6471.9,2,15,0,59,21.66
6474.0,0,12511,14,76,148.57
6474.0,1,55,0,34,6.47
6474.0,2,15,0,59,20.62
6476.1,0,12511,15,75,140.30
6476.1,1,55,0,34,7.84
6476.1,2,15,0,59,23.78
6478.1,0,12511,17,76,156.16
6478.1,1,55,0,34,6.08
6478.1,2,15,0,59,22.35
6480.2,0,12511,64,79,214.34
6480.2,1,55,0,34,5.73
6480.2,2,15,0,59,20.68
6482.3,0,12511,0,76,250.60
6482.3,1,55,0,34,5.78
6482.3,2,15,0,59,21.37
6484.3,0,12511,94,80,197.13
6484.3,1,55,0,34,9.92
6484.3,2,15,0,59,29.89
6486.4,0,12511,0,76,179.50
6486.4,1,55,0,34,5.69
6486.4,2,15,0,59,21.23
6488.5,0,12353,100,80,277.96
6488.5,1,55,0,34,5.74
6488.5,2,15,0,59,20.42
6490.6,0,12353,90,81,298.66
6490.6,1,55,0,34,8.50
6490.6,2,15,0,59,24.78
6492.7,0,12355,100,82,298.61
6492.7,1,55,0,34,6.95
6492.7,2,15,0,59,22.17
6494.8,0,12355,100,83,297.99
6494.8,1,55,0,34,6.53
6494.8,2,15,0,59,21.15
6496.9,0,12355,100,84,299.46
6496.9,1,55,0,34,6.84
6496.9,2,15,0,59,21.22
6499.0,0,4271,100,84,249.26
6499.0,1,55,0,34,11.57
6499.0,2,15,0,59,30.24
6501.1,0,4971,99,84,298.75
6501.1,1,55,0,34,6.83
6501.1,2,15,0,59,20.93
6503.2,0,4971,97,84,279.33
6503.2,1,55,0,34,6.85
6503.2,2,15,0,59,21.08
6505.3,0,4971,100,85,298.89
6505.3,1,55,0,34,8.60
6505.3,2,15,0,59,25.30
6507.4,0,4971,100,86,268.43
6507.4,1,55,0,34,7.04
6507.4,2,15,0,59,22.56
6509.5,0,4971,100,86,298.62
6509.5,1,55,0,34,6.69
6509.5,2,15,0,59,21.05
6511.6,0,4971,100,86,299.03
6511.6,1,55,0,34,7.07
6511.6,2,15,0,59,22.06
6513.6,0,4971,100,87,299.36
6513.6,1,55,0,34,6.93
6513.6,2,15,0,59,22.28
6515.7,0,4971,99,87,299.33
6515.7,1,55,0,34,6.64
6515.7,2,15,0,59,21.02
6517.8,0,4971,100,86,293.28
6517.8,1,55,0,34,6.84
6517.8,2,15,0,59,21.15
6519.9,0,4971,100,88,293.99
6519.9,1,55,0,34,11.59
6519.9,2,15,0,59,30.33
6522.0,0,4971,100,87,274.77
6522.0,1,55,0,34,6.96
6522.0,2,15,0,59,21.66
6524.1,0,4971,99,88,288.46
6524.1,1,55,0,34,6.59
6524.1,2,15,0,59,20.95
6526.1,0,4971,99,88,273.09
6526.1,1,55,0,34,7.95
6526.1,2,15,0,59,22.94
6528.2,0,4971,100,88,286.40
6528.2,1,55,0,34,7.32
6528.2,2,15,0,59,22.64
6530.3,0,3833,99,87,285.52
6530.3,1,55,0,34,6.65
6530.3,2,15,0,59,21.16
6532.4,0,3833,0,83,117.50
6532.4,1,55,0,34,7.05
6532.4,2,15,0,59,20.62
6534.5,0,3833,0,81,104.48
6534.5,1,55,0,34,11.80
6534.5,2,15,0,59,29.93
6536.5,0,3833,0,80,103.78
6536.5,1,55,0,34,6.83
6536.5,2,15,0,59,20.48
6538.6,0,3833,0,79,103.30
6538.6,1,55,0,34,6.89
6538.6,2,15,0,59,20.25
6540.7,0,3833,0,82,128.04
6540.7,1,55,0,34,8.48
6540.7,2,15,0,59,23.29
6542.8,0,3833,0,77,108.53
6542.8,1,55,0,34,7.62
6542.8,2,15,0,59,22.35
6544.8,0,3833,0,77,101.44
6544.8,1,55,0,34,6.78
6544.8,2,15,0,59,20.28
6546.9,0,3833,0,76,99.51
6546.9,1,55,0,34,6.67
6546.9,2,15,0,59,20.39
6549.0,0,4145,92,79,129.03
6549.0,1,55,0,34,11.32
6549.0,2,15,0,59,29.66
6551.1,0,4769,19,77,272.13
6551.1,1,55,0,34,7.09
6551.1,2,15,0,59,21.43
6553.1,0,4771,100,82,294.13
6553.1,1,55,0,34,6.91
6553.1,2,15,0,58,21.25
6555.2,0,4771,83,82,288.23
6555.2,1,55,0,34,8.75
6555.2,2,15,0,59,25.04
6557.3,0,4771,83,81,293.40
6557.3,1,55,0,34,7.50
6557.3,2,15,0,59,22.51
6559.4,0,4771,96,83,288.40
6559.4,1,55,0,34,6.80
6559.4,2,15,0,58,21.17
6561.5,0,4771,90,84,291.04
6561.5,1,55,0,34,6.82
6561.5,2,15,0,58,21.29
6563.6,0,4771,13,79,132.51
6563.6,1,55,0,34,7.38
6563.6,2,15,0,59,21.85
6565.7,0,4771,40,78,141.14
6565.7,1,55,0,34,6.92
6565.7,2,15,0,58,20.70
6567.8,0,4771,83,83,270.65
6567.8,1,55,0,34,7.05
6567.8,2,15,0,58,21.29
6569.8,0,4771,98,83,289.52
6569.8,1,55,0,34,8.77
6569.8,2,15,0,59,25.60
6571.9,0,4771,0,78,109.82
6571.9,1,55,0,34,7.28
6571.9,2,15,0,59,22.17
6574.0,0,4771,0,77,102.28
6574.0,1,55,0,34,6.58
6574.0,2,15,0,58,20.34
6576.0,0,4771,100,82,183.42
6576.0,1,55,0,34,7.21
6576.0,2,15,0,59,22.19
6578.1,0,4771,98,82,291.50
6578.1,1,55,0,34,6.87
6578.1,2,15,0,59,22.75
6580.2,0,5239,100,83,287.47
6580.2,1,55,0,34,6.39
6580.2,2,15,0,58,21.37
6582.3,0,5239,95,84,288.54
6582.3,1,55,0,34,6.47
6582.3,2,15,0,58,21.55
6584.3,0,5239,98,84,285.60
6584.3,1,55,0,34,10.04
6584.3,2,15,0,59,29.97
6586.4,0,5239,98,85,292.62
6586.4,1,55,0,34,5.82
6586.4,2,15,0,58,21.65
6588.5,0,5239,100,85,292.79
6588.5,1,55,0,34,5.73
6588.5,2,15,0,58,21.51
6590.6,0,5239,93,85,293.55
6590.6,1,55,0,34,7.22
6590.6,2,15,0,59,23.77
6592.6,0,5239,90,86,283.95
6592.6,1,55,0,34,6.28
6592.6,2,15,0,59,22.93
6594.7,0,5239,6,81,144.97
6594.7,1,55,0,34,5.67
6594.7,2,15,0,58,20.77
6596.7,0,5239,11,81,127.91
6596.7,1,55,0,34,6.05
6596.7,2,15,0,58,20.69
6598.8,0,5239,8,80,130.04
6598.8,1,55,0,34,10.06
6598.8,2,15,0,58,29.93
6600.9,0,5239,6,80,132.30
6600.9,1,55,0,34,6.00
6600.9,2,15,0,58,20.95
6603.0,0,5239,96,83,264.90
6603.0,1,55,0,34,5.80
6603.0,2,15,0,58,20.85
6605.0,0,5239,98,84,283.86
6605.0,1,55,0,34,7.43
6605.0,2,15,0,58,24.25
6607.1,0,5239,0,81,213.94
6607.1,1,55,0,34,6.13
6607.1,2,15,0,58,22.40
6609.2,0,4693,64,84,194.68
6609.2,1,55,0,34,6.65
6609.2,2,15,0,58,20.38
6611.3,0,4695,72,85,287.49
6611.3,1,55,0,34,7.11
6611.3,2,15,0,58,21.26
6613.4,0,4125,67,79,122.55
6613.4,1,55,0,34,11.47
6613.4,2,15,0,58,30.10
6615.5,0,4905,100,84,294.93
6615.5,1,55,0,34,6.96
6615.5,2,15,0,58,21.72
6617.5,0,4905,98,85,294.06
6617.5,1,55,0,34,6.73
6617.5,2,15,0,58,21.19
6619.6,0,4905,99,86,297.68
6619.6,1,55,0,34,9.03
6619.6,2,15,0,58,24.62
6621.7,0,4905,91,86,293.77
6621.7,1,55,0,34,7.40
6621.7,2,15,0,58,22.73
6623.8,0,4905,4,82,142.85
6623.8,1,55,0,34,6.81
6623.8,2,15,0,58,20.83
6625.9,0,4907,8,85,196.35
6625.9,1,55,0,34,6.74
6625.9,2,15,0,58,20.62
6627.9,0,4907,96,86,292.04
6627.9,1,55,0,34,10.66
6627.9,2,15,0,58,29.65
6630.0,0,4907,100,86,294.06
6630.0,1,55,0,34,6.52
6630.0,2,15,0,58,21.48
6632.1,0,4907,11,83,178.77
6632.1,1,55,0,34,6.64
6632.1,2,15,0,58,21.21
6634.1,0,4907,5,81,115.96
6634.1,1,55,0,34,8.06
6634.1,2,15,0,58,25.23
6636.2,0,4907,5,80,119.38
6636.2,1,55,0,34,6.25
6636.2,2,15,0,58,21.69
6638.3,0,4907,7,80,121.71
6638.3,1,55,0,34,5.78
6638.3,2,15,0,58,20.41
6640.3,0,4907,4,79,111.11
6640.3,1,55,0,34,6.02
6640.3,2,15,0,58,20.59
6642.4,0,4907,7,78,122.72
6642.4,1,55,0,34,10.35
6642.4,2,15,0,58,30.28
6644.5,0,4907,1,77,109.86
6644.5,1,55,0,34,5.90
6644.5,2,15,0,58,20.96
6646.5,0,4907,18,76,114.39
6646.5,1,55,0,34,5.89
6646.5,2,15,0,58,20.47
6648.6,0,4907,9,77,118.59
6648.6,1,55,0,34,9.95
6648.6,2,15,0,58,29.99
6650.7,0,4907,9,80,171.05
6650.7,1,55,0,34,5.86
6650.7,2,15,0,58,21.08
6652.8,0,4907,90,82,287.34
6652.8,1,55,0,34,5.62
6652.8,2,15,0,58,21.30
6654.8,0,4907,93,83,292.32
6654.8,1,55,0,34,5.63
6654.8,2,15,0,58,21.26
6656.9,0,4907,95,83,290.64
6656.9,1,55,0,34,10.16
6656.9,2,15,0,58,29.65
6659.0,0,4907,98,84,292.44
6659.0,1,55,0,34,5.86
6659.0,2,15,0,58,21.42
6661.1,0,4907,96,84,297.36
6661.1,1,55,0,34,5.83
6661.1,2,15,0,58,21.28
6663.1,0,4907,95,85,297.50
6663.1,1,55,0,34,11.94
6663.1,2,15,0,58,29.95
6665.2,0,4337,85,84,286.74
6665.2,1,55,0,34,7.01
6665.2,2,15,0,58,21.59
6667.3,0,4337,95,86,292.58
6667.3,1,55,0,34,6.88
6667.3,2,15,0,58,21.09
6669.4,0,4337,13,82,157.05
6669.4,1,55,0,34,7.22
6669.4,2,15,0,58,20.74
6671.5,0,4337,12,81,126.61
6671.5,1,55,0,34,7.55
6671.5,2,15,0,58,22.06
6673.6,0,4337,5,80,129.19
6673.6,1,55,0,34,7.00
6673.6,2,15,0,58,20.42
6675.7,0,4651,96,84,287.68
6675.7,1,55,0,34,7.03
6675.7,2,15,0,58,20.94
6677.7,0,4651,1,80,196.96
6677.7,1,55,0,34,11.61
6677.7,2,15,0,58,29.88
6679.8,0,4065,56,84,194.82
6679.8,1,55,0,34,7.12
6679.8,2,15,0,58,20.62
6681.9,0,2741,0,80,130.24
6681.9,1,55,0,34,6.65
6681.9,2,15,0,58,20.75
6684.0,0,3835,92,84,282.57
6684.0,1,55,0,34,7.37
6684.0,2,15,0,58,21.77
6686.0,0,3835,7,80,136.16
6686.0,1,55,0,34,6.97
6686.0,2,15,0,58,21.41
6688.1,0,3835,0,78,102.64
6688.1,1,55,0,34,6.90
6688.1,2,15,0,58,20.32
6690.2,0,3835,0,77,101.71
6690.2,1,55,0,34,7.12
6690.2,2,15,0,58,20.30
6692.3,0,3835,0,77,100.88
6692.3,1,55,0,34,11.69
6692.3,2,15,0,58,30.15
6694.3,0,3835,0,76,99.11
6694.3,1,55,0,34,6.90
6694.3,2,15,0,58,20.60
6696.4,0,3835,2,76,144.06
6696.4,1,55,0,34,6.69
6696.4,2,15,0,58,20.36
6698.5,0,3835,14,76,131.92
6698.5,1,55,0,34,8.38
6698.5,2,15,0,58,22.64
6700.5,0,3835,6,76,141.68
6700.5,1,55,0,34,7.72
6700.5,2,15,0,58,21.99
6702.6,0,3835,15,75,123.89
6702.6,1,55,0,34,6.89
6702.6,2,15,0,58,20.54
6704.7,0,4771,6,79,172.33
6704.7,1,55,0,34,7.21
6704.7,2,15,0,58,20.64
6706.8,0,4771,96,80,287.54
6706.8,1,55,0,34,11.33
6706.8,2,15,0,58,29.90
6708.9,0,4771,2,75,127.61
6708.9,1,55,0,34,7.03
6708.9,2,15,0,57,20.81
6710.9,0,3913,0,75,108.39
6710.9,1,55,0,34,6.98
6710.9,2,15,0,57,20.26
6713.0,0,3913,12,74,119.89
6713.0,1,55,1,34,8.84
6713.0,2,15,1,58,23.63
6715.1,0,3913,11,74,109.51
6715.1,1,55,0,34,6.99
6715.1,2,15,0,57,20.95
6717.2,0,3913,12,73,113.43
6717.2,1,55,0,34,6.87
6717.2,2,15,0,57,20.42
6719.2,0,4069,8,73,114.69
6719.2,1,55,0,34,6.92
6719.2,2,15,0,57,20.44
6721.3,0,4539,74,76,127.43
6721.3,1,55,0,34,11.72
6721.3,2,15,0,58,29.59
6723.4,0,2743,38,72,102.27
6723.4,1,55,0,34,6.97
6723.4,2,15,0,57,20.60
6725.5,0,4147,13,72,121.07
6725.5,1,55,0,34,6.72
6725.5,2,15,0,57,20.23
6727.5,0,4147,0,73,124.41
6727.5,1,55,0,34,9.17
6727.5,2,15,0,58,29.90
6729.6,0,4147,7,73,114.10
6729.6,1,55,0,34,6.81
6729.6,2,15,0,57,20.56
6731.7,0,4147,26,71,121.49
6731.7,1,55,0,34,6.88
6731.7,2,15,0,57,20.41
6733.7,0,4147,5,70,112.03
6733.7,1,55,0,34,6.88
6733.7,2,15,0,57,20.44
6735.8,0,4147,3,70,105.90
6735.8,1,55,0,34,7.81
6735.8,2,15,0,58,22.22
6737.9,0,4459,7,71,131.50
6737.9,1,55,0,34,6.70
6737.9,2,15,0,57,20.38
6739.9,0,4459,9,70,111.30
6739.9,1,55,0,34,7.11
6739.9,2,15,0,57,20.49
6742.0,0,4459,21,71,109.89
6742.0,1,55,0,34,11.20
6742.0,2,15,0,58,29.31
6744.1,0,4459,16,70,98.16
6744.1,1,55,0,34,8.12
6744.1,2,15,0,57,20.74
6746.1,0,4459,1,69,95.69
6746.1,1,55,0,34,7.02
6746.1,2,15,0,57,20.40
6748.2,0,4459,1,69,103.57
6748.2,1,55,0,34,7.86
6748.2,2,15,0,57,21.86
6750.3,0,4459,4,69,117.01
6750.3,1,55,0,34,7.47
6750.3,2,15,0,58,21.82
6752.3,0,4459,7,69,118.48
6752.3,1,55,0,34,6.80
6752.3,2,15,0,57,20.40
6754.4,0,4459,6,69,110.45
6754.4,1,55,0,34,7.05
6754.4,2,15,0,57,20.59
6756.5,0,4459,8,69,110.47
6756.5,1,55,0,34,11.54
6756.5,2,15,0,57,30.09
6758.5,0,4459,11,68,105.44
6758.5,1,55,0,34,6.90
6758.5,2,15,0,57,20.44
6760.6,0,4459,100,73,217.93
6760.6,1,55,0,34,6.88
6760.6,2,15,0,57,20.45
6762.7,0,4459,89,75,286.40
6762.7,1,55,0,34,8.28
6762.7,2,15,0,57,23.62
6764.8,0,4459,96,76,296.48
6764.8,1,55,0,34,7.64
6764.8,2,15,0,57,22.72
6766.9,0,4459,17,72,132.97
6766.9,1,55,0,34,6.95
6766.9,2,15,0,57,20.88
6769.0,0,4459,24,74,147.70
6769.0,1,55,0,34,7.27
6769.0,2,15,0,57,20.72
6771.0,0,4459,1,70,90.64
6771.0,1,55,0,34,11.47
6771.0,2,15,0,57,29.92
6773.1,0,3991,98,76,234.15
6773.1,1,55,0,34,7.07
6773.1,2,15,0,57,20.79
6775.2,0,4147,99,77,277.81
6775.2,1,55,0,34,6.93
6775.2,2,15,0,57,21.35
6777.3,0,4147,0,73,125.21
6777.3,1,55,0,34,8.32
6777.3,2,15,0,57,24.14
6779.4,0,3915,98,78,260.21
6779.4,1,55,0,34,6.91
6779.4,2,15,0,57,21.96
