elapsed_s,gpu,mem_used_mb,util_pct,temp_c,power_w
0.1,0,1439,0,54,22.19
0.1,1,55,0,33,6.83
0.1,2,15,0,53,20.31
2.2,0,1439,0,54,21.88
2.2,1,55,0,33,11.70
2.2,2,15,0,53,29.59
4.3,0,1439,0,53,20.92
4.3,1,55,0,33,7.06
4.3,2,15,0,53,20.38
6.4,0,1439,0,53,21.14
6.4,1,55,0,33,6.96
6.4,2,15,0,53,20.27
8.4,0,1439,0,53,29.73
8.4,1,55,0,33,11.16
8.4,2,15,0,53,24.56
10.5,0,1439,0,53,21.40
10.5,1,55,0,33,6.98
10.5,2,15,0,53,20.78
12.6,0,1439,0,53,20.62
12.6,1,55,0,33,6.73
12.6,2,15,0,53,20.30
14.7,0,1439,0,53,24.75
14.7,1,55,0,33,6.75
14.7,2,15,0,53,20.87
16.8,0,1439,0,53,22.10
16.8,1,55,0,33,11.70
16.8,2,15,0,53,21.76
18.9,0,1439,0,52,20.77
18.9,1,55,0,33,6.74
18.9,2,15,0,53,20.32
21.0,0,1439,0,52,20.90
21.0,1,55,0,33,6.89
21.0,2,15,0,53,20.40
23.1,0,1439,0,53,29.36
23.1,1,55,0,33,11.42
23.1,2,15,0,53,29.55
25.2,0,1439,0,52,20.65
25.2,1,55,0,33,6.80
25.2,2,15,0,53,20.51
27.3,0,1439,0,52,20.83
27.3,1,55,0,33,6.84
27.3,2,15,0,53,20.33
29.4,0,2253,32,57,242.03
29.4,1,55,0,33,8.87
29.4,2,15,0,53,22.48
31.4,0,4791,100,61,223.73
31.4,1,55,0,33,7.08
31.4,2,15,0,53,22.69
33.5,0,4739,100,61,208.44
33.5,1,55,0,33,6.86
33.5,2,15,0,52,21.26
35.6,0,3509,0,60,193.17
35.6,1,55,0,33,7.12
35.6,2,15,0,52,21.09
37.7,0,21203,77,64,266.16
37.7,1,55,0,33,11.31
37.7,2,15,0,53,29.07
39.8,0,21203,99,66,284.35
39.8,1,55,0,33,7.02
39.8,2,15,0,52,21.43
41.9,0,21203,100,67,283.93
41.9,1,55,0,33,6.85
41.9,2,15,0,52,20.84
44.0,0,21203,100,68,279.43
44.0,1,55,0,33,8.57
44.0,2,15,0,53,28.97
46.1,0,21203,100,69,273.06
46.1,1,55,0,33,6.54
46.1,2,15,0,53,21.91
48.1,0,21395,100,71,281.14
48.1,1,55,0,33,5.97
48.1,2,15,0,52,20.66
50.2,0,5031,100,71,269.67
50.2,1,55,0,33,6.25
50.2,2,15,0,52,20.89
52.3,0,3597,97,73,288.14
52.3,1,55,0,33,10.87
52.3,2,15,0,53,29.13
54.3,0,6271,100,73,233.93
54.3,1,55,0,33,5.97
54.3,2,15,0,52,21.11
56.4,0,2719,0,69,140.69
56.4,1,55,0,33,6.28
56.4,2,15,0,52,20.87
58.5,0,2603,100,73,258.46
58.5,1,55,0,33,9.80
58.5,2,15,0,53,29.33
60.6,0,2475,36,72,219.99
60.6,1,55,0,33,6.02
60.6,2,15,0,52,21.65
62.6,0,3083,75,74,223.85
62.6,1,55,0,33,5.42
62.6,2,15,0,52,20.87
64.7,0,2859,64,73,247.93
64.7,1,55,0,33,5.60
64.7,2,15,0,52,21.25
66.8,0,5643,36,77,229.15
66.8,1,55,0,33,11.48
66.8,2,15,0,53,29.18
68.9,0,3115,55,75,220.00
68.9,1,55,0,33,6.51
68.9,2,15,0,52,21.08
71.0,0,2731,35,76,209.29
71.0,1,55,0,33,6.84
71.0,2,15,0,52,21.24
73.1,0,5643,45,76,216.48
73.1,1,55,0,33,11.27
73.1,2,15,0,53,29.49
75.2,0,3179,61,77,229.55
75.2,1,55,0,33,6.88
75.2,2,15,0,52,20.89
77.3,0,2667,70,78,221.82
77.3,1,55,0,33,6.49
77.3,2,15,0,52,21.13
79.4,0,2667,48,78,228.22
79.4,1,55,0,33,8.07
79.4,2,15,0,52,21.29
81.5,0,2475,55,77,231.06
81.5,1,55,0,33,7.08
81.5,2,15,0,53,22.88
83.5,0,11777,100,80,275.44
83.5,1,55,0,33,5.72
83.5,2,15,0,52,20.87
85.6,0,11777,100,81,277.26
85.6,1,55,0,33,5.49
85.6,2,15,0,52,20.81
87.7,0,22027,100,81,252.74
87.7,1,55,0,33,10.28
87.7,2,15,0,52,28.65
89.8,0,21675,80,81,275.36
89.8,1,55,0,33,5.49
89.8,2,15,0,52,20.94
91.9,0,21675,100,82,280.77
91.9,1,55,0,33,5.14
91.9,2,15,0,52,20.79
94.0,0,21643,96,83,278.17
94.0,1,55,1,33,6.89
94.0,2,15,0,52,22.21
96.0,0,21643,100,83,276.03
96.0,1,55,0,33,5.49
96.0,2,15,0,52,21.91
98.1,0,21675,100,83,283.98
98.1,1,55,0,33,5.14
98.1,2,15,0,52,20.84
100.2,0,21643,95,83,286.14
100.2,1,55,0,33,5.26
100.2,2,15,0,52,21.01
102.2,0,21547,99,84,280.95
102.2,1,55,0,33,10.08
102.2,2,15,0,52,29.29
104.3,0,21259,100,84,284.44
104.3,1,55,0,33,5.62
104.3,2,15,0,52,21.26
106.4,0,15621,100,84,257.20
106.4,1,55,0,33,5.43
106.4,2,15,0,52,20.70
108.5,0,15237,100,85,267.11
108.5,1,55,0,33,7.46
108.5,2,15,0,52,22.97
110.5,0,12869,97,85,299.33
110.5,1,55,0,33,5.98
110.5,2,15,0,52,22.62
112.6,0,12773,96,85,299.72
112.6,1,55,0,33,5.50
112.6,2,15,0,52,21.32
114.7,0,12133,97,84,287.58
114.7,1,55,0,33,5.67
114.7,2,15,0,52,21.36
116.7,0,15717,89,85,262.31
116.7,1,55,0,33,10.17
116.7,2,15,0,52,28.42
118.8,0,12997,98,86,295.87
118.8,1,55,0,33,5.69
118.8,2,15,0,52,20.75
120.9,0,3427,96,85,263.18
120.9,1,55,0,33,5.74
120.9,2,15,0,52,21.10
123.0,0,4419,100,85,249.22
123.0,1,55,0,33,10.00
123.0,2,15,0,52,23.57
125.0,0,3203,100,86,254.69
125.0,1,55,0,33,6.11
125.0,2,15,0,52,20.84
127.1,0,6147,74,85,155.93
127.1,1,55,0,33,6.40
127.1,2,15,0,52,20.77
129.2,0,5667,100,85,270.69
129.2,1,55,0,33,6.54
129.2,2,15,0,52,20.76
131.3,0,3395,91,85,277.80
131.3,1,55,0,33,11.52
131.3,2,15,0,52,29.33
133.3,0,6147,100,85,243.94
133.3,1,55,0,33,6.54
133.3,2,15,0,52,21.57
135.4,0,13033,100,86,286.91
135.4,1,55,0,33,6.82
135.4,2,15,0,52,20.75
137.5,0,13065,97,86,285.98
137.5,1,55,0,33,11.30
137.5,2,15,0,52,28.91
139.6,0,13129,99,86,288.62
139.6,1,55,0,33,6.62
139.6,2,15,0,52,21.00
141.7,0,13193,100,86,289.16
141.7,1,55,0,33,6.56
141.7,2,15,0,52,20.73
143.8,0,12243,92,85,282.76
143.8,1,55,0,33,6.47
143.8,2,15,1,52,20.91
145.9,0,14603,94,86,278.66
145.9,1,55,0,33,7.20
145.9,2,15,0,52,21.79
148.0,0,12107,100,87,261.87
148.0,1,55,0,33,6.46
148.0,2,15,0,52,20.61
150.1,0,11627,93,87,286.36
150.1,1,55,0,33,5.86
150.1,2,15,0,52,21.05
152.2,0,12075,96,87,265.08
152.2,1,55,0,33,10.39
152.2,2,15,0,52,28.76
154.3,0,11627,96,87,288.34
154.3,1,55,0,33,6.11
154.3,2,15,0,52,21.43
156.3,0,12011,92,86,263.77
156.3,1,55,0,33,5.93
156.3,2,15,0,52,20.73
158.4,0,11563,98,87,290.37
158.4,1,55,0,33,7.78
158.4,2,15,0,52,22.03
160.5,0,12043,100,87,274.93
160.5,1,55,0,33,5.83
160.5,2,15,0,52,21.94
162.5,0,11531,98,87,286.88
162.5,1,55,0,33,5.42
162.5,2,15,0,52,20.88
164.6,0,12075,98,85,273.00
164.6,1,55,0,33,5.53
164.6,2,15,0,52,20.82
166.7,0,11435,72,84,254.41
166.7,1,55,0,33,9.79
166.7,2,15,0,52,28.60
168.8,0,12011,100,87,251.49
168.8,1,55,0,33,5.26
168.8,2,15,0,52,21.04
170.8,0,12107,66,87,272.29
170.8,1,55,0,33,5.25
170.8,2,15,0,52,20.83
172.9,0,11627,92,86,277.12
172.9,1,55,0,33,7.42
172.9,2,15,0,52,23.03
175.0,0,12107,100,87,279.53
175.0,1,55,0,33,6.01
175.0,2,15,0,53,22.45
177.1,0,12139,92,87,273.46
177.1,1,55,0,33,5.45
177.1,2,15,0,52,20.82
179.2,0,12235,72,87,281.07
179.2,1,55,0,33,5.68
179.2,2,15,0,52,21.35
181.2,0,14059,100,86,281.43
181.2,1,55,0,33,9.83
181.2,2,15,0,53,28.70
183.3,0,12171,85,87,280.21
183.3,1,55,0,33,5.56
183.3,2,15,0,52,21.22
185.4,0,11787,66,86,269.75
185.4,1,55,0,33,6.25
185.4,2,15,0,52,21.06
187.5,0,14603,100,86,244.83
187.5,1,55,0,33,11.26
187.5,2,15,1,53,23.89
189.6,0,12107,89,87,263.73
189.6,1,55,0,33,7.46
189.6,2,15,0,52,21.05
191.6,0,11915,99,87,293.61
191.6,1,55,0,33,6.61
191.6,2,15,0,52,21.09
193.7,0,14603,100,87,265.09
193.7,1,55,0,33,7.01
193.7,2,15,0,52,21.03
195.8,0,12139,100,87,282.01
195.8,1,55,0,33,11.68
195.8,2,15,0,53,29.18
197.9,0,11947,92,87,286.26
197.9,1,55,0,33,6.72
197.9,2,15,0,52,21.02
200.0,0,12077,98,87,288.91
200.0,1,55,0,33,6.65
200.0,2,15,0,52,21.16
202.1,0,15149,86,87,262.61
202.1,1,55,0,33,11.19
202.1,2,15,0,53,29.19
204.2,0,14253,100,87,279.26
204.2,1,55,0,33,6.82
204.2,2,15,0,52,21.10
206.3,0,12077,97,87,291.75
206.3,1,55,0,33,6.42
206.3,2,15,0,52,21.06
208.4,0,5343,100,86,221.61
208.4,1,55,0,33,6.62
208.4,2,15,0,52,20.98
210.4,0,2687,100,87,272.74
210.4,1,55,0,33,7.08
210.4,2,15,0,53,22.09
212.5,0,5343,100,86,250.64
212.5,1,55,0,33,6.65
212.5,2,15,0,53,20.83
214.6,0,2655,100,86,271.22
214.6,1,55,0,33,6.88
214.6,2,15,0,53,20.77
216.7,0,5343,100,86,260.36
216.7,1,55,0,33,11.52
216.7,2,15,0,53,29.23
218.7,0,2623,100,86,264.10
218.7,1,55,0,33,6.95
218.7,2,15,0,53,20.96
220.8,0,5343,100,86,241.28
220.8,1,55,0,33,6.10
220.8,2,15,0,53,20.88
222.9,0,2751,100,84,256.14
222.9,1,55,0,33,6.51
222.9,2,15,0,53,22.30
224.9,0,5343,100,86,257.11
224.9,1,55,0,33,6.20
224.9,2,15,0,53,22.27
227.0,0,2687,100,83,256.78
227.0,1,55,0,33,5.54
227.0,2,15,0,53,20.64
229.1,0,5343,100,86,246.97
229.1,1,55,0,33,5.64
229.1,2,15,0,53,21.07
231.2,0,2687,61,84,234.24
231.2,1,55,0,33,9.75
231.2,2,15,0,53,28.57
233.2,0,5343,100,86,255.97
233.2,1,55,0,33,5.47
233.2,2,15,0,53,21.42
235.3,0,2687,85,85,257.28
235.3,1,55,0,33,5.43
235.3,2,15,0,53,20.85
237.4,0,5343,100,85,250.80
237.4,1,55,0,33,6.61
237.4,2,15,0,53,23.31
239.4,0,2687,91,84,257.31
239.4,1,55,0,33,5.76
239.4,2,15,0,53,21.84
241.6,0,5343,100,85,238.62
241.6,1,55,0,33,5.38
241.6,2,15,0,53,20.94
243.6,0,2719,87,83,258.55
243.6,1,55,0,33,5.61
243.6,2,15,0,53,20.81
245.7,0,5375,100,85,255.13
245.7,1,55,0,33,11.06
245.7,2,15,0,53,29.21
247.8,0,2719,87,85,250.81
247.8,1,55,0,33,6.64
247.8,2,15,0,53,21.34
249.9,0,5375,100,84,248.18
249.9,1,55,0,33,6.78
249.9,2,15,0,53,21.09
252.0,0,2783,78,84,226.34
252.0,1,55,0,33,10.81
252.0,2,15,0,53,29.11
254.1,0,4927,100,83,246.57
254.1,1,55,0,33,6.81
254.1,2,15,0,53,21.24
256.2,0,2719,81,85,226.96
256.2,1,55,0,33,6.24
256.2,2,15,0,53,21.03
258.3,0,5539,100,84,270.24
258.3,1,55,0,33,6.33
258.3,2,15,0,53,20.75
260.4,0,3075,48,83,199.24
260.4,1,55,0,33,11.27
260.4,2,15,0,53,29.45
262.5,0,5539,15,81,179.46
262.5,1,55,0,33,6.56
262.5,2,15,0,53,21.73
264.5,0,3075,46,81,219.38
264.5,1,55,0,33,6.83
264.5,2,15,0,53,20.90
266.6,0,2563,50,82,204.06
266.6,1,55,0,33,10.90
266.6,2,15,0,53,30.15
268.7,0,2979,100,80,250.44
268.7,1,55,0,33,6.13
268.7,2,15,0,53,21.12
270.8,0,2851,73,82,222.72
270.8,1,55,0,33,5.35
270.8,2,15,0,53,21.54
272.8,0,6883,100,82,238.84
272.8,1,55,0,33,5.47
272.8,2,15,1,53,21.27
274.9,0,3107,91,82,247.01
274.9,1,55,0,33,6.14
274.9,2,15,0,53,23.46
277.0,0,5539,72,83,217.61
277.0,1,55,0,33,5.51
277.0,2,15,0,53,21.33
279.0,0,5059,100,83,252.76
279.0,1,55,0,33,5.79
279.0,2,15,0,53,20.93
281.1,0,3011,67,82,228.04
281.1,1,55,0,33,10.17
281.1,2,15,0,53,29.73
283.2,0,5373,100,82,201.12
283.2,1,55,0,33,5.81
283.2,2,15,0,53,21.55
285.3,0,4925,100,83,253.37
285.3,1,55,0,33,5.52
285.3,2,15,0,53,20.65
287.3,0,2739,76,82,196.12
287.3,1,55,0,33,6.14
287.3,2,15,0,53,22.11
289.4,0,5833,100,82,235.94
289.4,1,55,0,33,5.80
289.4,2,15,0,53,21.95
291.5,0,5929,100,82,245.49
291.5,1,55,0,33,5.50
291.5,2,15,0,53,20.52
293.6,0,3529,88,83,242.46
293.6,1,55,0,33,5.68
293.6,2,15,0,53,20.86
295.6,0,3465,52,83,254.66
295.6,1,55,0,33,10.37
295.6,2,15,0,53,29.48
297.7,0,2985,69,83,257.84
297.7,1,55,0,33,5.82
297.7,2,15,0,53,21.73
299.8,0,6377,100,83,277.43
299.8,1,55,0,33,5.60
299.8,2,15,0,53,21.13
301.9,0,3465,100,83,261.20
301.9,1,55,0,33,6.67
301.9,2,15,0,54,23.04
304.0,0,3497,94,84,288.60
304.0,1,55,0,33,5.91
304.0,2,15,0,54,22.66
306.1,0,6377,97,84,283.41
306.1,1,55,0,33,5.92
306.1,2,15,0,53,21.37
308.2,0,5897,100,84,254.11
308.2,1,55,0,33,6.81
308.2,2,15,0,53,20.97
310.3,0,3593,96,84,272.85
310.3,1,55,0,33,11.60
310.3,2,15,0,54,29.12
312.3,0,3625,96,85,284.55
312.3,1,55,0,33,6.82
312.3,2,15,0,53,21.24
314.4,0,3625,92,85,286.92
314.4,1,55,0,33,6.72
314.4,2,15,0,53,21.43
316.5,0,6025,100,85,263.00
316.5,1,55,0,33,11.47
316.5,2,15,0,54,29.17
318.6,0,6537,100,85,265.92
318.6,1,55,0,33,6.78
318.6,2,15,0,53,21.17
320.7,0,3689,93,86,273.39
320.7,1,55,0,33,6.68
320.7,2,15,0,53,20.78
322.8,0,3177,91,86,289.99
322.8,1,55,0,33,6.81
322.8,2,15,0,53,21.39
324.9,0,6409,88,83,266.79
324.9,1,55,0,33,11.48
324.9,2,15,0,54,28.70
326.9,0,6409,84,86,261.31
326.9,1,55,0,33,6.78
326.9,2,15,0,53,21.29
329.0,0,3945,100,86,276.42
329.0,1,55,0,33,6.92
329.0,2,15,0,53,20.84
331.1,0,3625,97,86,287.87
331.1,1,55,0,33,11.56
331.1,2,15,0,54,29.09
333.2,0,3593,91,86,287.01
333.2,1,55,0,33,6.65
333.2,2,15,0,53,21.47
335.3,0,6409,76,83,263.47
335.3,1,55,0,33,6.66
335.3,2,15,0,53,20.96
337.3,0,6537,100,86,260.15
337.3,1,55,0,33,6.68
337.3,2,15,0,53,20.93
339.4,0,3529,97,87,277.43
339.4,1,55,0,33,7.56
339.4,2,15,0,54,21.98
341.5,0,3593,96,86,282.76
341.5,1,55,0,33,6.64
341.5,2,15,0,53,21.14
343.6,0,6409,100,86,258.45
343.6,1,55,0,33,6.72
343.6,2,15,0,53,21.26
345.7,0,6025,100,86,267.03
345.7,1,55,0,33,11.32
345.7,2,15,0,54,29.32
347.8,0,3625,89,87,272.53
347.8,1,55,0,33,6.88
347.8,2,15,0,53,21.09
349.8,0,3529,97,87,286.55
349.8,1,55,0,33,5.82
349.8,2,15,0,53,21.03
351.9,0,6473,93,87,275.71
351.9,1,55,0,33,6.46
351.9,2,15,0,54,22.27
354.0,0,6377,99,87,266.92
354.0,1,55,0,33,6.04
354.0,2,15,0,54,21.82
356.1,0,3529,100,87,277.06
356.1,1,55,0,33,5.45
356.1,2,15,0,53,20.58
358.1,0,3593,95,87,278.70
358.1,1,55,0,33,5.53
358.1,2,15,0,53,21.10
360.2,0,2825,87,86,269.37
360.2,1,55,0,33,9.70
360.2,2,15,0,54,29.16
362.3,0,6473,100,87,263.36
362.3,1,55,0,33,5.44
362.3,2,15,0,53,20.95
364.3,0,3049,95,87,267.32
364.3,1,55,0,33,5.26
364.3,2,15,0,54,20.69
366.4,0,3497,98,87,277.24
366.4,1,55,0,33,7.43
366.4,2,15,0,54,23.45
368.5,0,6409,100,87,247.79
368.5,1,55,0,33,7.10
368.5,2,15,0,54,22.65
370.6,0,15951,100,87,267.43
370.6,1,55,0,33,6.50
370.6,2,15,0,54,20.70
372.7,0,13455,100,87,276.45
372.7,1,55,0,33,7.02
372.7,2,15,0,53,20.76
374.7,0,13519,100,87,281.79
374.7,1,55,0,33,11.18
374.7,2,15,0,54,29.16
376.8,0,13391,96,87,277.13
376.8,1,55,0,33,6.74
376.8,2,15,0,54,21.04
378.9,0,13391,100,87,278.94
378.9,1,55,0,33,6.40
378.9,2,15,0,54,20.90
381.0,0,13423,100,87,278.11
381.0,1,55,0,33,11.24
381.0,2,15,0,54,29.50
383.1,0,13391,96,87,277.64
383.1,1,55,0,33,6.39
383.1,2,15,0,54,20.97
385.2,0,13359,100,87,279.39
385.2,1,55,0,33,6.46
385.2,2,15,0,54,20.80
387.3,0,13391,97,87,279.63
387.3,1,55,0,33,6.38
387.3,2,15,0,54,20.71
389.4,0,13455,100,87,276.57
389.4,1,55,0,33,11.34
389.4,2,15,0,54,29.66
391.5,0,13519,98,87,278.36
391.5,1,55,0,33,6.43
391.5,2,15,0,54,20.68
393.6,0,13521,100,87,277.46
393.6,1,55,0,33,6.64
393.6,2,15,0,54,20.95
395.7,0,13297,100,87,276.54
395.7,1,55,0,33,11.10
395.7,2,15,0,54,30.10
397.8,0,12913,93,87,275.03
397.8,1,55,0,33,6.74
397.8,2,15,0,54,21.31
399.9,0,16369,100,87,248.87
399.9,1,55,0,33,6.40
399.9,2,15,0,54,20.83
402.0,0,13009,100,87,260.71
402.0,1,55,0,33,6.48
402.0,2,15,0,54,21.29
404.1,0,13329,100,87,268.36
404.1,1,55,0,33,7.23
404.1,2,15,0,54,22.04
406.1,0,13361,100,87,280.69
406.1,1,55,0,33,6.56
406.1,2,15,0,54,20.73
408.2,0,13425,99,87,278.36
408.2,1,55,0,33,6.66
408.2,2,15,0,54,20.89
410.3,0,13457,100,87,280.11
410.3,1,55,0,33,11.35
410.3,2,15,0,54,29.58
412.4,0,13489,95,87,279.80
412.4,1,55,0,33,7.07
412.4,2,15,0,54,20.93
414.5,0,13585,100,87,279.00
414.5,1,55,0,33,6.42
414.5,2,15,0,54,20.75
416.6,0,13361,100,87,278.95
416.6,1,55,0,33,8.45
416.6,2,15,0,54,24.82
418.7,0,13169,97,86,279.70
418.7,1,55,0,33,7.11
418.7,2,15,0,54,22.57
420.8,0,13393,100,88,279.17
420.8,1,55,0,33,5.96
420.8,2,15,0,54,20.68
422.9,0,13393,99,87,280.02
422.9,1,55,0,33,6.59
422.9,2,15,0,54,20.91
425.0,0,13457,100,87,279.80
425.0,1,55,0,33,6.82
425.0,2,15,0,54,29.29
427.1,0,13521,100,87,281.61
427.1,1,55,0,33,7.12
427.1,2,15,0,54,20.72
429.2,0,13521,89,87,274.74
429.2,1,55,0,33,7.00
429.2,2,15,0,54,20.91
431.3,0,13457,100,87,274.48
431.3,1,55,0,33,9.01
431.3,2,15,0,54,29.46
433.4,0,13137,99,87,279.82
433.4,1,55,0,33,6.81
433.4,2,15,0,54,22.09
435.5,0,13393,100,87,279.51
435.5,1,55,0,33,6.76
435.5,2,15,0,54,20.86
437.6,0,5031,100,87,278.15
437.6,1,55,0,33,8.13
437.6,2,15,0,54,22.58
439.7,0,12713,100,87,264.87
439.7,1,55,0,33,7.58
439.7,2,15,0,54,22.68
441.8,0,12457,94,87,286.17
441.8,1,55,0,33,6.93
441.8,2,15,0,54,21.15
443.9,0,12873,97,87,286.84
443.9,1,55,0,33,7.42
443.9,2,15,0,54,21.36
446.0,0,15177,100,87,268.24
446.0,1,55,0,33,11.28
446.0,2,15,0,54,29.07
448.1,0,12713,100,85,262.67
448.1,1,55,0,33,7.37
448.1,2,15,0,54,21.07
450.1,0,12553,94,87,286.51
450.1,1,55,0,33,7.19
450.1,2,15,0,54,21.08
452.2,0,12649,96,87,284.74
452.2,1,55,0,33,7.87
452.2,2,15,0,54,23.65
454.3,0,13193,100,87,272.15
454.3,1,55,0,33,7.32
454.3,2,15,0,55,22.04
456.4,0,12745,97,87,260.83
456.4,1,55,0,33,7.18
456.4,2,15,0,54,20.93
458.6,0,12745,98,87,283.89
458.6,1,55,0,33,7.18
458.6,2,15,0,54,21.39
460.6,0,12329,96,87,284.23
460.6,1,55,0,33,11.41
460.6,2,15,0,55,29.53
462.7,0,15721,100,84,258.69
462.7,1,55,0,33,7.59
462.7,2,15,0,54,21.02
464.8,0,12745,95,87,268.18
464.8,1,55,0,33,7.31
464.8,2,15,0,54,20.81
466.9,0,12777,99,87,288.23
466.9,1,55,0,33,8.50
466.9,2,15,0,55,24.36
469.0,0,15689,95,85,265.26
469.0,1,55,0,33,7.12
469.0,2,15,0,55,22.94
471.1,0,15241,89,87,266.73
471.1,1,55,0,33,7.15
471.1,2,15,0,54,20.86
473.2,0,12713,98,87,290.64
473.2,1,55,0,33,6.35
473.2,2,15,0,54,21.26
475.3,0,12553,97,87,292.12
475.3,1,55,0,33,10.80
475.3,2,15,0,55,29.44
477.3,0,12105,100,87,273.89
477.3,1,55,0,33,6.58
477.3,2,15,0,54,21.71
479.4,0,12745,97,87,274.80
479.4,1,55,0,33,6.55
479.4,2,15,0,54,21.02
481.5,0,12331,96,87,290.59
481.5,1,55,0,33,8.31
481.5,2,15,0,55,24.96
483.6,0,12331,97,87,289.99
483.6,1,55,0,33,6.52
483.6,2,15,0,54,21.47
485.7,0,15723,98,85,273.23
485.7,1,55,0,33,7.23
485.7,2,15,0,54,20.98
487.8,0,12843,98,87,272.99
487.8,1,55,0,33,7.80
487.8,2,15,1,55,21.31
489.9,0,12843,98,87,290.06
489.9,1,55,0,33,7.78
489.9,2,15,0,55,22.86
492.0,0,12907,97,85,281.25
492.0,1,55,0,33,7.39
492.0,2,15,0,54,21.31
494.1,0,12395,100,86,265.76
494.1,1,55,0,33,7.61
494.1,2,15,0,54,20.98
496.2,0,12683,97,87,290.84
496.2,1,55,0,33,11.39
496.2,2,15,0,55,29.16
498.3,0,24917,100,87,275.41
498.3,1,55,0,33,7.46
498.3,2,15,0,55,21.63
500.4,0,24629,100,87,258.57
500.4,1,55,0,33,7.42
500.4,2,15,0,55,20.76
502.5,0,21877,100,87,280.53
502.5,1,55,0,33,8.72
502.5,2,15,0,55,22.17
504.6,0,31167,100,86,285.06
504.6,1,55,0,33,7.69
504.6,2,15,0,55,21.81
506.7,0,31167,100,87,284.95
506.7,1,55,0,33,7.19
506.7,2,15,0,55,20.66
508.8,0,31263,100,86,285.16
508.8,1,55,0,33,7.42
508.8,2,15,0,55,20.71
510.9,0,31263,100,86,286.22
510.9,1,55,0,33,11.69
510.9,2,15,0,55,29.60
513.0,0,31231,100,87,286.91
513.0,1,55,0,33,7.65
513.0,2,15,0,55,21.21
515.2,0,31263,100,87,287.05
515.2,1,55,0,33,7.44
515.2,2,15,0,55,20.83
517.3,0,31295,100,87,286.37
517.3,1,55,0,33,11.52
517.3,2,15,0,55,29.16
519.4,0,31167,100,87,284.39
519.4,1,55,0,33,8.16
519.4,2,15,0,55,22.37
521.5,0,31103,99,87,284.52
521.5,1,55,0,33,7.23
521.5,2,15,0,55,20.70
523.6,0,31071,97,87,287.57
523.6,1,55,0,33,7.84
523.6,2,15,0,55,21.97
525.7,0,30911,99,87,285.56
525.7,1,55,0,33,6.64
525.7,2,15,0,55,21.96
527.8,0,30815,96,86,281.73
527.8,1,55,0,33,7.09
527.8,2,15,0,55,20.71
529.9,0,30751,96,87,283.26
529.9,1,55,0,33,7.10
529.9,2,15,0,55,20.87
532.0,0,33727,100,87,268.46
532.0,1,55,0,33,11.44
532.0,2,15,0,55,29.76
534.1,0,31455,93,84,268.52
534.1,1,55,0,33,7.20
534.1,2,15,0,55,20.79
536.2,0,31231,100,86,287.27
536.2,1,55,0,33,7.35
536.2,2,15,0,55,20.66
538.3,0,31231,100,87,287.76
538.3,1,55,0,33,8.23
538.3,2,15,0,55,23.06
540.4,0,31231,100,87,282.41
540.4,1,55,0,33,6.96
540.4,2,15,0,55,22.41
542.5,0,31231,100,87,285.09
542.5,1,55,0,33,6.35
542.5,2,15,0,55,20.61
544.6,0,31231,100,87,286.56
544.6,1,55,0,33,6.61
544.6,2,15,0,55,20.68
546.7,0,31295,100,87,284.70
546.7,1,55,0,33,11.74
546.7,2,15,0,55,29.14
548.8,0,31359,100,87,288.95
548.8,1,55,0,33,7.31
548.8,2,15,0,55,20.81
551.0,0,31295,99,87,286.43
551.0,1,55,0,33,7.12
551.0,2,15,0,55,20.52
553.0,0,31231,96,86,283.66
553.0,1,55,0,33,9.06
553.0,2,15,0,55,23.63
555.2,0,31103,100,87,283.80
555.2,1,55,0,33,7.13
555.2,2,15,0,55,20.82
557.3,0,30879,100,87,286.61
557.3,1,55,0,33,7.10
557.3,2,15,0,55,20.59
559.4,0,30687,97,87,285.28
559.4,1,55,0,33,7.05
559.4,2,15,0,55,20.64
561.5,0,30783,100,86,285.73
561.5,1,55,0,33,11.95
561.5,2,15,0,55,22.53
563.6,0,33727,100,86,263.45
563.6,1,55,0,33,7.20
563.6,2,15,0,55,20.77
565.7,0,33727,99,86,280.67
565.7,1,55,0,33,7.37
565.7,2,15,0,55,20.89
567.8,0,31167,100,87,284.30
567.8,1,55,0,33,11.24
567.8,2,15,0,55,29.54
569.9,0,31167,97,86,284.71
569.9,1,55,0,33,7.25
569.9,2,15,0,55,21.11
572.1,0,31231,99,86,285.32
572.1,1,55,0,33,7.07
572.1,2,15,0,55,20.73
574.2,0,31231,100,87,286.93
574.2,1,55,0,33,9.07
574.2,2,15,0,55,24.24
576.3,0,12069,100,87,274.77
576.3,1,55,0,33,7.48
576.3,2,15,0,55,21.89
578.3,0,30797,94,87,287.29
578.3,1,55,0,33,7.08
578.3,2,15,0,55,20.66
580.4,0,33261,68,84,263.59
580.4,1,55,0,33,7.20
580.4,2,15,0,55,21.07
582.6,0,30797,98,87,283.90
582.6,1,55,0,33,11.49
582.6,2,15,0,55,29.73
584.6,0,30253,99,87,293.88
584.6,1,55,0,33,6.84
584.6,2,15,0,55,21.17
586.8,0,30733,100,86,269.60
586.8,1,55,0,33,7.24
586.8,2,15,0,55,20.94
588.8,0,30765,98,87,294.91
588.8,1,55,0,33,11.16
588.8,2,15,0,56,24.87
590.9,0,33261,96,86,283.59
590.9,1,55,0,33,7.58
590.9,2,15,0,55,22.73
593.0,0,30701,60,86,238.25
593.0,1,55,0,33,6.98
593.0,2,15,0,55,21.02
595.1,0,30511,98,86,296.22
595.1,1,55,0,33,7.55
595.1,2,15,0,55,21.91
597.2,0,33263,84,84,255.09
597.2,1,55,0,33,7.45
597.2,2,15,0,56,22.16
599.3,0,30703,98,86,269.84
599.3,1,55,0,33,6.79
599.3,2,15,0,55,20.97
601.4,0,30447,98,87,297.65
601.4,1,55,0,33,6.56
601.4,2,15,0,55,21.26
603.5,0,33263,100,86,258.03
603.5,1,55,0,33,10.95
603.5,2,15,0,56,29.49
605.6,0,30607,98,87,297.92
605.6,1,55,0,33,6.48
605.6,2,15,0,55,21.99
607.6,0,33263,100,86,267.20
607.6,1,55,0,33,6.26
607.6,2,15,0,55,21.16
609.7,0,30895,98,87,282.18
609.7,1,55,0,33,7.61
609.7,2,15,0,56,22.85
611.8,0,33263,95,87,285.29
611.8,1,55,0,33,6.80
611.8,2,15,0,56,22.93
613.9,0,30735,72,86,275.05
613.9,1,55,0,33,6.39
613.9,2,15,0,55,20.91
616.0,0,30383,98,87,295.04
616.0,1,55,0,33,6.56
616.0,2,15,0,55,21.51
618.0,0,32271,100,86,261.76
618.0,1,55,0,33,11.62
618.0,2,15,0,56,29.34
620.1,0,30607,95,87,296.44
620.1,1,55,0,33,6.70
620.1,2,15,0,55,21.38
622.2,0,30095,98,86,296.89
622.2,1,55,0,33,6.35
622.2,2,15,0,55,21.30
624.3,0,30095,100,87,289.33
624.3,1,55,0,33,8.18
624.3,2,15,0,56,23.41
626.4,0,30095,97,87,286.18
626.4,1,55,0,33,6.87
626.4,2,15,0,56,21.86
628.5,0,30095,100,87,284.13
628.5,1,55,0,33,6.32
628.5,2,15,0,55,20.80
630.6,0,30095,100,87,286.58
630.6,1,55,0,33,6.82
630.6,2,15,0,55,20.88
632.7,0,30095,100,87,291.43
632.7,1,55,0,33,11.53
632.7,2,15,0,56,29.98
634.8,0,30095,100,86,291.43
634.8,1,55,0,33,6.65
634.8,2,15,0,55,21.34
636.9,0,30095,99,87,289.46
636.9,1,55,0,33,6.59
636.9,2,15,0,55,20.73
639.0,0,30095,100,87,284.67
639.0,1,55,0,33,8.47
639.0,2,15,0,56,24.09
641.1,0,30095,100,87,289.92
641.1,1,55,0,33,7.30
641.1,2,15,0,56,22.29
643.1,0,30095,100,86,284.24
643.1,1,55,0,33,6.45
643.1,2,15,0,55,20.76
645.2,0,30095,100,87,287.19
645.2,1,55,0,33,6.57
645.2,2,15,0,55,20.71
647.3,0,30095,100,87,287.96
647.3,1,55,0,33,11.27
647.3,2,15,0,56,29.71
649.4,0,30095,100,87,287.23
649.4,1,55,0,33,6.68
649.4,2,15,0,56,20.98
651.5,0,30095,100,87,286.43
651.5,1,55,0,33,6.63
651.5,2,15,0,56,20.78
653.6,0,30095,99,87,285.57
653.6,1,55,0,33,8.97
653.6,2,15,0,56,24.91
655.7,0,30095,100,87,287.77
655.7,1,55,0,33,6.98
655.7,2,15,0,56,20.68
657.8,0,30095,100,86,286.64
657.8,1,55,0,33,6.63
657.8,2,15,0,56,20.59
659.9,0,30095,100,87,287.20
659.9,1,55,0,33,7.21
659.9,2,15,0,56,21.15
661.9,0,30095,100,87,287.83
661.9,1,55,0,33,7.38
661.9,2,15,0,56,22.33
664.0,0,30095,100,87,289.71
664.0,1,55,0,33,6.39
664.0,2,15,0,56,20.74
666.1,0,30095,100,87,286.27
666.1,1,55,0,33,6.97
666.1,2,15,0,56,20.79
668.2,0,30095,100,86,285.63
668.2,1,55,0,33,11.37
668.2,2,15,0,56,29.66
670.3,0,30095,100,87,282.96
670.3,1,55,0,33,6.93
670.3,2,15,0,56,20.88
672.4,0,30095,100,87,287.62
672.4,1,55,0,33,6.73
672.4,2,15,0,56,20.48
674.5,0,30095,100,87,290.12
674.5,1,55,0,33,7.77
674.5,2,15,0,56,22.23
676.6,0,30095,100,87,288.26
676.6,1,55,0,33,7.64
676.6,2,15,0,56,21.56
678.7,0,30095,100,87,286.87
678.7,1,55,0,33,6.61
678.7,2,15,0,56,20.62
680.8,0,30095,99,87,287.04
680.8,1,55,0,33,6.80
680.8,2,15,0,56,20.70
682.9,0,30095,100,87,287.48
682.9,1,55,0,33,11.17
682.9,2,15,0,56,29.84
685.0,0,30095,99,87,287.66
685.0,1,55,0,33,7.03
685.0,2,15,0,56,21.06
687.0,0,30095,100,87,286.69
687.0,1,55,0,33,6.61
687.0,2,15,0,56,20.65
689.2,0,30095,100,87,286.64
689.2,1,55,0,33,8.47
689.2,2,15,0,56,29.11
691.3,0,30095,100,87,286.05
691.3,1,55,0,33,6.68
691.3,2,15,0,56,22.10
693.3,0,30095,100,86,287.04
693.3,1,55,0,33,6.30
693.3,2,15,0,56,20.62
695.4,0,30095,99,87,285.65
695.4,1,55,0,33,6.20
695.4,2,15,0,56,20.86
697.5,0,30095,100,86,286.29
697.5,1,55,0,33,11.40
697.5,2,15,0,56,29.73
699.6,0,30095,100,86,287.28
699.6,1,55,0,33,6.35
699.6,2,15,0,56,20.80
701.7,0,30095,100,87,286.15
701.7,1,55,0,33,6.42
701.7,2,15,0,56,20.78
703.8,0,30095,100,87,289.09
703.8,1,55,0,33,11.36
703.8,2,15,0,56,29.92
705.9,0,30095,99,87,289.60
705.9,1,55,0,33,6.70
705.9,2,15,0,56,21.17
708.0,0,30095,100,86,287.97
708.0,1,55,0,33,6.46
708.0,2,15,0,56,20.58
710.1,0,30095,99,87,286.94
710.1,1,55,0,33,6.47
710.1,2,15,0,56,20.54
712.2,0,30095,100,87,284.87
712.2,1,55,0,33,6.62
712.2,2,15,0,56,22.21
714.3,0,30095,99,87,287.78
714.3,1,55,0,33,6.46
714.3,2,15,0,56,20.51
716.4,0,30095,100,87,289.09
716.4,1,55,0,33,6.67
716.4,2,15,0,56,20.65
718.4,0,30095,100,87,290.46
718.4,1,55,0,33,11.52
718.4,2,15,0,56,29.47
720.5,0,30095,100,86,284.71
720.5,1,55,0,33,6.75
720.5,2,15,0,56,20.77
722.6,0,30095,100,87,287.63
722.6,1,55,0,33,6.52
722.6,2,15,0,56,20.41
724.7,0,30095,100,87,290.29
724.7,1,55,0,33,8.62
724.7,2,15,0,56,24.28
726.9,0,30095,98,87,292.10
726.9,1,55,0,33,7.26
726.9,2,15,0,56,21.50
728.9,0,30095,99,86,288.50
728.9,1,55,0,33,6.60
728.9,2,15,0,56,20.48
731.0,0,30095,100,86,284.42
731.0,1,55,0,33,6.78
731.0,2,15,0,56,20.65
733.1,0,30095,100,87,289.65
733.1,1,55,0,33,10.97
733.1,2,15,0,56,29.89
735.2,0,30095,99,87,286.63
735.2,1,55,0,33,6.26
735.2,2,15,0,56,20.50
737.3,0,30095,100,87,286.48
737.3,1,55,0,33,6.55
737.3,2,15,0,56,20.61
739.4,0,30095,100,87,286.40
739.4,1,55,0,33,8.69
739.4,2,15,0,56,24.59
741.5,0,30095,100,86,284.88
741.5,1,55,0,33,7.02
741.5,2,15,0,56,21.82
743.6,0,30095,100,86,284.89
743.6,1,55,0,33,6.34
743.6,2,15,0,56,20.50
745.7,0,30095,100,87,288.57
745.7,1,55,0,33,6.61
745.7,2,15,0,56,21.37
747.8,0,11981,100,87,284.05
747.8,1,55,0,33,7.19
747.8,2,15,0,56,21.46
749.8,0,12003,98,87,298.28
749.8,1,55,0,33,6.60
749.8,2,15,0,56,20.54
751.9,0,12003,100,87,297.25
751.9,1,55,0,33,6.78
751.9,2,15,0,56,20.83
754.0,0,12003,100,87,298.65
754.0,1,55,0,33,10.97
754.0,2,15,0,56,29.39
756.1,0,12005,100,87,298.01
756.1,1,55,0,33,6.80
756.1,2,15,0,56,21.15
758.2,0,12005,98,87,299.43
758.2,1,55,0,33,6.58
758.2,2,15,0,56,20.70
760.3,0,12005,100,87,299.04
760.3,1,55,0,33,7.73
760.3,2,15,0,56,22.59
762.4,0,12005,96,87,296.80
762.4,1,55,0,33,7.06
762.4,2,15,0,56,22.05
764.5,0,12005,99,87,298.59
764.5,1,55,0,33,6.67
764.5,2,15,0,56,20.84
766.6,0,12005,100,87,298.69
766.6,1,55,0,33,6.80
766.6,2,15,0,56,20.89
768.7,0,12005,100,87,297.82
768.7,1,55,0,33,11.32
768.7,2,15,0,57,29.20
770.7,0,12005,100,87,299.33
770.7,1,55,0,33,6.74
770.7,2,15,0,56,20.91
772.8,0,12005,99,87,298.48
772.8,1,55,0,33,6.54
772.8,2,15,0,56,20.80
774.9,0,12005,100,87,296.92
774.9,1,55,0,33,8.08
774.9,2,15,0,57,23.66
777.0,0,12005,100,87,296.31
777.0,1,55,0,33,6.89
777.0,2,15,0,57,22.83
779.1,0,12005,98,87,297.24
779.1,1,55,0,33,6.36
779.1,2,15,0,56,20.97
781.2,0,12005,100,87,296.70
781.2,1,55,0,33,6.57
781.2,2,15,0,56,20.80
783.3,0,12005,99,87,296.82
783.3,1,55,0,33,11.09
783.3,2,15,0,57,28.97
785.3,0,12005,98,87,295.54
785.3,1,55,0,33,6.58
785.3,2,15,0,56,21.04
787.5,0,12005,99,87,297.05
787.5,1,55,0,33,6.74
787.5,2,15,0,56,20.69
789.5,0,12005,98,87,298.44
789.5,1,55,0,33,8.66
789.5,2,15,0,57,24.04
791.6,0,12005,100,87,296.78
791.6,1,55,0,33,7.11
791.6,2,15,0,57,21.97
793.7,0,12005,94,87,295.76
793.7,1,55,0,33,6.50
793.7,2,15,0,56,20.71
795.8,0,12005,99,87,295.85
795.8,1,55,0,33,6.41
795.8,2,15,0,56,20.62
797.9,0,12005,100,87,294.04
797.9,1,55,0,33,6.61
797.9,2,15,0,57,29.40
799.9,0,12005,100,87,294.67
799.9,1,55,0,33,6.56
799.9,2,15,0,56,20.88
802.0,0,12005,99,87,297.80
802.0,1,55,0,33,6.85
802.0,2,15,0,56,20.88
804.1,0,12005,100,87,296.67
804.1,1,55,0,33,8.60
804.1,2,15,0,57,24.87
806.2,0,12005,99,87,295.61
806.2,1,55,0,33,6.85
806.2,2,15,0,56,21.34
808.3,0,12005,100,87,295.33
808.3,1,55,0,33,6.55
808.3,2,15,0,56,20.79
810.4,0,12005,100,87,296.65
810.4,1,55,0,33,7.46
810.4,2,15,0,57,21.28
812.5,0,12005,100,87,296.57
812.5,1,55,0,33,7.18
812.5,2,15,0,57,22.03
814.6,0,12005,100,87,297.81
814.6,1,55,0,33,6.68
814.6,2,15,0,56,20.84
816.7,0,12005,100,87,295.55
816.7,1,55,0,33,6.80
816.7,2,15,0,56,20.93
818.7,0,12005,99,87,296.30
818.7,1,55,0,33,11.06
818.7,2,15,0,57,29.31
820.8,0,12005,98,87,296.43
820.8,1,55,0,33,6.88
820.8,2,15,0,56,20.88
822.9,0,12005,100,87,298.52
822.9,1,55,0,33,6.46
822.9,2,15,0,56,20.79
825.0,0,12005,100,87,297.51
825.0,1,55,0,33,8.28
825.0,2,15,0,57,22.70
827.1,0,12005,100,87,297.92
827.1,1,55,0,33,7.33
827.1,2,15,0,57,22.50
829.2,0,12005,99,87,295.67
829.2,1,55,0,33,6.65
829.2,2,15,0,56,20.84
831.3,0,12005,100,87,296.95
831.3,1,55,0,33,6.84
831.3,2,15,0,56,21.14
833.4,0,12005,99,87,294.92
833.4,1,55,0,33,11.23
833.4,2,15,0,57,29.16
835.5,0,12005,100,87,296.71
835.5,1,55,0,33,6.90
835.5,2,15,0,56,21.22
837.6,0,12005,100,87,296.83
837.6,1,55,0,33,6.79
837.6,2,15,0,56,20.75
839.6,0,12005,100,87,297.96
839.6,1,55,1,33,8.70
839.6,2,15,0,57,23.17
841.7,0,12005,100,87,297.43
841.7,1,55,0,33,7.24
841.7,2,15,0,56,21.83
843.8,0,12005,99,87,296.06
843.8,1,55,0,33,6.74
843.8,2,15,0,56,20.69
845.9,0,12005,100,87,298.61
845.9,1,55,0,33,6.75
845.9,2,15,0,56,20.90
848.0,0,12005,99,87,296.47
848.0,1,55,0,33,11.47
848.0,2,15,0,57,29.31
850.1,0,12005,100,87,296.73
850.1,1,55,0,33,6.84
850.1,2,15,0,56,21.26
852.1,0,12005,100,87,296.71
852.1,1,55,0,33,6.52
852.1,2,15,0,57,20.81
854.2,0,12005,99,87,297.91
854.2,1,55,0,33,8.36
854.2,2,15,0,57,28.85
856.3,0,12005,100,87,298.12
856.3,1,55,0,33,6.61
856.3,2,15,0,57,21.11
858.4,0,12005,99,87,296.74
858.4,1,55,0,33,6.42
858.4,2,15,0,57,20.76
860.4,0,12005,99,87,297.86
860.4,1,55,0,33,6.89
860.4,2,15,0,57,20.67
862.5,0,12005,99,87,298.63
862.5,1,55,0,33,7.05
862.5,2,15,0,57,29.09
864.6,0,12005,99,87,296.55
864.6,1,55,0,33,6.64
864.6,2,15,0,57,21.16
866.7,0,12005,100,87,297.13
866.7,1,55,0,33,6.95
866.7,2,15,0,57,20.86
868.8,0,12005,100,87,298.20
868.8,1,55,0,33,11.60
868.8,2,15,0,57,29.41
870.9,0,12005,98,87,298.20
870.9,1,55,0,33,6.87
870.9,2,15,0,57,20.84
873.0,0,12005,99,87,297.93
873.0,1,55,0,33,6.80
873.0,2,15,0,57,20.77
875.1,0,12005,99,87,298.37
875.1,1,55,0,33,7.57
875.1,2,15,1,57,21.11
877.1,0,12005,100,87,298.73
877.1,1,55,0,33,7.32
877.1,2,15,0,57,22.30
879.2,0,12005,99,87,298.06
879.2,1,55,0,33,6.64
879.2,2,15,0,57,20.67
881.3,0,12005,100,87,298.42
881.3,1,55,0,33,6.87
881.3,2,15,0,57,20.90
883.4,0,12005,99,87,297.40
883.4,1,55,0,33,11.68
883.4,2,15,0,57,29.30
885.5,0,12005,100,87,295.30
885.5,1,55,0,33,6.91
885.5,2,15,0,57,21.19
887.6,0,12005,100,87,297.24
887.6,1,55,0,33,6.70
887.6,2,15,0,57,20.69
889.7,0,12005,100,87,298.41
889.7,1,55,0,33,8.16
889.7,2,15,0,57,24.48
891.8,0,12005,100,87,298.63
891.8,1,55,0,33,7.25
891.8,2,15,0,57,21.88
893.9,0,3315,99,87,250.71
893.9,1,55,0,33,6.86
893.9,2,15,0,57,20.66
896.0,0,3315,98,87,298.45
896.0,1,55,0,33,7.04
896.0,2,15,0,57,20.93
898.0,0,3471,98,87,297.61
898.0,1,55,0,33,11.66
898.0,2,15,0,57,29.45
900.1,0,3471,99,87,297.80
900.1,1,55,0,33,6.76
900.1,2,15,0,57,21.31
902.2,0,3471,99,87,297.94
902.2,1,55,0,33,6.72
902.2,2,15,0,57,21.03
904.3,0,3471,98,87,297.45
904.3,1,55,0,33,11.16
904.3,2,15,0,57,29.18
906.4,0,3941,99,87,297.72
906.4,1,55,0,33,6.87
906.4,2,15,0,57,21.48
908.5,0,3941,98,87,298.86
908.5,1,55,0,33,6.64
908.5,2,15,0,57,20.98
910.5,0,3941,0,81,114.36
910.5,1,55,0,33,6.89
910.5,2,15,0,57,20.32
912.6,0,3941,0,80,104.18
912.6,1,55,0,33,11.88
912.6,2,15,0,57,29.70
914.7,0,3941,89,82,121.88
914.7,1,55,0,33,6.89
914.7,2,15,0,57,20.35
916.8,0,3941,99,84,296.31
916.8,1,55,0,33,7.06
916.8,2,15,0,57,21.18
918.9,0,3941,98,84,297.12
918.9,1,55,0,33,11.33
918.9,2,15,0,57,29.38
921.0,0,3941,98,85,297.04
921.0,1,55,0,33,6.88
921.0,2,15,0,57,21.52
923.1,0,3941,13,80,136.81
923.1,1,55,0,33,6.81
923.1,2,15,0,57,20.73
925.2,0,3941,99,83,277.24
925.2,1,55,0,33,6.88
925.2,2,15,0,57,23.78
927.3,0,3941,98,79,225.68
927.3,1,55,0,33,7.11
927.3,2,15,0,57,22.57
929.4,0,3941,0,77,106.04
929.4,1,55,0,33,6.76
929.4,2,15,0,57,20.49
931.5,0,3941,1,76,109.14
931.5,1,55,0,33,7.01
931.5,2,15,0,57,20.53
933.5,0,3941,47,79,288.73
933.5,1,55,0,33,11.31
933.5,2,15,0,57,29.55
935.6,0,3159,0,75,106.41
935.6,1,55,0,33,6.64
935.6,2,15,0,57,20.66
937.7,0,3471,85,81,291.47
937.7,1,55,0,33,6.28
937.7,2,15,0,57,20.64
939.8,0,3315,99,80,146.41
939.8,1,55,0,33,6.78
939.8,2,15,0,57,23.99
941.8,0,3315,98,81,265.93
941.8,1,55,0,33,6.32
941.8,2,15,0,57,21.89
943.9,0,3473,98,81,292.08
943.9,1,55,0,33,5.61
943.9,2,15,0,57,20.96
946.0,0,3473,93,82,289.67
946.0,1,55,0,33,5.68
946.0,2,15,0,57,21.10
948.1,0,4081,100,81,266.23
948.1,1,55,0,33,9.77
948.1,2,15,0,57,29.91
950.1,0,3981,98,83,298.92
950.1,1,55,0,33,5.70
950.1,2,15,0,57,21.44
952.2,0,8205,100,82,261.71
952.2,1,55,0,33,5.51
952.2,2,15,0,57,20.81
954.3,0,4365,98,83,298.22
954.3,1,55,0,33,7.00
954.3,2,15,0,57,24.80
956.3,0,4321,100,83,279.55
956.3,1,55,0,33,5.88
956.3,2,15,0,57,22.19
958.4,0,31967,100,83,283.07
958.4,1,55,0,33,5.43
958.4,2,15,0,57,20.97
960.5,0,31967,99,84,288.86
960.5,1,55,0,33,5.81
960.5,2,15,0,57,20.66
962.5,0,31967,99,84,286.65
962.5,1,55,0,33,9.97
962.5,2,15,0,57,29.50
964.6,0,31967,100,84,285.29
964.6,1,55,0,33,5.62
964.6,2,15,0,57,20.61
966.7,0,31967,100,84,285.35
966.7,1,55,0,33,6.25
966.7,2,15,0,57,20.52
969.1,0,21293,100,84,282.17
969.1,1,55,0,33,11.29
969.1,2,15,0,57,29.71
971.2,0,21293,99,85,297.91
971.2,1,55,0,33,6.66
971.2,2,15,0,57,21.37
973.3,0,21293,99,85,298.52
973.3,1,55,0,33,6.56
973.3,2,15,0,57,20.88
975.4,0,21295,99,86,298.93
975.4,1,55,0,33,7.77
975.4,2,15,0,57,22.72
977.5,0,21295,96,86,297.94
977.5,1,55,0,33,7.13
977.5,2,15,0,57,22.38
979.6,0,21295,97,86,297.62
979.6,1,55,0,33,6.34
979.6,2,15,0,57,20.94
981.7,0,21295,100,86,299.05
981.7,1,55,0,33,6.75
981.7,2,15,0,57,20.93
983.8,0,21295,100,87,299.11
983.8,1,55,0,33,11.34
983.8,2,15,0,57,29.43
985.8,0,21295,100,87,298.47
985.8,1,55,0,33,6.69
985.8,2,15,0,57,21.20
987.9,0,21295,99,87,299.16
987.9,1,55,0,33,6.45
987.9,2,15,0,57,21.04
990.0,0,21295,100,87,298.89
990.0,1,55,0,33,8.39
990.0,2,15,0,57,23.70
992.1,0,3939,97,87,296.32
992.1,1,55,0,33,7.42
992.1,2,15,0,57,21.94
994.2,0,3939,99,87,295.33
994.2,1,55,0,33,6.60
994.2,2,15,0,57,21.00
996.2,0,3939,100,87,294.06
996.2,1,55,0,33,6.82
996.2,2,15,0,57,21.04
998.3,0,3939,0,83,118.42
998.3,1,55,0,33,11.40
998.3,2,15,0,57,30.14
1000.4,0,3939,89,86,290.96
1000.4,1,55,0,33,7.07
1000.4,2,15,0,57,20.86
1002.5,0,3293,1,83,229.41
1002.5,1,55,0,33,6.52
1002.5,2,15,0,57,20.98
1004.5,0,2695,90,85,162.74
1004.5,1,55,0,33,8.46
1004.5,2,15,0,57,23.95
1006.6,0,3007,8,81,165.61
1006.6,1,55,0,33,6.70
1006.6,2,15,0,57,21.74
1008.7,0,3163,93,84,184.78
1008.7,1,55,0,33,5.79
1008.7,2,15,0,57,20.58
1010.7,0,3163,95,85,291.48
1010.7,1,55,0,33,5.78
1010.7,2,15,0,57,20.94
1012.8,0,3163,4,79,120.83
1012.8,1,55,0,33,10.10
1012.8,2,15,0,57,29.86
1014.9,0,2069,0,79,167.15
1014.9,1,55,0,33,5.59
1014.9,2,15,0,57,20.76
1016.9,0,1927,0,78,110.63
1016.9,1,55,0,33,5.80
1016.9,2,15,0,57,20.57
1019.0,0,2865,93,84,290.25
1019.0,1,55,0,33,9.74
1019.0,2,15,0,57,24.85
1021.1,0,3489,19,82,264.45
1021.1,1,55,0,33,6.19
1021.1,2,15,0,57,22.59
1023.2,0,3489,91,84,284.55
1023.2,1,55,0,33,5.54
1023.2,2,15,0,57,21.10
1025.3,0,3489,92,84,246.08
1025.3,1,55,0,33,5.66
1025.3,2,15,0,57,21.44
1027.4,0,3489,95,84,286.02
1027.4,1,55,0,33,6.91
1027.4,2,15,0,57,22.34
1029.5,0,3489,99,85,297.39
1029.5,1,55,0,33,6.48
1029.5,2,15,0,57,20.98
1031.6,0,3489,95,85,297.63
1031.6,1,55,0,33,6.65
1031.6,2,15,0,57,21.03
1033.7,0,3489,97,85,298.84
1033.7,1,55,0,33,11.36
1033.7,2,15,0,57,29.49
1035.8,0,3489,93,86,291.31
1035.8,1,55,0,33,6.73
1035.8,2,15,0,57,21.14
1037.9,0,2665,89,85,287.08
1037.9,1,55,0,33,6.79
1037.9,2,15,0,57,20.92
1040.0,0,2665,86,85,250.94
1040.0,1,55,0,33,8.17
1040.0,2,15,0,57,22.80
1042.1,0,2665,82,85,251.55
1042.1,1,55,0,33,7.01
1042.1,2,15,0,57,22.87
1044.2,0,2665,58,85,243.46
1044.2,1,55,0,33,6.40
1044.2,2,15,0,57,21.13
1046.3,0,2665,76,84,268.27
1046.3,1,55,0,33,6.77
1046.3,2,15,0,57,21.29
1048.4,0,6313,54,86,261.12
1048.4,1,55,0,33,11.38
1048.4,2,15,0,57,29.43
1050.5,0,3497,94,86,281.30
1050.5,1,55,0,33,6.72
1050.5,2,15,0,57,21.11
1052.6,0,6313,90,83,254.26
1052.6,1,55,0,33,6.74
1052.6,2,15,0,57,21.14
1054.7,0,3337,91,86,264.01
1054.7,1,55,1,33,7.79
1054.7,2,15,0,57,23.16
1056.8,0,5833,23,85,261.22
1056.8,1,55,0,33,6.62
1056.8,2,15,0,57,22.17
1058.9,0,3401,94,86,268.24
1058.9,1,55,0,33,5.53
1058.9,2,15,0,57,20.67
1061.0,0,6313,100,85,262.14
1061.0,1,55,0,33,5.67
1061.0,2,15,0,57,21.17
1063.0,0,2857,95,86,283.69
1063.0,1,55,0,33,6.12
1063.0,2,15,0,57,29.71
1065.1,0,3273,100,85,264.63
1065.1,1,55,0,33,5.68
1065.1,2,15,0,57,21.06
1067.2,0,5833,93,84,260.40
1067.2,1,55,0,33,5.69
1067.2,2,15,0,57,21.26
1069.3,0,3241,95,86,267.42
1069.3,1,55,0,33,7.46
1069.3,2,15,0,57,29.96
1071.4,0,5833,35,86,246.37
1071.4,1,55,0,33,5.57
1071.4,2,15,0,57,21.44
1073.4,0,3369,75,86,252.82
1073.4,1,55,0,33,5.49
1073.4,2,15,0,57,21.11
1075.5,0,5801,100,86,247.01
1075.5,1,55,0,33,6.32
1075.5,2,15,0,57,21.16
1077.6,0,3369,69,85,263.34
1077.6,1,55,0,33,5.73
1077.6,2,15,0,57,29.55
1079.6,0,2665,77,86,256.99
1079.6,1,55,0,33,5.48
1079.6,2,15,0,57,21.54
1081.7,0,2665,0,81,112.81
1081.7,1,55,0,33,5.75
1081.7,2,15,0,57,20.60
1083.8,0,2665,0,80,103.30
1083.8,1,55,0,33,10.00
1083.8,2,15,0,57,30.01
1085.9,0,2665,0,78,102.98
1085.9,1,55,0,33,6.68
1085.9,2,15,0,57,20.53
1087.9,0,2665,0,77,101.51
1087.9,1,55,0,33,6.75
1087.9,2,15,0,57,20.30
1090.0,0,11955,0,80,141.42
1090.0,1,55,0,33,8.25
1090.0,2,15,1,57,20.60
1092.1,0,12271,100,82,280.88
1092.1,1,55,0,33,7.28
1092.1,2,15,0,57,22.39
1094.2,0,21561,100,82,279.96
1094.2,1,55,0,33,6.63
1094.2,2,15,0,57,20.65
1096.3,0,21561,100,83,278.24
1096.3,1,55,0,33,6.99
1096.3,2,15,0,57,20.77
1098.5,0,21561,100,83,281.24
1098.5,1,55,0,33,11.16
1098.5,2,15,0,57,29.53
1100.6,0,21563,87,84,282.59
1100.6,1,55,0,33,6.85
1100.6,2,15,0,57,20.91
1102.7,0,21563,84,84,282.46
1102.7,1,55,0,33,6.85
1102.7,2,15,0,57,20.63
1104.8,0,21563,88,84,282.30
1104.8,1,55,0,33,8.37
1104.8,2,15,0,57,24.69
1106.9,0,21563,100,85,287.85
1106.9,1,55,0,33,7.34
1106.9,2,15,0,57,21.96
1108.9,0,24347,100,84,265.84
1108.9,1,55,0,33,7.03
1108.9,2,15,0,57,20.66
1111.0,0,22171,94,84,281.85
1111.0,1,55,0,33,7.13
1111.0,2,15,0,57,20.76
1113.1,0,22203,100,85,283.46
1113.1,1,55,0,33,12.01
1113.1,2,15,0,57,30.01
1115.2,0,22267,99,85,283.17
1115.2,1,55,0,33,7.17
1115.2,2,15,0,57,20.92
1117.3,0,21229,100,86,277.11
1117.3,1,55,0,33,6.80
1117.3,2,15,0,56,20.90
1119.4,0,24131,3,85,193.52
1119.4,1,55,0,33,11.38
1119.4,2,15,0,57,29.25
1121.4,0,23811,100,85,190.64
1121.4,1,55,0,33,6.32
1121.4,2,15,0,57,21.15
1123.5,0,21155,97,86,280.79
1123.5,1,55,0,33,5.73
1123.5,2,15,0,56,20.95
1125.6,0,24131,100,86,277.07
1125.6,1,55,0,33,5.58
1125.6,2,15,0,56,20.97
1127.6,0,24131,100,85,239.11
1127.6,1,55,0,33,10.16
1127.6,2,15,0,57,29.51
1129.7,0,24131,4,82,189.40
1129.7,1,55,0,33,5.77
1129.7,2,15,0,56,20.72
1131.8,0,24131,31,85,250.96
1131.8,1,55,0,33,5.72
1131.8,2,15,0,56,20.89
1133.8,0,20579,87,86,264.40
1133.8,1,55,0,33,7.75
1133.8,2,15,0,57,29.82
1135.9,0,21155,100,85,274.31
1135.9,1,55,0,33,5.76
1135.9,2,15,0,56,20.74
1138.0,0,11131,0,83,167.38
1138.0,1,55,0,33,5.66
1138.0,2,15,0,56,20.94
1140.0,0,11837,100,85,262.20
1140.0,1,55,0,33,6.03
1140.0,2,15,0,56,20.77
1142.1,0,14685,0,82,170.09
1142.1,1,55,0,33,6.13
1142.1,2,15,0,57,22.49
1144.2,0,11805,91,85,263.85
1144.2,1,55,0,33,5.63
1144.2,2,15,0,56,20.90
1146.3,0,14143,7,85,225.04
1146.3,1,55,0,33,6.78
1146.3,2,15,0,56,21.29
1148.4,0,11519,91,85,267.35
1148.4,1,55,0,33,11.48
1148.4,2,15,0,57,29.66
1150.4,0,14751,100,85,276.69
1150.4,1,55,0,33,6.93
1150.4,2,15,0,56,21.39
1152.5,0,11583,95,86,275.29
1152.5,1,55,0,33,6.83
1152.5,2,15,0,56,21.02
1154.6,0,14623,47,83,269.59
1154.6,1,55,0,33,7.84
1154.6,2,15,0,56,22.29
1156.7,0,20873,100,86,261.92
1156.7,1,55,0,33,7.38
1156.7,2,15,0,57,22.02
1158.8,0,20991,100,86,276.79
1158.8,1,55,0,33,6.94
1158.8,2,15,0,56,20.73
1160.8,0,20383,0,82,191.69
1160.8,1,55,0,33,6.93
1160.8,2,15,0,56,21.09
1162.9,0,20383,0,81,114.64
1162.9,1,55,0,33,11.67
1162.9,2,15,0,57,30.16
1165.0,0,20479,0,82,106.31
1165.0,1,55,0,33,7.12
1165.0,2,15,0,56,20.87
1167.1,0,20383,100,84,255.01
1167.1,1,55,0,33,6.67
1167.1,2,15,0,56,20.67
1169.2,0,20895,90,85,289.35
1169.2,1,55,0,33,6.94
1169.2,2,15,0,57,22.96
1171.2,0,24799,91,85,268.85
1171.2,1,55,0,33,5.93
1171.2,2,15,0,57,22.64
1173.3,0,20991,89,85,270.63
1173.3,1,55,0,33,5.44
1173.3,2,15,0,56,20.81
1175.4,0,23455,96,85,269.16
1175.4,1,55,0,33,5.76
1175.4,2,15,0,56,21.35
1177.4,0,23935,91,81,206.48
1177.4,1,55,0,33,9.86
1177.4,2,15,0,57,29.77
1179.5,0,11071,91,85,255.07
1179.5,1,55,0,33,5.52
1179.5,2,15,0,56,20.89
1181.6,0,11935,89,85,225.20
1181.6,1,55,0,33,5.60
1181.6,2,15,0,56,20.86
1183.6,0,2453,100,85,253.10
1183.6,1,55,1,33,7.46
1183.6,2,15,0,57,23.47
1185.7,0,6313,52,83,280.22
1185.7,1,55,0,33,6.14
1185.7,2,15,0,57,22.85
1187.8,0,2761,73,84,266.37
1187.8,1,55,0,33,5.36
1187.8,2,15,0,56,20.75
1189.9,0,3369,100,85,268.20
1189.9,1,55,0,33,5.67
1189.9,2,15,0,56,20.59
1191.9,0,5833,74,85,217.20
1191.9,1,55,0,33,9.75
1191.9,2,15,0,57,29.35
1194.0,0,2761,76,84,226.00
1194.0,1,55,0,33,5.78
1194.0,2,15,0,56,20.96
1196.1,0,5929,100,84,256.73
1196.1,1,55,0,33,5.67
1196.1,2,15,0,56,20.67
1198.1,0,3657,53,84,238.90
1198.1,1,55,0,33,7.76
1198.1,2,15,0,57,23.98
1200.2,0,6177,100,85,237.24
1200.2,1,55,0,33,5.71
1200.2,2,15,0,57,22.11
1202.3,0,2739,100,84,256.48
1202.3,1,55,0,33,5.53
1202.3,2,15,0,56,20.61
1204.4,0,6313,93,84,246.34
1204.4,1,55,0,33,5.61
1204.4,2,15,0,56,20.99
1206.4,0,3465,100,85,256.71
1206.4,1,55,0,33,7.47
1206.4,2,15,0,57,29.93
1208.5,0,12723,100,85,225.47
1208.5,1,55,0,33,6.55
1208.5,2,15,0,56,21.35
1210.6,0,21821,100,86,262.26
1210.6,1,55,0,33,6.82
1210.6,2,15,0,56,20.66
1212.7,0,21853,100,86,286.17
1212.7,1,55,0,33,11.41
1212.7,2,15,0,57,24.94
1214.8,0,21917,96,86,283.79
1214.8,1,55,0,33,6.83
1214.8,2,15,0,56,21.33
1216.9,0,12027,98,87,294.07
1216.9,1,55,0,33,6.50
1216.9,2,15,0,56,20.88
1219.0,0,15453,100,86,272.06
1219.0,1,55,0,33,7.65
1219.0,2,15,0,56,21.44
1221.1,0,12253,95,87,292.82
1221.1,1,55,0,33,6.90
1221.1,2,15,0,57,22.51
1223.1,0,14909,100,87,265.65
1223.1,1,55,0,33,6.46
1223.1,2,15,0,56,21.09
1225.2,0,12413,98,87,293.21
1225.2,1,55,0,33,6.70
1225.2,2,15,0,56,21.16
1227.3,0,15005,93,87,258.05
1227.3,1,55,0,33,11.06
1227.3,2,15,0,57,29.61
1229.4,0,12477,97,87,270.40
1229.4,1,55,0,33,6.42
1229.4,2,15,0,56,21.11
1231.5,0,15453,100,87,260.47
1231.5,1,55,0,33,6.28
1231.5,2,15,0,56,21.19
1233.5,0,12541,98,87,278.85
1233.5,1,55,0,33,7.55
1233.5,2,15,0,56,22.80
1235.6,0,15485,24,85,262.42
1235.6,1,55,0,33,6.57
1235.6,2,15,0,57,22.93
1237.7,0,12541,97,87,269.95
1237.7,1,55,0,33,5.95
1237.7,2,15,0,56,20.82
1239.8,0,12765,77,86,264.56
1239.8,1,55,0,33,6.12
1239.8,2,15,0,56,21.33
1241.8,0,11869,97,87,282.24
1241.8,1,55,0,33,10.36
1241.8,2,15,0,57,29.35
1243.9,0,21127,97,87,282.23
1243.9,1,55,0,33,6.07
1243.9,2,15,0,56,21.17
1246.0,0,21127,83,88,279.98
1246.0,1,55,0,33,6.03
1246.0,2,15,0,56,20.51
1248.1,0,21127,90,87,280.20
1248.1,1,55,0,33,7.18
1248.1,2,15,0,56,23.06
1250.2,0,21127,78,87,274.99
1250.2,1,55,0,33,5.69
1250.2,2,15,0,57,21.79
1252.2,0,21127,95,86,275.18
1252.2,1,55,0,33,5.43
1252.2,2,15,0,56,20.49
1254.3,0,11337,88,88,276.62
1254.3,1,55,0,33,5.72
1254.3,2,15,0,56,20.66
1256.4,0,11833,100,87,254.60
1256.4,1,55,0,33,6.21
1256.4,2,15,0,57,29.79
1258.5,0,11833,0,84,189.34
1258.5,1,55,0,33,5.57
1258.5,2,15,0,56,21.24
1260.6,0,2543,0,82,132.44
1260.6,1,55,0,33,5.70
1260.6,2,15,0,56,20.49
1262.6,0,3029,58,84,249.01
1262.6,1,55,0,33,7.70
1262.6,2,15,0,56,23.95
1264.7,0,3031,64,85,181.71
1264.7,1,55,0,33,6.15
1264.7,2,15,0,57,22.78
1266.8,0,4951,97,85,256.16
1266.8,1,55,0,33,6.55
1266.8,2,15,0,56,21.19
1268.9,0,3671,67,84,239.26
1268.9,1,55,0,33,6.72
1268.9,2,15,0,56,20.98
1271.0,0,3735,68,85,250.42
1271.0,1,55,0,33,6.91
1271.0,2,15,0,57,29.97
1273.1,0,3191,88,86,259.76
1273.1,1,55,0,33,6.63
1273.1,2,15,0,56,21.58
1275.2,0,5303,94,85,250.71
1275.2,1,55,0,33,7.12
1275.2,2,15,0,56,21.00
1277.4,0,3735,57,84,233.68
1277.4,1,55,0,33,11.34
1277.4,2,15,0,57,30.01
1279.5,0,3799,89,85,254.47
1279.5,1,55,0,33,7.20
1279.5,2,15,0,56,21.39
1281.5,0,3735,92,85,255.64
1281.5,1,55,0,33,6.92
1281.5,2,15,0,56,21.29
1283.6,0,3863,93,85,262.64
1283.6,1,55,0,33,8.01
1283.6,2,15,0,56,21.66
1285.7,0,6231,100,85,240.54
1285.7,1,55,0,33,6.98
1285.7,2,15,0,57,22.68
1287.7,0,3557,98,85,275.79
1287.7,1,55,0,33,6.41
1287.7,2,15,0,56,20.73
1289.8,0,2867,92,85,280.14
1289.8,1,55,0,33,6.39
1289.8,2,15,0,56,21.35
1291.9,0,13177,89,83,277.87
1291.9,1,55,0,33,10.47
1291.9,2,15,0,57,29.18
1294.0,0,16249,70,85,212.24
1294.0,1,55,0,33,6.42
1294.0,2,15,0,56,21.05
1296.0,0,3407,94,81,228.01
1296.0,1,55,0,33,5.84
1296.0,2,15,0,56,20.70
1298.1,0,6415,97,84,190.21
1298.1,1,55,0,33,7.26
1298.1,2,15,0,56,21.93
1300.2,0,3537,93,85,273.89
1300.2,1,55,0,33,6.06
1300.2,2,15,0,57,21.86
1302.3,0,6605,82,82,265.80
1302.3,1,55,0,33,5.81
1302.3,2,15,0,56,21.19
1304.4,0,3661,45,85,246.55
1304.4,1,55,0,33,5.96
1304.4,2,15,0,56,20.87
1306.5,0,3305,96,86,295.35
1306.5,1,55,0,33,10.16
1306.5,2,15,0,57,29.64
1308.5,0,3845,92,84,273.92
1308.5,1,55,0,33,5.85
1308.5,2,15,0,56,21.48
1310.6,0,4099,96,86,295.91
1310.6,1,55,0,33,5.39
1310.6,2,15,0,56,21.03
1312.7,0,6595,100,86,261.26
1312.7,1,55,0,33,7.55
1312.7,2,15,0,57,24.06
1314.8,0,4131,96,86,287.79
1314.8,1,55,0,33,5.95
1314.8,2,15,0,57,21.36
1316.9,0,3587,98,86,283.06
1316.9,1,55,0,33,5.51
1316.9,2,15,0,56,21.15
1319.0,0,6595,100,86,266.32
1319.0,1,55,0,33,5.62
1319.0,2,15,0,56,20.71
1321.1,0,3411,96,86,281.35
1321.1,1,55,0,33,10.02
1321.1,2,15,0,57,29.51
1323.2,0,2803,100,84,273.09
1323.2,1,55,0,33,5.96
1323.2,2,15,0,56,21.24
1325.2,0,2635,23,81,185.21
1325.2,1,55,0,33,5.83
1325.2,2,15,0,56,20.68
1327.4,0,5815,0,83,146.61
1327.4,1,55,0,33,9.15
1327.4,2,15,0,57,30.03
1329.5,0,3319,0,85,220.75
1329.5,1,55,0,33,7.96
1329.5,2,15,0,56,20.92
1331.6,0,2807,89,85,277.39
1331.6,1,55,0,33,6.88
1331.6,2,15,0,56,21.16
1333.7,0,3223,80,82,261.29
1333.7,1,55,0,33,7.60
1333.7,2,15,0,56,20.71
1335.8,0,2839,91,85,283.05
1335.8,1,55,0,33,7.36
1335.8,2,15,0,57,22.63
1337.9,0,6359,83,82,264.82
1337.9,1,55,0,33,6.93
1337.9,2,15,0,56,20.69
1340.0,0,3383,89,85,263.64
1340.0,1,55,0,33,7.03
1340.0,2,15,0,56,20.73
1342.1,0,3735,80,85,282.80
1342.1,1,55,0,33,11.56
1342.1,2,15,0,57,29.35
1344.2,0,3095,89,86,279.65
1344.2,1,55,0,33,6.50
1344.2,2,15,0,56,21.35
1346.3,0,6359,100,85,258.63
1346.3,1,55,0,33,6.46
1346.3,2,15,0,56,20.84
1348.3,0,3543,83,86,276.07
1348.3,1,55,0,33,7.13
1348.3,2,15,0,57,24.43
1350.4,0,3319,90,86,287.04
1350.4,1,55,0,33,6.39
1350.4,2,15,0,57,22.40
1352.5,0,6263,100,86,255.76
1352.5,1,55,0,33,5.65
1352.5,2,15,0,56,21.34
1354.6,0,5239,100,86,267.97
1354.6,1,55,0,33,5.82
1354.6,2,15,0,56,20.91
1356.6,0,3415,75,85,265.42
1356.6,1,55,0,33,10.11
1356.6,2,15,0,57,29.90
1358.7,0,3383,89,85,271.90
1358.7,1,55,0,33,5.93
1358.7,2,15,0,56,21.76
1360.8,0,5879,91,85,264.36
1360.8,1,55,0,33,5.80
1360.8,2,15,0,56,21.33
1362.9,0,13149,100,86,261.75
1362.9,1,55,0,33,7.40
1362.9,2,15,0,57,24.91
1365.0,0,13181,95,86,278.14
1365.0,1,55,0,33,6.19
1365.0,2,15,0,57,22.29
1367.0,0,13311,88,85,281.27
1367.0,1,55,0,33,5.72
1367.0,2,15,0,56,20.73
1369.1,0,13311,97,86,284.80
1369.1,1,55,0,33,5.68
1369.1,2,15,0,56,20.72
1371.2,0,12713,100,86,282.38
1371.2,1,55,0,33,10.28
1371.2,2,15,0,57,29.84
1373.3,0,15147,97,87,289.62
1373.3,1,55,0,33,5.70
1373.3,2,15,0,56,21.28
1375.3,0,15723,100,87,274.11
1375.3,1,55,0,33,5.68
1375.3,2,15,0,56,21.14
1377.4,0,12843,97,87,282.69
1377.4,1,55,0,33,7.56
1377.4,2,15,0,57,30.14
1379.5,0,12717,98,87,288.66
1379.5,1,55,0,33,6.28
1379.5,2,15,0,56,22.06
1381.5,0,13037,98,87,287.08
1381.5,1,55,0,33,5.40
1381.5,2,15,0,56,21.35
1383.6,0,15725,97,85,273.05
1383.6,1,55,0,33,5.32
1383.6,2,15,0,56,20.91
1385.7,0,12781,97,87,270.87
1385.7,1,55,0,33,7.24
1385.7,2,15,0,57,29.51
1387.8,0,12749,98,87,288.05
1387.8,1,55,0,33,6.67
1387.8,2,15,0,56,21.21
1389.9,0,12333,96,87,284.40
1389.9,1,55,0,33,6.82
1389.9,2,15,0,56,21.31
1392.0,0,15245,100,87,261.32
1392.0,1,55,0,33,11.56
1392.0,2,15,0,57,29.71
1394.1,0,12845,97,87,269.49
1394.1,1,55,0,33,6.85
1394.1,2,15,0,56,21.09
1396.2,0,12781,97,87,283.93
1396.2,1,55,0,33,6.66
1396.2,2,15,0,56,21.18
1398.3,0,12301,93,87,277.77
1398.3,1,55,0,33,7.86
1398.3,2,15,0,57,23.80
1400.4,0,15693,100,85,269.71
1400.4,1,55,0,33,7.67
1400.4,2,15,0,57,21.61
1402.4,0,12813,71,87,272.23
1402.4,1,55,0,33,6.85
1402.4,2,15,0,56,20.78
1404.5,0,12749,98,87,282.83
1404.5,1,55,0,33,6.88
1404.5,2,15,0,56,21.24
1406.6,0,12333,97,87,279.96
1406.6,1,55,0,33,11.64
1406.6,2,15,0,57,29.89
1408.7,0,15213,97,87,259.50
1408.7,1,55,0,33,7.14
1408.7,2,15,0,56,21.27
1410.8,0,12717,98,87,244.80
1410.8,1,55,0,33,6.74
1410.8,2,15,0,56,20.79
1412.9,0,3299,93,87,277.20
1412.9,1,55,0,33,8.35
1412.9,2,15,0,57,24.47
1414.9,0,4995,100,87,235.13
1414.9,1,55,0,33,6.79
1414.9,2,15,0,57,22.11
1417.0,0,3171,85,86,255.96
1417.0,1,55,0,33,6.28
1417.0,2,15,0,56,20.71
1419.1,0,2893,0,82,116.16
1419.1,1,55,0,33,6.17
1419.1,2,15,0,56,20.86
1421.2,0,5699,100,86,258.39
1421.2,1,55,0,33,10.89
1421.2,2,15,0,57,29.74
1423.2,0,3331,90,86,261.80
1423.2,1,55,0,33,6.24
1423.2,2,15,0,56,20.79
1425.3,0,3299,88,86,279.73
1425.3,1,55,0,33,6.02
1425.3,2,15,0,56,21.22
1427.4,0,6179,94,87,282.70
1427.4,1,55,0,33,7.27
1427.4,2,15,0,57,25.18
1429.5,0,5539,100,86,263.67
1429.5,1,55,0,33,6.29
1429.5,2,15,0,57,22.43
1431.6,0,3395,96,86,259.39
1431.6,1,55,0,33,5.68
1431.6,2,15,0,56,20.72
1433.6,0,3267,92,87,285.28
1433.6,1,55,0,33,5.68
1433.6,2,15,0,56,21.20
1435.7,0,3427,91,87,283.61
1435.7,1,55,0,33,9.93
1435.7,2,15,0,57,29.56
1437.8,0,3555,88,87,284.14
1437.8,1,55,0,33,5.50
1437.8,2,15,0,56,21.37
1439.9,0,16201,94,86,262.35
1439.9,1,55,0,33,5.22
1439.9,2,15,0,56,20.96
1441.9,0,13161,95,87,267.13
1441.9,1,55,0,33,7.39
1441.9,2,15,0,57,29.57
1444.1,0,12611,99,87,288.05
1444.1,1,55,0,33,5.50
1444.1,2,15,0,56,21.89
1446.2,0,12547,92,87,287.67
1446.2,1,55,0,33,6.67
1446.2,2,15,0,56,21.04
1448.3,0,12291,91,87,288.39
1448.3,1,55,1,33,6.69
1448.3,2,15,0,56,21.43
1450.3,0,15011,100,87,264.39
1450.3,1,55,0,33,7.32
1450.3,2,15,0,57,22.70
1452.4,0,12483,100,86,259.27
1452.4,1,55,0,33,6.50
1452.4,2,15,0,56,20.75
1454.5,0,3459,93,87,258.17
1454.5,1,55,0,33,6.75
1454.5,2,15,0,56,21.11
1456.6,0,5699,100,85,163.07
1456.6,1,55,0,33,11.40
1456.6,2,15,0,57,29.57
1458.7,0,5763,100,86,260.18
1458.7,1,55,0,33,7.13
1458.7,2,15,0,56,21.01
1460.8,0,3075,89,86,281.11
1460.8,1,55,0,33,6.58
1460.8,2,15,0,56,20.93
1462.9,0,6211,100,86,279.59
1462.9,1,55,0,33,7.78
1462.9,2,15,0,57,23.32
1465.0,0,3267,96,86,258.76
1465.0,1,55,0,33,7.25
1465.0,2,15,0,57,22.01
1467.0,0,2755,97,86,292.02
1467.0,1,55,0,33,6.63
1467.0,2,15,0,56,21.40
1469.1,0,6211,100,84,259.90
1469.1,1,55,0,33,6.87
1469.1,2,15,0,56,21.20
1471.2,0,3299,96,86,273.09
1471.2,1,55,0,33,10.63
1471.2,2,15,0,57,29.88
1473.3,0,2979,97,86,287.48
1473.3,1,55,0,33,6.41
1473.3,2,15,0,56,21.28
1475.3,0,6147,100,86,268.91
1475.3,1,55,0,33,5.78
1475.3,2,15,0,56,21.14
1477.4,0,3235,96,86,289.24
1477.4,1,55,0,33,6.89
1477.4,2,15,1,57,24.62
1479.5,0,7647,95,86,259.12
1479.5,1,55,0,33,6.35
1479.5,2,15,0,57,22.91
1481.5,0,13033,95,86,272.36
1481.5,1,55,0,33,5.72
1481.5,2,15,0,56,20.72
1483.6,0,13065,100,86,281.04
1483.6,1,55,0,33,5.78
1483.6,2,15,0,56,20.89
1485.7,0,13131,100,86,283.35
1485.7,1,55,0,33,9.97
1485.7,2,15,0,57,29.60
1487.8,0,13227,84,85,283.19
1487.8,1,55,0,33,5.70
1487.8,2,15,0,56,21.09
1489.8,0,13099,90,86,279.74
1489.8,1,55,0,33,5.83
1489.8,2,15,0,56,20.81
1491.9,0,12907,100,87,286.04
1491.9,1,55,1,33,7.36
1491.9,2,15,0,57,24.72
1494.0,0,13419,100,86,283.00
1494.0,1,55,0,33,6.03
1494.0,2,15,0,57,21.94
1496.1,0,16971,100,86,267.47
1496.1,1,55,0,33,5.36
1496.1,2,15,0,56,20.89
1498.1,0,14827,100,86,259.01
1498.1,1,55,0,33,5.71
1498.1,2,15,0,56,20.93
1500.2,0,15691,100,87,278.22
1500.2,1,55,0,33,10.41
1500.2,2,15,0,57,29.99
1502.3,0,13131,100,87,281.46
1502.3,1,55,0,33,5.97
1502.3,2,15,0,56,21.38
1504.4,0,13131,99,87,284.46
1504.4,1,55,0,33,5.73
1504.4,2,15,0,56,21.17
1506.5,0,13195,99,87,283.05
1506.5,1,55,0,33,8.53
1506.5,2,15,0,57,29.74
1508.6,0,13227,96,87,283.04
1508.6,1,55,0,33,6.92
1508.6,2,15,0,57,21.18
1510.6,0,13291,100,87,283.48
1510.6,1,55,0,33,6.72
1510.6,2,15,0,56,20.95
1512.8,0,13259,91,86,282.39
1512.8,1,55,0,33,7.07
1512.8,2,15,0,56,20.86
1514.9,0,13003,99,87,281.20
1514.9,1,55,0,33,7.16
1514.9,2,15,0,57,22.10
1517.0,0,13483,100,87,283.57
1517.0,1,55,0,33,6.99
1517.0,2,15,0,57,20.87
1519.1,0,13163,99,87,282.76
1519.1,1,55,0,33,7.00
1519.1,2,15,0,56,20.91
1521.2,0,13227,100,87,280.42
1521.2,1,55,0,33,11.81
1521.2,2,15,0,57,30.21
1523.3,0,13259,100,87,278.93
1523.3,1,55,0,33,7.19
1523.3,2,15,0,56,21.54
1525.4,0,13323,100,87,281.92
1525.4,1,55,0,33,6.99
1525.4,2,15,0,56,20.75
1527.5,0,13163,94,87,283.55
1527.5,1,55,0,33,7.97
1527.5,2,15,0,57,23.70
1529.6,0,12875,99,87,279.66
1529.6,1,55,0,33,7.28
1529.6,2,15,0,57,22.44
1531.7,0,12747,94,87,274.54
1531.7,1,55,0,33,6.61
1531.7,2,15,0,56,20.80
1533.8,0,16171,100,86,274.61
1533.8,1,55,0,33,6.82
1533.8,2,15,0,56,20.99
1535.9,0,15691,82,87,253.59
1535.9,1,55,0,33,11.47
1535.9,2,15,0,57,29.61
1537.9,0,13163,94,87,282.37
1537.9,1,55,0,33,6.99
1537.9,2,15,0,57,21.17
1540.0,0,13227,100,87,280.38
1540.0,1,55,0,33,6.81
1540.0,2,15,0,56,20.95
1542.1,0,13259,100,87,283.53
1542.1,1,55,0,33,8.99
1542.1,2,15,0,57,24.52
1544.2,0,13259,100,87,283.73
1544.2,1,55,0,33,7.66
1544.2,2,15,0,57,21.87
1546.3,0,13323,95,87,287.31
1546.3,1,55,0,33,6.74
1546.3,2,15,0,57,20.87
1548.4,0,13131,99,87,282.29
1548.4,1,55,0,33,6.95
1548.4,2,15,0,57,20.80
1550.5,0,12779,100,87,279.04
1550.5,1,55,0,33,11.43
1550.5,2,15,0,57,22.53
1552.6,0,12779,92,87,284.19
1552.6,1,55,0,33,6.76
1552.6,2,15,0,57,20.73
1554.7,0,12025,100,87,281.09
1554.7,1,55,0,33,7.00
1554.7,2,15,0,57,20.96
1556.8,0,12121,100,87,284.24
1556.8,1,55,0,33,11.09
1556.8,2,15,0,57,24.95
1558.9,0,15023,14,84,267.57
1558.9,1,55,0,33,6.76
1558.9,2,15,0,57,21.24
1560.9,0,14575,100,87,259.72
1560.9,1,55,0,33,6.82
1560.9,2,15,0,57,20.73
1563.0,0,12049,98,87,288.90
1563.0,1,55,0,33,6.67
1563.0,2,15,0,57,22.07
1565.1,0,12113,98,87,290.14
1565.1,1,55,0,33,7.01
1565.1,2,15,0,57,22.34
1567.2,0,15025,100,87,268.66
1567.2,1,55,0,33,6.59
1567.2,2,15,0,57,21.13
1569.3,0,12081,89,86,267.25
1569.3,1,55,0,33,6.86
1569.3,2,15,0,57,20.86
1571.3,0,11633,98,87,286.21
1571.3,1,55,0,33,11.76
1571.3,2,15,0,57,29.95
1573.4,0,11857,98,87,283.77
1573.4,1,55,0,33,6.73
1573.4,2,15,0,57,21.75
1575.5,0,15057,100,86,261.51
1575.5,1,55,0,33,6.69
1575.5,2,15,0,57,20.99
1577.6,0,12145,90,87,279.52
1577.6,1,55,0,33,8.44
1577.6,2,15,0,57,22.76
1579.7,0,12145,98,87,289.15
1579.7,1,55,0,33,7.32
1579.7,2,15,0,57,22.77
1581.8,0,14577,100,86,256.50
1581.8,1,55,0,33,6.76
1581.8,2,15,0,57,21.23
1583.8,0,13297,100,86,269.11
1583.8,1,55,0,33,6.97
1583.8,2,15,0,57,20.94
1585.9,0,12145,98,87,292.79
1585.9,1,55,0,33,11.35
1585.9,2,15,0,57,29.66
1588.0,0,12081,98,87,288.83
1588.0,1,55,0,33,6.53
1588.0,2,15,0,57,21.38
1590.1,0,14993,100,86,240.96
1590.1,1,55,0,33,6.41
1590.1,2,15,0,57,21.02
1592.2,0,12241,100,87,284.13
1592.2,1,55,0,33,8.70
1592.2,2,15,0,57,23.63
1594.2,0,11857,94,87,291.33
1594.2,1,55,0,33,7.19
1594.2,2,15,0,57,23.07
1596.3,0,12145,93,87,290.89
1596.3,1,55,0,33,6.56
1596.3,2,15,0,57,21.26
1598.4,0,15025,97,84,277.03
1598.4,1,55,0,33,6.81
1598.4,2,15,0,57,21.18
1600.5,0,14577,91,86,258.24
1600.5,1,55,0,33,11.01
1600.5,2,15,0,57,29.50
1602.5,0,12081,98,87,295.00
1602.5,1,55,0,33,6.83
1602.5,2,15,0,57,21.24
1604.6,0,11633,93,87,289.84
1604.6,1,55,0,33,6.66
1604.6,2,15,0,57,21.25
1606.7,0,14033,100,87,270.62
1606.7,1,55,0,33,11.46
1606.7,2,15,0,57,24.46
1608.8,0,11985,82,84,255.94
1608.8,1,55,0,33,7.22
1608.8,2,15,0,57,22.07
1610.9,0,11665,98,87,293.07
1610.9,1,55,0,33,6.53
1610.9,2,15,0,57,21.29
1613.0,0,11665,95,86,295.21
1613.0,1,55,0,33,6.80
1613.0,2,15,0,57,21.18
1615.0,0,15057,100,87,267.52
1615.0,1,55,0,33,10.80
1615.0,2,15,0,57,29.98
1617.1,0,12177,98,87,282.45
1617.1,1,55,0,33,5.72
1617.1,2,15,0,57,20.92
1619.2,0,12113,98,87,296.36
1619.2,1,55,0,33,5.42
1619.2,2,15,0,57,21.33
1621.2,0,15025,100,87,255.84
1621.2,1,55,0,33,9.76
1621.2,2,15,0,57,25.31
1623.3,0,12017,100,86,272.41
1623.3,1,55,0,33,5.52
1623.3,2,15,0,57,22.46
1625.4,0,11665,98,87,294.20
1625.4,1,55,0,33,5.95
1625.4,2,15,0,57,21.20
1627.5,0,11633,97,87,289.12
1627.5,1,55,0,33,6.52
1627.5,2,15,0,57,21.70
1629.5,0,12369,81,87,269.93
1629.5,1,55,0,33,11.56
1629.5,2,15,0,57,22.25
1631.6,0,12081,98,87,266.69
1631.6,1,55,0,33,6.37
1631.6,2,15,0,57,20.82
1633.7,0,11729,97,87,290.60
1633.7,1,55,0,33,6.74
1633.7,2,15,0,57,21.38
1635.8,0,11537,97,87,292.80
1635.8,1,55,0,33,11.30
1635.8,2,15,0,57,29.56
1637.9,0,14481,100,87,280.32
1637.9,1,55,0,33,6.62
1637.9,2,15,0,57,21.19
1639.9,0,11601,98,87,294.73
1639.9,1,55,0,33,6.84
1639.9,2,15,0,57,20.97
1642.0,0,11505,98,87,293.86
1642.0,1,55,0,33,7.30
1642.0,2,15,0,57,22.97
1644.1,0,20731,100,86,276.06
1644.1,1,55,0,33,7.55
1644.1,2,15,0,57,22.68
1646.2,0,21179,99,86,282.09
1646.2,1,55,0,33,6.84
1646.2,2,15,0,57,20.72
1648.3,0,21243,97,87,290.81
1648.3,1,55,0,33,7.02
1648.3,2,15,0,57,20.80
1650.4,0,30597,100,86,281.64
1650.4,1,55,0,33,11.70
1650.4,2,15,0,57,29.32
1652.5,0,30565,100,87,287.47
1652.5,1,55,0,33,7.03
1652.5,2,15,0,57,20.93
1654.5,0,30565,99,87,281.15
1654.5,1,55,0,33,6.91
1654.5,2,15,0,57,20.65
1656.6,0,30661,100,86,284.78
1656.6,1,55,0,33,8.93
1656.6,2,15,0,57,23.30
1658.7,0,30469,100,86,284.86
1658.7,1,55,0,33,7.49
1658.7,2,15,0,57,21.87
1660.8,0,30245,94,87,286.93
1660.8,1,55,0,33,6.85
1660.8,2,15,0,57,20.62
1662.9,0,30053,100,87,286.96
1662.9,1,55,0,33,6.98
1662.9,2,15,0,57,20.79
1665.0,0,33061,99,87,284.39
1665.0,1,55,0,33,11.94
1665.0,2,15,0,57,30.05
1667.1,0,30021,100,87,267.82
1667.1,1,55,0,33,7.20
1667.1,2,15,0,57,20.77
1669.2,0,30501,100,87,285.90
1669.2,1,55,0,33,6.87
1669.2,2,15,0,57,20.74
1671.3,0,30469,100,86,286.28
1671.3,1,55,0,33,10.99
1671.3,2,15,0,57,24.22
1673.4,0,30469,99,87,286.29
1673.4,1,55,0,33,7.52
1673.4,2,15,0,57,21.07
1675.4,0,30501,100,87,285.29
1675.4,1,55,0,33,6.67
1675.4,2,15,0,57,20.56
1677.5,0,30533,100,87,285.65
1677.5,1,55,0,33,7.05
1677.5,2,15,0,57,20.54
1679.6,0,30565,99,86,285.20
1679.6,1,55,0,33,11.83
1679.6,2,15,0,57,29.74
1681.7,0,30629,98,87,286.48
1681.7,1,55,0,33,6.78
1681.7,2,15,0,57,20.96
1683.8,0,30501,99,87,287.93
1683.8,1,55,0,33,7.10
1683.8,2,15,0,57,20.64
1685.9,0,30245,100,87,283.15
1685.9,1,55,0,33,11.55
1685.9,2,15,0,57,30.03
1688.0,0,30149,100,87,286.23
1688.0,1,55,0,33,6.69
1688.0,2,15,0,57,20.76
1690.1,0,30053,100,87,285.01
1690.1,1,55,0,33,6.88
1690.1,2,15,0,57,20.70
1692.2,0,30437,100,87,285.89
1692.2,1,55,0,33,8.54
1692.2,2,15,0,57,21.76
1694.2,0,30085,100,87,287.90
1694.2,1,55,0,33,7.58
1694.2,2,15,0,57,22.54
1696.3,0,30085,100,87,276.23
1696.3,1,55,0,33,6.95
1696.3,2,15,0,57,20.67
1698.4,0,30021,100,87,283.80
1698.4,1,55,0,33,7.12
1698.4,2,15,0,57,20.85
1700.5,0,30021,100,87,287.88
1700.5,1,55,0,33,11.30
1700.5,2,15,0,57,29.50
1702.6,0,30021,100,87,284.35
1702.6,1,55,0,33,6.93
1702.6,2,15,0,57,20.94
1704.7,0,30021,99,87,288.59
1704.7,1,55,0,33,6.79
1704.7,2,15,0,57,20.64
1706.7,0,30021,99,87,287.04
1706.7,1,55,1,33,8.37
1706.7,2,15,0,57,22.91
1708.8,0,30021,99,87,288.83
1708.8,1,55,0,33,7.33
1708.8,2,15,0,57,21.95
1710.9,0,29989,100,87,289.12
1710.9,1,55,0,33,6.60
1710.9,2,15,0,57,20.69
1713.0,0,29989,100,87,284.64
1713.0,1,55,0,33,6.92
1713.0,2,15,0,57,20.82
1715.1,0,30021,98,87,285.90
1715.1,1,55,0,33,11.55
1715.1,2,15,0,57,30.01
1717.2,0,29893,98,87,285.79
1717.2,1,55,0,33,6.95
1717.2,2,15,0,57,21.32
1719.3,0,29893,95,87,284.25
1719.3,1,55,0,33,7.07
1719.3,2,15,0,57,20.84
1721.4,0,29893,99,87,280.92
1721.4,1,55,0,33,9.01
1721.4,2,15,0,57,29.51
1723.5,0,29893,100,87,288.77
1723.5,1,55,0,33,7.57
1723.5,2,15,0,57,21.23
1725.6,0,29893,97,87,285.23
1725.6,1,55,0,33,7.04
1725.6,2,15,0,57,20.82
1727.7,0,29893,98,86,285.19
1727.7,1,55,0,33,7.57
1727.7,2,15,0,57,20.74
1729.8,0,29893,100,87,282.14
1729.8,1,55,0,33,7.29
1729.8,2,15,0,57,29.73
1731.9,0,29893,100,87,284.75
1731.9,1,55,0,33,6.76
1731.9,2,15,0,57,20.85
1734.0,0,29893,90,86,283.39
1734.0,1,55,0,33,6.86
1734.0,2,15,0,57,20.93
1736.0,0,29893,100,86,284.80
1736.0,1,55,0,33,11.67
1736.0,2,15,0,57,30.21
1738.1,0,29893,100,87,284.02
1738.1,1,55,0,33,6.99
1738.1,2,15,0,57,20.95
1740.2,0,29893,97,87,280.16
1740.2,1,55,0,33,6.72
1740.2,2,15,0,57,20.77
1742.3,0,29893,98,87,286.12
1742.3,1,55,0,33,8.01
1742.3,2,15,0,57,20.78
1744.4,0,29893,98,87,285.49
1744.4,1,55,0,33,7.32
1744.4,2,15,0,57,22.49
1746.5,0,29893,100,87,280.92
1746.5,1,55,0,33,6.86
1746.5,2,15,0,57,20.87
1748.6,0,29893,100,86,282.82
1748.6,1,55,0,33,6.99
1748.6,2,15,0,57,21.14
1750.7,0,29893,100,87,286.04
1750.7,1,55,0,33,11.12
1750.7,2,15,0,57,29.85
1752.8,0,20601,97,87,289.05
1752.8,1,55,0,33,6.71
1752.8,2,15,0,57,21.09
1754.8,0,20625,99,87,279.39
1754.8,1,55,0,33,6.65
1754.8,2,15,0,57,21.15
1756.9,0,20625,97,87,279.52
1756.9,1,55,0,33,8.31
1756.9,2,15,0,57,24.86
1759.0,0,11355,97,87,294.51
1759.0,1,55,0,33,7.32
1759.0,2,15,0,57,22.24
1761.1,0,11355,98,87,298.19
1761.1,1,55,0,33,6.80
1761.1,2,15,0,57,21.13
1763.2,0,11355,99,87,298.50
1763.2,1,55,0,33,6.93
1763.2,2,15,0,57,21.30
1765.3,0,11355,99,87,299.19
1765.3,1,55,0,33,11.63
1765.3,2,15,0,57,30.11
1767.4,0,11355,99,87,298.24
1767.4,1,55,0,33,7.01
1767.4,2,15,0,57,21.24
1769.5,0,11357,97,87,297.06
1769.5,1,55,0,33,7.09
1769.5,2,15,0,57,21.34
1771.5,0,11357,100,87,299.62
1771.5,1,55,0,33,8.67
1771.5,2,15,0,57,25.00
1773.6,0,11357,100,87,295.30
1773.6,1,55,0,33,6.93
1773.6,2,15,0,57,22.72
1775.7,0,11357,99,87,298.09
1775.7,1,55,0,33,7.22
1775.7,2,15,0,57,21.31
1777.8,0,11357,100,87,297.96
1777.8,1,55,0,33,6.96
1777.8,2,15,0,57,21.53
1779.9,0,11357,100,87,297.23
1779.9,1,55,0,33,11.62
1779.9,2,15,0,57,22.60
1782.0,0,11357,100,87,295.15
1782.0,1,55,0,33,6.99
1782.0,2,15,0,57,21.37
1784.1,0,11357,100,87,296.90
1784.1,1,55,0,33,6.97
1784.1,2,15,0,57,21.44
1786.2,0,11357,100,87,295.58
1786.2,1,55,0,33,9.07
1786.2,2,15,0,57,30.10
1788.2,0,11357,100,87,294.73
1788.2,1,55,0,33,7.18
1788.2,2,15,0,57,21.82
1790.3,0,11357,100,87,296.00
1790.3,1,55,0,33,6.81
1790.3,2,15,0,57,21.16
1792.4,0,11357,98,87,294.93
1792.4,1,55,0,33,7.33
1792.4,2,15,0,57,22.96
1794.5,0,11357,100,88,295.99
1794.5,1,55,0,33,7.19
1794.5,2,15,0,57,22.70
1796.6,0,11357,100,87,296.31
1796.6,1,55,0,33,6.82
1796.6,2,15,0,57,21.21
1798.7,0,11357,100,87,296.53
1798.7,1,55,0,33,6.97
1798.7,2,15,0,57,21.27
1800.8,0,11357,100,88,296.05
1800.8,1,55,0,33,11.42
1800.8,2,15,0,58,29.79
1802.9,0,11357,100,87,295.27
1802.9,1,55,0,33,6.76
1802.9,2,15,0,57,21.38
1804.9,0,11357,100,87,294.93
1804.9,1,55,0,33,6.78
1804.9,2,15,0,57,21.17
1807.0,0,11357,100,87,294.55
1807.0,1,55,0,33,8.11
1807.0,2,15,0,57,23.78
1809.1,0,11357,99,87,294.13
1809.1,1,55,0,33,7.57
1809.1,2,15,0,58,22.13
1811.2,0,11357,100,87,295.10
1811.2,1,55,0,33,6.81
1811.2,2,15,0,57,21.12
1813.3,0,11357,99,87,295.65
1813.3,1,55,0,33,6.66
1813.3,2,15,0,57,21.45
1815.4,0,11357,100,88,294.68
1815.4,1,55,0,33,11.23
1815.4,2,15,0,58,30.29
1817.5,0,11357,99,87,296.44
1817.5,1,55,0,33,6.87
1817.5,2,15,0,57,21.64
1819.5,0,11357,99,88,294.75
1819.5,1,55,0,33,6.69
1819.5,2,15,0,57,21.18
1821.6,0,11357,100,87,295.53
1821.6,1,55,0,33,8.13
1821.6,2,15,0,58,24.34
1823.7,0,11357,100,88,294.67
1823.7,1,55,0,33,6.65
1823.7,2,15,0,58,22.40
1825.8,0,11357,100,87,296.11
1825.8,1,55,0,33,6.74
1825.8,2,15,0,57,21.11
1827.9,0,11357,99,87,295.70
1827.9,1,55,0,33,6.80
1827.9,2,15,0,57,21.20
1830.0,0,11357,100,87,296.65
1830.0,1,55,0,33,11.49
1830.0,2,15,0,58,29.94
1832.1,0,11357,97,87,295.86
1832.1,1,55,0,33,6.98
1832.1,2,15,0,57,21.42
1834.1,0,11357,99,87,297.09
1834.1,1,55,0,33,6.69
1834.1,2,15,0,57,21.21
1836.2,0,11357,100,88,296.74
1836.2,1,55,0,33,11.39
1836.2,2,15,0,58,25.14
1838.3,0,11357,100,88,295.48
1838.3,1,55,0,33,6.85
1838.3,2,15,0,58,22.99
1840.4,0,11357,100,87,294.46
1840.4,1,55,0,33,6.73
1840.4,2,15,0,57,21.12
1842.5,0,11357,100,87,295.45
1842.5,1,55,0,33,6.66
1842.5,2,15,0,57,21.61
1844.6,0,11357,100,87,295.19
1844.6,1,55,0,33,7.22
1844.6,2,15,0,58,22.67
1846.7,0,11357,99,87,297.41
1846.7,1,55,0,33,6.74
1846.7,2,15,0,57,21.11
1848.8,0,11357,100,87,296.14
1848.8,1,55,0,33,6.93
1848.8,2,15,0,57,21.19
1850.9,0,11357,98,87,296.51
1850.9,1,55,0,33,11.38
1850.9,2,15,0,58,29.64
1853.0,0,11357,99,87,295.05
1853.0,1,55,0,33,6.79
1853.0,2,15,0,57,21.32
1855.0,0,11357,100,87,296.25
1855.0,1,55,0,33,6.85
1855.0,2,15,0,57,21.19
1857.1,0,11357,99,88,296.13
1857.1,1,55,0,33,7.74
1857.1,2,15,0,58,22.76
1859.2,0,11357,100,87,295.10
1859.2,1,55,0,33,7.40
1859.2,2,15,0,58,22.98
1861.3,0,11357,100,87,295.26
1861.3,1,55,0,33,6.69
1861.3,2,15,0,57,21.16
1863.4,0,3293,98,87,289.25
1863.4,1,55,0,33,6.99
1863.4,2,15,0,57,21.20
1865.5,0,3449,98,87,295.68
1865.5,1,55,0,33,11.09
1865.5,2,15,0,58,29.42
1867.6,0,3449,96,87,295.59
1867.6,1,55,0,33,6.84
1867.6,2,15,0,57,21.55
1869.7,0,3449,98,87,296.48
1869.7,1,55,0,33,6.66
1869.7,2,15,0,57,21.13
1871.7,0,3449,98,87,296.36
1871.7,1,55,0,33,8.83
1871.7,2,15,0,58,24.12
1873.8,0,3449,98,87,296.47
1873.8,1,55,0,33,7.05
1873.8,2,15,0,58,22.47
1875.9,0,3449,97,87,295.43
1875.9,1,55,0,33,6.46
1875.9,2,15,0,57,21.00
1878.0,0,3449,98,87,295.51
1878.0,1,55,0,33,6.78
1878.0,2,15,0,57,21.09
1880.0,0,4073,98,87,294.80
1880.0,1,55,0,33,11.41
1880.0,2,15,0,58,29.89
1882.1,0,4073,97,87,295.12
1882.1,1,55,0,33,7.25
1882.1,2,15,0,57,21.06
1884.2,0,4073,0,82,117.24
1884.2,1,55,0,33,6.89
1884.2,2,15,0,57,20.66
1886.3,0,4073,0,80,105.24
1886.3,1,55,0,33,11.10
1886.3,2,15,0,58,24.45
1888.4,0,4073,0,79,103.80
1888.4,1,55,0,33,7.29
1888.4,2,15,0,58,22.20
1890.4,0,4073,95,83,205.01
1890.4,1,55,0,33,6.86
1890.4,2,15,0,57,20.74
1892.6,0,4073,98,84,297.07
1892.6,1,55,0,33,6.98
1892.6,2,15,0,57,21.20
1894.6,0,4073,92,84,298.04
1894.6,1,55,0,33,11.37
1894.6,2,15,0,58,22.53
1896.7,0,4073,4,81,275.22
1896.7,1,55,0,33,6.89
1896.7,2,15,0,57,21.10
1898.8,0,4073,5,79,125.48
1898.8,1,55,0,33,7.00
1898.8,2,15,0,57,20.75
1900.8,0,4073,97,82,279.56
1900.8,1,55,0,33,11.74
1900.8,2,15,0,58,24.85
1902.9,0,4073,6,79,219.13
1902.9,1,55,0,33,7.08
1902.9,2,15,0,57,21.07
1905.0,0,4073,6,77,111.91
1905.0,1,55,0,33,6.75
1905.0,2,15,0,57,20.59
1907.1,0,4073,2,76,112.30
1907.1,1,55,0,33,6.27
1907.1,2,15,0,58,21.70
1909.1,0,4073,97,81,296.11
1909.1,1,55,0,33,6.68
1909.1,2,15,0,58,22.91
1911.2,0,3295,0,80,128.28
1911.2,1,55,0,33,6.31
1911.2,2,15,0,57,20.67
1913.3,0,3451,92,77,239.94
1913.3,1,55,0,33,5.94
1913.3,2,15,0,57,21.24
1915.4,0,3245,81,80,214.50
1915.4,1,55,0,33,9.96
1915.4,2,15,0,58,29.42
1917.4,0,3557,97,81,294.55
1917.4,1,55,0,33,5.78
1917.4,2,15,0,57,21.53
1919.5,0,3557,98,82,298.71
1919.5,1,55,0,33,5.83
1919.5,2,15,0,57,21.13
1921.6,0,3557,98,82,285.22
1921.6,1,55,0,33,6.32
1921.6,2,15,0,58,23.06
1923.7,0,3557,98,82,297.47
1923.7,1,55,0,33,6.18
1923.7,2,15,0,58,22.41
1925.8,0,3557,98,83,298.88
1925.8,1,55,0,33,6.36
1925.8,2,15,0,57,21.23
1927.9,0,3557,99,83,298.46
1927.9,1,55,0,33,6.79
1927.9,2,15,0,57,21.35
1930.0,0,3557,97,84,298.61
1930.0,1,55,0,33,11.45
1930.0,2,15,0,58,30.17
1932.0,0,3557,98,84,299.03
1932.0,1,55,0,33,7.00
1932.0,2,15,0,57,21.31
1934.1,0,3713,98,84,297.06
1934.1,1,55,0,33,6.72
1934.1,2,15,0,57,21.19
1936.2,0,3713,98,85,299.51
1936.2,1,55,0,33,7.78
1936.2,2,15,0,58,24.26
1938.3,0,3713,96,85,296.79
1938.3,1,55,0,33,7.03
1938.3,2,15,0,58,22.89
1940.3,0,3713,97,85,297.36
1940.3,1,55,0,33,6.69
1940.3,2,15,0,57,21.32
1942.4,0,3713,98,85,298.91
1942.4,1,55,0,33,6.68
1942.4,2,15,0,57,21.28
1944.5,0,3713,97,86,296.85
1944.5,1,55,0,33,11.35
1944.5,2,15,0,58,29.58
1946.6,0,3713,98,86,298.19
1946.6,1,55,0,33,6.61
1946.6,2,15,0,57,21.43
1948.7,0,3713,96,86,298.55
1948.7,1,55,0,33,6.58
1948.7,2,15,0,57,21.25
1950.8,0,3713,97,86,298.45
1950.8,1,55,0,33,11.44
1950.8,2,15,0,58,24.56
1952.9,0,3713,97,87,298.50
1952.9,1,55,0,33,7.34
1952.9,2,15,0,58,22.07
1955.0,0,3713,97,87,297.52
1955.0,1,55,0,33,6.84
1955.0,2,15,0,57,21.20
1957.1,0,3713,96,87,276.02
1957.1,1,55,0,33,7.18
1957.1,2,15,0,57,21.15
1959.2,0,3713,91,87,289.88
1959.2,1,55,0,33,11.79
1959.2,2,15,0,58,22.92
1961.2,0,3713,90,87,288.64
1961.2,1,55,0,33,7.11
1961.2,2,15,0,57,21.38
1963.4,0,4025,92,87,287.80
1963.4,1,55,0,33,6.92
1963.4,2,15,0,57,21.43
1965.5,0,4025,87,87,287.62
1965.5,1,55,0,33,11.33
1965.5,2,15,0,58,29.58
1967.5,0,4025,97,87,287.26
1967.5,1,55,0,33,6.78
1967.5,2,15,0,57,21.48
1969.6,0,4025,88,87,290.35
1969.6,1,55,0,33,6.24
1969.6,2,15,0,57,21.20
1971.7,0,4025,87,87,287.41
1971.7,1,55,0,33,6.12
1971.7,2,15,0,58,21.77
1973.8,0,4025,85,87,283.69
1973.8,1,55,0,33,6.12
1973.8,2,15,0,58,22.12
1975.9,0,4025,93,88,286.64
1975.9,1,55,0,33,6.05
1975.9,2,15,0,57,20.97
1977.9,0,6539,100,87,264.28
1977.9,1,55,0,33,6.36
1977.9,2,15,0,57,20.90
1980.0,0,3947,98,88,282.39
1980.0,1,55,0,33,10.80
1980.0,2,15,0,58,29.89
1982.1,0,3467,0,83,116.51
1982.1,1,55,0,33,6.42
1982.1,2,15,0,57,21.21
1984.1,0,3915,100,87,269.54
1984.1,1,55,0,33,6.26
1984.1,2,15,0,57,20.56
1986.2,0,7019,100,86,234.00
1986.2,1,55,0,33,7.44
1986.2,2,15,0,58,22.55
1988.3,0,7019,73,86,233.78
1988.3,1,55,0,33,7.12
1988.3,2,15,0,58,22.41
1990.3,0,3947,84,86,254.61
1990.3,1,55,0,33,6.88
1990.3,2,15,0,57,20.59
1992.4,0,5763,0,85,172.26
1992.4,1,55,0,33,6.78
1992.4,2,15,0,57,20.68
1994.5,0,4539,52,86,218.91
1994.5,1,55,0,33,11.47
1994.5,2,15,0,58,29.87
1996.6,0,4539,100,83,259.96
1996.6,1,55,0,33,6.66
1996.6,2,15,0,57,21.22
1998.7,0,6747,100,86,247.52
1998.7,1,55,0,33,6.45
1998.7,2,15,0,57,20.94
2000.8,0,4347,95,86,296.82
2000.8,1,55,0,33,8.14
2000.8,2,15,0,58,23.75
2002.8,0,6715,85,83,255.68
2002.8,1,55,0,33,6.66
2002.8,2,15,0,58,22.11
2004.9,0,4283,97,86,278.90
2004.9,1,55,0,33,6.13
2004.9,2,15,0,57,20.74
2007.0,0,7227,100,86,279.76
2007.0,1,55,0,33,6.20
2007.0,2,15,0,57,21.36
2009.0,0,4315,97,87,277.89
2009.0,1,55,0,33,9.94
2009.0,2,15,0,58,30.30
2011.1,0,7227,6,83,279.52
2011.1,1,55,0,33,5.74
2011.1,2,15,0,57,21.69
2013.2,0,4283,98,87,289.63
2013.2,1,55,0,33,5.45
2013.2,2,15,0,57,20.75
2015.2,0,6747,97,87,274.95
2015.2,1,55,1,33,7.35
2015.2,2,15,0,57,24.37
2017.3,0,4315,97,87,285.39
2017.3,1,55,0,33,5.57
2017.3,2,15,0,57,22.08
2019.4,0,7227,99,86,266.65
2019.4,1,55,0,33,5.54
2019.4,2,15,0,57,21.05
2021.4,0,4283,97,87,269.08
2021.4,1,55,0,33,5.42
2021.4,2,15,0,57,20.73
2023.5,0,4571,90,86,260.18
2023.5,1,55,0,33,10.03
2023.5,2,15,0,58,29.75
2025.6,0,6747,100,86,264.93
2025.6,1,55,0,33,5.57
2025.6,2,15,0,57,21.05
2027.6,0,4283,93,87,293.04
2027.6,1,55,0,33,5.58
2027.6,2,15,0,57,20.86
2029.7,0,7227,95,87,260.25
2029.7,1,55,0,33,7.41
2029.7,2,15,0,58,25.04
2031.8,0,4219,87,87,263.33
2031.8,1,55,0,33,5.65
2031.8,2,15,0,58,22.39
2033.9,0,3899,98,87,284.40
2033.9,1,55,0,33,5.37
2033.9,2,15,0,57,20.96
2035.9,0,7227,100,87,253.03
2035.9,1,55,0,33,5.26
2035.9,2,15,0,57,21.04
2038.0,0,4283,94,84,262.78
2038.0,1,55,0,33,5.96
2038.0,2,15,0,57,22.02
2040.1,0,3963,98,87,293.21
2040.1,1,55,0,33,5.58
2040.1,2,15,0,57,20.94
2042.1,0,4123,98,87,292.18
2042.1,1,55,0,33,5.67
2042.1,2,15,0,57,21.18
2044.2,0,7291,100,87,246.90
2044.2,1,55,0,33,7.63
2044.2,2,15,0,58,29.52
2046.3,0,4315,100,86,266.65
2046.3,1,55,0,33,6.91
2046.3,2,15,0,57,21.74
2048.4,0,4283,98,87,289.92
2048.4,1,55,0,33,6.79
2048.4,2,15,0,57,20.79
2050.5,0,4029,95,87,287.94
2050.5,1,55,0,33,7.41
2050.5,2,15,0,57,22.61
2052.6,0,3709,100,87,255.65
2052.6,1,55,0,33,7.39
2052.6,2,15,0,57,22.44
2054.6,0,4317,100,84,259.61
2054.6,1,55,0,33,6.84
2054.6,2,15,0,57,20.58
2056.7,0,4285,96,87,285.72
2056.7,1,55,0,33,6.97
2056.7,2,15,0,57,21.08
2058.8,0,4061,97,87,286.99
2058.8,1,55,0,33,11.26
2058.8,2,15,0,57,29.44
2060.9,0,4061,100,87,275.96
2060.9,1,55,0,33,6.87
2060.9,2,15,0,57,21.30
2063.0,0,4381,97,87,269.52
2063.0,1,55,0,33,6.82
2063.0,2,15,0,57,20.55
2065.1,0,4349,97,87,287.70
2065.1,1,55,0,33,8.17
2065.1,2,15,0,57,23.53
2067.1,0,3997,97,87,285.15
2067.1,1,55,0,33,6.88
2067.1,2,15,0,57,22.18
2069.2,0,7325,100,86,260.87
2069.2,1,55,0,33,6.89
2069.2,2,15,0,57,20.83
2071.3,0,4413,98,87,273.82
2071.3,1,55,0,33,7.10
2071.3,2,15,0,57,20.80
2073.4,0,4413,96,87,284.75
2073.4,1,55,0,33,11.40
2073.4,2,15,0,57,29.98
2075.5,0,7293,97,87,283.45
2075.5,1,55,0,33,7.20
2075.5,2,15,0,57,21.16
2077.5,0,6813,99,85,256.15
2077.5,1,55,0,33,6.78
2077.5,2,15,0,57,20.75
2079.6,0,3325,93,87,261.98
2079.6,1,55,0,33,8.24
2079.6,2,15,0,57,24.62
2081.7,0,2685,79,85,273.18
2081.7,1,55,0,33,7.42
2081.7,2,15,0,58,22.77
2083.8,0,6269,100,86,255.44
2083.8,1,55,0,33,6.78
2083.8,2,15,0,57,20.85
2085.8,0,3485,95,87,272.43
2085.8,1,55,0,33,6.27
2085.8,2,15,0,57,20.86
2087.9,0,2909,94,87,284.50
2087.9,1,55,0,33,10.73
2087.9,2,15,0,57,22.53
2090.0,0,6269,97,86,259.00
2090.0,1,55,0,33,6.47
2090.0,2,15,0,57,20.66
2092.1,0,3165,93,87,273.92
2092.1,1,55,0,33,6.28
2092.1,2,15,0,57,21.01
2094.1,0,3357,94,86,283.30
2094.1,1,55,0,33,8.29
2094.1,2,15,0,57,25.30
2096.2,0,6269,100,87,266.68
2096.2,1,55,0,33,6.02
2096.2,2,15,0,57,21.92
2098.3,0,3357,97,87,271.18
2098.3,1,55,0,33,5.62
2098.3,2,15,0,57,20.84
2100.4,0,3741,97,86,284.09
2100.4,1,55,1,33,6.01
2100.4,2,15,0,57,21.39
2102.4,0,6237,100,86,276.87
2102.4,1,55,0,33,6.13
2102.4,2,15,0,58,22.49
2104.5,0,2717,96,85,257.18
2104.5,1,55,0,33,5.77
2104.5,2,15,0,57,20.79
2106.6,0,2717,0,81,112.78
2106.6,1,55,0,33,7.04
2106.6,2,15,0,57,20.43
2108.7,0,2717,0,80,103.57
2108.7,1,55,0,33,11.10
2108.7,2,15,0,57,29.65
2110.7,0,3389,91,84,184.15
2110.7,1,55,0,33,7.58
2110.7,2,15,0,57,21.10
2112.8,0,6237,100,84,252.17
2112.8,1,55,0,33,6.88
2112.8,2,15,0,57,21.00
2114.9,0,3293,97,82,268.68
2114.9,1,55,0,33,7.86
2114.9,2,15,0,57,20.63
2117.0,0,3357,92,84,278.13
2117.0,1,55,0,33,7.19
2117.0,2,15,0,57,22.42
2119.1,0,6237,100,84,255.93
2119.1,1,55,0,33,6.86
2119.1,2,15,0,57,21.14
2121.2,0,3229,100,83,257.72
2121.2,1,55,0,33,7.19
2121.2,2,15,0,57,20.85
2123.2,0,5375,68,84,245.49
2123.2,1,55,0,33,11.63
2123.2,2,15,0,58,29.97
2125.3,0,5407,100,84,266.54
2125.3,1,55,0,33,7.27
2125.3,2,15,0,57,21.25
2127.4,0,5343,70,84,244.77
2127.4,1,55,0,33,6.78
2127.4,2,15,0,57,20.96
2129.5,0,5407,100,85,256.27
2129.5,1,55,0,33,7.80
2129.5,2,15,0,57,23.69
2131.5,0,5375,55,83,224.41
2131.5,1,55,0,33,6.89
2131.5,2,15,0,57,22.58
2133.6,0,5407,100,84,255.95
2133.6,1,55,0,33,6.46
2133.6,2,15,0,57,20.81
2135.7,0,5375,100,84,210.20
2135.7,1,55,0,33,6.51
2135.7,2,15,0,57,20.94
2137.7,0,5407,100,84,274.13
2137.7,1,55,0,33,10.25
2137.7,2,15,0,57,29.67
2139.8,0,1855,0,80,154.62
2139.8,1,55,0,33,5.89
2139.8,2,15,0,57,20.96
2141.9,0,1855,0,79,108.90
2141.9,1,55,0,33,5.82
2141.9,2,15,0,57,20.35
2144.0,0,3903,43,77,116.84
2144.0,1,55,0,33,7.36
2144.0,2,15,0,57,24.24
2146.0,0,2367,100,82,263.38
2146.0,1,55,0,33,6.18
2146.0,2,15,0,57,21.60
2148.1,0,5331,100,82,235.42
2148.1,1,55,0,33,5.63
2148.1,2,15,0,57,20.84
2150.2,0,6021,0,82,193.68
2150.2,1,55,0,33,5.79
2150.2,2,15,0,57,20.87
2152.3,0,6021,65,79,196.77
2152.3,1,55,0,33,10.12
2152.3,2,15,0,57,30.03
2154.3,0,2469,62,82,236.57
2154.3,1,55,0,33,5.68
2154.3,2,15,0,57,21.18
2156.4,0,2373,0,78,173.39
2156.4,1,55,0,33,5.46
2156.4,2,15,0,57,20.77
2158.4,0,2725,5,78,132.57
2158.4,1,55,0,33,7.37
2158.4,2,15,0,57,25.13
2160.5,0,2727,74,81,237.63
2160.5,1,55,0,33,5.76
2160.5,2,15,0,57,23.39
2162.6,0,2531,0,77,107.25
2162.6,1,55,0,33,5.63
2162.6,2,15,0,57,21.41
2164.7,0,2533,0,76,150.11
2164.7,1,55,0,33,5.81
2164.7,2,15,0,57,20.82
2166.7,0,2415,81,79,228.37
2166.7,1,55,0,33,11.29
2166.7,2,15,0,57,29.93
2168.8,0,2767,82,80,232.17
2168.8,1,55,0,33,6.88
2168.8,2,15,0,57,21.08
2170.9,0,2767,80,80,236.32
2170.9,1,55,0,33,6.93
2170.9,2,15,0,57,20.95
2173.0,0,2393,63,80,210.54
2173.0,1,55,0,33,8.93
2173.0,2,15,0,57,30.35
2175.0,0,2393,2,76,110.57
2175.0,1,55,0,33,7.49
2175.0,2,15,0,57,20.95
2177.1,0,2393,34,76,107.94
2177.1,1,55,0,33,6.63
2177.1,2,15,0,57,20.32
2179.2,0,1663,0,75,133.84
2179.2,1,55,0,33,6.99
2179.2,2,15,0,57,20.45
2181.2,0,1663,0,74,102.90
2181.2,1,55,0,33,11.79
2181.2,2,15,0,57,29.50
2183.3,0,2667,83,79,273.04
2183.3,1,55,0,33,6.88
2183.3,2,15,0,57,20.91
2185.4,0,2667,75,79,267.89
2185.4,1,55,0,33,6.18
2185.4,2,15,0,57,20.96
2187.5,0,2667,66,80,274.42
2187.5,1,55,0,33,10.65
2187.5,2,15,0,57,29.46
2189.5,0,3393,95,80,291.92
2189.5,1,55,0,33,5.67
2189.5,2,15,0,57,21.24
2191.6,0,3549,5,76,123.03
2191.6,1,55,0,33,5.43
2191.6,2,15,0,57,20.37
2193.7,0,3549,1,74,104.90
2193.7,1,55,0,33,5.55
2193.7,2,15,0,57,20.45
2195.7,0,3549,1,74,106.98
2195.7,1,55,0,33,10.61
2195.7,2,15,0,57,22.39
2197.8,0,3549,92,79,235.16
2197.8,1,55,0,33,5.70
2197.8,2,15,0,57,20.47
2199.9,0,3549,97,79,234.64
2199.9,1,55,0,33,5.66
2199.9,2,15,0,57,20.92
2201.9,0,3459,95,79,162.38
2201.9,1,55,0,33,9.82
2201.9,2,15,0,57,29.21
2204.0,0,1813,0,75,162.02
2204.0,1,55,0,33,5.82
2204.0,2,15,0,57,21.06
2206.1,0,3221,96,80,297.69
2206.1,1,55,0,33,5.69
2206.1,2,15,0,57,20.70
2208.1,0,3377,95,81,297.31
2208.1,1,55,0,33,5.93
2208.1,2,15,0,57,21.69
2210.2,0,3377,95,81,295.90
2210.2,1,55,0,33,6.00
2210.2,2,15,0,57,22.11
2212.3,0,3377,98,82,298.59
2212.3,1,55,0,33,5.35
2212.3,2,15,0,57,20.92
2214.3,0,3377,98,82,299.00
2214.3,1,55,0,33,5.51
2214.3,2,15,0,57,21.05
2216.4,0,3377,96,83,299.14
2216.4,1,55,0,33,9.86
2216.4,2,15,0,57,29.19
2218.5,0,3377,97,83,298.74
2218.5,1,55,0,33,5.34
2218.5,2,15,0,57,20.93
2220.5,0,3377,97,84,297.45
2220.5,1,55,0,33,5.45
2220.5,2,15,0,57,20.88
2222.6,0,3377,98,84,297.41
2222.6,1,55,0,33,6.39
2222.6,2,15,0,57,22.75
2224.7,0,3377,97,85,298.25
2224.7,1,55,0,33,6.24
2224.7,2,15,0,57,22.54
2226.8,0,3377,97,85,296.74
2226.8,1,55,0,33,6.63
2226.8,2,15,0,57,21.01
2228.9,0,3377,94,86,298.91
2228.9,1,55,0,33,6.91
2228.9,2,15,0,57,21.26
2230.9,0,3377,98,86,298.40
2230.9,1,55,0,33,11.04
2230.9,2,15,0,57,29.33
2233.0,0,3377,99,86,299.13
2233.0,1,55,0,33,6.59
2233.0,2,15,0,57,21.24
2235.1,0,3377,4,84,278.77
2235.1,1,55,0,33,6.36
2235.1,2,15,0,57,21.00
2237.2,0,3377,87,87,278.98
2237.2,1,55,0,33,7.93
2237.2,2,15,0,57,23.52
2239.3,0,3377,84,87,283.40
2239.3,1,55,0,33,7.09
2239.3,2,15,0,57,22.09
2241.3,0,3377,85,87,279.60
2241.3,1,55,0,33,6.74
2241.3,2,15,0,57,21.06
2243.4,0,3377,70,87,283.93
2243.4,1,55,0,33,6.95
2243.4,2,15,0,56,21.05
2245.5,0,3377,95,87,275.56
2245.5,1,55,0,33,11.40
2245.5,2,15,0,57,29.62
2247.6,0,3377,95,86,275.39
2247.6,1,55,0,33,6.99
2247.6,2,15,0,56,21.60
2249.7,0,3377,80,87,280.27
2249.7,1,55,0,33,6.77
2249.7,2,15,0,57,21.09
2251.8,0,3377,87,87,279.00
2251.8,1,55,0,33,8.67
2251.8,2,15,0,57,24.31
2253.9,0,3377,79,87,274.57
2253.9,1,55,0,33,7.43
2253.9,2,15,0,57,22.41
2256.0,0,6545,91,87,276.70
2256.0,1,55,0,33,6.73
2256.0,2,15,0,56,21.00
2258.0,0,4017,77,86,228.02
2258.0,1,55,0,33,7.03
2258.0,2,15,0,56,20.62
2260.1,0,7025,92,86,282.17
2260.1,1,55,0,33,11.26
2260.1,2,15,0,57,29.48
2262.2,0,6641,100,87,263.05
2262.2,1,55,0,33,6.44
2262.2,2,15,0,56,21.09
2264.2,0,4017,97,87,286.59
2264.2,1,55,0,33,6.42
2264.2,2,15,0,56,20.75
2266.3,0,3729,97,87,281.45
2266.3,1,55,0,33,8.55
2266.3,2,15,0,57,24.87
2268.4,0,7121,100,87,272.26
2268.4,1,55,0,33,6.40
2268.4,2,15,0,57,21.74
2270.5,0,4305,100,87,273.67
2270.5,1,55,0,33,5.66
2270.5,2,15,0,56,20.81
2272.5,0,4081,97,87,283.94
2272.5,1,55,0,33,6.24
2272.5,2,15,0,57,21.51
2274.6,0,7121,100,87,268.77
2274.6,1,55,0,33,6.43
2274.6,2,15,0,57,22.50
2276.7,0,4145,97,87,277.36
2276.7,1,55,0,33,5.86
2276.7,2,15,0,56,20.76
2278.7,0,4209,98,87,284.97
2278.7,1,55,0,33,5.75
2278.7,2,15,0,56,21.24
2280.8,0,7089,100,87,271.71
2280.8,1,55,0,33,10.23
2280.8,2,15,0,57,29.35
2282.9,0,7121,100,87,262.41
2282.9,1,55,0,33,6.31
2282.9,2,15,0,57,21.85
2285.0,0,4081,98,87,286.62
2285.0,1,55,0,33,5.83
2285.0,2,15,0,56,20.92
2287.0,0,3761,95,87,282.38
2287.0,1,55,0,33,7.79
2287.0,2,15,0,57,22.52
2289.1,0,7089,100,87,266.96
2289.1,1,55,0,33,7.02
2289.1,2,15,0,57,21.84
2291.2,0,4145,81,87,249.37
2291.2,1,55,0,33,6.69
2291.2,2,15,0,56,20.68
2293.3,0,4273,98,87,283.16
2293.3,1,55,0,33,6.86
2293.3,2,15,0,56,21.22
2295.4,0,7089,99,87,268.23
2295.4,1,55,0,33,11.57
2295.4,2,15,0,57,29.91
2297.5,0,6641,100,87,255.57
2297.5,1,55,0,33,7.07
2297.5,2,15,0,57,21.19
2299.6,0,4145,96,87,286.63
2299.6,1,55,0,33,6.76
2299.6,2,15,0,56,20.81
2301.7,0,7089,100,87,267.20
2301.7,1,55,0,33,8.00
2301.7,2,15,0,57,24.03
2303.7,0,6641,100,87,254.21
2303.7,1,55,0,33,7.29
2303.7,2,15,0,57,22.14
2305.8,0,4305,89,87,285.74
2305.8,1,55,0,33,6.61
2305.8,2,15,0,56,20.74
2307.9,0,7089,96,87,286.95
2307.9,1,55,0,33,6.97
2307.9,2,15,0,56,21.02
2310.0,0,7089,100,87,266.71
2310.0,1,55,0,33,11.31
2310.0,2,15,0,57,29.46
2312.1,0,3697,98,87,275.04
2312.1,1,55,0,33,6.90
2312.1,2,15,0,57,20.78
2314.1,0,3985,98,87,289.84
2314.1,1,55,0,33,6.51
2314.1,2,15,0,57,21.01
2316.2,0,7089,100,87,263.05
2316.2,1,55,1,33,8.61
2316.2,2,15,0,57,24.41
2318.3,0,4081,100,85,262.01
2318.3,1,55,0,33,7.49
2318.3,2,15,0,57,22.39
2320.4,0,4145,98,87,287.14
2320.4,1,55,0,33,6.72
2320.4,2,15,0,56,20.84
2322.5,0,7089,98,86,266.86
2322.5,1,55,0,33,6.93
2322.5,2,15,0,56,20.93
2324.5,0,6641,100,86,251.52
2324.5,1,55,0,33,11.30
2324.5,2,15,0,57,22.05
2326.6,0,4145,98,87,289.10
2326.6,1,55,0,33,6.39
2326.6,2,15,0,57,20.93
2328.7,0,7089,18,85,265.17
2328.7,1,55,0,33,6.31
2328.7,2,15,0,57,21.27
2330.8,0,6801,100,87,267.36
2330.8,1,55,0,33,8.24
2330.8,2,15,0,57,25.01
2332.8,0,3953,98,87,292.06
2332.8,1,55,0,33,6.57
2332.8,2,15,0,57,22.02
2334.9,0,4337,98,87,289.42
2334.9,1,55,0,33,6.16
2334.9,2,15,0,57,21.18
2337.0,0,7089,100,87,270.00
2337.0,1,55,0,33,6.67
2337.0,2,15,0,57,21.67
2339.1,0,4145,100,87,275.16
2339.1,1,55,0,33,6.82
2339.1,2,15,0,57,21.84
2341.1,0,4177,97,87,286.34
2341.1,1,55,0,33,6.13
2341.1,2,15,0,57,21.15
2343.2,0,6769,98,86,272.77
2343.2,1,55,0,33,6.26
2343.2,2,15,0,57,21.20
2345.3,0,6673,90,84,258.36
2345.3,1,55,0,33,11.22
2345.3,2,15,0,57,30.12
2347.4,0,4177,98,87,275.00
2347.4,1,55,0,33,7.48
2347.4,2,15,0,57,21.34
2349.4,0,4177,98,87,287.14
2349.4,1,55,0,33,6.92
2349.4,2,15,0,57,21.21
2351.5,0,7089,90,87,271.56
2351.5,1,55,0,33,7.88
2351.5,2,15,0,57,22.96
2353.6,0,6609,100,87,264.19
2353.6,1,55,0,33,7.51
2353.6,2,15,0,57,22.05
2355.7,0,4081,97,87,291.58
2355.7,1,55,0,33,6.64
2355.7,2,15,0,57,20.93
2357.7,0,3697,98,87,284.54
2357.7,1,55,0,33,6.97
2357.7,2,15,0,57,21.12
2359.8,0,7121,100,87,262.33
2359.8,1,55,0,33,11.59
2359.8,2,15,0,57,29.65
2361.9,0,4081,97,87,275.48
2361.9,1,55,0,33,7.05
2361.9,2,15,0,57,20.85
2364.0,0,4177,96,87,290.36
2364.0,1,55,0,33,6.90
2364.0,2,15,0,57,21.19
2366.1,0,4049,100,87,260.79
2366.1,1,55,0,33,8.15
2366.1,2,15,0,57,23.66
2368.2,0,4209,93,85,264.20
2368.2,1,55,0,33,7.71
2368.2,2,15,0,57,22.31
2370.2,0,4145,97,87,292.22
2370.2,1,55,0,33,6.93
2370.2,2,15,0,57,21.05
2372.3,0,6993,96,86,269.52
2372.3,1,55,0,33,7.03
2372.3,2,15,0,57,21.10
2374.4,0,6641,100,87,261.89
2374.4,1,55,0,33,11.44
2374.4,2,15,0,57,29.40
2376.5,0,4465,97,87,289.85
2376.5,1,55,0,33,7.22
2376.5,2,15,0,57,21.18
2378.5,0,7089,97,87,289.12
2378.5,1,55,0,33,6.84
2378.5,2,15,0,57,21.11
2380.6,0,7121,100,86,258.74
2380.6,1,55,0,33,8.84
2380.6,2,15,0,57,24.14
2382.7,0,3825,93,87,291.98
2382.7,1,55,0,33,7.37
2382.7,2,15,0,57,22.09
2384.8,0,4273,94,87,285.44
2384.8,1,55,0,33,6.93
2384.8,2,15,0,57,21.20
2386.9,0,7089,100,86,260.47
2386.9,1,55,0,33,6.54
2386.9,2,15,0,57,21.23
2389.0,0,4081,87,87,265.48
2389.0,1,55,0,33,6.76
2389.0,2,15,0,57,22.60
2391.1,0,4177,98,87,291.08
2391.1,1,55,0,33,6.12
2391.1,2,15,0,57,21.15
2393.1,0,6641,96,87,288.55
2393.1,1,55,0,33,6.30
2393.1,2,15,0,57,21.17
2395.2,0,8017,100,86,254.04
2395.2,1,55,0,33,8.15
2395.2,2,15,0,57,24.63
2397.3,0,3857,97,87,294.12
2397.3,1,55,0,33,6.74
2397.3,2,15,0,57,22.51
2399.4,0,4241,97,87,293.45
2399.4,1,55,0,33,5.90
2399.4,2,15,0,57,21.39
2401.4,0,7089,100,86,255.21
2401.4,1,55,0,33,6.20
2401.4,2,15,0,57,21.43
2403.5,0,4177,100,87,268.85
2403.5,1,55,0,33,5.93
2403.5,2,15,0,57,22.27
2405.6,0,4241,98,87,289.30
2405.6,1,55,0,33,6.28
2405.6,2,15,0,57,21.46
2407.6,0,7089,88,85,276.09
2407.6,1,55,0,33,6.66
2407.6,2,15,0,57,21.50
2409.7,0,6673,100,86,249.26
2409.7,1,55,0,33,11.58
2409.7,2,15,0,57,30.08
2411.8,0,4301,95,86,286.00
2411.8,1,55,0,33,7.09
2411.8,2,15,0,57,21.90
2413.9,0,4973,98,87,290.54
2413.9,1,55,0,33,6.71
2413.9,2,15,0,57,21.41
2416.0,0,3853,100,87,276.45
2416.0,1,55,0,33,6.98
2416.0,2,15,0,57,21.47
2418.0,0,4269,98,87,292.01
2418.0,1,55,0,33,7.30
2418.0,2,15,0,57,23.02
2420.1,0,22305,97,87,292.26
2420.1,1,55,0,33,6.97
2420.1,2,15,0,57,21.44
2422.2,0,25249,99,86,265.56
2422.2,1,55,0,33,7.12
2422.2,2,15,0,57,21.01
2424.3,0,23073,100,83,260.03
2424.3,1,55,0,33,11.38
2424.3,2,15,0,57,29.87
2426.4,0,22721,100,87,284.75
2426.4,1,55,0,33,7.05
2426.4,2,15,0,57,21.06
2428.5,0,22721,100,87,288.40
2428.5,1,55,0,33,6.75
2428.5,2,15,0,57,20.69
2430.6,0,22785,100,87,286.56
2430.6,1,55,0,33,8.78
2430.6,2,15,0,57,23.37
2432.6,0,22785,100,87,285.44
2432.6,1,55,0,33,7.16
2432.6,2,15,0,57,21.78
2434.7,0,22817,100,87,286.66
2434.7,1,55,0,33,6.83
2434.7,2,15,0,57,20.73
2436.8,0,22849,100,87,285.90
2436.8,1,55,0,33,6.96
2436.8,2,15,0,57,20.83
2438.9,0,22881,100,87,287.27
2438.9,1,55,0,33,11.59
2438.9,2,15,0,57,30.02
2441.0,0,22817,97,86,279.88
2441.0,1,55,0,33,7.03
2441.0,2,15,0,57,21.24
2443.1,0,22817,96,87,286.94
2443.1,1,55,0,33,6.94
2443.1,2,15,0,57,20.72
2445.2,0,22657,98,87,287.84
2445.2,1,55,0,33,8.68
2445.2,2,15,0,57,24.00
2447.3,0,22497,99,87,286.36
2447.3,1,55,0,33,6.79
2447.3,2,15,0,57,22.15
2449.4,0,31659,100,86,287.37
2449.4,1,55,0,33,6.95
2449.4,2,15,0,57,20.54
2451.5,0,31627,100,87,283.98
2451.5,1,55,0,33,7.01
2451.5,2,15,0,57,20.63
2453.5,0,31403,100,87,284.13
2453.5,1,55,0,33,11.50
2453.5,2,15,0,57,29.73
2455.6,0,35883,100,87,264.95
2455.6,1,55,0,33,6.94
2455.6,2,15,0,57,20.73
2457.7,0,31979,85,87,277.78
2457.7,1,55,0,33,6.84
2457.7,2,15,0,57,20.59
2459.8,0,32011,99,87,283.69
2459.8,1,55,0,33,8.93
2459.8,2,15,0,57,24.75
2461.9,0,32011,99,87,285.81
2461.9,1,55,0,33,7.65
2461.9,2,15,0,57,22.64
2463.9,0,32075,100,87,283.29
2463.9,1,55,0,33,6.61
2463.9,2,15,0,57,20.67
2466.0,0,32107,100,87,285.98
2466.0,1,55,0,33,7.20
2466.0,2,15,0,57,20.97
2468.1,0,32107,99,87,288.60
2468.1,1,55,0,33,7.34
2468.1,2,15,0,57,22.31
2470.2,0,32139,99,87,284.29
2470.2,1,55,0,33,6.52
2470.2,2,15,0,57,20.63
2472.3,0,32139,94,87,284.10
2472.3,1,55,0,33,6.76
2472.3,2,15,0,57,20.82
2474.4,0,32011,98,87,286.61
2474.4,1,55,0,33,11.68
2474.4,2,15,0,57,29.34
2476.5,0,31851,100,86,283.63
2476.5,1,55,0,33,7.25
2476.5,2,15,0,57,20.81
2478.6,0,31595,99,87,284.71
2478.6,1,55,0,33,6.58
2478.6,2,15,0,57,20.45
2480.6,0,31563,100,87,281.60
2480.6,1,55,0,33,8.08
2480.6,2,15,0,57,22.22
2482.7,0,31691,100,87,283.84
2482.7,1,55,0,33,7.14
2482.7,2,15,0,57,21.55
2484.8,0,34539,81,84,270.89
2484.8,1,55,0,33,6.78
2484.8,2,15,0,57,20.66
2486.9,0,14163,100,86,243.47
2486.9,1,55,0,33,7.02
2486.9,2,15,0,57,20.81
2489.0,0,12851,100,86,270.73
2489.0,1,55,0,33,11.98
2489.0,2,15,0,57,30.36
2491.1,0,12915,99,86,283.53
2491.1,1,55,0,33,6.95
2491.1,2,15,0,57,21.07
2493.2,0,12947,99,87,281.18
2493.2,1,55,0,33,6.78
2493.2,2,15,0,57,20.83
2495.2,0,12307,0,82,138.56
2495.2,1,55,0,33,8.61
2495.2,2,15,0,57,23.61
2497.3,0,12403,72,85,175.54
2497.3,1,55,0,33,6.97
2497.3,2,15,0,57,21.71
2499.4,0,15379,99,85,280.70
2499.4,1,55,0,33,6.95
2499.4,2,15,0,57,20.64
2501.5,0,15859,92,81,207.48
2501.5,1,55,0,33,6.94
2501.5,2,15,0,57,20.73
2503.6,0,12819,71,85,262.86
2503.6,1,55,0,33,11.54
2503.6,2,15,0,57,29.94
2505.7,0,12211,4,82,169.90
2505.7,1,55,0,33,6.80
2505.7,2,15,0,57,20.95
2507.7,0,12211,6,80,121.68
2507.7,1,55,0,33,6.39
2507.7,2,15,0,57,20.79
2509.8,0,12213,0,80,222.91
2509.8,1,55,0,33,8.18
2509.8,2,15,0,57,24.60
2511.9,0,2973,83,83,236.01
2511.9,1,55,0,33,6.88
2511.9,2,15,0,57,22.43
2513.9,0,3049,73,79,124.34
2513.9,1,55,0,33,5.53
2513.9,2,15,0,57,21.02
2516.0,0,3073,0,79,240.12
2516.0,1,55,0,33,5.43
2516.0,2,15,0,57,21.13
2518.1,0,3229,98,82,279.26
2518.1,1,55,0,33,5.98
2518.1,2,15,0,57,22.51
2520.1,0,3385,96,82,274.05
2520.1,1,55,0,33,5.37
2520.1,2,15,0,57,21.11
2522.2,0,3697,95,83,274.40
2522.2,1,55,0,33,5.44
2522.2,2,15,0,57,21.28
2524.3,0,3697,97,83,282.10
2524.3,1,55,0,33,7.65
2524.3,2,15,0,57,25.11
2526.4,0,3697,83,82,268.03
2526.4,1,55,0,33,6.94
2526.4,2,15,0,57,22.32
2528.5,0,6833,100,83,259.15
2528.5,1,55,0,33,6.34
2528.5,2,15,0,57,21.13
2530.5,0,4401,92,84,274.94
2530.5,1,55,0,33,7.45
2530.5,2,15,0,57,22.08
2532.6,0,3479,95,84,277.90
2532.6,1,55,0,33,7.38
2532.6,2,15,0,57,22.97
2534.7,0,6475,100,84,261.48
2534.7,1,55,0,33,6.86
2534.7,2,15,0,57,20.73
2536.8,0,4629,98,84,298.90
2536.8,1,55,0,33,6.81
2536.8,2,15,0,57,20.95
2538.9,0,6101,47,85,289.16
2538.9,1,55,0,33,11.13
2538.9,2,15,0,57,29.18
2540.9,0,4469,97,85,266.72
2540.9,1,55,0,33,6.92
2540.9,2,15,0,57,20.99
2543.0,0,4341,98,85,296.86
2543.0,1,55,0,33,6.69
2543.0,2,15,0,57,21.06
2545.1,0,6997,100,85,273.81
2545.1,1,55,0,33,7.91
2545.1,2,15,0,57,22.84
2547.2,0,4535,95,85,278.68
2547.2,1,55,0,33,7.11
2547.2,2,15,0,57,22.21
2549.3,0,4403,98,86,298.20
2549.3,1,55,0,33,6.59
2549.3,2,15,0,57,20.99
2551.4,0,7155,100,85,264.59
2551.4,1,55,0,33,6.79
2551.4,2,15,0,57,20.95
2553.4,0,4563,98,86,299.45
2553.4,1,55,0,33,10.44
2553.4,2,15,0,57,29.56
2555.5,0,4083,98,86,298.34
2555.5,1,55,0,33,5.75
2555.5,2,15,0,57,21.17
2557.6,0,4595,100,84,259.50
2557.6,1,55,0,33,5.86
2557.6,2,15,0,57,20.69
2559.6,0,4627,98,86,298.35
2559.6,1,55,0,33,7.18
2559.6,2,15,0,57,23.82
2561.7,0,4019,98,86,296.50
2561.7,1,55,0,33,6.11
2561.7,2,15,0,57,22.69
2563.8,0,22567,100,86,286.35
2563.8,1,55,0,33,5.72
2563.8,2,15,0,57,20.65
2565.8,0,22567,100,86,285.76
2565.8,1,55,0,33,5.78
2565.8,2,15,0,57,20.48
2567.9,0,31857,100,86,288.86
2567.9,1,55,0,33,9.95
2567.9,2,15,0,57,29.44
2570.0,0,31857,100,86,284.70
2570.0,1,55,0,33,5.59
2570.0,2,15,0,57,20.98
2572.0,0,31857,97,87,287.64
2572.0,1,55,0,33,5.60
2572.0,2,15,0,57,20.56
2574.1,0,31857,99,86,282.92
2574.1,1,55,0,33,7.51
2574.1,2,15,0,57,24.21
2576.2,0,31857,99,87,287.46
2576.2,1,55,0,33,6.12
2576.2,2,15,0,57,21.81
2578.3,0,31857,99,87,288.88
2578.3,1,55,0,33,5.68
2578.3,2,15,0,57,20.60
2580.3,0,31857,100,87,285.83
2580.3,1,55,0,33,6.04
2580.3,2,15,0,57,20.63
2582.4,0,31857,100,86,284.70
2582.4,1,55,0,33,10.25
2582.4,2,15,0,57,29.95
2584.5,0,31857,99,87,287.96
2584.5,1,55,0,33,5.97
2584.5,2,15,0,57,21.11
2586.6,0,31857,100,87,285.07
2586.6,1,55,0,33,6.92
2586.6,2,15,0,57,20.67
2588.7,0,31857,100,87,288.55
2588.7,1,55,0,33,8.98
2588.7,2,15,0,57,24.58
2590.7,0,21395,100,87,226.60
2590.7,1,55,0,33,7.34
2590.7,2,15,0,57,22.11
2592.8,0,21395,99,87,298.39
2592.8,1,55,0,33,6.59
2592.8,2,15,0,57,20.75
2594.9,0,21397,100,87,297.53
2594.9,1,55,0,33,6.84
2594.9,2,15,0,57,20.92
2597.0,0,21397,100,87,294.27
2597.0,1,55,0,33,11.47
2597.0,2,15,0,57,29.44
2599.1,0,21397,99,88,292.68
2599.1,1,55,0,33,6.78
2599.1,2,15,0,57,20.99
2601.1,0,21397,99,87,292.60
2601.1,1,55,0,33,6.90
2601.1,2,15,0,57,20.99
2603.2,0,21397,99,88,292.43
2603.2,1,55,0,33,11.28
2603.2,2,15,0,57,29.65
2605.3,0,21397,98,87,290.29
2605.3,1,55,0,33,6.97
2605.3,2,15,0,57,21.80
2607.4,0,21397,96,88,291.17
2607.4,1,55,0,33,6.66
2607.4,2,15,0,57,20.95
2609.5,0,21397,100,88,291.03
2609.5,1,55,0,33,6.80
2609.5,2,15,0,57,21.13
2611.5,0,21397,99,88,289.12
2611.5,1,55,0,33,11.18
2611.5,2,15,0,57,22.49
2613.6,0,21397,100,88,290.64
2613.6,1,55,0,33,6.68
2613.6,2,15,0,57,20.86
2615.8,0,21397,100,88,289.67
2615.8,1,55,0,33,6.80
2615.8,2,15,0,57,21.03
2617.9,0,21397,100,88,289.12
2617.9,1,55,0,33,11.28
2617.9,2,15,0,57,29.55
2619.9,0,21397,97,88,288.32
2619.9,1,55,0,33,6.90
2619.9,2,15,0,57,21.22
2622.1,0,21397,100,88,290.51
2622.1,1,55,0,33,6.94
2622.1,2,15,0,57,20.88
2624.1,0,21397,98,88,287.55
2624.1,1,55,0,33,8.37
2624.1,2,15,0,57,23.53
2626.2,0,21397,100,88,288.75
2626.2,1,55,0,33,6.87
2626.2,2,15,0,57,21.92
2628.3,0,21397,100,88,289.29
2628.3,1,55,0,33,6.53
2628.3,2,15,0,57,20.95
2630.3,0,21397,98,88,288.38
2630.3,1,55,0,33,6.79
2630.3,2,15,0,57,21.09
2632.4,0,21397,99,88,288.91
2632.4,1,55,0,33,11.51
2632.4,2,15,0,57,29.95
2634.5,0,21397,100,88,288.19
2634.5,1,55,0,33,7.04
2634.5,2,15,0,57,21.53
2636.6,0,21397,97,88,287.95
2636.6,1,55,0,33,6.78
2636.6,2,15,0,57,20.92
2638.7,0,21397,99,88,288.79
2638.7,1,55,0,33,8.68
2638.7,2,15,0,57,24.31
2640.8,0,21397,99,88,290.09
2640.8,1,55,0,33,7.18
2640.8,2,15,0,57,22.53
2642.8,0,21397,99,88,290.16
2642.8,1,55,0,33,6.73
2642.8,2,15,0,57,20.98
2644.9,0,21397,98,88,288.67
2644.9,1,55,0,33,6.74
2644.9,2,15,0,57,20.96
2647.0,0,21397,100,88,288.20
2647.0,1,55,0,33,11.18
2647.0,2,15,0,57,29.69
2649.1,0,21397,97,88,289.83
2649.1,1,55,0,33,6.70
2649.1,2,15,0,57,21.16
2651.1,0,21397,98,88,288.50
2651.1,1,55,0,33,6.67
2651.1,2,15,0,57,21.08
2653.2,0,21397,99,88,289.19
2653.2,1,55,0,33,8.97
2653.2,2,15,0,57,25.03
2655.3,0,21397,100,88,289.86
2655.3,1,55,0,33,7.36
2655.3,2,15,0,57,22.92
2657.4,0,21397,100,88,289.54
2657.4,1,55,0,33,6.62
2657.4,2,15,0,57,21.08
2659.5,0,21397,100,88,290.85
2659.5,1,55,0,33,6.79
2659.5,2,15,0,57,21.12
2661.6,0,21397,100,88,290.66
2661.6,1,55,0,33,7.05
2661.6,2,15,0,57,22.47
2663.7,0,21397,98,88,290.88
2663.7,1,55,0,33,6.56
2663.7,2,15,0,57,20.90
2665.8,0,21397,98,88,288.75
2665.8,1,55,0,33,6.64
2665.8,2,15,0,57,21.10
2667.9,0,21397,98,88,288.48
2667.9,1,55,0,33,11.38
2667.9,2,15,0,57,29.56
2670.0,0,21319,100,88,289.26
2670.0,1,55,0,33,6.84
2670.0,2,15,0,57,21.31
2672.1,0,3363,78,86,284.08
2672.1,1,55,0,33,6.63
2672.1,2,15,0,57,21.02
2674.1,0,3443,97,87,194.11
2674.1,1,55,0,33,7.74
2674.1,2,15,0,57,23.21
2676.2,0,3705,96,86,200.13
2676.2,1,55,0,33,7.21
2676.2,2,15,0,57,21.80
2678.3,0,3855,91,82,246.28
2678.3,1,55,0,33,6.70
2678.3,2,15,0,57,20.68
2680.4,0,3855,98,86,297.84
2680.4,1,55,0,33,6.91
2680.4,2,15,0,57,21.17
2682.4,0,7023,99,85,283.11
2682.4,1,55,0,33,11.16
2682.4,2,15,0,57,30.10
2684.5,0,4527,97,86,283.55
2684.5,1,55,0,33,6.85
2684.5,2,15,0,57,21.42
2686.6,0,6223,97,86,289.57
2686.6,1,55,0,33,6.61
2686.6,2,15,0,57,21.34
2688.7,0,4367,98,86,277.61
2688.7,1,55,0,33,8.45
2688.7,2,15,0,57,24.13
2690.8,0,13813,94,86,283.42
2690.8,1,55,0,33,6.76
2690.8,2,15,0,57,22.84
2692.9,0,13813,100,87,286.32
2692.9,1,55,0,33,6.83
2692.9,2,15,0,57,20.93
2695.0,0,23105,100,86,284.78
2695.0,1,55,0,33,6.87
2695.0,2,15,0,57,21.00
2697.1,0,21269,100,86,290.48
2697.1,1,55,0,33,11.52
2697.1,2,15,0,57,30.08
2699.1,0,12037,98,87,297.47
2699.1,1,55,0,33,6.78
2699.1,2,15,0,57,21.01
2701.2,0,12037,98,87,299.13
2701.2,1,55,0,33,5.99
2701.2,2,15,0,57,21.34
2703.3,0,12037,98,87,298.53
2703.3,1,55,0,33,8.21
2703.3,2,15,0,57,24.93
2705.4,0,12037,98,87,298.36
2705.4,1,55,0,33,7.27
2705.4,2,15,0,57,23.10
2707.5,0,12037,98,87,298.50
2707.5,1,55,0,33,6.75
2707.5,2,15,0,57,21.42
2709.6,0,12037,98,87,298.10
2709.6,1,55,0,33,7.07
2709.6,2,15,0,57,21.27
2711.6,0,12037,97,87,297.70
2711.6,1,55,0,33,7.22
2711.6,2,15,0,57,22.67
2713.7,0,12039,99,87,297.96
2713.7,1,55,0,33,6.89
2713.7,2,15,0,57,21.22
2715.8,0,12039,99,87,296.38
2715.8,1,55,0,33,7.20
2715.8,2,15,0,57,21.41
2717.9,0,3663,0,84,212.39
2717.9,1,55,0,33,9.19
2717.9,2,15,0,57,25.56
2720.0,0,2723,0,82,169.83
2720.0,1,55,0,33,7.50
2720.0,2,15,0,57,21.81
2722.1,0,2815,2,80,112.62
2722.1,1,55,0,33,6.91
2722.1,2,15,0,57,20.56
2724.1,0,2815,0,79,103.12
2724.1,1,55,0,33,7.88
2724.1,2,15,0,57,21.61
2726.2,0,2815,0,78,102.45
2726.2,1,55,0,33,7.66
2726.2,2,15,0,57,22.51
2728.3,0,2815,0,76,100.96
2728.3,1,55,0,33,6.91
2728.3,2,15,0,57,20.47
2730.4,0,3285,89,77,243.23
2730.4,1,55,0,33,6.97
2730.4,2,15,0,57,20.95
2732.5,0,3441,97,82,292.30
2732.5,1,55,0,33,11.47
2732.5,2,15,0,57,29.74
2734.5,0,3441,93,81,279.44
2734.5,1,55,0,33,6.98
2734.5,2,15,0,57,21.88
2736.6,0,4049,100,82,261.95
2736.6,1,55,0,33,6.26
2736.6,2,15,0,57,21.34
2738.7,0,3569,97,83,286.29
2738.7,1,55,0,33,7.72
2738.7,2,15,0,57,23.56
2740.8,0,4081,100,82,266.42
2740.8,1,55,0,33,6.00
2740.8,2,15,0,57,22.27
2742.8,0,3441,25,79,201.28
2742.8,1,55,0,33,6.20
2742.8,2,15,0,57,21.18
2744.9,0,22021,45,80,187.90
2744.9,1,55,0,33,6.38
2744.9,2,15,0,57,20.89
2747.0,0,22021,96,83,285.98
2747.0,1,55,0,33,10.73
2747.0,2,15,0,57,30.26
2749.0,0,22021,5,78,193.20
2749.0,1,55,0,33,5.89
2749.0,2,15,0,57,21.00
2751.1,0,22021,25,79,198.29
2751.1,1,55,0,33,5.64
2751.1,2,15,0,57,20.88
2753.2,0,22021,58,81,132.69
2753.2,1,55,0,33,7.37
2753.2,2,15,0,57,23.75
2755.2,0,22023,99,82,272.10
2755.2,1,55,0,33,6.04
2755.2,2,15,0,57,22.79
2757.3,0,22023,84,78,208.54
2757.3,1,55,0,33,5.49
2757.3,2,15,0,57,20.79
2759.4,0,3447,93,82,277.15
2759.4,1,55,0,33,5.91
2759.4,2,15,0,57,20.85
2761.4,0,2041,0,77,128.64
2761.4,1,55,0,33,9.78
2761.4,2,15,0,57,30.04
2763.5,0,4073,96,78,271.28
2763.5,1,55,0,33,5.92
2763.5,2,15,0,57,21.20
2765.6,0,4073,97,82,295.65
2765.6,1,55,0,33,6.14
2765.6,2,15,0,57,21.16
2767.7,0,7305,100,83,281.38
2767.7,1,55,0,33,8.89
2767.7,2,15,0,57,24.81
2769.7,0,4745,98,83,297.37
2769.7,1,55,0,33,7.01
2769.7,2,15,0,57,22.38
2771.8,0,5513,100,84,278.08
2771.8,1,55,0,33,6.77
2771.8,2,15,0,57,21.38
2773.9,0,4297,98,84,294.86
2773.9,1,55,0,33,7.01
2773.9,2,15,0,57,21.35
2776.0,0,22653,100,84,277.84
2776.0,1,55,0,33,11.99
2776.0,2,15,0,57,29.94
2778.1,0,22653,100,84,285.08
2778.1,1,55,0,33,7.30
2778.1,2,15,0,57,20.87
2780.2,0,22653,100,84,286.15
2780.2,1,55,0,33,7.04
2780.2,2,15,0,57,21.00
2782.3,0,12135,100,85,293.57
2782.3,1,55,0,33,11.09
2782.3,2,15,0,57,25.07
2784.4,0,12137,100,85,298.14
2784.4,1,55,0,33,7.41
2784.4,2,15,0,57,22.83
2786.5,0,12137,100,86,298.56
2786.5,1,55,0,33,6.66
2786.5,2,15,0,57,21.28
2788.6,0,12137,100,86,299.23
2788.6,1,55,0,33,6.72
2788.6,2,15,0,57,21.94
2790.7,0,12137,100,86,299.18
2790.7,1,55,0,33,7.15
2790.7,2,15,0,57,22.45
2792.8,0,12137,97,87,296.33
2792.8,1,55,0,33,6.60
2792.8,2,15,0,57,21.40
2794.8,0,12137,100,87,298.62
2794.8,1,55,0,33,6.82
2794.8,2,15,0,57,21.39
2796.9,0,2041,97,87,297.87
2796.9,1,55,0,33,11.28
2796.9,2,15,0,57,29.82
2799.0,0,3373,0,82,149.57
2799.0,1,55,0,33,6.77
2799.0,2,15,0,57,21.55
2801.1,0,2005,12,82,123.58
2801.1,1,55,0,33,6.55
2801.1,2,15,0,57,20.59
2803.1,0,3315,51,85,263.48
2803.1,1,55,0,33,7.79
2803.1,2,15,0,57,23.07
2805.2,0,2701,53,84,117.73
2805.2,1,55,0,33,6.79
2805.2,2,15,0,57,22.20
2807.3,0,3281,96,84,165.01
2807.3,1,55,0,33,5.73
2807.3,2,15,0,57,20.82
2809.3,0,3437,90,82,273.19
2809.3,1,55,0,33,6.00
2809.3,2,15,0,57,21.60
2811.4,0,3437,91,85,295.06
2811.4,1,55,0,33,10.09
2811.4,2,15,0,57,29.78
2813.5,0,3437,93,85,249.99
2813.5,1,55,0,33,5.66
2813.5,2,15,0,57,21.45
2815.6,0,3437,90,86,284.61
2815.6,1,55,0,33,5.47
2815.6,2,15,0,57,21.50
2817.6,0,6605,83,86,283.43
2817.6,1,55,0,33,5.81
2817.6,2,15,0,57,24.15
2819.7,0,4143,100,86,266.08
2819.7,1,55,0,33,5.69
2819.7,2,15,0,57,22.26
2821.8,0,7087,98,86,294.23
2821.8,1,55,0,33,5.45
2821.8,2,15,0,57,21.47
2823.8,0,4111,97,87,273.05
2823.8,1,55,0,33,5.64
2823.8,2,15,0,57,21.08
2825.9,0,3567,84,85,279.76
2825.9,1,55,0,33,11.41
2825.9,2,15,0,57,30.40
2828.0,0,4079,97,86,267.61
2828.0,1,55,0,33,6.81
2828.0,2,15,0,57,21.65
2830.1,0,3599,97,87,294.14
2830.1,1,55,0,33,6.57
2830.1,2,15,0,57,21.42
2832.1,0,4079,100,87,262.15
2832.1,1,55,0,33,7.51
2832.1,2,15,0,57,24.55
2834.2,0,3791,96,87,288.72
2834.2,1,55,0,33,6.64
2834.2,2,15,0,57,22.64
2836.3,0,13397,100,87,266.79
2836.3,1,55,0,33,6.24
2836.3,2,15,0,57,21.27
2838.4,0,13397,100,87,283.12
2838.4,1,55,0,33,7.13
2838.4,2,15,0,57,20.91
2840.5,0,13397,99,87,281.18
2840.5,1,55,0,33,11.66
2840.5,2,15,0,57,30.08
2842.6,0,13397,100,87,282.11
2842.6,1,55,0,33,6.77
2842.6,2,15,0,57,20.89
2844.7,0,13397,98,87,279.76
2844.7,1,55,0,33,7.11
2844.7,2,15,0,57,20.80
2846.8,0,11429,97,87,277.82
2846.8,1,55,0,33,8.90
2846.8,2,15,0,57,25.04
2848.9,0,11451,90,87,266.93
2848.9,1,55,0,33,7.65
2848.9,2,15,0,57,22.86
2851.0,0,11451,97,87,282.21
2851.0,1,55,0,33,6.89
2851.0,2,15,0,57,21.28
2853.1,0,11451,95,88,286.42
2853.1,1,55,0,33,6.92
2853.1,2,15,0,57,21.44
2855.1,0,11451,94,88,286.61
2855.1,1,55,0,33,11.30
2855.1,2,15,0,57,22.77
2857.2,0,11451,94,87,284.34
2857.2,1,55,0,33,6.49
2857.2,2,15,0,57,21.38
2859.3,0,11451,93,88,281.93
2859.3,1,55,0,33,6.27
2859.3,2,15,0,57,21.42
2861.4,0,11451,92,88,283.73
2861.4,1,55,0,33,10.79
2861.4,2,15,0,57,29.86
2863.5,0,11451,96,87,281.24
2863.5,1,55,0,33,6.38
2863.5,2,15,0,57,21.44
2865.6,0,11451,94,87,278.26
2865.6,1,55,0,33,6.13
2865.6,2,15,0,57,21.21
2867.6,0,11451,98,88,284.13
2867.6,1,55,0,33,6.19
2867.6,2,15,0,57,23.35
2869.7,0,14619,97,87,276.17
2869.7,1,55,0,33,6.09
2869.7,2,15,0,57,21.94
2871.8,0,12155,98,88,277.91
2871.8,1,55,0,33,5.44
2871.8,2,15,0,57,21.02
2873.8,0,11643,98,88,279.24
2873.8,1,55,0,33,5.59
2873.8,2,15,0,57,21.34
2875.9,0,12411,100,87,256.23
2875.9,1,55,0,33,9.85
2875.9,2,15,0,57,30.43
2878.0,0,11995,98,87,282.01
2878.0,1,55,0,33,5.70
2878.0,2,15,0,57,21.55
2880.0,0,14619,100,87,254.94
2880.0,1,55,0,33,5.36
2880.0,2,15,0,57,21.15
2882.1,0,12091,98,87,286.65
2882.1,1,55,0,33,5.88
2882.1,2,15,0,57,24.04
2884.2,0,11963,99,87,285.39
2884.2,1,55,0,33,5.83
2884.2,2,15,0,57,22.44
2886.3,0,14619,92,86,266.67
2886.3,1,55,0,33,6.20
2886.3,2,15,0,57,21.30
2888.4,0,12155,98,87,268.48
2888.4,1,55,0,33,6.46
2888.4,2,15,0,57,21.01
2890.5,0,11867,98,87,285.07
2890.5,1,55,0,33,10.95
2890.5,2,15,0,57,30.03
2892.5,0,14235,27,87,264.49
2892.5,1,55,0,33,6.35
2892.5,2,15,0,57,21.42
2894.6,0,12155,98,87,274.48
2894.6,1,55,0,33,6.66
2894.6,2,15,0,57,20.98
2896.7,0,6287,2,87,223.99
2896.7,1,55,0,33,8.79
2896.7,2,15,0,57,24.98
2898.8,0,3599,93,87,220.95
2898.8,1,55,0,33,7.29
2898.8,2,15,0,57,22.76
2900.8,0,5917,100,86,240.95
2900.8,1,55,0,33,6.36
2900.8,2,15,0,57,20.76
2902.9,0,3471,59,86,274.65
2902.9,1,55,0,33,6.66
2902.9,2,15,0,57,21.16
2905.0,0,3249,97,86,252.87
2905.0,1,55,0,33,11.04
2905.0,2,15,0,57,29.66
2907.1,0,6225,100,87,275.18
2907.1,1,55,0,33,6.22
2907.1,2,15,0,57,21.64
2909.1,0,3313,100,86,276.75
2909.1,1,55,0,33,6.12
2909.1,2,15,0,57,21.15
2911.2,0,3505,97,87,287.70
2911.2,1,55,0,33,7.01
2911.2,2,15,0,57,25.50
2913.3,0,6225,100,87,263.99
2913.3,1,55,0,33,5.98
2913.3,2,15,0,57,22.22
2915.3,0,2705,0,82,128.13
2915.3,1,55,0,33,5.37
2915.3,2,15,0,57,20.80
2917.4,0,3377,92,86,286.14
2917.4,1,55,0,33,5.77
2917.4,2,15,0,57,20.80
2919.5,0,24325,100,85,279.79
2919.5,1,55,0,33,10.34
2919.5,2,15,0,57,30.26
2921.5,0,24773,66,82,187.99
2921.5,1,55,0,33,5.75
2921.5,2,15,0,57,21.49
2923.6,0,21221,100,85,274.85
2923.6,1,55,0,33,5.53
2923.6,2,15,0,57,21.11
2925.7,0,22085,100,85,265.71
2925.7,1,55,0,33,7.55
2925.7,2,15,0,57,29.76
2927.7,0,2181,100,83,249.43
2927.7,1,55,0,33,5.61
2927.7,2,15,0,57,21.29
2929.8,0,2703,100,82,255.37
2929.8,1,55,0,33,5.34
2929.8,2,15,0,57,20.80
2931.9,0,5813,100,84,247.11
2931.9,1,55,0,33,5.44
2931.9,2,15,0,57,21.17
2933.9,0,3515,98,84,288.46
2933.9,1,55,0,33,10.27
2933.9,2,15,0,57,30.05
2936.0,0,3899,95,84,260.05
2936.0,1,55,0,33,5.66
2936.0,2,15,0,57,21.59
2938.1,0,3931,98,85,288.50
2938.1,1,55,0,33,5.59
2938.1,2,15,0,57,21.63
2940.2,0,6907,100,85,265.20
2940.2,1,55,0,33,7.48
2940.2,2,15,0,57,30.47
2942.2,0,6523,100,85,268.41
2942.2,1,55,0,33,5.78
2942.2,2,15,0,57,21.13
2944.3,0,4247,96,86,296.89
2944.3,1,55,0,33,5.45
2944.3,2,15,0,57,21.41
2946.4,0,4345,96,86,290.12
2946.4,1,55,0,33,7.13
2946.4,2,15,0,57,21.70
2948.5,0,7161,100,85,247.00
2948.5,1,55,0,33,6.94
2948.5,2,15,0,57,22.71
2950.6,0,4217,100,85,274.67
2950.6,1,55,0,33,6.36
2950.6,2,15,0,57,21.00
2952.6,0,3435,96,86,296.71
2952.6,1,55,0,33,6.82
2952.6,2,15,0,57,21.46
2954.7,0,5709,0,81,138.64
2954.7,1,55,0,33,11.25
2954.7,2,15,0,57,30.18
2956.8,0,3307,100,85,257.92
2956.8,1,55,0,33,6.78
2956.8,2,15,0,57,21.31
2958.9,0,6315,81,85,267.37
2958.9,1,55,0,33,6.56
2958.9,2,15,0,57,21.59
2961.0,0,13201,76,85,258.10
2961.0,1,55,0,33,7.81
2961.0,2,15,0,57,21.89
2963.0,0,13233,100,85,286.84
2963.0,1,55,0,33,6.85
2963.0,2,15,0,57,22.12
2965.1,0,13267,100,86,287.14
2965.1,1,55,0,33,6.43
2965.1,2,15,0,57,20.93
2967.2,0,12075,98,86,290.44
2967.2,1,55,0,33,6.45
2967.2,2,15,0,57,21.27
2969.3,0,14635,100,85,263.85
2969.3,1,55,0,33,10.79
2969.3,2,15,0,57,30.45
2971.4,0,12203,98,86,298.12
2971.4,1,55,0,33,6.22
2971.4,2,15,0,57,21.63
2973.5,0,14635,51,85,251.80
2973.5,1,55,0,33,6.03
2973.5,2,15,0,57,21.56
2975.5,0,12075,89,86,262.86
2975.5,1,55,0,33,7.24
2975.5,2,15,0,57,23.01
2977.6,0,12011,70,85,273.15
2977.6,1,55,0,33,6.24
2977.6,2,15,0,57,22.79
2979.7,0,15083,92,85,273.70
2979.7,1,55,0,33,5.76
2979.7,2,15,0,57,21.61
2981.8,0,12139,100,86,254.88
2981.8,1,55,0,33,5.39
2981.8,2,15,0,57,21.30
2983.8,0,11627,98,86,297.48
2983.8,1,55,0,33,9.96
2983.8,2,15,0,57,30.24
2985.9,0,15179,93,86,268.65
2985.9,1,55,0,33,5.55
2985.9,2,15,0,57,21.69
2988.0,0,12235,97,86,270.27
2988.0,1,55,0,33,5.35
2988.0,2,15,0,57,21.12
2990.0,0,12299,98,87,294.64
2990.0,1,55,0,33,7.45
2990.0,2,15,0,57,24.39
2992.1,0,15179,99,87,294.05
2992.1,1,55,0,33,6.12
2992.1,2,15,0,57,22.12
2994.2,0,15211,100,86,262.22
2994.2,1,55,0,33,5.35
2994.2,2,15,0,57,21.12
2996.2,0,12203,98,87,283.47
2996.2,1,55,0,33,5.53
2996.2,2,15,0,57,21.40
2998.3,0,3331,92,87,289.11
2998.3,1,55,0,33,6.23
2998.3,2,15,0,57,29.73
3000.4,0,6179,100,86,262.48
3000.4,1,55,0,33,5.62
3000.4,2,15,0,57,21.60
3002.4,0,3659,95,86,254.85
3002.4,1,55,0,33,5.62
3002.4,2,15,0,57,21.07
3004.5,0,2723,0,81,115.27
3004.5,1,55,0,33,10.92
3004.5,2,15,0,57,24.48
3006.6,0,5763,100,86,259.46
3006.6,1,55,0,33,6.99
3006.6,2,15,0,57,21.38
3008.6,0,3267,96,86,265.59
3008.6,1,55,0,33,6.77
3008.6,2,15,0,57,21.43
3010.7,0,6179,100,85,227.76
3010.7,1,55,0,33,6.85
3010.7,2,15,0,57,21.21
3012.8,0,3267,100,85,272.14
3012.8,1,55,0,33,7.41
3012.8,2,15,0,57,30.41
3014.9,0,3139,91,86,288.93
3014.9,1,55,0,33,6.65
3014.9,2,15,0,57,21.37
3017.0,0,5699,100,86,252.13
3017.0,1,55,0,33,6.87
3017.0,2,15,0,57,21.64
3019.1,0,3203,77,85,257.65
3019.1,1,55,0,33,11.41
3019.1,2,15,0,57,25.28
3021.2,0,3395,97,86,292.88
3021.2,1,55,0,33,7.10
3021.2,2,15,0,57,21.93
3023.2,0,6179,100,86,255.45
3023.2,1,55,0,33,6.85
3023.2,2,15,0,57,21.21
3025.3,0,3299,94,86,271.76
3025.3,1,55,0,33,7.81
3025.3,2,15,0,57,21.67
3027.4,0,2915,95,86,291.38
3027.4,1,55,0,33,6.51
3027.4,2,15,0,57,22.95
3029.5,0,3077,100,85,252.52
3029.5,1,55,0,33,6.52
3029.5,2,15,0,57,21.27
3031.5,0,2757,94,85,246.70
3031.5,1,55,0,33,6.94
3031.5,2,15,0,57,22.30
3033.6,0,4741,93,83,252.02
3033.6,1,55,0,33,11.63
3033.6,2,15,0,57,30.16
3035.7,0,3205,88,85,252.01
3035.7,1,55,0,33,6.44
3035.7,2,15,0,57,22.09
3037.7,0,5605,13,85,235.73
3037.7,1,55,0,33,6.11
3037.7,2,15,0,57,21.86
3039.8,0,3045,86,85,241.38
3039.8,1,55,0,33,6.96
3039.8,2,15,0,57,23.73
3041.9,0,6885,91,85,218.51
3041.9,1,55,0,33,6.14
3041.9,2,15,0,57,23.73
3044.0,0,3045,61,84,217.13
3044.0,1,55,0,33,5.53
3044.0,2,15,0,57,21.11
3046.0,0,3647,100,85,215.14
3046.0,1,55,0,33,5.65
3046.0,2,15,0,57,21.79
3048.1,0,2373,55,82,175.29
3048.1,1,55,0,33,9.92
3048.1,2,15,0,57,30.44
3050.1,0,2373,0,80,195.41
3050.1,1,55,0,33,5.75
3050.1,2,15,0,57,22.27
3052.2,0,2373,0,78,107.21
3052.2,1,55,0,33,5.51
3052.2,2,15,0,57,20.57
3054.3,0,2373,0,77,101.07
3054.3,1,55,0,33,7.33
3054.3,2,15,0,57,23.32
3056.4,0,2905,77,80,253.02
3056.4,1,55,0,33,5.87
3056.4,2,15,0,57,22.65
3058.4,0,2905,84,81,252.07
3058.4,1,55,0,33,5.44
3058.4,2,15,0,57,21.69
3060.5,0,2689,85,82,252.78
3060.5,1,55,0,33,5.57
3060.5,2,15,0,57,21.75
3062.6,0,3313,87,82,288.18
3062.6,1,55,0,33,10.09
3062.6,2,15,0,57,30.10
3064.7,0,3313,93,83,279.16
3064.7,1,55,0,33,5.58
3064.7,2,15,0,57,22.16
3066.8,0,6961,94,83,270.33
3066.8,1,55,0,33,6.32
3066.8,2,15,0,57,21.50
3068.9,0,3985,95,84,285.87
3068.9,1,55,0,33,8.44
3068.9,2,15,0,57,24.81
3071.0,0,6481,100,83,263.08
3071.0,1,55,0,33,6.59
3071.0,2,15,0,57,23.17
3073.0,0,3409,62,81,236.27
3073.0,1,55,0,33,6.57
3073.0,2,15,0,57,21.10
3075.1,0,4145,82,83,255.09
3075.1,1,55,0,33,6.89
3075.1,2,15,0,57,20.89
3077.2,0,3921,100,84,284.27
3077.2,1,55,0,33,11.48
3077.2,2,15,0,57,30.18
3079.3,0,6961,100,83,201.55
3079.3,1,55,0,33,6.69
3079.3,2,15,0,57,21.46
3081.4,0,6641,5,83,186.66
3081.4,1,55,0,33,6.97
3081.4,2,15,0,57,21.06
3083.4,0,3377,88,80,197.52
3083.4,1,55,0,33,11.31
3083.4,2,15,0,57,25.45
3085.5,0,4209,63,83,261.09
3085.5,1,55,0,33,6.84
3085.5,2,15,0,57,22.03
3087.6,0,5695,100,83,209.95
3087.6,1,55,0,33,6.65
3087.6,2,15,0,57,20.75
3089.7,0,2831,0,79,159.84
3089.7,1,55,0,33,6.26
3089.7,2,15,0,57,21.81
3091.7,0,3935,100,83,269.52
3091.7,1,55,0,33,10.32
3091.7,2,15,0,57,22.72
3093.8,0,6943,97,84,289.42
3093.8,1,55,0,33,5.47
3093.8,2,15,0,57,21.50
3095.9,0,4095,97,84,272.59
3095.9,1,55,0,33,5.73
3095.9,2,15,0,57,21.22
3097.9,0,6463,100,84,262.57
3097.9,1,55,0,33,9.78
3097.9,2,15,0,57,29.80
3100.0,0,4031,98,85,298.14
3100.0,1,55,0,33,5.57
3100.0,2,15,0,57,21.53
3102.1,0,7099,100,84,257.11
3102.1,1,55,0,33,5.41
3102.1,2,15,0,57,21.20
3104.2,0,4283,98,85,297.22
3104.2,1,55,0,33,5.49
3104.2,2,15,0,57,23.49
3106.2,0,7099,100,84,264.67
3106.2,1,55,0,33,10.20
3106.2,2,15,0,57,22.20
3108.3,0,4251,98,85,283.42
3108.3,1,55,0,33,5.60
3108.3,2,15,0,57,21.08
3110.4,0,6619,100,85,263.83
3110.4,1,55,0,33,5.82
3110.4,2,15,0,57,21.57
3112.4,0,4219,98,86,299.41
3112.4,1,55,0,33,9.97
3112.4,2,15,0,57,29.97
3114.5,0,7099,100,85,260.17
3114.5,1,55,0,33,5.78
3114.5,2,15,0,57,21.88
3116.6,0,4123,97,86,298.21
3116.6,1,55,0,33,5.60
3116.6,2,15,0,57,21.17
3118.6,0,7067,55,86,266.33
3118.6,1,55,0,33,6.03
3118.6,2,15,0,57,24.00
3120.7,0,4155,98,87,296.30
3120.7,1,55,0,33,5.84
3120.7,2,15,0,57,22.86
3122.8,0,7963,99,86,251.33
3122.8,1,55,0,33,5.35
3122.8,2,15,0,57,21.31
3124.8,0,4187,98,87,293.78
3124.8,1,55,0,33,5.64
3124.8,2,15,0,57,21.27
3126.9,0,7067,100,86,256.56
3126.9,1,55,0,33,11.41
3126.9,2,15,0,57,29.92
3129.0,0,4123,94,87,289.74
3129.0,1,55,0,33,6.66
3129.0,2,15,0,57,21.25
3131.1,0,6619,100,86,262.61
3131.1,1,55,0,33,6.56
3131.1,2,15,0,57,21.30
3133.2,0,3643,97,87,289.51
3133.2,1,55,0,33,7.93
3133.2,2,15,0,57,25.03
3135.2,0,4029,100,87,271.65
3135.2,1,55,0,34,7.10
3135.2,2,15,0,57,23.06
3137.3,0,4189,97,87,288.82
3137.3,1,55,0,33,6.60
3137.3,2,15,0,57,21.15
3139.4,0,7069,100,87,279.47
3139.4,1,55,0,33,6.92
3139.4,2,15,0,57,21.47
3141.5,0,4189,98,87,289.33
3141.5,1,55,0,33,11.14
3141.5,2,15,0,57,29.46
3143.6,0,7101,97,86,273.19
3143.6,1,55,0,33,6.98
3143.6,2,15,0,57,21.77
3145.7,0,4125,70,87,261.66
3145.7,1,55,0,33,6.65
3145.7,2,15,0,57,21.24
3147.7,0,6621,74,87,260.41
3147.7,1,55,0,33,8.29
3147.7,2,15,0,57,25.39
3149.8,0,4061,100,87,254.87
3149.8,1,55,0,34,6.85
3149.8,2,15,0,57,22.31
3151.9,0,4285,87,87,280.34
3151.9,1,55,0,33,6.26
3151.9,2,15,0,57,21.38
3154.0,0,7101,90,87,262.13
3154.0,1,55,0,33,6.11
3154.0,2,15,0,57,21.44
3156.1,0,4061,76,87,260.87
3156.1,1,55,0,33,10.08
3156.1,2,15,0,57,29.88
3158.2,0,3901,92,87,274.29
3158.2,1,55,0,33,5.53
3158.2,2,15,0,57,21.41
3160.2,0,6621,100,87,254.31
3160.2,1,55,0,33,5.57
3160.2,2,15,0,57,21.37
3162.3,0,4157,88,87,266.13
3162.3,1,55,0,33,10.03
3162.3,2,15,0,57,30.25
3164.4,0,3965,81,87,270.26
3164.4,1,55,0,33,5.57
3164.4,2,15,0,57,21.71
3166.5,0,6621,100,87,268.77
3166.5,1,55,0,33,5.37
3166.5,2,15,0,57,21.40
3168.5,0,4221,91,87,278.17
3168.5,1,55,0,33,5.56
3168.5,2,15,0,57,21.27
3170.6,0,3581,88,87,275.84
3170.6,1,55,0,33,5.70
3170.6,2,15,0,57,22.80
3172.7,0,13411,100,87,273.41
3172.7,1,55,0,33,5.39
3172.7,2,15,0,57,21.09
3174.7,0,17635,97,87,273.50
3174.7,1,55,0,33,5.65
3174.7,2,15,0,57,20.91
3176.8,0,22957,100,87,281.39
3176.8,1,55,0,33,9.90
3176.8,2,15,0,57,29.84
3178.9,0,23373,100,88,282.33
3178.9,1,55,0,33,5.64
3178.9,2,15,0,57,21.01
3181.0,0,23373,100,87,281.85
3181.0,1,55,0,33,5.51
3181.0,2,15,0,57,20.87
3183.0,0,23341,100,88,281.86
3183.0,1,55,0,33,6.50
3183.0,2,15,0,57,20.80
3185.1,0,23405,100,87,277.80
3185.1,1,55,0,33,7.02
3185.1,2,15,0,57,22.79
3187.2,0,23405,100,87,280.06
3187.2,1,55,0,33,6.44
3187.2,2,15,0,57,20.78
3189.3,0,23469,100,87,280.04
3189.3,1,55,0,33,6.64
3189.3,2,15,0,57,20.91
3191.4,0,23469,100,87,280.38
3191.4,1,55,0,33,11.31
3191.4,2,15,0,57,29.78
3193.5,0,23469,100,87,279.40
3193.5,1,55,0,33,6.76
3193.5,2,15,0,57,21.19
3195.6,0,23501,95,87,279.63
3195.6,1,55,0,33,6.72
3195.6,2,15,0,57,20.87
3197.7,0,23533,93,88,280.85
3197.7,1,55,0,33,8.22
3197.7,2,15,0,57,24.40
3199.7,0,23565,93,87,278.06
3199.7,1,55,0,34,7.28
3199.7,2,15,0,57,21.88
3201.8,0,23533,100,87,279.73
3201.8,1,55,0,33,6.77
3201.8,2,15,0,57,20.76
3203.9,0,23085,100,87,279.55
3203.9,1,55,0,33,6.97
3203.9,2,15,0,57,20.92
3206.0,0,22989,100,88,278.31
3206.0,1,55,0,33,11.31
3206.0,2,15,0,57,30.17
3208.1,0,22925,100,88,276.80
3208.1,1,55,0,33,7.00
3208.1,2,15,0,57,20.79
3210.2,0,25997,100,87,276.70
3210.2,1,55,0,33,6.66
3210.2,2,15,0,57,20.86
3212.2,0,25005,100,87,274.09
3212.2,1,55,0,33,8.25
3212.2,2,15,0,57,25.18
3214.3,0,23373,100,87,279.11
3214.3,1,55,0,34,6.93
3214.3,2,15,0,57,22.53
3216.4,0,23405,100,87,282.68
3216.4,1,55,0,33,6.70
3216.4,2,15,0,57,20.73
3218.5,0,23405,99,87,279.16
3218.5,1,55,0,33,6.79
3218.5,2,15,0,57,20.94
3220.6,0,23405,100,87,281.36
3220.6,1,55,0,34,11.32
3220.6,2,15,0,57,22.16
3222.7,0,23469,100,87,280.38
3222.7,1,55,0,33,6.91
3222.7,2,15,0,57,20.65
3224.8,0,23437,97,88,280.11
3224.8,1,55,0,33,6.80
3224.8,2,15,0,57,20.83
3226.9,0,23469,98,88,278.96
3226.9,1,55,0,34,11.48
3226.9,2,15,0,57,29.89
3229.0,0,23277,99,88,278.04
3229.0,1,55,0,33,6.85
3229.0,2,15,0,57,21.81
3231.1,0,23309,100,88,282.38
3231.1,1,55,0,33,6.62
3231.1,2,15,0,57,20.81
3233.2,0,23309,100,87,281.21
3233.2,1,55,1,33,7.01
3233.2,2,15,0,57,22.63
3235.3,0,22957,99,87,279.30
3235.3,1,55,0,34,7.61
3235.3,2,15,0,57,22.62
3237.4,0,22861,100,87,274.92
3237.4,1,55,0,33,6.79
3237.4,2,15,0,57,20.79
3239.4,0,25869,99,87,268.44
3239.4,1,55,0,33,6.75
3239.4,2,15,0,57,20.89
3241.5,0,26221,100,87,268.83
3241.5,1,55,0,34,11.46
3241.5,2,15,0,57,29.67
3243.6,0,23373,96,87,266.33
3243.6,1,55,0,33,6.71
3243.6,2,15,0,57,21.17
3245.7,0,23373,85,87,278.68
3245.7,1,55,0,33,6.60
3245.7,2,15,0,57,20.63
3247.8,0,23373,98,87,283.55
3247.8,1,55,0,33,7.29
3247.8,2,15,0,57,23.30
3249.9,0,23405,100,87,279.48
3249.9,1,55,0,34,7.11
3249.9,2,15,0,57,21.88
3252.0,0,23341,100,87,279.05
3252.0,1,55,0,33,6.59
3252.0,2,15,0,57,20.57
3254.1,0,23373,100,87,282.24
3254.1,1,55,0,33,6.72
3254.1,2,15,0,57,20.74
3256.2,0,23373,96,87,281.34
3256.2,1,55,0,34,11.99
3256.2,2,15,0,57,30.00
3258.2,0,23341,100,87,278.35
3258.2,1,55,0,33,7.06
3258.2,2,15,0,57,21.28
3260.3,0,23309,100,87,280.51
3260.3,1,55,0,33,6.63
3260.3,2,15,0,57,20.73
3262.4,0,23277,100,87,283.26
3262.4,1,55,0,34,11.08
3262.4,2,15,0,57,24.09
3264.5,0,23213,100,87,280.63
3264.5,1,55,0,34,7.45
3264.5,2,15,0,57,22.28
3266.6,0,22893,96,87,279.12
3266.6,1,55,0,33,6.79
3266.6,2,15,0,57,20.75
3268.7,0,23597,100,87,279.54
3268.7,1,55,0,33,7.03
3268.7,2,15,0,57,20.70
3270.8,0,22701,96,87,275.00
3270.8,1,55,0,34,11.47
3270.8,2,15,0,57,29.88
3272.9,0,25901,100,87,271.80
3272.9,1,55,0,33,6.85
3272.9,2,15,0,57,20.97
3275.0,0,23373,99,87,279.89
3275.0,1,55,0,33,6.99
3275.0,2,15,0,57,20.81
3277.1,0,21331,100,87,277.25
3277.1,1,55,0,34,11.35
3277.1,2,15,0,57,24.89
3279.2,0,21385,98,87,286.83
3279.2,1,55,0,33,6.74
3279.2,2,15,0,57,20.77
3281.3,0,20905,98,87,287.81
3281.3,1,55,0,33,6.71
3281.3,2,15,0,57,21.31
3283.4,0,23817,100,87,259.96
3283.4,1,55,0,34,8.42
3283.4,2,15,0,57,21.39
3285.5,0,21419,99,87,291.91
3285.5,1,55,0,34,7.55
3285.5,2,15,0,57,22.85
3287.6,0,20843,98,87,289.33
3287.6,1,55,0,33,6.76
3287.6,2,15,0,57,21.34
3289.7,0,21227,100,85,269.22
3289.7,1,55,0,33,6.78
3289.7,2,15,0,57,21.26
3291.7,0,21355,98,87,287.75
3291.7,1,55,0,34,11.15
3291.7,2,15,0,57,29.98
3293.8,0,25163,86,86,267.95
3293.8,1,55,0,33,6.90
3293.8,2,15,0,57,21.60
3295.9,0,21323,84,87,269.61
3295.9,1,55,0,33,6.60
3295.9,2,15,0,57,21.04
3298.0,0,21003,95,87,289.27
3298.0,1,55,0,34,8.51
3298.0,2,15,0,57,23.33
3300.1,0,24011,100,87,249.60
3300.1,1,55,0,34,6.82
3300.1,2,15,0,57,22.17
3302.1,0,21323,98,87,262.62
3302.1,1,55,0,33,6.67
3302.1,2,15,0,57,20.73
3304.2,0,21035,98,87,292.20
3304.2,1,55,0,33,6.30
3304.2,2,15,0,57,21.32
3306.3,0,23819,100,87,264.42
3306.3,1,55,0,34,11.53
3306.3,2,15,0,57,30.31
3308.4,0,21483,99,87,293.81
3308.4,1,55,0,33,7.03
3308.4,2,15,0,57,21.51
3310.4,0,23819,98,86,269.76
3310.4,1,55,0,33,6.67
3310.4,2,15,0,57,21.35
3312.5,0,21259,63,87,252.27
3312.5,1,55,0,34,8.86
3312.5,2,15,0,57,23.89
3314.6,0,21227,99,87,293.89
3314.6,1,55,0,34,7.15
3314.6,2,15,0,57,22.61
3316.7,0,23819,93,87,278.97
3316.7,1,55,0,33,6.60
3316.7,2,15,0,57,21.18
3318.8,0,21291,97,87,283.72
3318.8,1,55,0,33,6.80
3318.8,2,15,0,57,20.98
3320.8,0,20843,98,87,290.05
3320.8,1,55,0,34,11.26
3320.8,2,15,0,57,29.88
3322.9,0,23819,100,87,281.31
3322.9,1,55,0,33,6.64
3322.9,2,15,0,57,21.31
3325.0,0,21355,98,87,290.91
3325.0,1,55,0,33,6.75
3325.0,2,15,0,57,20.80
3327.1,0,21899,97,87,290.05
3327.1,1,55,0,34,9.10
3327.1,2,15,0,57,24.70
3329.2,0,21611,100,87,276.57
3329.2,1,55,0,34,7.68
3329.2,2,15,0,57,21.31
3331.3,0,21419,98,87,292.97
3331.3,1,55,0,33,6.68
3331.3,2,15,0,57,20.97
3333.4,0,11433,88,87,285.35
3333.4,1,55,0,33,6.90
3333.4,2,15,0,57,21.24
3335.5,0,12169,100,86,269.92
3335.5,1,55,0,34,7.26
3335.5,2,15,0,57,22.65
3337.5,0,14507,100,86,262.33
3337.5,1,55,0,33,6.68
3337.5,2,15,0,57,20.93
3339.6,0,14955,19,86,222.58
3339.6,1,55,0,33,6.84
3339.6,2,15,0,57,21.12
3341.7,0,14987,68,85,245.53
3341.7,1,55,0,34,10.81
3341.7,2,15,0,57,29.91
3343.8,0,3471,100,85,250.53
3343.8,1,55,0,33,6.24
3343.8,2,15,0,57,21.15
3345.8,0,3683,100,84,265.52
3345.8,1,55,0,33,6.00
3345.8,2,15,0,57,20.99
3347.9,0,7683,82,86,266.30
3347.9,1,55,0,33,7.36
3347.9,2,15,0,57,21.93
3350.0,0,3811,94,86,298.66
3350.0,1,55,0,33,5.74
3350.0,2,15,0,57,22.37
3352.0,0,6339,100,86,263.40
3352.0,1,55,0,33,5.44
3352.0,2,15,0,57,21.34
3354.1,0,3747,98,86,281.99
3354.1,1,55,0,33,5.74
3354.1,2,15,0,57,21.29
3356.2,0,6975,95,86,298.39
3356.2,1,55,0,34,10.15
3356.2,2,15,0,57,30.51
3358.2,0,7039,100,86,266.12
3358.2,1,55,0,33,5.55
3358.2,2,15,0,57,21.45
3360.3,0,4095,98,86,284.72
3360.3,1,55,0,33,5.48
3360.3,2,15,0,57,21.12
3362.4,0,4287,97,86,298.58
3362.4,1,55,1,33,5.64
3362.4,2,15,0,57,23.53
3364.5,0,7131,100,86,280.93
3364.5,1,55,0,33,5.81
3364.5,2,15,0,57,22.46
3366.5,0,4187,96,87,279.23
3366.5,1,55,0,33,6.50
3366.5,2,15,0,57,21.15
3368.6,0,3869,98,86,292.75
3368.6,1,55,0,33,6.75
3368.6,2,15,0,57,21.65
3370.7,0,7289,39,86,230.78
3370.7,1,55,0,34,11.74
3370.7,2,15,0,57,30.27
3372.8,0,23309,100,86,281.83
3372.8,1,55,0,33,6.66
3372.8,2,15,0,57,21.15
3374.9,0,23341,100,86,284.51
3374.9,1,55,0,33,6.59
3374.9,2,15,0,57,20.96
3377.0,0,23373,100,86,286.66
3377.0,1,55,0,34,8.58
3377.0,2,15,0,57,23.83
3379.0,0,23405,98,86,290.09
3379.0,1,55,0,33,7.28
3379.0,2,15,0,57,22.66
3381.1,0,23405,100,86,288.94
3381.1,1,55,0,33,6.66
3381.1,2,15,0,57,20.76
3383.2,0,23405,99,86,285.95
3383.2,1,55,0,33,6.85
3383.2,2,15,0,57,20.83
3385.3,0,23469,99,86,283.45
3385.3,1,55,0,34,11.15
3385.3,2,15,0,57,29.92
3387.4,0,11589,98,87,290.48
3387.4,1,55,0,33,6.80
3387.4,2,15,0,57,21.28
3389.5,0,14533,97,86,255.74
3389.5,1,55,0,33,6.72
3389.5,2,15,0,57,21.37
3391.6,0,11973,98,87,298.39
3391.6,1,55,0,34,11.58
3391.6,2,15,0,57,24.44
3393.6,0,11717,96,87,295.90
3393.6,1,55,0,34,7.16
3393.6,2,15,0,57,22.48
3395.7,0,11973,100,86,273.61
3395.7,1,55,0,33,6.61
3395.7,2,15,0,57,20.88
3397.8,0,11749,97,87,297.32
3397.8,1,55,0,33,6.69
3397.8,2,15,0,57,21.36
3399.9,0,14533,87,86,274.22
3399.9,1,55,0,34,11.47
3399.9,2,15,0,57,22.93
3402.0,0,12069,98,87,298.18
3402.0,1,55,0,33,6.42
3402.0,2,15,0,57,21.18
3404.1,0,11365,98,87,291.96
3404.1,1,55,0,33,6.22
3404.1,2,15,0,57,21.61
3406.1,0,12005,98,87,274.10
3406.1,1,55,0,33,10.39
3406.1,2,15,0,57,25.22
3408.2,0,11461,97,87,295.39
3408.2,1,55,0,33,6.11
3408.2,2,15,0,57,21.87
3410.3,0,11973,79,86,257.53
3410.3,1,55,0,33,5.96
3410.3,2,15,0,57,21.06
3412.4,0,11685,98,87,296.11
3412.4,1,55,0,33,5.92
3412.4,2,15,0,57,22.04
3414.4,0,15077,100,87,260.81
3414.4,1,55,0,33,6.51
3414.4,2,15,0,57,22.24
3416.5,0,12039,98,87,298.12
3416.5,1,55,0,33,6.04
3416.5,2,15,0,57,21.21
3418.6,0,11655,98,87,294.74
3418.6,1,55,0,33,6.05
3418.6,2,15,0,57,21.51
3420.6,0,14535,100,86,265.85
3420.6,1,55,0,33,10.63
3420.6,2,15,0,57,30.08
3422.7,0,11975,98,87,296.53
3422.7,1,55,0,33,5.38
3422.7,2,15,0,57,21.31
3424.8,0,14535,95,86,280.86
3424.8,1,55,0,33,5.38
3424.8,2,15,0,57,21.27
3426.9,0,12103,98,87,274.01
3426.9,1,55,0,33,6.86
3426.9,2,15,0,57,23.04
3429.0,0,11559,86,87,285.31
3429.0,1,55,0,34,7.32
3429.0,2,15,0,58,22.94
3431.0,0,11943,98,87,271.28
3431.0,1,55,0,33,6.67
3431.0,2,15,0,57,21.10
3433.1,0,12039,99,87,294.24
3433.1,1,55,0,33,6.86
3433.1,2,15,0,57,21.44
3435.2,0,11367,99,87,295.59
3435.2,1,55,0,34,11.00
3435.2,2,15,0,58,29.86
3437.3,0,12007,97,87,270.62
3437.3,1,55,0,33,6.61
3437.3,2,15,0,57,21.27
3439.4,0,11783,96,87,294.77
3439.4,1,55,0,33,6.38
3439.4,2,15,0,57,21.41
3441.5,0,14535,100,87,276.58
3441.5,1,55,0,34,8.69
3441.5,2,15,0,58,23.83
3443.6,0,12071,98,87,296.74
3443.6,1,55,0,34,7.01
3443.6,2,15,0,58,22.65
3445.6,0,11559,98,87,292.79
3445.6,1,55,0,33,6.57
3445.6,2,15,0,57,21.38
3447.7,0,11975,100,86,277.78
3447.7,1,55,0,33,6.86
3447.7,2,15,0,57,21.25
3449.8,0,11975,99,87,294.54
3449.8,1,55,0,34,11.86
3449.8,2,15,0,58,30.25
3451.9,0,14535,98,87,292.41
3451.9,1,55,0,33,6.82
3451.9,2,15,0,57,21.92
3454.0,0,12039,98,87,277.58
3454.0,1,55,0,33,6.67
3454.0,2,15,0,57,21.15
3456.1,0,3011,97,87,291.79
3456.1,1,55,0,34,11.37
3456.1,2,15,0,58,24.88
3458.1,0,3391,86,86,266.68
3458.1,1,55,0,33,7.59
3458.1,2,15,0,58,22.62
3460.2,0,3759,100,86,206.31
3460.2,1,55,0,33,6.97
3460.2,2,15,0,57,20.79
3462.3,0,6631,32,86,253.14
3462.3,1,55,0,33,7.07
3462.3,2,15,0,57,21.02
3464.3,0,3687,97,86,261.31
3464.3,1,55,0,34,11.43
3464.3,2,15,0,58,22.37
3466.4,0,3393,98,86,294.82
3466.4,1,55,0,33,6.15
3466.4,2,15,0,57,21.37
3468.5,0,4125,100,86,286.52
3468.5,1,55,0,33,5.67
3468.5,2,15,0,57,21.07
3470.5,0,3645,98,86,296.46
3470.5,1,55,0,33,9.86
3470.5,2,15,0,58,25.61
3472.6,0,4093,100,86,268.30
3472.6,1,55,0,33,5.79
3472.6,2,15,0,58,22.97
3474.7,0,3549,97,86,297.95
3474.7,1,55,0,33,5.37
3474.7,2,15,0,57,21.20
3476.7,0,4061,100,83,263.79
3476.7,1,55,0,33,5.40
3476.7,2,15,0,57,22.05
3478.8,0,4061,95,86,290.60
3478.8,1,55,0,33,9.82
3478.8,2,15,0,58,22.94
3480.9,0,3805,96,85,275.77
3480.9,1,55,0,33,5.70
3480.9,2,15,0,57,21.28
3482.9,0,4925,98,86,258.60
3482.9,1,55,0,33,5.54
3482.9,2,15,0,57,21.25
3485.0,0,4189,83,85,240.91
3485.0,1,55,0,33,10.82
3485.0,2,15,0,58,30.11
3487.1,0,3997,92,86,297.06
3487.1,1,55,0,33,6.81
3487.1,2,15,0,58,21.66
3489.2,0,4285,99,86,296.15
3489.2,1,55,0,33,6.55
3489.2,2,15,0,57,21.38
3491.3,0,6717,42,84,284.75
3491.3,1,55,1,33,6.80
3491.3,2,15,0,58,23.62
3493.3,0,7229,100,86,255.46
3493.3,1,55,0,34,6.62
3493.3,2,15,0,58,21.98
3495.4,0,3805,97,86,295.73
3495.4,1,55,0,33,6.55
3495.4,2,15,0,57,21.29
3497.5,0,4253,98,87,292.31
3497.5,1,55,0,33,6.85
3497.5,2,15,0,57,21.70
3499.6,0,15555,91,86,234.62
3499.6,1,55,0,33,11.24
3499.6,2,15,0,58,30.64
3501.7,0,13539,100,86,261.03
3501.7,1,55,0,33,6.86
3501.7,2,15,0,57,21.42
3503.8,0,14019,97,86,287.91
3503.8,1,55,0,33,6.65
3503.8,2,15,0,57,20.86
3505.9,0,14019,100,86,283.74
3505.9,1,55,0,33,7.58
3505.9,2,15,0,58,23.87
3508.0,0,23309,100,86,286.85
3508.0,1,55,0,34,6.61
3508.0,2,15,0,58,22.41
3510.1,0,23373,100,87,287.59
3510.1,1,55,0,33,6.74
3510.1,2,15,0,57,20.89
3512.2,0,23373,100,86,283.70
3512.2,1,55,0,33,6.72
3512.2,2,15,0,57,21.04
3514.3,0,23373,100,87,288.55
3514.3,1,55,0,33,11.34
3514.3,2,15,0,58,30.52
3516.3,0,23373,100,87,284.81
3516.3,1,55,0,33,6.79
3516.3,2,15,0,57,21.13
3518.4,0,23341,100,87,290.37
3518.4,1,55,0,33,6.36
3518.4,2,15,0,57,20.90
3520.5,0,23277,100,87,283.72
3520.5,1,55,0,33,11.19
3520.5,2,15,0,58,24.76
3522.6,0,23117,100,87,285.21
3522.6,1,55,0,34,6.49
3522.6,2,15,0,58,22.86
3524.6,0,23053,100,87,285.14
3524.6,1,55,0,33,6.16
3524.6,2,15,0,57,20.90
3526.7,0,22893,99,87,283.96
3526.7,1,55,0,33,6.10
3526.7,2,15,0,57,20.90
3528.8,0,22797,100,87,286.03
3528.8,1,55,0,33,10.61
3528.8,2,15,0,58,22.50
3530.9,0,26125,99,86,257.07
3530.9,1,55,0,33,6.28
3530.9,2,15,0,57,20.94
3533.0,0,23277,100,86,266.86
3533.0,1,55,0,33,6.24
3533.0,2,15,0,57,21.23
3535.0,0,23309,100,86,285.69
3535.0,1,55,0,33,10.89
3535.0,2,15,0,58,25.27
3537.1,0,23341,100,87,287.32
3537.1,1,55,0,33,6.12
3537.1,2,15,0,58,22.30
3539.2,0,23341,100,87,286.46
3539.2,1,55,0,33,6.03
3539.2,2,15,0,57,21.01
3541.3,0,23373,99,87,287.23
3541.3,1,55,0,33,6.04
3541.3,2,15,0,58,21.99
3543.4,0,23437,99,87,289.27
3543.4,1,55,0,33,6.81
3543.4,2,15,0,58,22.00
3545.4,0,23469,100,87,288.48
3545.4,1,55,0,33,6.39
3545.4,2,15,0,57,21.02
3547.5,0,23533,100,87,286.31
3547.5,1,55,0,33,7.06
3547.5,2,15,0,57,21.14
3549.6,0,23405,100,87,285.48
3549.6,1,55,0,34,11.51
3549.6,2,15,0,58,30.76
3551.7,0,23501,93,86,286.10
3551.7,1,55,0,33,7.21
3551.7,2,15,0,57,21.48
3553.8,0,23533,88,86,286.58
3553.8,1,55,0,33,6.85
3553.8,2,15,0,57,20.95
3555.9,0,23469,100,87,287.21
3555.9,1,55,0,33,7.28
3555.9,2,15,0,58,23.12
3558.0,0,23373,100,87,285.82
3558.0,1,55,0,33,7.15
3558.0,2,15,0,58,22.39
3560.0,0,23053,100,87,283.64
3560.0,1,55,0,33,6.81
3560.0,2,15,0,57,21.01
3562.1,0,22829,100,87,285.87
3562.1,1,55,0,33,7.07
3562.1,2,15,0,57,21.03
3564.2,0,22861,100,87,284.01
3564.2,1,55,0,34,11.66
3564.2,2,15,0,58,30.34
3566.3,0,25869,99,87,264.92
3566.3,1,55,0,33,6.80
3566.3,2,15,0,57,20.99
3568.4,0,27149,100,87,277.24
3568.4,1,55,0,33,6.82
3568.4,2,15,0,57,20.96
3570.5,0,23277,100,86,270.73
3570.5,1,55,0,34,7.88
3570.5,2,15,0,58,23.92
3572.6,0,23309,99,87,286.13
3572.6,1,55,0,34,7.38
3572.6,2,15,0,58,22.76
3574.6,0,23309,97,86,283.36
3574.6,1,55,0,33,6.62
3574.6,2,15,0,57,21.01
3576.7,0,23373,98,86,281.75
3576.7,1,55,0,33,6.70
3576.7,2,15,0,57,21.08
3578.8,0,23373,100,87,286.29
3578.8,1,55,0,34,11.52
3578.8,2,15,0,58,30.08
3580.9,0,23341,100,86,286.13
3580.9,1,55,0,33,6.97
3580.9,2,15,0,57,21.37
3583.0,0,23437,100,87,285.37
3583.0,1,55,0,33,6.69
3583.0,2,15,0,57,20.90
3585.1,0,23437,100,87,284.37
3585.1,1,55,0,34,11.94
3585.1,2,15,0,58,24.60
3587.2,0,23437,99,87,287.22
3587.2,1,55,0,33,6.95
3587.2,2,15,0,58,22.15
3589.3,0,23341,100,87,286.72
3589.3,1,55,0,33,6.60
3589.3,2,15,0,57,20.98
3591.4,0,23213,100,87,287.87
3591.4,1,55,0,33,6.90
3591.4,2,15,0,57,20.93
3593.4,0,23149,100,87,284.12
3593.4,1,55,0,34,12.07
3593.4,2,15,0,58,22.73
3595.5,0,22861,100,87,287.60
3595.5,1,55,0,33,6.88
3595.5,2,15,0,57,20.88
3597.6,0,22861,100,87,283.16
3597.6,1,55,0,33,7.09
3597.6,2,15,0,57,21.05
3599.7,0,27245,97,87,281.30
3599.7,1,55,0,33,11.24
3599.7,2,15,0,58,25.22
3601.8,0,22829,100,87,279.29
3601.8,1,55,0,33,7.02
3601.8,2,15,0,57,21.44
3603.8,0,23309,99,87,285.07
3603.8,1,55,0,33,6.80
3603.8,2,15,0,57,20.88
3605.9,0,23309,98,87,284.95
3605.9,1,55,0,33,6.70
3605.9,2,15,0,58,21.72
3608.0,0,23309,97,87,285.38
3608.0,1,55,0,33,11.76
3608.0,2,15,0,58,22.24
3610.1,0,23373,100,87,283.78
3610.1,1,55,0,33,6.51
3610.1,2,15,0,57,20.95
3612.2,0,23405,100,87,282.71
3612.2,1,55,0,33,7.01
3612.2,2,15,0,57,20.99
3614.3,0,23405,100,87,283.55
3614.3,1,55,0,34,11.45
3614.3,2,15,0,58,30.41
3616.4,0,23373,100,87,289.01
3616.4,1,55,0,33,6.80
3616.4,2,15,0,57,20.94
3618.5,0,23501,100,87,287.26
3618.5,1,55,0,33,6.80
3618.5,2,15,0,57,20.79
3620.5,0,23501,100,86,288.03
3620.5,1,55,0,34,8.55
3620.5,2,15,0,58,22.83
3622.6,0,23501,100,87,287.65
3622.6,1,55,0,34,7.62
3622.6,2,15,0,58,22.50
3624.7,0,23373,100,86,285.98
3624.7,1,55,0,33,6.98
3624.7,2,15,0,57,20.82
3626.8,0,23149,99,87,284.02
3626.8,1,55,0,33,7.16
3626.8,2,15,0,57,20.98
3628.9,0,22957,96,87,285.25
3628.9,1,55,0,33,11.61
3628.9,2,15,0,58,30.00
3631.0,0,22701,100,87,280.24
3631.0,1,55,0,33,7.13
3631.0,2,15,0,57,21.18
3633.1,0,25293,100,87,262.59
3633.1,1,55,0,33,6.96
3633.1,2,15,0,57,20.93
3635.2,0,23757,100,87,281.62
3635.2,1,55,0,33,9.11
3635.2,2,15,0,58,23.67
3637.3,0,23277,100,86,283.19
3637.3,1,55,0,34,7.42
3637.3,2,15,0,57,22.22
3639.3,0,23309,100,87,287.09
3639.3,1,55,0,33,6.71
3639.3,2,15,0,57,20.91
3641.4,0,23341,95,87,284.69
3641.4,1,55,0,33,6.89
3641.4,2,15,0,57,21.08
3643.5,0,23405,99,86,284.49
3643.5,1,55,0,34,11.80
3643.5,2,15,0,58,30.58
3645.6,0,23437,100,87,285.89
3645.6,1,55,0,33,6.36
3645.6,2,15,0,57,21.54
3647.7,0,23437,99,87,284.36
3647.7,1,55,0,33,6.71
3647.7,2,15,0,57,21.02
3649.8,0,23469,100,87,284.24
3649.8,1,55,0,34,11.21
3649.8,2,15,0,58,30.09
3651.9,0,23469,100,86,285.94
3651.9,1,55,0,34,6.90
3651.9,2,15,0,57,21.33
3654.0,0,23469,100,87,287.71
3654.0,1,55,0,33,6.76
3654.0,2,15,0,58,20.98
3656.0,0,23437,99,87,285.67
3656.0,1,55,0,33,6.78
3656.0,2,15,0,57,20.94
3658.1,0,23373,100,86,284.70
3658.1,1,55,0,34,7.31
3658.1,2,15,0,58,22.16
3660.2,0,23213,100,87,287.61
3660.2,1,55,0,33,6.74
3660.2,2,15,0,58,20.92
3662.3,0,23213,100,86,285.79
3662.3,1,55,0,33,6.86
3662.3,2,15,0,57,20.91
3664.4,0,22893,98,86,284.96
3664.4,1,55,0,34,11.35
3664.4,2,15,0,58,30.38
3666.5,0,20787,97,87,279.99
3666.5,1,55,0,33,7.11
3666.5,2,15,0,58,21.43
3668.5,0,23795,100,86,283.26
3668.5,1,55,0,33,6.67
3668.5,2,15,0,58,20.82
3670.6,0,21257,82,87,277.65
3670.6,1,55,0,34,8.12
3670.6,2,15,0,58,22.43
3672.7,0,21001,99,87,294.99
3672.7,1,55,0,34,7.18
3672.7,2,15,0,58,23.18
3674.8,0,25129,100,84,256.84
3674.8,1,55,0,33,6.52
3674.8,2,15,0,58,21.60
3676.9,0,21385,98,87,279.62
3676.9,1,55,0,33,6.70
3676.9,2,15,0,57,21.41
3679.0,0,21353,98,87,294.38
3679.0,1,55,0,34,11.41
3679.0,2,15,0,58,30.25
3681.0,0,21033,97,87,278.16
3681.0,1,55,0,33,6.66
3681.0,2,15,0,58,21.70
3683.1,0,20905,98,87,295.44
3683.1,1,55,0,33,6.71
3683.1,2,15,0,58,21.66
3685.2,0,29941,100,87,288.57
3685.2,1,55,0,34,8.34
3685.2,2,15,0,58,23.54
3687.3,0,29941,100,87,288.57
3687.3,1,55,0,34,6.93
3687.3,2,15,0,58,21.94
3689.4,0,29941,98,87,286.51
3689.4,1,55,0,33,6.52
3689.4,2,15,0,58,20.87
3691.5,0,29941,100,87,286.47
3691.5,1,55,0,33,6.69
3691.5,2,15,0,58,21.01
3693.6,0,29941,100,87,288.96
3693.6,1,55,0,34,7.00
3693.6,2,15,0,58,30.66
3695.7,0,29941,99,86,288.50
3695.7,1,55,0,33,6.78
3695.7,2,15,0,58,21.33
3697.7,0,29941,100,87,286.27
3697.7,1,55,0,33,6.79
3697.7,2,15,0,58,21.02
3699.8,0,29941,100,87,284.63
3699.8,1,55,0,34,8.87
3699.8,2,15,0,58,30.16
3701.9,0,29941,100,87,285.06
3701.9,1,55,0,34,6.96
3701.9,2,15,0,58,21.16
3704.0,0,29941,100,87,285.87
3704.0,1,55,0,33,6.66
3704.0,2,15,0,58,20.79
3706.1,0,29941,100,87,287.01
3706.1,1,55,0,33,7.20
3706.1,2,15,0,58,20.82
3708.2,0,29941,100,87,283.77
3708.2,1,55,0,34,6.87
3708.2,2,15,0,58,30.31
3710.3,0,29941,100,87,287.16
3710.3,1,55,0,33,6.59
3710.3,2,15,0,58,20.78
3712.4,0,29941,100,87,286.11
3712.4,1,55,0,33,6.75
3712.4,2,15,0,58,21.12
3714.5,0,29941,100,87,288.16
3714.5,1,55,0,34,11.63
3714.5,2,15,0,58,30.50
3716.6,0,29941,99,86,287.46
3716.6,1,55,0,33,6.86
3716.6,2,15,0,58,21.56
3718.7,0,29941,97,87,285.58
3718.7,1,55,0,33,6.75
3718.7,2,15,0,58,21.03
3720.8,0,29941,100,86,287.31
3720.8,1,55,0,33,7.82
3720.8,2,15,0,58,23.66
3722.9,0,29941,94,87,287.10
3722.9,1,55,0,34,7.16
3722.9,2,15,0,58,22.25
3725.0,0,29941,100,87,285.63
3725.0,1,55,0,33,6.73
3725.0,2,15,0,58,20.80
3727.0,0,29941,100,87,287.41
3727.0,1,55,0,33,6.73
3727.0,2,15,0,58,21.01
3729.1,0,29935,100,87,287.79
3729.1,1,55,0,34,11.48
3729.1,2,15,0,58,30.20
3731.2,0,29935,99,87,296.38
3731.2,1,55,0,33,6.64
3731.2,2,15,0,58,21.32
3733.3,0,29935,99,87,299.17
3733.3,1,55,0,33,6.45
3733.3,2,15,0,58,21.31
3735.4,0,29935,99,87,298.61
3735.4,1,55,0,34,8.03
3735.4,2,15,0,58,25.03
3737.5,0,29935,99,87,298.92
3737.5,1,55,0,34,6.98
3737.5,2,15,0,58,23.19
3739.6,0,29935,100,87,298.58
3739.6,1,55,0,33,6.43
3739.6,2,15,0,58,21.40
3741.7,0,29935,97,87,296.26
3741.7,1,55,0,33,6.57
3741.7,2,15,0,58,21.52
3743.7,0,29935,100,87,298.89
3743.7,1,55,0,34,11.28
3743.7,2,15,0,58,22.88
3745.8,0,29937,97,87,294.91
3745.8,1,55,0,33,6.85
3745.8,2,15,0,58,21.23
3747.9,0,29937,99,88,295.70
3747.9,1,55,0,33,6.68
3747.9,2,15,0,58,21.44
3750.0,0,29937,99,87,295.67
3750.0,1,55,0,34,8.44
3750.0,2,15,0,58,25.56
3752.1,0,29937,97,87,294.35
3752.1,1,55,0,34,6.57
3752.1,2,15,0,58,22.59
3754.2,0,29937,100,87,296.11
3754.2,1,55,0,33,6.50
3754.2,2,15,0,58,21.34
3756.3,0,29937,100,88,293.74
3756.3,1,55,0,33,6.51
3756.3,2,15,0,58,22.18
3758.3,0,29937,100,87,294.99
3758.3,1,55,0,34,6.83
3758.3,2,15,0,58,22.36
3760.4,0,29937,97,87,294.80
3760.4,1,55,0,33,6.41
3760.4,2,15,0,58,21.33
3762.5,0,29937,98,87,295.11
3762.5,1,55,0,33,6.87
3762.5,2,15,0,58,21.49
3764.6,0,29937,100,87,294.67
3764.6,1,55,0,34,11.50
3764.6,2,15,0,58,30.58
3766.7,0,29937,100,87,294.82
3766.7,1,55,0,33,6.89
3766.7,2,15,0,58,21.91
3768.8,0,29937,98,87,293.40
3768.8,1,55,0,33,6.70
3768.8,2,15,0,58,21.38
3770.9,0,29937,99,87,294.28
3770.9,1,55,0,33,7.64
3770.9,2,15,0,58,23.43
3773.0,0,29937,100,87,293.98
3773.0,1,55,0,34,6.98
3773.0,2,15,0,58,22.86
3775.1,0,29937,100,87,294.16
3775.1,1,55,0,33,6.50
3775.1,2,15,0,58,21.33
3777.1,0,29937,99,87,294.34
3777.1,1,55,0,33,6.80
3777.1,2,15,0,58,21.43
3779.2,0,29937,99,88,296.41
3779.2,1,55,0,34,11.37
3779.2,2,15,0,58,30.24
3781.3,0,29937,97,87,293.95
3781.3,1,55,0,33,6.55
3781.3,2,15,0,58,21.53
3783.4,0,29937,100,88,293.98
3783.4,1,55,0,33,6.52
3783.4,2,15,0,58,21.36
3785.5,0,29937,100,87,293.54
3785.5,1,55,0,34,8.04
3785.5,2,15,0,58,24.24
3787.5,0,29937,100,87,294.53
3787.5,1,55,0,34,7.39
3787.5,2,15,0,58,23.07
3789.6,0,29937,100,87,293.55
3789.6,1,55,0,33,6.29
3789.6,2,15,0,58,21.27
3791.7,0,29937,97,87,292.75
3791.7,1,55,0,33,6.69
3791.7,2,15,0,58,21.36
3793.8,0,29937,96,87,295.45
3793.8,1,55,0,34,11.32
3793.8,2,15,0,58,29.87
3795.9,0,3219,99,87,292.01
3795.9,1,55,0,33,6.71
3795.9,2,15,0,58,21.64
3798.0,0,3375,98,87,293.06
3798.0,1,55,0,33,6.84
3798.0,2,15,0,58,21.25
3800.0,0,3533,97,87,293.10
3800.0,1,55,1,34,8.69
3800.0,2,15,0,58,24.79
3802.1,0,3533,97,87,292.19
3802.1,1,55,0,33,6.75
3802.1,2,15,0,58,22.69
3804.2,0,3533,98,87,292.71
3804.2,1,55,0,33,6.72
3804.2,2,15,0,58,21.46
3806.3,0,3533,99,87,291.74
3806.3,1,55,0,33,6.46
3806.3,2,15,0,58,21.50
3808.4,0,3533,98,87,294.48
3808.4,1,55,0,34,11.38
3808.4,2,15,0,58,30.35
3810.5,0,3533,100,87,295.56
3810.5,1,55,0,33,6.74
3810.5,2,15,0,58,21.36
3812.6,0,3845,98,87,293.73
3812.6,1,55,0,33,6.75
3812.6,2,15,0,58,21.36
3814.7,0,3845,98,87,295.32
3814.7,1,55,0,34,11.55
3814.7,2,15,0,58,25.49
3816.7,0,4001,0,83,184.48
3816.7,1,55,0,33,6.81
3816.7,2,15,0,58,23.12
3818.8,0,4001,0,82,114.18
3818.8,1,55,0,33,6.55
3818.8,2,15,0,58,20.51
3820.9,0,4001,0,80,103.96
3820.9,1,55,0,33,6.98
3820.9,2,15,0,58,21.09
3822.9,0,4001,0,79,103.33
3822.9,1,55,0,34,7.04
3822.9,2,15,0,58,21.94
3825.0,0,4001,97,84,292.36
3825.0,1,55,0,33,6.57
3825.0,2,15,0,58,21.11
3827.1,0,4001,97,84,298.23
3827.1,1,55,0,33,6.77
3827.1,2,15,0,58,21.52
3829.2,0,4001,94,84,289.55
3829.2,1,55,0,34,11.46
3829.2,2,15,0,58,30.23
3831.3,0,4001,98,84,281.96
3831.3,1,55,0,33,6.68
3831.3,2,15,0,58,21.57
3833.4,0,4001,98,85,292.32
3833.4,1,55,0,33,6.66
3833.4,2,15,0,58,21.57
3835.5,0,4001,81,85,296.77
3835.5,1,55,0,33,7.68
3835.5,2,15,0,58,23.88
3837.6,0,4001,98,85,290.74
3837.6,1,55,0,34,7.09
3837.6,2,15,0,58,23.18
3839.7,0,4001,97,85,298.26
3839.7,1,55,0,33,6.76
3839.7,2,15,0,58,21.42
3841.8,0,4001,97,85,291.54
3841.8,1,55,0,33,6.64
3841.8,2,15,0,58,21.68
3843.8,0,4001,97,85,298.10
3843.8,1,55,0,34,10.76
3843.8,2,15,0,58,30.14
3845.9,0,4001,94,86,291.54
3845.9,1,55,0,33,6.68
3845.9,2,15,0,58,22.11
3848.0,0,4001,98,86,294.77
3848.0,1,55,0,33,6.56
3848.0,2,15,0,58,21.70
3850.1,0,4001,96,86,298.06
3850.1,1,55,0,34,7.82
3850.1,2,15,0,58,24.67
3852.2,0,4001,97,86,297.38
3852.2,1,55,0,34,6.62
3852.2,2,15,0,58,22.58
3854.2,0,4001,13,82,144.21
3854.2,1,55,0,33,6.70
3854.2,2,15,0,58,21.38
3856.3,0,4001,3,80,111.69
3856.3,1,55,0,33,6.99
3856.3,2,15,0,58,20.59
3858.4,0,4001,97,84,293.80
3858.4,1,55,0,34,11.86
3858.4,2,15,0,58,30.31
3860.5,0,2729,97,85,297.22
3860.5,1,55,0,33,6.99
3860.5,2,15,0,58,22.02
3862.5,0,3043,2,81,230.55
3862.5,1,55,0,33,6.59
3862.5,2,15,0,58,21.26
3864.6,0,3199,1,78,120.94
3864.6,1,55,0,34,8.46
3864.6,2,15,0,58,24.83
3866.7,0,3199,1,77,104.85
3866.7,1,55,0,33,6.87
3866.7,2,15,0,58,22.45
3868.8,0,3199,8,76,113.29
3868.8,1,55,0,33,6.65
3868.8,2,15,0,58,20.72
3870.9,0,3199,8,76,109.77
3870.9,1,55,0,33,6.69
3870.9,2,15,0,58,20.60
3872.9,0,3199,0,74,100.03
3872.9,1,55,0,34,11.92
3872.9,2,15,0,58,22.00
3875.0,0,3199,3,74,106.29
3875.0,1,55,0,33,6.96
3875.0,2,15,0,58,20.70
3877.1,0,3511,92,79,255.10
3877.1,1,55,0,33,6.11
3877.1,2,15,0,58,21.12
3879.2,0,3511,1,75,135.82
3879.2,1,55,0,34,10.84
3879.2,2,15,0,58,26.02
3881.3,0,2125,0,74,145.74
3881.3,1,55,0,33,6.21
3881.3,2,15,0,58,22.47
3883.3,0,3375,1,74,155.73
3883.3,1,55,0,33,5.89
3883.3,2,15,0,58,20.92
3885.4,0,3375,0,75,200.45
3885.4,1,55,0,33,5.93
3885.4,2,15,0,58,22.41
3887.5,0,2919,25,75,195.33
3887.5,1,55,0,34,5.95
3887.5,2,15,0,58,23.23
3889.5,0,2467,0,73,138.33
3889.5,1,55,0,33,5.58
3889.5,2,15,0,58,20.74
3891.6,0,2667,91,78,284.28
3891.6,1,55,0,33,5.58
3891.6,2,15,0,58,21.17
3893.7,0,2667,88,79,279.36
3893.7,1,55,0,34,9.64
3893.7,2,15,0,58,30.06
3895.7,0,2667,90,80,279.64
3895.7,1,55,0,33,5.70
3895.7,2,15,0,58,21.70
3897.8,0,2667,94,80,291.37
3897.8,1,55,0,33,5.56
3897.8,2,15,0,58,21.56
3899.9,0,2667,94,81,291.39
3899.9,1,55,0,34,6.85
3899.9,2,15,0,58,23.80
3901.9,0,2667,94,81,292.75
3901.9,1,55,0,34,5.72
3901.9,2,15,0,58,22.68
3904.0,0,2667,0,77,106.26
3904.0,1,55,0,33,5.37
3904.0,2,15,0,58,21.03
3906.1,0,2667,0,75,98.80
3906.1,1,55,0,33,6.39
3906.1,2,15,0,58,20.65
3908.2,0,2667,80,81,268.49
3908.2,1,55,0,34,11.27
3908.2,2,15,0,58,30.46
3910.3,0,2667,65,81,246.46
3910.3,1,55,0,33,6.70
3910.3,2,15,0,58,22.02
3912.4,0,2667,67,81,254.22
3912.4,1,55,0,33,6.76
3912.4,2,15,0,57,21.61
3914.4,0,2667,10,79,230.80
3914.4,1,55,0,34,8.09
3914.4,2,15,0,58,24.51
3916.5,0,2667,45,78,167.13
3916.5,1,55,0,34,7.05
3916.5,2,15,0,58,22.36
3918.6,0,2667,45,77,176.56
3918.6,1,55,0,33,6.43
3918.6,2,15,0,57,21.22
3920.7,0,6315,100,81,272.22
3920.7,1,55,0,33,6.53
3920.7,2,15,0,57,21.06
3922.7,0,6315,64,82,219.45
3922.7,1,55,0,34,11.56
3922.7,2,15,0,58,30.41
3924.8,0,6315,55,81,198.54
3924.8,1,55,0,33,6.22
3924.8,2,15,0,57,21.39
3926.9,0,6315,84,80,218.95
3926.9,1,55,0,33,5.55
3926.9,2,15,0,57,21.00
3929.0,0,3371,99,82,248.38
3929.0,1,55,0,34,7.02
3929.0,2,15,0,58,24.87
3931.1,0,7037,50,79,131.51
3931.1,1,55,0,34,6.19
3931.1,2,15,0,58,22.63
3933.1,0,1807,8,79,176.58
3933.1,1,55,0,33,5.29
3933.1,2,15,0,57,20.99
3935.2,0,3243,78,81,251.82
3935.2,1,55,0,33,5.35
3935.2,2,15,0,57,21.07
3937.3,0,5835,100,83,230.89
3937.3,1,55,0,34,9.86
3937.3,2,15,0,58,29.85
3939.4,0,3339,73,82,253.77
3939.4,1,55,0,33,5.70
3939.4,2,15,0,57,21.37
3941.4,0,2955,82,84,273.12
3941.4,1,55,0,33,5.53
3941.4,2,15,0,57,21.73
3943.5,0,6411,99,83,265.22
3943.5,1,55,0,34,7.64
3943.5,2,15,0,58,25.44
3945.6,0,3499,73,84,248.08
3945.6,1,55,0,34,6.15
3945.6,2,15,0,58,22.50
3947.6,0,3435,97,85,291.37
3947.6,1,55,0,33,5.43
3947.6,2,15,0,57,21.72
3949.7,0,6379,100,85,266.71
3949.7,1,55,0,33,5.75
3949.7,2,15,0,57,21.85
3951.8,0,6539,100,85,261.59
3951.8,1,55,0,34,5.65
3951.8,2,15,0,57,22.17
3953.8,0,3755,95,86,272.61
3953.8,1,55,0,33,5.62
3953.8,2,15,0,57,21.40
3955.9,0,3563,97,86,289.55
3955.9,1,55,0,33,5.85
3955.9,2,15,0,57,21.80
3958.0,0,6347,95,85,276.32
3958.0,1,55,0,34,7.88
3958.0,2,15,0,57,30.44
3960.0,0,2859,100,87,264.53
3960.0,1,55,0,34,6.50
3960.0,2,15,0,57,21.55
3962.1,0,3499,96,87,266.60
3962.1,1,55,0,33,5.74
3962.1,2,15,0,57,21.21
3964.2,0,22365,100,87,283.49
3964.2,1,55,0,34,6.75
3964.2,2,15,0,57,21.35
3966.3,0,22333,100,87,283.24
3966.3,1,55,0,34,7.45
3966.3,2,15,0,57,22.37
3968.4,0,22365,96,87,277.24
3968.4,1,55,0,33,6.79
3968.4,2,15,0,57,20.97
3970.5,0,22397,99,87,279.15
3970.5,1,55,0,33,7.00
3970.5,2,15,0,57,21.08
3972.6,0,22109,100,87,278.02
3972.6,1,55,0,34,11.41
3972.6,2,15,0,57,30.13
3974.6,0,21949,94,87,275.79
3974.6,1,55,0,33,6.71
3974.6,2,15,0,57,21.01
3976.7,0,25277,100,85,257.56
3976.7,1,55,0,33,6.83
3976.7,2,15,0,57,20.88
3978.8,0,24829,100,87,269.74
3978.8,1,55,0,34,8.34
3978.8,2,15,0,57,23.81
3980.9,0,24797,100,87,254.35
3980.9,1,55,0,34,7.10
3980.9,2,15,0,57,22.73
3983.0,0,22301,99,87,278.13
3983.0,1,55,0,33,6.58
3983.0,2,15,0,57,20.92
3985.1,0,22365,100,87,274.81
3985.1,1,55,0,33,6.81
3985.1,2,15,0,57,20.99
3987.1,0,22397,100,87,276.33
3987.1,1,55,0,34,11.29
3987.1,2,15,0,57,29.80
3989.2,0,12651,94,87,267.70
3989.2,1,55,0,33,6.97
3989.2,2,15,0,57,21.20
3991.3,0,12515,85,87,278.91
3991.3,1,55,0,33,6.80
3991.3,2,15,0,57,20.90
3993.4,0,12101,95,87,280.37
3993.4,1,55,0,34,8.53
3993.4,2,15,0,57,24.68
3995.5,0,15205,95,87,262.84
3995.5,1,55,0,34,7.54
3995.5,2,15,0,57,22.16
3997.6,0,12613,93,87,255.38
3997.6,1,55,0,33,7.00
3997.6,2,15,0,57,20.98
3999.6,0,12549,96,87,282.34
3999.6,1,55,0,33,6.97
3999.6,2,15,0,57,21.51
4001.7,0,12869,97,87,278.30
4001.7,1,55,0,34,7.09
4001.7,2,15,0,57,30.21
4003.8,0,15077,100,87,262.35
4003.8,1,55,0,33,6.17
4003.8,2,15,0,57,21.79
4005.9,0,12581,97,87,275.91
4005.9,1,55,0,33,6.44
4005.9,2,15,0,57,21.34
4007.9,0,12709,97,87,285.30
4007.9,1,55,0,34,8.48
4007.9,2,15,0,57,25.25
4010.0,0,15493,97,86,258.84
4010.0,1,55,0,34,6.98
4010.0,2,15,0,57,22.92
4012.1,0,22221,100,87,270.87
4012.1,1,55,0,33,6.41
4012.1,2,15,0,57,21.09
4014.2,0,22253,100,87,280.50
4014.2,1,55,0,33,6.45
4014.2,2,15,0,57,20.95
4016.2,0,22253,97,87,277.04
4016.2,1,55,0,34,6.34
4016.2,2,15,0,57,29.88
4018.3,0,22285,99,87,281.53
4018.3,1,55,0,33,5.62
4018.3,2,15,0,57,20.87
4020.4,0,22349,99,87,280.03
4020.4,1,55,0,33,6.02
4020.4,2,15,0,57,20.99
4022.5,0,22381,100,87,280.07
4022.5,1,55,0,34,10.21
4022.5,2,15,0,57,30.46
4024.5,0,22285,100,87,280.53
4024.5,1,55,0,34,6.16
4024.5,2,15,0,57,20.96
4026.6,0,22349,100,87,278.65
4026.6,1,55,0,33,6.53
4026.6,2,15,0,57,21.04
4028.7,0,12161,100,87,274.54
4028.7,1,55,0,33,8.08
4028.7,2,15,0,57,20.97
4030.8,0,16001,100,87,242.98
4030.8,1,55,0,34,7.29
4030.8,2,15,0,57,22.71
4032.9,0,12225,99,87,289.22
4032.9,1,55,0,33,6.83
4032.9,2,15,0,57,21.23
4035.0,0,11649,98,87,285.53
4035.0,1,55,0,33,6.93
4035.0,2,15,0,57,21.51
4037.0,0,12099,100,87,272.83
4037.0,1,55,0,34,11.23
4037.0,2,15,0,57,29.96
4039.1,0,12163,99,87,289.25
4039.1,1,55,0,33,7.13
4039.1,2,15,0,57,21.64
4041.2,0,14627,100,87,248.37
4041.2,1,55,0,33,6.85
4041.2,2,15,0,57,21.25
4043.3,0,12259,98,87,283.17
4043.3,1,55,0,34,8.23
4043.3,2,15,0,57,21.03
4045.4,0,11651,98,88,287.61
4045.4,1,55,0,34,6.69
4045.4,2,15,0,57,22.41
4047.5,0,12035,100,87,278.20
4047.5,1,55,0,33,6.62
4047.5,2,15,0,57,21.11
4049.6,0,12131,98,87,286.85
4049.6,1,55,0,33,6.87
4049.6,2,15,0,57,21.25
4051.6,0,14627,100,87,246.38
4051.6,1,55,0,34,11.58
4051.6,2,15,0,57,30.31
4053.7,0,12163,98,87,266.08
4053.7,1,55,0,33,6.93
4053.7,2,15,0,57,21.40
4055.8,0,11747,98,87,285.52
4055.8,1,55,0,33,6.62
4055.8,2,15,0,57,21.29
4057.9,0,14595,100,87,266.33
4057.9,1,55,0,34,8.39
4057.9,2,15,0,57,24.81
4060.0,0,12323,98,87,288.68
4060.0,1,55,0,34,6.89
4060.0,2,15,0,57,22.88
4062.1,0,14659,98,87,280.47
4062.1,1,55,0,33,6.40
4062.1,2,15,0,57,21.37
4064.1,0,12163,98,87,272.29
4064.1,1,55,0,33,6.57
4064.1,2,15,0,57,21.16
4066.2,0,11683,98,87,288.35
4066.2,1,55,0,34,11.64
4066.2,2,15,0,57,30.05
4068.3,0,13027,100,87,278.89
4068.3,1,55,0,33,6.73
4068.3,2,15,0,57,21.66
4070.4,0,12035,98,87,289.17
4070.4,1,55,0,33,6.64
4070.4,2,15,0,57,21.52
4072.5,0,14659,100,87,269.78
4072.5,1,55,0,34,8.32
4072.5,2,15,0,57,25.77
4074.5,0,12227,98,87,287.21
4074.5,1,55,0,34,6.95
4074.5,2,15,0,57,23.04
4076.6,0,15139,12,84,272.45
4076.6,1,55,0,33,6.02
4076.6,2,15,0,57,21.27
4078.7,0,12163,98,87,276.70
4078.7,1,55,0,33,6.44
4078.7,2,15,0,57,21.15
4080.8,0,11587,96,87,285.51
4080.8,1,55,0,34,6.91
4080.8,2,15,0,57,29.60
4082.8,0,12067,97,87,253.52
4082.8,1,55,0,33,6.17
4082.8,2,15,0,57,20.92
4084.9,0,12067,98,87,293.19
4084.9,1,55,0,33,6.56
4084.9,2,15,0,57,21.46
4087.0,0,11523,98,87,272.67
4087.0,1,55,0,34,11.24
4087.0,2,15,0,57,30.05
4089.1,0,30071,100,87,286.07
4089.1,1,55,0,34,6.99
4089.1,2,15,0,57,21.44
4091.2,0,30071,100,87,285.23
4091.2,1,55,0,33,6.64
4091.2,2,15,0,57,20.95
4093.3,0,30071,99,87,282.95
4093.3,1,55,0,34,7.92
4093.3,2,15,0,57,20.85
4095.4,0,30071,100,87,281.95
4095.4,1,55,0,34,7.09
4095.4,2,15,0,57,22.00
4097.5,0,30071,100,87,284.64
4097.5,1,55,0,33,6.66
4097.5,2,15,0,57,20.88
4099.6,0,30071,97,87,280.97
4099.6,1,55,0,33,6.81
4099.6,2,15,0,57,21.08
4101.7,0,30071,100,87,283.73
4101.7,1,55,0,34,11.37
4101.7,2,15,0,58,30.60
4103.8,0,30071,96,87,284.19
4103.8,1,55,0,33,6.97
4103.8,2,15,0,57,21.37
4105.9,0,30071,96,87,285.99
4105.9,1,55,0,33,6.86
4105.9,2,15,0,57,20.89
4108.0,0,30071,99,87,283.87
4108.0,1,55,0,34,8.25
4108.0,2,15,0,57,23.89
4110.1,0,30071,100,87,282.30
4110.1,1,55,0,34,7.09
4110.1,2,15,0,57,22.43
4112.2,0,30071,100,87,285.08
4112.2,1,55,0,33,6.60
4112.2,2,15,0,57,21.03
4114.2,0,30071,100,87,284.40
4114.2,1,55,0,33,6.74
4114.2,2,15,0,57,21.08
4116.3,0,30071,100,87,282.67
4116.3,1,55,0,34,11.31
4116.3,2,15,0,58,30.20
4118.4,0,30071,100,87,280.85
4118.4,1,55,0,33,6.74
4118.4,2,15,0,57,21.10
4120.5,0,30071,100,87,285.91
4120.5,1,55,0,33,6.71
4120.5,2,15,0,57,20.91
4122.6,0,30071,100,87,285.90
4122.6,1,55,0,34,8.68
4122.6,2,15,0,58,24.78
4124.7,0,30071,100,87,283.32
4124.7,1,55,0,34,7.54
4124.7,2,15,0,58,22.77
4126.8,0,30071,99,88,285.92
4126.8,1,55,0,33,6.84
4126.8,2,15,0,57,20.95
4128.8,0,30071,100,87,284.15
4128.8,1,55,0,33,6.78
4128.8,2,15,0,57,20.89
4130.9,0,30071,100,87,286.94
4130.9,1,55,0,34,7.09
4130.9,2,15,0,58,22.55
4133.0,0,30071,100,87,281.33
4133.0,1,55,0,33,6.50
4133.0,2,15,0,57,20.79
4135.1,0,30071,100,87,282.34
4135.1,1,55,0,33,6.94
4135.1,2,15,0,57,20.90
4137.2,0,30071,100,87,282.88
4137.2,1,55,0,34,8.95
4137.2,2,15,0,58,25.13
4139.3,0,30071,100,87,281.83
4139.3,1,55,0,33,6.80
4139.3,2,15,0,58,21.97
4141.4,0,30071,100,87,281.47
4141.4,1,55,0,33,6.74
4141.4,2,15,0,57,20.79
4143.5,0,30071,100,87,286.06
4143.5,1,55,0,33,7.46
4143.5,2,15,0,58,21.75
4145.6,0,30071,100,87,283.64
4145.6,1,55,0,34,6.69
4145.6,2,15,0,58,21.72
4147.7,0,30071,100,87,282.45
4147.7,1,55,0,33,6.80
4147.7,2,15,0,57,20.82
4149.8,0,30071,99,87,285.26
4149.8,1,55,0,33,7.02
4149.8,2,15,0,57,20.93
4151.9,0,30071,100,87,282.90
4151.9,1,55,0,34,11.69
4151.9,2,15,0,58,30.66
4154.0,0,30071,100,88,287.08
4154.0,1,55,0,33,6.90
4154.0,2,15,0,57,21.32
4156.0,0,30071,100,87,285.18
4156.0,1,55,0,33,6.55
4156.0,2,15,0,57,20.89
4158.1,0,30071,100,87,282.84
4158.1,1,55,0,34,7.80
4158.1,2,15,0,58,23.00
4160.2,0,30071,99,87,284.09
4160.2,1,55,0,34,7.17
4160.2,2,15,0,58,22.25
4162.3,0,30071,100,87,286.48
4162.3,1,55,0,33,6.62
4162.3,2,15,0,57,20.91
4164.4,0,30071,100,87,284.88
4164.4,1,55,0,33,6.90
4164.4,2,15,0,57,20.90
4166.5,0,30071,100,87,283.54
4166.5,1,55,0,34,11.69
4166.5,2,15,0,58,30.24
4168.5,0,30071,100,87,284.46
4168.5,1,55,0,33,6.73
4168.5,2,15,0,57,20.95
4170.6,0,30071,100,87,287.16
4170.6,1,55,0,33,6.78
4170.6,2,15,0,57,20.79
4172.7,0,30071,98,87,282.91
4172.7,1,55,0,34,8.37
4172.7,2,15,0,58,23.95
4174.8,0,30069,100,87,279.25
4174.8,1,55,0,33,7.10
4174.8,2,15,0,58,22.56
4176.9,0,30091,100,87,285.92
4176.9,1,55,0,33,7.09
4176.9,2,15,0,57,20.70
4179.0,0,30091,100,87,299.06
4179.0,1,55,0,33,6.98
4179.0,2,15,0,57,21.41
4181.1,0,30091,97,87,297.78
4181.1,1,55,0,34,11.10
4181.1,2,15,0,58,29.82
4183.2,0,30091,100,87,298.04
4183.2,1,55,0,33,6.95
4183.2,2,15,0,57,21.63
4185.3,0,30091,100,87,295.96
4185.3,1,55,0,33,6.61
4185.3,2,15,0,57,21.48
4187.4,0,3487,91,87,287.00
4187.4,1,55,0,34,11.48
4187.4,2,15,0,58,25.22
4189.4,0,3799,7,83,194.86
4189.4,1,55,0,33,6.67
4189.4,2,15,0,57,21.20
4191.5,0,3487,100,86,175.79
4191.5,1,55,0,33,6.74
4191.5,2,15,0,57,20.82
4193.6,0,3487,96,85,189.49
4193.6,1,55,0,33,6.64
4193.6,2,15,1,57,20.77
4195.7,0,3487,99,85,298.37
4195.7,1,55,0,34,7.31
4195.7,2,15,0,58,23.44
4197.8,0,3487,99,86,297.81
4197.8,1,55,0,33,6.04
4197.8,2,15,0,57,21.54
4199.8,0,3487,99,86,297.51
4199.8,1,55,0,33,5.84
4199.8,2,15,0,57,21.68
4201.9,0,3487,91,86,292.38
4201.9,1,55,0,34,9.72
4201.9,2,15,0,58,29.72
4204.0,0,6655,99,86,283.44
4204.0,1,55,0,33,5.61
4204.0,2,15,0,57,21.85
4206.1,0,4595,98,86,266.97
4206.1,1,55,0,33,6.92
4206.1,2,15,0,57,21.27
4208.1,0,7379,98,86,297.91
4208.1,1,55,0,34,7.22
4208.1,2,15,0,58,23.11
4210.2,0,4531,97,86,249.25
4210.2,1,55,0,34,7.13
4210.2,2,15,0,58,22.38
4212.3,0,4531,99,86,297.36
4212.3,1,55,0,33,6.60
4212.3,2,15,0,57,21.40
4214.4,0,8467,98,86,265.54
4214.4,1,55,0,33,6.72
4214.4,2,15,0,57,21.53
4216.5,0,4787,98,86,286.67
4216.5,1,55,0,34,11.46
4216.5,2,15,0,58,30.29
4218.6,0,4147,97,86,296.86
4218.6,1,55,0,33,7.03
4218.6,2,15,0,57,21.51
4220.6,0,4085,96,86,290.37
4220.6,1,55,0,33,6.76
4220.6,2,15,0,57,21.31
4222.7,0,31707,100,87,279.76
4222.7,1,55,0,34,8.06
4222.7,2,15,0,58,23.73
4224.8,0,31707,93,86,285.68
4224.8,1,55,0,34,7.10
4224.8,2,15,0,58,22.66
4226.8,0,31707,100,82,229.66
4226.8,1,55,0,33,6.78
4226.8,2,15,0,57,20.69
4228.9,0,3501,87,84,181.02
4228.9,1,55,0,33,6.45
4228.9,2,15,0,57,20.74
4231.0,0,3107,0,83,129.71
4231.0,1,55,0,34,10.64
4231.0,2,15,0,58,30.06
4233.1,0,3357,93,85,283.48
4233.1,1,55,0,33,6.44
4233.1,2,15,0,57,21.76
4235.1,0,3359,99,85,297.70
4235.1,1,55,0,33,6.15
4235.1,2,15,0,57,21.38
4237.2,0,3359,98,86,297.09
4237.2,1,55,0,34,7.07
4237.2,2,15,1,58,24.32
4239.3,0,3359,98,86,296.17
4239.3,1,55,0,34,6.13
4239.3,2,15,0,58,22.47
4241.3,0,3359,99,86,298.31
4241.3,1,55,0,33,5.73
4241.3,2,15,0,57,21.33
4243.4,0,3827,98,86,298.26
4243.4,1,55,0,33,5.94
4243.4,2,15,0,57,21.34
4245.5,0,3827,97,86,297.27
4245.5,1,55,0,34,10.39
4245.5,2,15,0,58,30.14
4247.6,0,3827,97,86,298.52
4247.6,1,55,0,33,6.12
4247.6,2,15,0,57,21.87
4249.6,0,3827,98,86,299.26
4249.6,1,55,0,33,5.81
4249.6,2,15,0,57,21.42
4251.7,0,3827,97,87,299.03
4251.7,1,55,0,34,7.55
4251.7,2,15,0,58,24.96
4253.8,0,3827,97,87,298.68
4253.8,1,55,0,34,6.37
4253.8,2,15,0,58,22.78
4255.8,0,3827,99,87,297.24
4255.8,1,55,0,33,5.59
4255.8,2,15,0,58,21.37
4257.9,0,3827,98,87,299.00
4257.9,1,55,0,33,5.57
4257.9,2,15,0,57,21.71
4260.0,0,3827,99,87,298.23
4260.0,1,55,0,34,5.99
4260.0,2,15,0,58,22.72
4262.0,0,3827,98,87,297.98
4262.0,1,55,0,33,5.63
4262.0,2,15,0,58,21.54
4264.1,0,3827,98,87,299.01
4264.1,1,55,0,33,5.75
4264.1,2,15,0,58,21.69
4266.2,0,3827,98,87,298.81
4266.2,1,55,0,34,9.02
4266.2,2,15,0,58,25.65
4268.3,0,3827,98,87,298.95
4268.3,1,55,0,34,7.58
4268.3,2,15,0,58,23.28
4270.4,0,3827,97,87,294.17
4270.4,1,55,0,33,6.95
4270.4,2,15,0,58,21.35
4272.4,0,3827,99,87,295.72
4272.4,1,55,0,34,7.64
4272.4,2,15,0,58,22.44
4274.5,0,3827,98,87,294.33
4274.5,1,55,0,34,7.36
4274.5,2,15,0,58,22.77
4276.6,0,3827,98,87,295.01
4276.6,1,55,0,33,6.66
4276.6,2,15,0,58,21.30
4278.7,0,3827,99,87,292.38
4278.7,1,55,0,33,7.06
4278.7,2,15,0,58,21.49
4280.8,0,3827,95,87,293.61
4280.8,1,55,0,34,11.20
4280.8,2,15,0,58,29.97
4282.9,0,2879,92,84,223.87
4282.9,1,55,0,33,6.86
4282.9,2,15,0,58,21.59
4284.9,0,1915,0,82,131.30
4284.9,1,55,0,33,6.79
4284.9,2,15,0,57,20.72
4287.0,0,2671,0,81,123.28
4287.0,1,55,0,34,8.13
4287.0,2,15,0,58,22.85
4289.1,0,2671,98,86,297.64
4289.1,1,55,0,34,7.32
4289.1,2,15,0,58,22.32
4291.2,0,3295,98,86,298.59
4291.2,1,55,0,33,6.42
4291.2,2,15,0,58,21.30
4293.3,0,3295,98,87,299.70
4293.3,1,55,0,33,6.27
4293.3,2,15,0,58,21.42
4295.3,0,3295,97,87,299.55
4295.3,1,55,0,34,10.81
4295.3,2,15,0,58,30.48
4297.4,0,3295,97,87,298.98
4297.4,1,55,0,33,6.36
4297.4,2,15,0,58,21.93
4299.5,0,3295,98,87,299.00
4299.5,1,55,0,33,6.15
4299.5,2,15,0,58,21.54
4301.6,0,3295,98,87,298.76
4301.6,1,55,0,34,7.90
4301.6,2,15,0,58,24.37
4303.6,0,3295,97,87,297.64
4303.6,1,55,0,34,6.70
4303.6,2,15,0,58,22.83
4305.7,0,3295,98,87,298.20
4305.7,1,55,0,33,6.16
4305.7,2,15,0,58,21.29
4307.8,0,3295,98,87,296.48
4307.8,1,55,0,33,6.40
4307.8,2,15,0,58,21.43
4309.9,0,3451,98,87,296.57
4309.9,1,55,0,34,10.70
4309.9,2,15,0,58,29.88
4312.0,0,3451,98,87,294.79
4312.0,1,55,0,33,6.41
4312.0,2,15,0,58,21.31
4314.0,0,3451,97,87,295.00
4314.0,1,55,0,33,6.18
4314.0,2,15,0,58,21.36
4316.1,0,3451,99,87,294.16
4316.1,1,55,0,34,8.14
4316.1,2,15,0,58,24.89
4318.2,0,3451,97,88,292.37
4318.2,1,55,0,34,7.08
4318.2,2,15,0,58,23.09
4320.2,0,3451,97,87,290.05
4320.2,1,55,0,33,6.18
4320.2,2,15,0,58,21.33
4322.3,0,3451,98,87,291.68
4322.3,1,55,0,33,6.30
4322.3,2,15,0,58,21.53
4324.4,0,3451,98,87,292.46
4324.4,1,55,0,34,6.87
4324.4,2,15,0,58,22.94
4326.5,0,3451,98,88,292.40
4326.5,1,55,0,33,6.75
4326.5,2,15,0,58,21.44
4328.6,0,3451,98,87,292.05
4328.6,1,55,0,33,6.99
4328.6,2,15,0,58,21.54
4330.7,0,3451,98,88,294.15
4330.7,1,55,0,34,11.60
4330.7,2,15,0,58,25.47
4332.7,0,3451,97,88,293.08
4332.7,1,55,0,34,7.34
4332.7,2,15,0,58,22.48
4334.8,0,3451,97,88,293.20
4334.8,1,55,0,33,6.72
4334.8,2,15,0,58,21.34
4336.9,0,3451,99,87,291.94
4336.9,1,55,0,34,7.27
4336.9,2,15,0,58,22.44
4339.0,0,3451,98,88,292.08
4339.0,1,55,0,34,7.28
4339.0,2,15,0,58,23.24
4341.1,0,3451,96,87,290.46
4341.1,1,55,0,33,6.75
4341.1,2,15,0,58,21.45
4343.2,0,3451,98,87,289.99
4343.2,1,55,0,33,6.82
4343.2,2,15,0,58,21.51
4345.3,0,2667,95,87,279.72
4345.3,1,55,0,34,11.11
4345.3,2,15,0,58,29.85
4347.3,0,2667,92,87,284.31
4347.3,1,55,0,33,6.94
4347.3,2,15,0,58,21.80
4349.4,0,2667,94,87,288.25
4349.4,1,55,0,33,6.62
4349.4,2,15,0,58,21.34
4351.5,0,2667,92,87,286.34
4351.5,1,55,0,34,7.93
4351.5,2,15,0,58,23.34
4353.6,0,2667,79,87,285.24
4353.6,1,55,0,34,7.35
4353.6,2,15,0,58,22.66
4355.7,0,1663,0,83,117.57
4355.7,1,55,0,33,6.93
4355.7,2,15,0,58,20.64
4357.8,0,1663,0,80,104.66
4357.8,1,55,0,33,7.19
4357.8,2,15,0,58,20.56
4359.8,0,1663,0,79,103.67
4359.8,1,55,0,34,11.77
4359.8,2,15,0,58,30.30
4361.9,0,1663,0,78,102.80
4361.9,1,55,0,33,6.95
4361.9,2,15,0,58,20.55
4364.0,0,1663,0,77,101.85
4364.0,1,55,0,33,6.99
4364.0,2,15,0,58,20.45
4366.1,0,1663,0,76,100.62
4366.1,1,55,0,34,8.54
4366.1,2,15,1,58,23.68
4368.2,0,1663,0,75,99.72
4368.2,1,55,0,34,7.68
4368.2,2,15,0,58,22.38
4370.2,0,1663,0,74,98.64
4370.2,1,55,0,33,7.01
4370.2,2,15,0,58,20.50
4372.3,0,1663,0,71,32.19
4372.3,1,55,0,33,7.13
4372.3,2,15,0,58,20.64
4374.4,0,1663,0,71,29.82
4374.4,1,55,0,34,11.41
4374.4,2,15,0,58,29.99
4376.5,0,1663,0,69,28.08
4376.5,1,55,0,33,7.17
4376.5,2,15,0,58,20.80
4378.6,0,1663,0,68,27.84
4378.6,1,55,0,33,6.82
4378.6,2,15,0,58,20.42
4380.7,0,1663,0,67,34.43
4380.7,1,55,0,34,8.82
4380.7,2,15,0,58,24.81
4382.8,0,1663,0,66,27.60
4382.8,1,55,0,34,7.54
4382.8,2,15,0,58,21.75
4384.9,0,1663,0,66,27.16
4384.9,1,55,0,33,6.96
4384.9,2,15,0,58,20.54
4387.0,0,1663,0,66,29.06
4387.0,1,55,0,33,7.08
4387.0,2,15,0,58,20.81
4389.0,0,1663,0,65,27.67
4389.0,1,55,0,34,7.19
4389.0,2,15,0,58,22.50
4391.1,0,1663,0,64,26.57
4391.1,1,55,0,33,6.75
4391.1,2,15,0,57,20.47
4393.2,0,1663,0,64,26.58
4393.2,1,55,0,33,7.11
4393.2,2,15,0,57,20.62
4395.3,0,1663,0,64,32.92
4395.3,1,55,0,34,11.23
4395.3,2,15,0,58,29.64
4397.3,0,1663,0,63,26.39
4397.3,1,55,0,34,7.55
4397.3,2,15,0,58,22.10
4399.4,0,1663,0,63,25.82
4399.4,1,55,0,33,6.94
4399.4,2,15,0,57,20.49
4401.5,0,1663,0,63,28.17
4401.5,1,55,0,34,8.03
4401.5,2,15,0,58,22.09
4403.6,0,1663,0,63,26.50
4403.6,1,55,0,34,7.16
4403.6,2,15,0,58,21.88
4405.7,0,1663,0,62,25.44
4405.7,1,55,0,33,6.72
4405.7,2,15,0,57,20.52
4407.7,0,1663,0,61,25.48
4407.7,1,55,0,33,6.89
4407.7,2,15,0,57,20.65
4409.8,0,1663,0,61,31.89
4409.8,1,55,0,34,11.28
4409.8,2,15,0,58,30.50
4411.9,0,1663,0,61,24.79
4411.9,1,55,0,33,6.80
4411.9,2,15,0,57,20.58
4414.0,0,1663,0,60,24.77
4414.0,1,55,0,33,6.98
4414.0,2,15,0,57,20.52
4416.1,0,1663,0,61,27.76
4416.1,1,55,0,34,8.44
4416.1,2,15,0,58,23.30
4418.1,0,1663,0,60,25.69
4418.1,1,55,0,34,6.90
4418.1,2,15,0,58,22.31
4420.2,0,1663,0,60,24.19
4420.2,1,55,0,33,6.81
4420.2,2,15,0,57,20.60
4422.3,0,1663,0,60,24.56
4422.3,1,55,0,33,6.79
4422.3,2,15,0,57,20.69
4424.4,0,1663,0,60,25.60
4424.4,1,55,0,34,11.30
4424.4,2,15,0,57,30.15
4426.5,0,1663,0,59,23.97
4426.5,1,55,0,33,6.78
4426.5,2,15,0,57,20.90
4428.5,0,1663,0,59,24.02
4428.5,1,55,0,33,6.86
4428.5,2,15,0,57,20.57
4430.6,0,1663,0,59,31.07
4430.6,1,55,0,34,8.70
4430.6,2,15,0,57,24.06
4432.7,0,1663,0,58,24.04
4432.7,1,55,0,34,7.01
4432.7,2,15,0,57,21.67
4434.8,0,1663,0,58,23.57
4434.8,1,55,0,33,6.60
4434.8,2,15,0,57,20.59
4436.9,0,1663,0,58,24.57
4436.9,1,55,0,33,6.79
4436.9,2,15,0,57,20.70
4438.9,0,1663,0,58,23.89
4438.9,1,55,0,34,11.53
4438.9,2,15,0,57,30.46
4441.0,0,1663,0,58,22.68
4441.0,1,55,0,33,6.96
4441.0,2,15,0,57,21.06
4443.1,0,1663,0,57,22.96
4443.1,1,55,0,34,6.83
4443.1,2,15,0,57,20.59
4445.2,0,1663,0,57,30.94
4445.2,1,55,0,34,8.85
4445.2,2,15,0,57,24.67
4447.3,0,1663,0,57,23.20
4447.3,1,55,0,34,7.54
4447.3,2,15,0,57,22.11
4449.3,0,1663,0,57,22.66
4449.3,1,55,0,34,6.79
4449.3,2,15,0,57,20.55
4451.4,0,1663,0,57,25.08
4451.4,1,55,0,34,6.81
4451.4,2,15,1,57,20.83
4453.5,0,1663,0,57,23.46
4453.5,1,55,0,34,7.05
4453.5,2,15,0,57,21.85
4455.6,0,1663,0,56,22.20
4455.6,1,55,0,34,6.69
4455.6,2,15,0,57,20.54
4457.7,0,1663,0,56,22.39
4457.7,1,55,0,34,6.89
4457.7,2,15,0,57,20.69
4459.8,0,1663,0,56,29.88
4459.8,1,55,0,34,11.37
4459.8,2,15,0,57,25.34
4461.9,0,1663,0,56,22.39
4461.9,1,55,0,34,7.58
4461.9,2,15,0,57,22.52
4464.0,0,1663,0,56,22.00
4464.0,1,55,0,34,7.01
4464.0,2,15,0,57,20.50
4466.1,0,1663,0,56,25.45
4466.1,1,55,0,34,7.70
4466.1,2,15,0,57,21.84
4468.2,0,1663,0,56,24.00
4468.2,1,55,0,34,6.88
4468.2,2,15,0,57,22.24
4470.3,0,1663,0,55,22.27
4470.3,1,55,0,34,6.85
4470.3,2,15,0,57,20.53
4472.3,0,1663,0,55,22.21
4472.3,1,55,0,34,6.94
4472.3,2,15,0,57,20.68
4474.4,0,1663,0,56,23.69
4474.4,1,55,0,34,11.48
4474.4,2,15,0,57,30.06
4476.5,0,1663,0,55,21.98
4476.5,1,55,0,34,6.78
4476.5,2,15,0,57,20.70
4478.6,0,1663,0,55,22.10
4478.6,1,55,0,34,6.89
4478.6,2,15,0,57,20.48
4480.7,0,1663,0,55,25.80
4480.7,1,55,0,34,8.01
4480.7,2,15,0,57,22.93
4482.8,0,1663,0,55,22.35
4482.8,1,55,0,34,7.19
4482.8,2,15,0,57,21.47
4484.8,0,1663,0,54,22.17
4484.8,1,55,0,34,6.78
4484.8,2,15,0,57,20.46
4486.9,0,1663,0,55,23.09
4486.9,1,55,0,34,6.92
4486.9,2,15,0,56,20.64
4489.0,0,1663,0,55,23.45
4489.0,1,55,0,34,11.66
4489.0,2,15,0,57,30.67
4491.1,0,1663,0,54,22.05
4491.1,1,55,0,34,6.95
4491.1,2,15,0,56,20.98
4493.2,0,1663,0,54,22.39
4493.2,1,55,0,34,6.73
4493.2,2,15,0,56,20.53
4495.3,0,1663,0,54,29.57
4495.3,1,55,0,34,8.42
4495.3,2,15,1,57,23.70
4497.3,0,1663,0,54,22.29
4497.3,1,55,0,34,7.52
4497.3,2,15,0,57,21.96
4499.4,0,1663,0,54,21.90
4499.4,1,55,0,34,6.82
4499.4,2,15,0,56,20.45
4501.5,0,1663,0,54,23.78
4501.5,1,55,0,34,6.87
4501.5,2,15,0,56,20.50
4503.6,0,1663,0,54,23.02
4503.6,1,55,0,34,11.46
4503.6,2,15,0,57,30.17
4505.7,0,1663,0,54,21.62
4505.7,1,55,0,34,6.99
4505.7,2,15,0,56,20.62
4507.8,0,1663,0,53,21.97
4507.8,1,55,0,34,6.98
4507.8,2,15,0,56,20.46
4509.8,0,1663,0,54,29.87
4509.8,1,55,0,34,9.21
4509.8,2,15,0,57,24.51
4511.9,0,1663,0,53,21.75
4511.9,1,55,0,34,7.57
4511.9,2,15,0,57,22.34
4514.0,0,1663,0,53,21.90
4514.0,1,55,0,34,6.99
4514.0,2,15,0,56,20.49
4516.1,0,1663,0,53,24.40
4516.1,1,55,0,34,7.52
4516.1,2,15,0,56,20.70
4518.2,0,1663,0,54,23.36
4518.2,1,55,0,34,7.06
4518.2,2,15,0,57,22.02
4520.2,0,1663,0,53,22.02
4520.2,1,55,0,34,6.92
4520.2,2,15,0,56,20.44
4522.3,0,1663,0,53,21.94
4522.3,1,55,0,34,7.04
4522.3,2,15,0,56,20.50
4524.4,0,1663,0,53,29.56
4524.4,1,55,0,34,12.03
4524.4,2,15,0,56,24.93
4526.5,0,1663,0,53,22.04
4526.5,1,55,0,34,7.11
4526.5,2,15,0,56,20.57
4528.6,0,1663,0,53,21.48
4528.6,1,55,0,34,6.94
4528.6,2,15,0,56,20.33
4530.7,0,1663,0,53,24.88
4530.7,1,55,0,34,7.89
4530.7,2,15,0,56,21.46
4532.7,0,1663,0,53,22.77
4532.7,1,55,0,34,7.59
4532.7,2,15,0,56,22.29
4534.8,0,1663,0,52,21.63
4534.8,1,55,0,34,6.67
4534.8,2,15,0,56,20.41
4536.9,0,1663,0,52,21.53
4536.9,1,55,0,34,6.80
4536.9,2,15,0,56,20.56
4539.0,0,1663,0,53,23.18
4539.0,1,55,0,34,11.04
4539.0,2,15,0,56,29.61
4541.1,0,1663,0,52,21.66
4541.1,1,55,0,34,6.73
4541.1,2,15,0,56,20.79
4543.2,0,1663,0,52,21.39
4543.2,1,55,0,34,6.71
4543.2,2,15,0,56,20.43
4545.2,0,1663,0,53,24.84
4545.2,1,55,0,34,8.07
4545.2,2,15,0,56,22.60
4547.3,0,1663,0,52,21.74
4547.3,1,55,0,34,7.19
4547.3,2,15,0,56,21.74
4549.4,0,1663,0,52,21.17
4549.4,1,55,0,34,6.69
4549.4,2,15,0,56,20.44
4551.5,0,1663,0,52,21.81
4551.5,1,55,0,34,7.19
4551.5,2,15,0,56,20.56
