elapsed_s,gpu,mem_used_mb,util_pct,temp_c,power_w
0.1,0,1439,0,58,30.39
0.1,1,55,0,34,11.33
0.1,2,15,0,57,29.93
2.2,0,1439,0,58,22.61
2.2,1,55,0,34,6.93
2.2,2,15,0,57,20.34
4.3,0,1439,0,57,22.47
4.3,1,55,0,34,6.71
4.3,2,15,0,57,20.27
6.4,0,1439,0,58,30.60
6.4,1,55,0,34,8.60
6.4,2,15,0,57,23.86
8.4,0,1439,0,57,22.51
8.4,1,55,0,34,7.23
8.4,2,15,0,57,22.12
10.5,0,1439,0,57,22.07
10.5,1,55,0,34,6.81
10.5,2,15,0,57,20.26
12.6,0,1439,0,57,22.22
12.6,1,55,0,34,6.97
12.6,2,15,0,56,20.39
14.7,0,1439,0,57,23.63
14.7,1,55,0,35,11.48
14.7,2,15,0,57,29.40
16.8,0,1439,0,57,22.69
16.8,1,55,0,34,6.84
16.8,2,15,0,57,20.60
18.9,0,1453,90,62,70.18
18.9,1,55,0,34,6.95
18.9,2,15,0,56,20.29
21.0,0,5197,100,64,242.41
21.0,1,55,0,34,8.85
21.0,2,15,0,57,24.51
23.1,0,2541,100,65,255.76
23.1,1,55,0,35,7.04
23.1,2,15,0,57,21.74
25.1,0,5217,100,67,220.21
25.1,1,55,0,34,6.94
25.1,2,15,0,56,20.82
27.2,0,1983,100,65,231.08
27.2,1,55,0,34,6.99
27.2,2,15,0,56,20.72
29.3,0,3101,8,67,153.89
29.3,1,55,0,35,11.53
29.3,2,15,0,57,22.61
31.4,0,3509,10,64,108.20
31.4,1,55,0,34,7.11
31.4,2,15,0,56,20.40
33.5,0,3061,55,65,180.17
33.5,1,55,0,34,6.82
33.5,2,15,0,56,20.85
35.5,0,4309,72,67,191.11
35.5,1,55,0,35,8.85
35.5,2,15,0,57,29.10
37.6,0,3029,100,70,243.52
37.6,1,55,0,35,7.02
37.6,2,15,0,57,22.24
39.7,0,3253,51,69,222.56
39.7,1,55,0,34,6.85
39.7,2,15,0,56,20.93
41.8,0,3221,21,71,221.47
41.8,1,55,0,35,7.14
41.8,2,15,0,57,22.50
43.9,0,3257,7,71,173.60
43.9,1,55,0,35,7.51
43.9,2,15,0,57,22.16
46.0,0,5977,16,69,114.36
46.0,1,55,0,34,6.87
46.0,2,15,0,56,20.74
48.1,0,5545,0,71,213.18
48.1,1,55,0,34,6.93
48.1,2,15,0,56,20.88
50.2,0,6661,100,75,220.50
50.2,1,55,0,35,11.40
50.2,2,15,0,57,29.97
52.2,0,6277,100,74,255.13
52.2,1,55,0,34,6.69
52.2,2,15,0,56,20.69
54.3,0,4263,91,76,244.68
54.3,1,55,0,34,6.30
54.3,2,15,0,56,21.05
56.4,0,4131,97,77,271.88
56.4,1,55,0,34,7.51
56.4,2,15,0,56,23.49
58.5,0,4423,98,79,287.77
58.5,1,55,0,35,6.03
58.5,2,15,0,56,22.82
60.6,0,4583,83,79,273.69
60.6,1,55,0,34,5.72
60.6,2,15,0,56,21.17
62.6,0,4295,77,80,265.36
62.6,1,55,0,34,5.88
62.6,2,15,0,56,21.21
64.7,0,6615,49,79,222.80
64.7,1,55,0,35,10.22
64.7,2,15,0,56,29.25
66.8,0,5713,100,81,238.64
66.8,1,55,0,34,5.81
66.8,2,15,0,56,20.95
68.8,0,7121,100,81,261.79
68.8,1,55,0,34,5.63
68.8,2,15,0,56,20.67
70.9,0,5519,100,81,243.08
70.9,1,55,0,34,7.16
70.9,2,15,1,56,23.72
73.0,0,4201,58,80,222.05
73.0,1,55,0,35,5.86
73.0,2,15,0,56,22.29
75.1,0,4583,78,82,259.61
75.1,1,55,0,34,5.68
75.1,2,15,0,56,21.31
77.2,0,4327,89,83,262.65
77.2,1,55,0,34,5.72
77.2,2,15,0,56,21.31
79.3,0,4487,93,83,275.89
79.3,1,55,0,34,10.03
79.3,2,15,0,56,29.77
81.4,0,16995,80,83,245.15
81.4,1,55,0,34,5.73
81.4,2,15,0,56,21.71
83.4,0,26319,99,84,278.87
83.4,1,55,0,34,5.46
83.4,2,15,0,56,20.75
85.5,0,27343,100,84,268.39
85.5,1,55,0,34,7.37
85.5,2,15,0,56,24.39
87.6,0,23183,100,85,271.25
87.6,1,55,0,35,5.53
87.6,2,15,0,56,22.19
89.7,0,26063,100,85,278.27
89.7,1,55,0,34,5.67
89.7,2,15,0,56,20.73
91.8,0,26223,100,85,261.51
91.8,1,55,0,34,5.71
91.8,2,15,0,56,20.77
93.8,0,25071,100,85,264.45
93.8,1,55,0,35,6.17
93.8,2,15,0,56,21.82
95.9,0,15439,81,84,250.25
95.9,1,55,0,34,5.61
95.9,2,15,0,56,20.57
98.0,0,5443,97,86,275.21
98.0,1,55,0,34,6.47
98.0,2,15,0,56,20.75
100.1,0,5027,98,86,298.25
100.1,1,55,0,34,9.00
100.1,2,15,0,56,25.18
102.2,0,5649,99,86,291.98
102.2,1,55,0,34,6.79
102.2,2,15,0,56,22.81
104.3,0,5233,88,87,277.98
104.3,1,55,0,34,7.04
104.3,2,15,0,56,21.11
106.4,0,5681,87,87,280.73
106.4,1,55,0,34,7.40
106.4,2,15,0,56,22.21
108.5,0,5777,97,87,280.32
108.5,1,55,0,35,7.03
108.5,2,15,0,56,22.55
110.6,0,5649,93,87,279.36
110.6,1,55,0,34,6.81
110.6,2,15,0,56,21.17
112.7,0,4715,96,86,248.77
112.7,1,55,0,34,6.91
112.7,2,15,0,56,21.09
114.8,0,4651,75,86,242.59
114.8,1,55,0,35,11.61
114.8,2,15,0,56,29.31
116.8,0,6109,100,86,151.38
116.8,1,55,0,34,7.32
116.8,2,15,0,56,20.87
118.9,0,7865,100,87,256.44
118.9,1,55,0,34,6.88
118.9,2,15,0,56,20.68
121.0,0,6681,100,86,247.16
121.0,1,55,0,34,7.60
121.0,2,15,0,56,22.92
123.1,0,6009,100,86,274.97
123.1,1,55,0,34,6.77
123.1,2,15,0,56,21.74
125.1,0,4345,100,86,265.88
125.1,1,55,0,34,6.34
125.1,2,15,0,56,20.62
127.2,0,5113,65,86,263.58
127.2,1,55,0,34,6.49
127.2,2,15,0,56,20.99
129.3,0,4633,76,85,259.35
129.3,1,55,0,35,10.69
129.3,2,15,0,56,29.67
131.4,0,4601,70,86,260.51
131.4,1,55,0,34,5.93
131.4,2,15,0,56,21.58
133.4,0,5113,82,87,262.34
133.4,1,55,0,34,5.85
133.4,2,15,0,56,21.17
135.5,0,5209,96,87,293.93
135.5,1,55,0,34,7.19
135.5,2,15,0,56,23.80
137.6,0,3269,96,86,264.52
137.6,1,55,0,34,6.48
137.6,2,15,0,56,22.42
139.6,0,5561,0,86,154.68
139.6,1,55,0,34,5.84
139.6,2,15,0,56,20.51
141.7,0,2521,96,85,270.61
141.7,1,55,0,34,5.57
141.7,2,15,0,56,20.80
143.8,0,5303,100,86,263.36
143.8,1,55,0,34,10.06
143.8,2,15,0,56,29.26
145.9,0,3459,89,85,261.72
145.9,1,55,0,34,5.94
145.9,2,15,0,56,20.62
148.0,0,4491,67,85,243.76
148.0,1,55,0,34,5.68
148.0,2,15,0,56,20.88
150.0,0,7069,95,87,295.81
150.0,1,55,0,34,7.43
150.0,2,15,0,56,25.00
152.1,0,4637,97,87,269.57
152.1,1,55,0,34,6.13
152.1,2,15,0,56,22.45
154.2,0,4313,73,86,269.46
154.2,1,55,0,34,5.65
154.2,2,15,0,56,21.31
156.3,0,4601,55,84,220.12
156.3,1,55,0,34,5.61
156.3,2,15,0,56,21.56
158.4,0,4057,55,87,270.51
158.4,1,55,0,34,11.55
158.4,2,15,0,56,22.55
160.5,0,14857,100,86,273.13
160.5,1,55,0,34,7.18
160.5,2,15,0,56,20.84
162.6,0,16969,100,87,280.27
162.6,1,55,0,34,7.05
162.6,2,15,0,56,20.88
164.7,0,13993,100,86,244.76
164.7,1,55,0,34,9.14
164.7,2,15,0,56,29.45
166.8,0,13865,100,87,275.38
166.8,1,55,0,34,7.20
166.8,2,15,0,56,21.87
168.9,0,14281,100,86,273.52
168.9,1,55,0,34,6.92
168.9,2,15,0,56,20.66
171.0,0,23603,100,87,273.99
171.0,1,55,0,34,7.70
171.0,2,15,0,56,22.31
173.1,0,12273,100,87,281.61
173.1,1,55,0,34,7.38
173.1,2,15,0,56,22.45
175.2,0,13105,100,87,239.52
175.2,1,55,0,34,6.87
175.2,2,15,0,56,20.63
177.3,0,13105,100,86,257.74
177.3,1,55,0,34,7.07
177.3,2,15,0,56,20.79
179.4,0,12585,100,84,252.46
179.4,1,55,0,34,11.37
179.4,2,15,0,56,29.24
181.5,0,13163,52,85,235.64
181.5,1,55,0,34,6.53
181.5,2,15,0,56,20.97
183.6,0,2633,100,84,235.58
183.6,1,55,0,34,6.15
183.6,2,15,0,56,20.88
185.7,0,4035,100,84,269.66
185.7,1,55,0,34,7.01
185.7,2,15,0,56,23.25
187.7,0,3605,86,84,258.96
187.7,1,55,0,34,6.43
187.7,2,15,0,56,22.01
189.8,0,22885,98,87,247.25
189.8,1,55,0,34,5.73
189.8,2,15,0,56,20.86
191.9,0,22917,44,85,275.28
191.9,1,55,0,34,5.86
191.9,2,15,0,56,20.88
194.0,0,22887,100,87,276.49
194.0,1,55,0,34,9.96
194.0,2,15,0,56,29.69
196.1,0,25927,100,86,256.00
196.1,1,55,0,34,5.78
196.1,2,15,0,56,20.84
198.1,0,22567,100,87,281.21
198.1,1,55,0,34,5.49
198.1,2,15,0,56,20.57
200.2,0,25703,100,86,276.57
200.2,1,55,0,34,7.68
200.2,2,15,1,56,23.97
202.3,0,23111,100,86,265.51
202.3,1,55,0,34,5.75
202.3,2,15,0,56,22.31
204.4,0,23079,96,86,270.56
204.4,1,55,0,34,5.41
204.4,2,15,0,56,20.75
206.4,0,32401,68,87,276.03
206.4,1,55,0,34,5.62
206.4,2,15,0,56,20.72
208.5,0,32465,98,87,275.37
208.5,1,55,0,34,10.20
208.5,2,15,0,56,29.31
210.6,0,32561,91,86,279.30
210.6,1,55,0,34,5.73
210.6,2,15,0,56,20.94
213.0,0,21897,100,85,240.52
213.0,1,55,0,34,5.89
213.0,2,15,0,56,20.92
215.1,0,13189,95,87,245.89
215.1,1,55,0,34,10.69
215.1,2,15,0,56,29.69
217.1,0,13511,95,87,252.85
217.1,1,55,0,34,6.19
217.1,2,15,0,56,21.05
219.2,0,3301,100,87,267.80
219.2,1,55,0,34,7.03
219.2,2,15,0,56,20.97
221.3,0,5725,51,86,232.46
221.3,1,55,0,34,8.59
221.3,2,15,0,56,24.25
223.4,0,6081,100,87,275.09
223.4,1,55,0,34,7.65
223.4,2,15,0,56,22.50
225.5,0,4325,49,86,223.07
225.5,1,55,0,34,7.03
225.5,2,15,0,56,20.81
227.6,0,3297,60,85,238.76
227.6,1,55,0,34,7.20
227.6,2,15,0,56,21.28
229.7,0,4911,90,85,258.03
229.7,1,55,0,34,11.82
229.7,2,15,0,56,29.20
231.8,0,4527,47,86,240.61
231.8,1,55,0,34,7.11
231.8,2,15,0,56,21.54
233.9,0,4815,49,86,265.40
233.9,1,55,0,34,6.71
233.9,2,15,0,56,21.27
236.0,0,6959,100,86,270.90
236.0,1,55,0,34,8.36
236.0,2,15,0,56,24.77
238.0,0,23691,59,85,274.82
238.0,1,55,0,34,6.85
238.0,2,15,0,56,22.17
240.1,0,23787,94,87,271.01
240.1,1,55,0,34,6.02
240.1,2,15,0,56,20.76
242.2,0,23371,99,86,268.65
242.2,1,55,0,34,6.17
242.2,2,15,0,56,20.94
244.3,0,41887,100,86,281.61
244.3,1,55,0,34,6.51
244.3,2,15,0,56,29.81
246.3,0,41855,99,87,280.77
246.3,1,55,0,34,5.82
246.3,2,15,0,56,20.76
248.4,0,41855,96,87,275.21
248.4,1,55,0,34,6.23
248.4,2,15,0,56,20.83
250.5,0,41855,100,87,279.10
250.5,1,55,0,34,10.36
250.5,2,15,0,56,25.17
252.6,0,41823,97,87,279.47
252.6,1,55,0,34,6.48
252.6,2,15,0,56,22.15
254.6,0,17197,100,87,199.10
254.6,1,55,0,34,6.08
254.6,2,15,0,56,20.73
256.7,0,22361,100,87,266.55
256.7,1,55,0,34,6.17
256.7,2,15,0,56,20.82
258.8,0,40951,77,86,278.65
258.8,1,55,0,34,6.66
258.8,2,15,0,56,29.62
260.9,0,41015,99,87,278.85
260.9,1,55,0,34,6.05
260.9,2,15,0,56,20.58
262.9,0,41015,98,87,279.82
262.9,1,55,0,34,6.06
262.9,2,15,0,56,20.68
265.0,0,41015,100,87,279.33
265.0,1,55,0,34,9.91
265.0,2,15,0,56,29.60
267.1,0,41047,100,87,280.71
267.1,1,55,0,34,6.01
267.1,2,15,0,56,20.74
269.2,0,41015,100,87,280.65
269.2,1,55,0,34,5.79
269.2,2,15,0,56,20.55
271.3,0,41047,100,87,280.79
271.3,1,55,0,34,7.35
271.3,2,15,0,56,20.53
273.3,0,41079,100,88,280.99
273.3,1,55,0,34,6.34
273.3,2,15,0,56,22.32
275.4,0,41111,100,88,280.81
275.4,1,55,0,34,6.00
275.4,2,15,0,56,20.55
277.5,0,41143,100,87,277.45
277.5,1,55,0,34,6.39
277.5,2,15,0,56,20.62
279.6,0,22395,100,84,224.88
279.6,1,55,0,34,11.32
279.6,2,15,0,57,29.33
281.6,0,21949,94,87,277.12
281.6,1,55,0,34,7.24
281.6,2,15,0,56,21.21
283.7,0,22109,100,87,267.85
283.7,1,55,0,34,6.89
283.7,2,15,0,56,20.93
285.8,0,22685,100,88,274.14
285.8,1,55,0,34,8.58
285.8,2,15,1,57,23.86
287.9,0,23613,100,87,265.91
287.9,1,55,0,34,7.45
287.9,2,15,0,57,21.93
290.0,0,22589,95,87,273.05
290.0,1,55,0,34,6.79
290.0,2,15,0,56,21.09
292.1,0,13185,89,87,269.04
292.1,1,55,0,34,7.09
292.1,2,15,0,56,21.42
294.2,0,12663,85,86,268.39
294.2,1,55,0,34,11.47
294.2,2,15,0,57,30.05
296.3,0,12695,99,84,256.69
296.3,1,55,0,34,6.87
296.3,2,15,0,56,21.70
298.3,0,13335,96,87,281.46
298.3,1,55,0,34,6.70
298.3,2,15,0,56,21.17
300.5,0,13207,81,88,275.52
300.5,1,55,0,34,8.91
300.5,2,15,0,57,24.62
302.5,0,13239,99,88,287.74
302.5,1,55,0,34,7.20
302.5,2,15,0,57,22.63
304.6,0,13209,99,87,285.49
304.6,1,55,0,34,6.89
304.6,2,15,0,56,21.15
306.7,0,12889,98,87,285.67
306.7,1,55,0,34,6.49
306.7,2,15,0,56,21.21
308.8,0,13241,99,88,278.16
308.8,1,55,0,34,7.18
308.8,2,15,0,57,29.72
310.9,0,13401,98,88,283.93
310.9,1,55,0,34,6.48
310.9,2,15,0,56,21.17
312.9,0,13113,98,88,283.37
312.9,1,55,0,34,6.18
312.9,2,15,0,56,21.24
315.0,0,12793,100,87,271.93
315.0,1,55,0,34,8.18
315.0,2,15,0,57,25.29
317.1,0,13305,98,88,284.69
317.1,1,55,0,34,6.66
317.1,2,15,0,57,21.89
319.2,0,13017,98,88,284.35
319.2,1,55,0,34,6.01
319.2,2,15,0,56,21.04
321.2,0,16281,87,87,280.33
321.2,1,55,0,34,6.09
321.2,2,15,0,56,21.19
323.3,0,16281,100,88,271.46
323.3,1,55,0,34,6.40
323.3,2,15,0,57,30.25
325.4,0,13369,97,88,284.42
325.4,1,55,0,34,6.07
325.4,2,15,0,56,21.08
327.4,0,13113,97,88,282.07
327.4,1,55,0,34,6.22
327.4,2,15,0,56,21.24
329.5,0,16377,100,87,273.27
329.5,1,55,0,34,10.44
329.5,2,15,0,57,29.39
331.6,0,13753,100,87,261.71
331.6,1,55,0,34,6.35
331.6,2,15,0,57,21.11
333.6,0,13497,99,88,284.52
333.6,1,55,0,34,5.95
333.6,2,15,0,56,21.05
335.7,0,13433,98,88,283.05
335.7,1,55,0,34,5.80
335.7,2,15,0,56,21.06
337.8,0,13561,99,88,284.41
337.8,1,55,0,34,7.70
337.8,2,15,0,57,29.64
339.9,0,13049,99,88,282.73
339.9,1,55,0,34,7.06
339.9,2,15,0,56,21.10
342.0,0,15641,100,87,247.34
342.0,1,55,0,34,7.14
342.0,2,15,0,56,21.03
344.1,0,13433,98,88,287.14
344.1,1,55,0,34,11.51
344.1,2,15,0,57,29.81
346.2,0,13273,99,88,284.41
346.2,1,55,0,34,7.00
346.2,2,15,0,57,21.52
348.3,0,13491,91,88,281.53
348.3,1,55,0,34,6.94
348.3,2,15,0,57,21.00
350.3,0,3531,100,87,253.94
350.3,1,55,0,34,8.56
350.3,2,15,0,57,24.13
352.4,0,6307,100,87,273.98
352.4,1,55,0,34,7.55
352.4,2,15,0,57,22.18
354.5,0,5491,100,87,257.15
354.5,1,55,0,34,6.98
354.5,2,15,0,57,20.70
356.6,0,7771,96,87,275.79
356.6,1,55,0,34,7.22
356.6,2,15,0,57,21.18
358.7,0,7729,90,87,258.96
358.7,1,55,0,35,11.59
358.7,2,15,0,57,29.66
360.8,0,5575,89,87,251.43
360.8,1,55,0,34,7.08
360.8,2,15,0,57,20.93
362.9,0,7171,100,87,266.60
362.9,1,55,0,34,6.93
362.9,2,15,0,57,20.90
365.0,0,5643,75,85,273.35
365.0,1,55,0,35,8.99
365.0,2,15,0,57,24.70
367.0,0,5111,99,87,265.81
367.0,1,55,0,34,7.45
367.0,2,15,0,57,22.64
369.1,0,4919,91,87,290.84
369.1,1,55,0,34,6.78
369.1,2,15,0,57,20.89
371.2,0,7255,100,87,261.03
371.2,1,55,0,34,6.72
371.2,2,15,0,57,21.03
373.3,0,6903,100,86,255.79
373.3,1,55,0,34,10.94
373.3,2,15,0,57,29.06
375.3,0,5337,98,87,295.85
375.3,1,55,0,34,6.21
375.3,2,15,0,57,21.02
377.4,0,5241,99,87,290.72
377.4,1,55,0,34,6.12
377.4,2,15,0,57,21.29
379.5,0,5209,98,87,292.08
379.5,1,55,0,34,8.09
379.5,2,15,0,57,29.33
381.5,0,7929,100,87,271.61
381.5,1,55,0,34,6.65
381.5,2,15,0,57,22.20
383.6,0,5433,98,87,286.84
383.6,1,55,0,34,5.97
383.6,2,15,0,57,20.69
385.7,0,5077,98,87,283.80
385.7,1,55,0,34,6.17
385.7,2,15,0,57,21.07
387.8,0,5589,98,88,290.21
387.8,1,55,0,34,10.23
387.8,2,15,0,57,29.68
389.8,0,5077,100,88,287.10
389.8,1,55,0,34,5.89
389.8,2,15,0,57,20.85
391.9,0,7925,98,87,286.84
391.9,1,55,0,34,6.04
391.9,2,15,0,57,21.09
394.0,0,6933,99,87,276.02
394.0,1,55,0,34,10.29
394.0,2,15,0,57,29.81
396.0,0,7893,100,87,273.51
396.0,1,55,0,34,5.99
396.0,2,15,0,57,21.12
398.1,0,6517,100,87,274.31
398.1,1,55,0,34,6.70
398.1,2,15,0,57,20.60
400.2,0,5361,100,86,270.15
400.2,1,55,0,34,6.97
400.2,2,15,0,57,20.59
402.2,0,5841,98,87,295.35
402.2,1,55,0,34,11.84
402.2,2,15,0,57,29.44
404.3,0,6417,98,87,283.39
404.3,1,55,0,34,6.84
404.3,2,15,0,57,20.99
406.4,0,8849,97,87,246.97
406.4,1,55,0,34,6.99
406.4,2,15,0,57,20.76
408.5,0,5261,99,87,255.68
408.5,1,55,0,34,11.42
408.5,2,15,0,57,29.53
410.6,0,8141,96,86,242.90
410.6,1,55,0,34,7.00
410.6,2,15,0,57,21.23
412.7,0,4729,100,86,249.70
412.7,1,55,0,34,6.70
412.7,2,15,0,57,20.85
414.8,0,7033,100,86,254.11
414.8,1,55,1,34,7.29
414.8,2,15,1,57,21.28
416.9,0,7325,100,86,262.56
416.9,1,55,0,34,7.32
416.9,2,15,0,57,22.55
419.0,0,22541,100,87,285.39
419.0,1,55,0,34,6.90
419.0,2,15,0,57,20.75
421.1,0,32185,100,87,286.35
421.1,1,55,0,34,7.14
421.1,2,15,0,57,20.78
423.1,0,4401,100,86,262.64
423.1,1,55,0,34,11.87
423.1,2,15,0,57,29.38
425.3,0,25051,100,86,277.40
425.3,1,55,0,34,6.85
425.3,2,15,0,57,21.05
427.3,0,26811,100,86,270.91
427.3,1,55,0,34,6.92
427.3,2,15,0,57,20.65
429.4,0,23805,85,86,266.46
429.4,1,55,0,34,8.39
429.4,2,15,0,57,24.51
431.5,0,23869,98,87,297.70
431.5,1,55,0,34,7.11
431.5,2,15,0,57,22.14
433.6,0,26429,96,87,293.15
433.6,1,55,0,34,6.61
433.6,2,15,0,57,21.08
435.7,0,26557,100,86,259.88
435.7,1,55,0,34,6.69
435.7,2,15,0,57,21.02
437.8,0,23933,97,87,259.48
437.8,1,55,0,34,10.96
437.8,2,15,0,57,29.84
439.8,0,23869,98,87,297.35
439.8,1,55,0,34,6.53
439.8,2,15,0,57,21.07
441.9,0,23869,98,87,296.96
441.9,1,55,0,34,6.66
441.9,2,15,0,57,21.25
444.0,0,23965,99,87,294.63
444.0,1,55,0,34,10.83
444.0,2,15,0,57,29.23
446.1,0,4545,95,87,271.54
446.1,1,55,0,34,6.40
446.1,2,15,0,57,22.72
448.2,0,7229,88,87,236.46
448.2,1,55,0,34,5.82
448.2,2,15,0,57,21.10
450.2,0,7387,100,86,243.61
450.2,1,55,0,34,5.86
450.2,2,15,0,57,21.06
452.3,0,5499,51,86,250.06
452.3,1,55,0,34,6.38
452.3,2,15,0,58,29.45
454.4,0,7995,94,87,289.50
454.4,1,55,0,34,5.66
454.4,2,15,0,57,21.06
456.5,0,6651,100,86,267.73
456.5,1,55,0,34,6.05
456.5,2,15,0,57,20.73
458.6,0,5691,100,85,255.68
458.6,1,55,0,34,11.41
458.6,2,15,0,58,29.86
460.7,0,5723,97,87,296.25
460.7,1,55,0,34,7.25
460.7,2,15,0,57,21.13
462.8,0,9691,100,86,277.30
462.8,1,55,0,34,6.75
462.8,2,15,0,57,21.09
464.9,0,8475,100,87,273.83
464.9,1,55,0,34,7.99
464.9,2,15,0,57,23.35
467.0,0,5659,74,86,280.85
467.0,1,55,0,34,6.92
467.0,2,15,0,58,22.92
469.0,0,3961,80,86,272.28
469.0,1,55,0,34,6.77
469.0,2,15,0,57,21.20
471.1,0,3845,61,85,224.82
471.1,1,55,0,34,7.07
471.1,2,15,0,57,21.31
473.2,0,4325,65,85,228.03
473.2,1,55,0,34,11.73
473.2,2,15,0,58,29.88
475.3,0,7045,100,85,271.62
475.3,1,55,0,34,7.01
475.3,2,15,0,57,21.37
477.4,0,4229,100,83,265.42
477.4,1,55,0,34,7.02
477.4,2,15,0,57,20.89
479.5,0,6213,23,85,247.01
479.5,1,55,0,34,8.92
479.5,2,15,0,58,24.36
481.6,0,3237,100,85,274.86
481.6,1,55,0,35,7.74
481.6,2,15,0,58,21.86
483.7,0,6321,100,85,252.24
483.7,1,55,0,34,6.57
483.7,2,15,0,57,20.68
485.7,0,6417,100,85,259.34
485.7,1,55,0,34,6.81
485.7,2,15,0,57,21.02
487.8,0,3767,92,85,270.68
487.8,1,55,0,34,10.72
487.8,2,15,0,58,30.27
489.9,0,6757,100,85,232.05
489.9,1,55,0,34,6.39
489.9,2,15,0,57,21.74
491.9,0,6597,100,85,258.25
491.9,1,55,0,34,5.94
491.9,2,15,0,57,20.86
494.0,0,6367,50,82,255.63
494.0,1,55,0,34,8.11
494.0,2,15,0,58,24.59
496.1,0,6399,100,85,236.15
496.1,1,55,0,34,6.25
496.1,2,15,0,58,22.30
498.1,0,7039,100,85,260.58
498.1,1,55,0,34,5.84
498.1,2,15,0,57,20.74
500.2,0,4159,74,85,244.41
500.2,1,55,0,34,6.09
500.2,2,15,0,57,21.07
502.3,0,4447,100,84,248.59
502.3,1,55,0,34,10.69
502.3,2,15,0,58,29.81
504.4,0,4159,67,84,249.17
504.4,1,55,0,34,5.79
504.4,2,15,0,57,21.00
506.4,0,4255,84,84,269.78
506.4,1,55,0,34,5.80
506.4,2,15,0,57,21.27
508.5,0,4191,90,85,260.21
508.5,1,55,0,34,10.20
508.5,2,15,0,58,25.38
510.6,0,4031,79,85,266.89
510.6,1,55,0,34,6.48
510.6,2,15,0,58,22.96
512.7,0,3681,97,85,275.42
512.7,1,55,0,34,5.71
512.7,2,15,0,57,21.15
514.7,0,5889,99,85,240.37
514.7,1,55,0,34,5.86
514.7,2,15,0,57,21.22
516.8,0,6111,68,83,248.46
516.8,1,55,0,34,10.47
516.8,2,15,0,58,29.42
518.9,0,6143,100,85,255.16
518.9,1,55,0,34,6.98
518.9,2,15,0,57,20.73
521.0,0,6175,100,85,263.80
521.0,1,55,0,34,6.92
521.0,2,15,0,57,20.86
523.1,0,6335,99,84,224.02
523.1,1,55,0,34,11.84
523.1,2,15,0,58,30.16
525.2,0,6879,100,85,250.08
525.2,1,55,0,34,7.28
525.2,2,15,0,57,21.05
527.3,0,6751,100,85,262.63
527.3,1,55,0,34,6.80
527.3,2,15,0,57,20.78
529.4,0,4223,78,85,244.55
529.4,1,55,0,34,8.18
529.4,2,15,0,58,23.27
531.5,0,4543,97,85,282.06
531.5,1,55,0,35,7.22
531.5,2,15,0,58,22.22
533.6,0,3551,95,85,260.62
533.6,1,55,0,34,6.68
533.6,2,15,0,57,21.17
535.6,0,6975,100,85,254.35
535.6,1,55,0,34,6.86
535.6,2,15,0,57,20.85
537.7,0,6879,71,85,257.65
537.7,1,55,0,35,11.57
537.7,2,15,0,58,30.26
539.8,0,6911,62,85,254.89
539.8,1,55,0,34,6.90
539.8,2,15,0,57,21.38
541.9,0,7039,83,85,255.13
541.9,1,55,0,34,7.12
541.9,2,15,0,57,20.78
543.9,0,4127,79,85,256.01
543.9,1,55,0,34,8.26
543.9,2,15,0,58,23.93
546.0,0,3775,83,85,268.86
546.0,1,55,0,35,6.66
546.0,2,15,0,58,22.67
548.1,0,4127,97,83,268.68
548.1,1,55,0,34,6.41
548.1,2,15,0,57,21.10
550.2,0,4191,84,85,264.11
550.2,1,55,0,34,6.63
550.2,2,15,0,57,21.31
552.3,0,7327,100,85,268.20
552.3,1,55,0,34,11.21
552.3,2,15,0,58,30.07
554.4,0,4415,73,85,270.57
554.4,1,55,0,34,6.24
554.4,2,15,0,57,21.03
556.4,0,7583,78,85,259.07
556.4,1,55,0,34,5.87
556.4,2,15,0,57,21.30
558.5,0,4479,72,86,251.96
558.5,1,55,0,34,7.78
558.5,2,15,0,58,24.92
560.6,0,4063,98,86,292.60
560.6,1,55,0,35,6.43
560.6,2,15,0,58,23.04
562.7,0,4447,96,85,285.57
562.7,1,55,0,34,5.94
562.7,2,15,0,57,21.31
564.7,0,3903,96,86,284.91
564.7,1,55,0,34,6.08
564.7,2,15,0,57,21.37
566.8,0,7103,100,86,254.60
566.8,1,55,0,35,10.39
566.8,2,15,0,58,29.42
568.9,0,6975,100,86,247.61
568.9,1,55,0,34,5.91
568.9,2,15,0,58,20.73
570.9,0,4575,100,85,272.77
570.9,1,55,0,34,6.04
570.9,2,15,0,57,20.88
573.0,0,3743,100,86,281.38
573.0,1,55,0,34,8.03
573.0,2,15,0,58,29.67
575.1,0,7103,100,85,261.36
575.1,1,55,0,34,6.63
575.1,2,15,0,58,22.09
577.2,0,4127,83,86,252.21
577.2,1,55,0,34,5.90
577.2,2,15,0,58,20.75
579.3,0,5921,100,86,244.04
579.3,1,55,0,34,6.91
579.3,2,15,0,57,21.42
581.4,0,6465,100,86,257.57
581.4,1,55,0,35,11.65
581.4,2,15,0,58,21.70
583.4,0,6593,100,86,267.11
583.4,1,55,0,34,7.09
583.4,2,15,0,58,20.72
585.5,0,4033,100,84,249.15
585.5,1,55,0,34,7.28
585.5,2,15,0,57,20.67
587.6,0,3937,76,86,250.14
587.6,1,55,0,35,11.86
587.6,2,15,0,58,30.43
589.7,0,6401,93,84,254.88
589.7,1,55,0,34,7.24
589.7,2,15,0,58,21.53
591.8,0,6337,93,86,248.83
591.8,1,55,0,34,7.23
591.8,2,15,0,58,20.56
593.9,0,3809,63,83,257.27
593.9,1,55,0,34,7.04
593.9,2,15,0,57,20.67
595.9,0,6177,100,85,252.98
595.9,1,55,0,35,7.61
595.9,2,15,0,58,21.97
598.0,0,6337,100,86,254.78
598.0,1,55,0,34,6.94
598.0,2,15,0,58,20.58
600.1,0,6881,100,85,271.55
600.1,1,55,0,34,6.56
600.1,2,15,0,58,20.94
602.1,0,3841,87,85,247.95
602.1,1,55,0,35,10.64
602.1,2,15,0,58,29.76
604.2,0,6753,90,86,259.79
604.2,1,55,0,34,6.59
604.2,2,15,0,58,20.84
606.3,0,6881,100,85,256.79
606.3,1,55,0,34,6.65
606.3,2,15,0,58,20.52
608.4,0,4257,87,85,264.72
608.4,1,55,0,34,6.38
608.4,2,15,0,58,21.14
610.4,0,4001,94,86,261.34
610.4,1,55,0,35,6.21
610.4,2,15,0,58,22.69
612.5,0,6401,100,85,256.72
612.5,1,55,0,34,5.92
612.5,2,15,0,58,20.71
614.6,0,6369,74,85,248.77
614.6,1,55,0,34,6.07
614.6,2,15,0,58,20.63
616.6,0,3425,100,86,271.19
616.6,1,55,0,35,10.30
616.6,2,15,0,58,29.45
618.7,0,6241,100,85,262.04
618.7,1,55,0,34,5.82
618.7,2,15,0,58,20.94
620.8,0,6369,100,85,254.68
620.8,1,55,0,34,5.68
620.8,2,15,0,58,20.59
622.8,0,6433,100,85,267.87
622.8,1,55,0,34,6.95
622.8,2,15,0,58,22.52
624.9,0,3905,91,85,259.47
624.9,1,55,0,34,6.48
624.9,2,15,0,58,21.77
627.0,0,6753,94,86,259.57
627.0,1,55,0,34,5.94
627.0,2,15,0,58,20.66
629.0,0,6945,100,86,253.56
629.0,1,55,0,34,6.24
629.0,2,15,0,58,20.93
631.1,0,4545,93,86,261.49
631.1,1,55,0,35,10.03
631.1,2,15,0,58,30.12
633.2,0,3969,94,86,259.78
633.2,1,55,0,34,5.99
633.2,2,15,0,58,21.59
635.2,0,6369,100,86,264.41
635.2,1,55,0,34,5.70
635.2,2,15,0,58,20.89
637.3,0,2913,100,83,265.27
637.3,1,55,0,35,7.94
637.3,2,15,0,58,22.88
639.4,0,6177,80,85,243.03
639.4,1,55,0,35,7.52
639.4,2,15,0,58,21.94
641.5,0,6177,100,86,258.84
641.5,1,55,0,34,6.97
641.5,2,15,0,58,20.50
643.6,0,3617,100,83,254.08
643.6,1,55,0,34,7.09
643.6,2,15,0,58,20.68
645.7,0,6529,100,86,268.60
645.7,1,55,0,35,11.77
645.7,2,15,0,58,29.57
647.7,0,6689,69,85,247.28
647.7,1,55,0,34,7.33
647.7,2,15,0,58,20.77
649.8,0,6785,100,86,268.52
649.8,1,55,0,34,7.02
649.8,2,15,0,58,20.49
651.9,0,4449,100,86,270.93
651.9,1,55,0,35,8.81
651.9,2,15,0,58,29.75
654.0,0,4511,75,84,251.29
654.0,1,55,0,34,7.21
654.0,2,15,0,58,20.90
656.1,0,4735,94,86,287.38
656.1,1,55,0,34,6.90
656.1,2,15,0,58,21.20
658.2,0,4543,95,87,278.10
658.2,1,55,0,34,7.02
658.2,2,15,0,58,21.10
660.2,0,4063,94,86,283.92
660.2,1,55,0,35,11.64
660.2,2,15,0,58,30.16
662.3,0,4447,100,84,252.42
662.3,1,55,0,34,7.27
662.3,2,15,0,58,21.43
664.4,0,7103,100,85,259.39
664.4,1,55,0,34,6.88
664.4,2,15,0,58,20.72
666.5,0,7007,93,86,249.90
666.5,1,55,0,35,11.90
666.5,2,15,0,58,29.61
668.5,0,7007,100,86,252.42
668.5,1,55,0,34,7.27
668.5,2,15,0,58,20.87
670.6,0,3297,100,84,261.68
670.6,1,55,0,34,6.74
670.6,2,15,0,58,20.60
672.7,0,6433,100,86,257.11
672.7,1,55,0,34,6.82
672.7,2,15,1,58,21.00
674.7,0,6689,88,86,256.33
674.7,1,55,0,35,6.42
674.7,2,15,0,58,21.85
676.8,0,6721,100,86,260.89
676.8,1,55,0,34,5.73
676.8,2,15,0,58,20.76
678.9,0,4161,96,86,265.14
678.9,1,55,0,34,6.19
678.9,2,15,0,58,20.71
680.9,0,4225,84,86,254.04
680.9,1,55,0,35,10.12
680.9,2,15,0,58,29.95
683.0,0,6497,80,85,257.81
683.0,1,55,0,34,6.03
683.0,2,15,0,58,21.58
685.1,0,6305,100,86,250.52
685.1,1,55,0,34,5.91
685.1,2,15,0,58,20.78
687.1,0,6049,100,86,255.53
687.1,1,55,0,34,7.01
687.1,2,15,0,58,21.99
689.2,0,6209,94,86,268.02
689.2,1,55,0,35,6.23
689.2,2,15,0,58,22.13
691.3,0,6337,100,86,256.76
691.3,1,55,0,34,6.02
691.3,2,15,0,58,20.63
693.3,0,6049,100,86,273.93
693.3,1,55,0,34,6.25
693.3,2,15,0,58,20.84
695.4,0,6657,96,86,259.96
695.4,1,55,0,35,10.60
695.4,2,15,0,58,29.57
697.5,0,6305,81,86,256.60
697.5,1,55,0,34,6.64
697.5,2,15,0,58,20.93
699.6,0,6913,100,86,255.04
699.6,1,55,0,34,7.15
699.6,2,15,0,58,20.63
701.7,0,4353,94,84,224.04
701.7,1,55,0,35,8.57
701.7,2,15,0,58,23.28
703.7,0,4129,36,84,217.29
703.7,1,55,0,35,7.20
703.7,2,15,0,58,22.87
705.8,0,3489,56,84,231.82
705.8,1,55,0,34,6.94
705.8,2,15,0,58,20.91
707.9,0,3009,68,82,243.81
707.9,1,55,0,34,7.26
707.9,2,15,0,58,20.72
710.0,0,3425,35,83,229.24
710.0,1,55,0,35,11.51
710.0,2,15,0,58,29.20
712.1,0,4321,100,85,258.45
712.1,1,55,0,34,7.08
712.1,2,15,0,58,20.99
714.2,0,6145,66,84,255.97
714.2,1,55,0,34,7.19
714.2,2,15,0,58,20.44
716.3,0,6273,100,85,267.44
716.3,1,55,0,35,8.38
716.3,2,15,1,58,23.58
718.4,0,6465,100,85,253.60
718.4,1,55,0,35,7.24
718.4,2,15,0,58,20.84
720.5,0,6529,90,85,259.06
720.5,1,55,0,34,5.76
720.5,2,15,0,58,20.62
722.5,0,6657,100,85,257.44
722.5,1,55,0,34,5.74
722.5,2,15,0,58,20.64
724.6,0,4033,100,85,257.99
724.6,1,55,0,35,10.33
724.6,2,15,0,58,30.12
726.7,0,4065,81,85,265.89
726.7,1,55,0,34,6.06
726.7,2,15,0,58,21.10
728.7,0,4065,100,85,268.88
728.7,1,55,0,34,5.72
728.7,2,15,0,58,21.00
730.8,0,6465,100,85,259.26
730.8,1,55,0,34,7.89
730.8,2,15,0,58,24.71
732.9,0,5921,100,86,263.16
732.9,1,55,0,35,6.01
732.9,2,15,0,58,22.34
734.9,0,6145,83,83,256.56
734.9,1,55,0,34,5.66
734.9,2,15,0,58,20.71
737.0,0,6209,100,86,254.74
737.0,1,55,0,34,6.12
737.0,2,15,0,58,20.89
739.1,0,6465,100,85,266.46
739.1,1,55,0,35,6.50
739.1,2,15,0,58,22.05
741.1,0,6561,100,85,256.29
741.1,1,55,0,34,5.95
741.1,2,15,0,58,20.58
743.2,0,6593,100,85,257.48
743.2,1,55,0,34,6.07
743.2,2,15,0,58,20.86
745.3,0,6753,100,86,263.65
745.3,1,55,0,35,9.96
745.3,2,15,0,58,24.93
747.3,0,4193,94,85,255.68
747.3,1,55,0,35,6.19
747.3,2,15,0,58,21.89
749.4,0,3457,91,86,268.42
749.4,1,55,0,34,5.88
749.4,2,15,0,58,21.17
751.5,0,3937,94,85,237.77
751.5,1,55,0,34,7.20
751.5,2,15,0,58,22.18
753.5,0,5825,100,85,237.93
753.5,1,55,0,35,5.94
753.5,2,15,0,58,22.60
755.6,0,5889,80,86,257.20
755.6,1,55,0,34,5.78
755.6,2,15,0,58,20.76
757.7,0,5569,100,86,276.76
757.7,1,55,0,34,6.64
757.7,2,15,0,58,20.67
759.7,0,6241,100,85,257.83
759.7,1,55,0,35,11.84
759.7,2,15,0,58,29.35
761.8,0,6369,100,86,268.80
761.8,1,55,0,34,7.08
761.8,2,15,0,58,20.93
763.9,0,4257,100,86,267.80
763.9,1,55,0,34,7.27
763.9,2,15,0,58,20.64
766.0,0,6175,100,86,257.13
766.0,1,55,0,34,7.05
766.0,2,15,0,58,23.26
768.0,0,4319,89,85,225.36
768.0,1,55,0,35,7.81
768.0,2,15,0,58,21.85
770.1,0,4319,92,86,258.29
770.1,1,55,0,34,6.99
770.1,2,15,0,58,22.13
772.2,0,4447,91,85,252.31
772.2,1,55,0,34,7.01
772.2,2,15,0,58,22.17
774.3,0,5023,85,86,227.01
774.3,1,55,0,35,11.49
774.3,2,15,0,58,29.92
776.4,0,4671,95,86,284.09
776.4,1,55,0,34,6.95
776.4,2,15,0,58,21.56
778.4,0,4127,94,86,284.09
778.4,1,55,0,34,6.83
778.4,2,15,0,58,21.11
780.5,0,4575,94,86,286.38
780.5,1,55,0,35,8.90
780.5,2,15,0,58,24.16
782.6,0,7199,96,85,243.36
782.6,1,55,0,35,7.34
782.6,2,15,0,58,22.51
784.7,0,13413,91,87,267.52
784.7,1,55,0,34,6.91
784.7,2,15,0,58,20.65
786.8,0,16261,100,86,276.48
786.8,1,55,0,34,7.18
786.8,2,15,0,58,20.79
788.9,0,16357,100,86,271.26
788.9,1,55,0,35,11.62
788.9,2,15,0,58,29.67
791.0,0,16325,100,86,253.51
791.0,1,55,0,34,6.83
791.0,2,15,0,58,20.82
793.0,0,17861,94,86,261.59
793.0,1,55,0,34,6.66
793.0,2,15,0,58,20.54
795.1,0,16583,99,86,258.38
795.1,1,55,0,35,8.37
795.1,2,15,0,58,24.64
797.2,0,17383,100,86,280.24
797.2,1,55,0,35,7.02
797.2,2,15,0,58,21.59
799.3,0,17159,100,87,257.54
799.3,1,55,0,34,6.43
799.3,2,15,0,58,20.47
801.3,0,14087,100,87,279.47
801.3,1,55,0,34,6.64
801.3,2,15,0,58,20.65
803.4,0,14119,93,86,283.51
803.4,1,55,0,35,11.28
803.4,2,15,0,58,22.49
805.5,0,14151,99,87,280.17
805.5,1,55,0,34,6.09
805.5,2,15,0,58,20.68
807.6,0,14215,99,87,281.90
807.6,1,55,0,34,5.74
807.6,2,15,0,58,20.77
809.6,0,14119,99,87,281.05
809.6,1,55,0,35,10.28
809.6,2,15,0,58,29.26
811.7,0,17413,99,87,283.26
811.7,1,55,0,34,5.72
811.7,2,15,0,58,21.93
813.8,0,16677,93,87,264.65
813.8,1,55,0,34,5.73
813.8,2,15,0,58,20.59
815.8,0,13733,98,87,270.10
815.8,1,55,0,34,5.94
815.8,2,15,0,58,20.77
817.9,0,14085,97,87,284.57
817.9,1,55,0,35,11.22
817.9,2,15,0,58,22.19
820.0,0,13573,92,87,282.43
820.0,1,55,0,34,6.97
820.0,2,15,0,58,20.99
822.1,0,13415,98,87,280.31
822.1,1,55,0,34,7.20
822.1,2,15,0,58,20.99
824.2,0,13863,98,87,285.36
824.2,1,55,0,35,11.51
824.2,2,15,0,58,29.86
826.3,0,13863,98,87,278.24
826.3,1,55,0,34,7.12
826.3,2,15,0,58,21.35
828.4,0,13927,97,87,280.96
828.4,1,55,0,34,7.17
828.4,2,15,0,58,20.94
830.4,0,13799,93,87,271.92
830.4,1,55,0,34,6.76
830.4,2,15,0,58,23.24
832.5,0,13767,98,88,283.28
832.5,1,55,0,35,7.18
832.5,2,15,0,58,22.15
834.6,0,13703,96,87,277.41
834.6,1,55,0,34,6.80
834.6,2,15,0,58,20.79
836.7,0,13383,96,87,278.69
836.7,1,55,0,34,7.08
836.7,2,15,0,58,20.86
838.8,0,12743,100,87,271.48
838.8,1,55,0,35,11.68
838.8,2,15,0,58,29.61
840.9,0,15943,100,87,262.04
840.9,1,55,0,34,7.02
840.9,2,15,0,58,20.74
843.0,0,16967,100,87,249.74
843.0,1,55,0,34,6.81
843.0,2,15,0,58,20.42
845.0,0,15815,100,87,271.76
845.0,1,55,0,35,8.69
845.0,2,15,0,58,23.80
847.1,0,16423,100,87,260.19
847.1,1,55,0,35,7.59
847.1,2,15,0,58,22.38
849.2,0,13607,93,87,276.01
849.2,1,55,0,34,6.79
849.2,2,15,0,58,20.42
851.3,0,16007,100,87,275.18
851.3,1,55,0,34,6.98
851.3,2,15,0,58,20.83
853.3,0,17543,100,87,260.46
853.3,1,55,0,35,11.61
853.3,2,15,0,58,29.08
855.4,0,13735,100,87,262.17
855.4,1,55,0,34,6.30
855.4,2,15,0,58,20.73
857.5,0,13479,99,87,286.26
857.5,1,55,0,34,6.10
857.5,2,15,0,58,20.75
859.6,0,13415,94,87,283.51
859.6,1,55,0,35,8.16
859.6,2,15,0,58,24.52
861.6,0,13607,98,87,284.17
861.6,1,55,0,35,7.11
861.6,2,15,0,58,22.00
863.7,0,13959,98,87,282.02
863.7,1,55,0,34,6.26
863.7,2,15,0,58,20.80
865.8,0,13959,97,87,279.09
865.8,1,55,0,34,6.41
865.8,2,15,0,58,20.99
867.9,0,13863,97,87,281.39
867.9,1,55,0,35,10.59
867.9,2,15,0,58,29.82
870.0,0,13831,98,88,277.77
870.0,1,55,0,34,6.48
870.0,2,15,0,58,21.03
872.0,0,13831,98,87,279.69
872.0,1,55,0,34,6.13
872.0,2,15,0,58,21.04
874.1,0,13735,97,87,279.16
874.1,1,55,0,35,10.12
874.1,2,15,0,58,25.12
876.2,0,13319,97,88,279.88
876.2,1,55,0,35,5.56
876.2,2,15,0,58,22.45
878.3,0,15527,100,87,250.35
878.3,1,55,0,34,6.52
878.3,2,15,0,58,20.75
880.4,0,14439,100,85,270.01
880.4,1,55,0,34,6.60
880.4,2,15,0,58,20.59
882.5,0,16071,100,87,263.62
882.5,1,55,0,35,11.74
882.5,2,15,0,58,22.05
884.6,0,16167,92,87,231.04
884.6,1,55,0,34,6.81
884.6,2,15,0,58,20.50
886.7,0,16359,70,87,254.17
886.7,1,55,0,34,7.03
886.7,2,15,0,58,20.59
888.8,0,13255,97,87,279.63
888.8,1,55,0,35,11.76
888.8,2,15,0,58,29.61
890.8,0,15975,100,87,272.33
890.8,1,55,0,34,7.27
890.8,2,15,0,58,21.10
892.9,0,16711,72,84,245.66
892.9,1,55,0,34,6.94
892.9,2,15,0,58,20.63
895.0,0,13735,97,87,270.21
895.0,1,55,0,34,6.89
895.0,2,15,0,58,23.05
897.1,0,13799,97,87,281.97
897.1,1,55,0,35,7.10
897.1,2,15,0,58,22.73
899.2,0,14119,97,87,283.55
899.2,1,55,0,34,6.83
899.2,2,15,0,58,20.98
901.2,0,13479,94,87,285.51
901.2,1,55,0,34,7.07
901.2,2,15,0,58,21.06
903.3,0,13575,96,87,283.87
903.3,1,55,0,35,11.57
903.3,2,15,0,58,29.22
905.4,0,13895,98,87,285.22
905.4,1,55,0,34,7.09
905.4,2,15,0,58,21.25
907.5,0,13863,96,87,279.39
907.5,1,55,0,34,6.95
907.5,2,15,0,58,20.86
909.6,0,13799,97,87,281.60
909.6,1,55,0,35,8.96
909.6,2,15,0,58,23.81
911.7,0,13767,93,87,277.93
911.7,1,55,0,35,7.58
911.7,2,15,0,58,22.28
913.8,0,13127,95,87,280.88
913.8,1,55,0,34,7.05
913.8,2,15,0,58,21.01
915.9,0,22097,100,87,261.02
915.9,1,55,0,34,7.21
915.9,2,15,0,58,20.81
918.0,0,25265,47,85,258.40
918.0,1,55,0,35,11.55
918.0,2,15,0,58,29.83
920.1,0,33083,100,87,280.73
920.1,1,55,0,34,6.56
920.1,2,15,0,58,20.50
922.2,0,34459,100,87,264.57
922.2,1,55,0,34,6.62
922.2,2,15,0,58,20.48
924.2,0,34171,100,87,281.38
924.2,1,55,0,35,10.06
924.2,2,15,0,58,24.38
926.3,0,34267,100,88,281.44
926.3,1,55,0,35,6.32
926.3,2,15,0,58,22.32
928.4,0,31771,100,87,277.39
928.4,1,55,0,34,5.76
928.4,2,15,0,58,20.38
930.5,0,32443,100,88,276.51
930.5,1,55,0,34,5.89
930.5,2,15,1,58,20.65
932.5,0,31899,100,87,264.14
932.5,1,55,0,35,10.37
932.5,2,15,0,58,21.83
934.6,0,31899,99,87,282.89
934.6,1,55,0,34,5.81
934.6,2,15,0,58,20.44
936.7,0,31931,100,87,282.22
936.7,1,55,0,34,6.18
936.7,2,15,0,58,20.63
938.8,0,31963,99,87,280.53
938.8,1,55,0,35,11.22
938.8,2,15,0,58,25.03
940.9,0,31931,100,87,282.04
940.9,1,55,0,34,7.13
940.9,2,15,0,58,21.64
943.0,0,31931,97,87,282.83
943.0,1,55,0,34,6.96
943.0,2,15,0,58,20.49
945.1,0,31867,100,87,282.41
945.1,1,55,0,35,7.74
945.1,2,15,0,58,22.27
947.2,0,31931,100,87,282.00
947.2,1,55,0,35,6.72
947.2,2,15,0,58,22.22
949.3,0,31483,100,87,281.62
949.3,1,55,0,34,6.58
949.3,2,15,0,58,20.42
951.4,0,31483,100,88,280.44
951.4,1,55,0,34,6.86
951.4,2,15,0,58,20.57
953.5,0,31483,100,87,283.45
953.5,1,55,0,35,11.40
953.5,2,15,0,58,29.43
955.5,0,34555,100,87,284.17
955.5,1,55,0,34,6.87
955.5,2,15,0,58,20.68
957.6,0,32187,100,87,268.80
957.6,1,55,0,34,6.58
957.6,2,15,0,58,20.42
959.7,0,34619,100,87,281.91
959.7,1,55,0,35,8.58
959.7,2,15,0,58,23.24
961.8,0,34779,100,87,283.94
961.8,1,55,0,35,7.57
961.8,2,15,0,58,21.76
963.9,0,36091,100,87,262.07
963.9,1,55,0,34,6.82
963.9,2,15,0,58,20.46
965.9,0,32539,100,87,267.92
965.9,1,55,0,34,6.88
965.9,2,15,0,58,20.49
968.0,0,32187,100,87,284.52
968.0,1,55,0,35,11.52
968.0,2,15,0,58,30.13
970.1,0,32219,98,87,284.08
970.1,1,55,0,34,7.03
970.1,2,15,0,58,21.02
972.2,0,32251,99,87,284.48
972.2,1,55,0,34,6.77
972.2,2,15,0,58,20.54
974.3,0,32251,97,87,278.57
974.3,1,55,0,35,8.56
974.3,2,15,0,58,23.96
976.4,0,32283,94,87,281.94
976.4,1,55,0,35,7.00
976.4,2,15,0,58,22.19
978.5,0,32283,96,87,280.27
978.5,1,55,0,34,6.63
978.5,2,15,0,58,20.52
980.6,0,32251,98,87,283.97
980.6,1,55,0,34,6.70
980.6,2,15,0,58,20.59
982.7,0,32219,100,87,280.42
982.7,1,55,0,35,7.19
982.7,2,15,0,59,29.78
984.8,0,32155,100,87,284.52
984.8,1,55,0,34,6.57
984.8,2,15,0,58,20.75
986.9,0,31899,98,87,279.00
986.9,1,55,0,34,6.80
986.9,2,15,0,58,20.40
989.0,0,31707,100,87,282.37
989.0,1,55,0,35,11.13
989.0,2,15,0,59,29.99
991.1,0,32283,100,88,284.06
991.1,1,55,0,35,7.02
991.1,2,15,0,58,20.62
993.2,0,32219,100,87,282.67
993.2,1,55,0,34,6.83
993.2,2,15,0,58,20.56
995.2,0,32219,100,87,278.15
995.2,1,55,0,34,8.14
995.2,2,15,0,58,21.20
997.3,0,14483,99,87,278.93
997.3,1,55,0,35,7.02
997.3,2,15,0,59,22.53
999.4,0,14227,100,87,278.38
999.4,1,55,0,34,7.11
999.4,2,15,0,58,20.77
1001.5,0,14131,70,86,251.15
1001.5,1,55,0,34,7.22
1001.5,2,15,0,58,20.96
1003.6,0,3307,88,86,257.71
1003.6,1,55,0,35,11.65
1003.6,2,15,0,59,29.74
1005.7,0,6697,100,86,253.64
1005.7,1,55,0,34,7.28
1005.7,2,15,0,58,21.02
1007.8,0,6889,100,87,259.90
1007.8,1,55,0,34,6.73
1007.8,2,15,0,58,20.54
1009.8,0,7141,100,87,267.67
1009.8,1,55,0,34,8.29
1009.8,2,15,0,59,22.14
1011.9,0,7237,99,86,238.85
1011.9,1,55,0,35,7.71
1011.9,2,15,0,59,21.69
1014.0,0,4677,69,86,235.43
1014.0,1,55,0,34,6.80
1014.0,2,15,0,58,20.53
1016.1,0,4295,74,85,246.93
1016.1,1,55,0,34,6.92
1016.1,2,15,0,58,21.26
1018.2,0,5799,100,86,273.79
1018.2,1,55,0,35,11.35
1018.2,2,15,0,59,30.05
1020.3,0,4273,83,86,277.60
1020.3,1,55,0,34,7.14
1020.3,2,15,0,58,21.34
1022.3,0,4451,97,87,292.99
1022.3,1,55,0,34,6.75
1022.3,2,15,0,58,21.21
1024.4,0,4891,98,87,298.13
1024.4,1,55,1,35,8.52
1024.4,2,15,0,59,23.42
1026.5,0,4827,98,87,294.95
1026.5,1,55,0,35,7.14
1026.5,2,15,0,59,22.41
1028.6,0,7475,97,87,284.39
1028.6,1,55,0,34,6.93
1028.6,2,15,0,58,21.16
1030.7,0,7763,100,86,263.45
1030.7,1,55,0,34,6.82
1030.7,2,15,0,58,20.86
1032.8,0,5203,94,87,273.92
1032.8,1,55,0,35,11.82
1032.8,2,15,0,59,29.75
1034.9,0,4595,77,86,259.63
1034.9,1,55,0,34,7.09
1034.9,2,15,0,58,21.35
1037.0,0,4499,97,87,294.48
1037.0,1,55,0,34,6.84
1037.0,2,15,0,58,21.41
1039.1,0,6867,98,87,294.90
1039.1,1,55,0,35,8.91
1039.1,2,15,0,59,30.10
1041.1,0,7667,95,87,264.37
1041.1,1,55,0,34,6.96
1041.1,2,15,0,58,21.43
1043.2,0,7763,100,87,281.68
1043.2,1,55,0,34,6.12
1043.2,2,15,0,58,20.75
1045.3,0,7347,100,86,260.95
1045.3,1,55,0,34,6.39
1045.3,2,15,0,58,20.72
1047.3,0,7603,100,87,277.07
1047.3,1,55,0,35,5.97
1047.3,2,15,0,59,29.55
1049.4,0,8179,99,86,258.05
1049.4,1,55,0,34,5.68
1049.4,2,15,0,58,21.12
1051.5,0,5075,98,87,287.55
1051.5,1,55,0,34,5.77
1051.5,2,15,0,58,21.02
1053.5,0,8147,100,86,268.39
1053.5,1,55,0,35,7.93
1053.5,2,15,0,59,29.97
1055.6,0,4979,98,87,294.35
1055.6,1,55,0,34,5.89
1055.6,2,15,0,58,21.28
1057.7,0,4627,98,87,294.00
1057.7,1,55,0,34,6.17
1057.7,2,15,0,58,21.15
1059.8,0,4659,98,87,295.26
1059.8,1,55,0,34,7.57
1059.8,2,15,1,58,21.48
1061.9,0,5043,91,86,293.14
1061.9,1,55,0,35,7.36
1061.9,2,15,0,59,22.17
1064.0,0,4915,98,87,290.57
1064.0,1,55,0,34,6.44
1064.0,2,15,0,58,21.00
1066.0,0,7699,100,87,259.54
1066.0,1,55,0,34,7.01
1066.0,2,15,0,58,21.16
1068.1,0,5299,100,87,277.67
1068.1,1,55,0,35,11.47
1068.1,2,15,0,59,30.18
1070.2,0,4947,98,87,293.10
1070.2,1,55,0,34,7.02
1070.2,2,15,0,58,21.43
1072.3,0,5011,97,87,292.80
1072.3,1,55,0,34,6.71
1072.3,2,15,0,58,21.13
1074.4,0,5045,89,87,271.20
1074.4,1,55,0,34,8.32
1074.4,2,15,0,59,22.40
1076.5,0,5077,98,87,288.23
1076.5,1,55,0,35,7.18
1076.5,2,15,0,59,22.58
1078.6,0,7669,100,87,262.73
1078.6,1,55,0,34,6.88
1078.6,2,15,0,58,20.97
1080.6,0,7765,81,87,263.44
1080.6,1,55,0,34,6.96
1080.6,2,15,0,58,21.03
1082.7,0,7381,100,87,266.27
1082.7,1,55,0,35,11.90
1082.7,2,15,0,59,30.17
1084.8,0,6805,94,86,244.47
1084.8,1,55,0,34,6.86
1084.8,2,15,0,58,20.89
1086.9,0,7989,42,85,252.58
1086.9,1,55,0,34,6.64
1086.9,2,15,0,58,20.67
1089.0,0,4981,98,87,264.88
1089.0,1,55,0,35,8.34
1089.0,2,15,0,59,25.37
1091.1,0,8085,94,87,291.45
1091.1,1,55,0,35,7.29
1091.1,2,15,0,59,23.07
1093.2,0,5109,98,87,264.52
1093.2,1,55,0,34,6.71
1093.2,2,15,0,58,21.01
1095.3,0,5077,98,87,292.96
1095.3,1,55,0,34,6.82
1095.3,2,15,0,58,21.30
1097.4,0,5301,98,87,292.64
1097.4,1,55,0,35,11.87
1097.4,2,15,0,59,29.83
1099.4,0,5141,97,87,295.47
1099.4,1,55,0,34,6.93
1099.4,2,15,0,58,21.67
1101.5,0,5077,98,87,289.94
1101.5,1,55,0,34,6.18
1101.5,2,15,0,58,21.31
1103.6,0,7733,100,87,281.72
1103.6,1,55,0,34,7.63
1103.6,2,15,0,59,29.93
1105.6,0,5877,100,87,275.27
1105.6,1,55,0,35,6.35
1105.6,2,15,0,59,20.85
1107.7,0,5109,98,87,292.11
1107.7,1,55,0,34,5.76
1107.7,2,15,0,58,21.15
1109.8,0,5205,98,87,289.07
1109.8,1,55,0,34,6.26
1109.8,2,15,0,59,21.25
1111.9,0,4469,93,87,261.99
1111.9,1,55,0,35,6.36
1111.9,2,15,0,59,30.07
1113.9,0,5013,95,87,288.54
1113.9,1,55,0,34,5.71
1113.9,2,15,0,59,21.85
1116.0,0,7733,91,87,270.30
1116.0,1,55,0,34,5.86
1116.0,2,15,0,58,21.12
1118.0,0,7253,100,87,270.97
1118.0,1,55,0,34,11.47
1118.0,2,15,0,59,29.77
1120.1,0,7861,100,87,264.69
1120.1,1,55,0,35,7.43
1120.1,2,15,0,59,21.26
1122.2,0,8117,76,87,268.14
1122.2,1,55,0,34,6.91
1122.2,2,15,0,59,20.78
1124.3,0,8181,91,84,260.59
1124.3,1,55,0,34,7.86
1124.3,2,15,0,59,21.15
1126.4,0,5109,98,87,271.88
1126.4,1,55,0,34,7.59
1126.4,2,15,0,59,22.45
1128.5,0,7605,100,87,280.37
1128.5,1,55,0,34,6.87
1128.5,2,15,0,59,21.23
1130.6,0,4293,96,87,279.80
1130.6,1,55,0,34,7.06
1130.6,2,15,0,59,21.21
1132.7,0,4389,87,86,280.74
1132.7,1,55,0,35,11.44
1132.7,2,15,0,59,30.26
1134.8,0,4229,94,87,281.67
1134.8,1,55,0,34,6.93
1134.8,2,15,0,59,21.35
1136.8,0,6949,96,87,276.72
1136.8,1,55,0,34,6.85
1136.8,2,15,0,59,21.38
1138.9,0,5989,97,86,273.42
1138.9,1,55,0,35,8.19
1138.9,2,15,0,59,22.03
1141.0,0,4485,79,86,263.32
1141.0,1,55,0,34,6.75
1141.0,2,15,0,59,23.10
1143.1,0,4517,75,86,277.08
1143.1,1,55,0,34,6.70
1143.1,2,15,0,59,21.30
1145.2,0,3909,94,87,254.87
1145.2,1,55,0,34,7.04
1145.2,2,15,0,59,21.60
1147.3,0,3685,100,87,274.42
1147.3,1,55,0,35,11.52
1147.3,2,15,0,59,30.20
1149.3,0,6565,100,87,273.16
1149.3,1,55,0,34,7.01
1149.3,2,15,0,59,21.33
1151.4,0,7077,100,86,256.80
1151.4,1,55,0,34,6.93
1151.4,2,15,0,59,20.86
1153.5,0,7141,100,86,255.96
1153.5,1,55,0,34,8.23
1153.5,2,15,0,59,25.34
1155.6,0,7077,95,85,233.78
1155.6,1,55,0,35,7.28
1155.6,2,15,0,59,21.95
1157.7,0,4301,88,86,255.92
1157.7,1,55,0,34,6.43
1157.7,2,15,0,59,20.89
1159.7,0,7181,94,86,261.86
1159.7,1,55,0,34,6.42
1159.7,2,15,0,59,21.35
1161.8,0,4797,100,86,251.90
1161.8,1,55,0,34,10.68
1161.8,2,15,0,59,30.25
1163.9,0,14355,97,85,281.98
1163.9,1,55,0,34,6.09
1163.9,2,15,0,59,21.42
1165.9,0,14517,99,86,285.38
1165.9,1,55,0,34,5.95
1165.9,2,15,0,59,20.89
1168.0,0,13589,100,86,287.27
1168.0,1,55,0,34,7.86
1168.0,2,15,0,59,29.65
1170.1,0,13493,100,86,276.47
1170.1,1,55,0,34,6.15
1170.1,2,15,0,59,21.31
1172.2,0,13813,100,86,282.21
1172.2,1,55,0,34,5.66
1172.2,2,15,0,59,20.93
1174.2,0,13845,96,86,285.12
1174.2,1,55,0,34,6.22
1174.2,2,15,0,59,21.00
1176.3,0,13877,97,86,277.61
1176.3,1,55,0,34,6.43
1176.3,2,15,0,59,30.06
1178.4,0,13941,100,86,281.38
1178.4,1,55,0,34,6.76
1178.4,2,15,0,59,21.06
1180.5,0,13909,100,86,283.72
1180.5,1,55,0,34,6.92
1180.5,2,15,0,59,21.01
1182.6,0,13749,90,86,283.46
1182.6,1,55,0,34,11.28
1182.6,2,15,0,59,30.53
1184.7,0,13749,99,86,280.23
1184.7,1,55,0,34,7.71
1184.7,2,15,0,59,21.03
1186.7,0,22751,100,87,284.33
1186.7,1,55,0,34,6.92
1186.7,2,15,0,59,20.83
1188.8,0,25695,99,86,277.53
1188.8,1,55,0,34,7.98
1188.8,2,15,0,59,21.17
1190.9,0,22687,99,87,278.27
1190.9,1,55,0,34,6.80
1190.9,2,15,0,59,22.55
1193.0,0,24479,100,86,281.89
1193.0,1,55,0,34,6.66
1193.0,2,15,0,59,20.82
1195.1,0,27071,97,86,249.89
1195.1,1,55,0,34,7.05
1195.1,2,15,0,59,20.88
1197.2,0,27167,82,84,242.04
1197.2,1,55,0,34,11.74
1197.2,2,15,0,59,30.06
1199.3,0,22879,82,85,263.57
1199.3,1,55,0,34,7.25
1199.3,2,15,0,59,21.06
1201.4,0,25823,100,86,271.90
1201.4,1,55,0,34,7.07
1201.4,2,15,0,59,20.94
1203.5,0,23103,86,87,272.86
1203.5,1,55,0,34,8.50
1203.5,2,15,0,59,22.50
1205.6,0,23167,80,87,281.63
1205.6,1,55,0,35,7.46
1205.6,2,15,0,59,21.86
1207.7,0,23231,95,86,277.46
1207.7,1,55,0,34,6.96
1207.7,2,15,0,59,20.91
1209.7,0,23231,100,86,279.08
1209.7,1,55,0,34,6.89
1209.7,2,15,0,59,20.87
1211.8,0,23135,96,87,279.40
1211.8,1,55,0,34,11.19
1211.8,2,15,0,59,30.33
1213.9,0,22911,85,85,274.86
1213.9,1,55,0,34,6.33
1213.9,2,15,0,59,21.31
1216.0,0,22719,100,87,273.66
1216.0,1,55,0,34,6.25
1216.0,2,15,0,59,20.75
1218.1,0,23551,100,87,278.34
1218.1,1,55,0,34,8.07
1218.1,2,15,0,59,29.52
1220.1,0,23231,100,86,281.48
1220.1,1,55,0,35,6.59
1220.1,2,15,0,59,22.44
1222.2,0,23263,100,87,279.72
1222.2,1,55,0,34,5.60
1222.2,2,15,0,59,20.74
1224.3,0,23295,91,87,284.49
1224.3,1,55,0,34,5.59
1224.3,2,15,0,59,20.96
1226.3,0,23263,98,87,279.97
1226.3,1,55,0,34,6.22
1226.3,2,15,0,59,30.15
1228.4,0,23135,100,86,278.14
1228.4,1,55,0,34,5.57
1228.4,2,15,0,59,21.02
1230.5,0,22879,87,87,279.12
1230.5,1,55,0,34,5.57
1230.5,2,15,0,59,21.06
1232.6,0,23231,100,87,277.12
1232.6,1,55,0,34,7.77
1232.6,2,15,0,59,30.30
1234.6,0,23231,100,87,277.84
1234.6,1,55,0,34,6.17
1234.6,2,15,0,59,21.44
1236.7,0,23231,100,87,278.52
1236.7,1,55,0,34,5.64
1236.7,2,15,0,59,20.83
1238.8,0,23327,97,87,280.65
1238.8,1,55,0,34,7.50
1238.8,2,15,0,59,20.94
1240.9,0,23231,97,86,283.05
1240.9,1,55,0,34,7.26
1240.9,2,15,0,59,29.80
1243.0,0,23135,98,87,279.10
1243.0,1,55,0,34,6.85
1243.0,2,15,0,59,20.84
1245.1,0,23039,100,87,274.85
1245.1,1,55,0,34,6.86
1245.1,2,15,0,59,21.11
1247.2,0,22847,100,87,280.59
1247.2,1,55,0,34,11.63
1247.2,2,15,0,59,30.10
1249.2,0,23167,91,86,279.04
1249.2,1,55,0,34,7.17
1249.2,2,15,0,59,21.17
1251.3,0,13709,100,87,272.80
1251.3,1,55,0,34,6.89
1251.3,2,15,0,59,20.76
1253.4,0,4481,97,87,282.79
1253.4,1,55,0,34,8.45
1253.4,2,15,0,59,21.01
1255.5,0,7219,100,87,280.41
1255.5,1,55,0,34,7.48
1255.5,2,15,0,59,22.03
1257.6,0,7407,100,86,256.82
1257.6,1,55,0,34,6.94
1257.6,2,15,0,59,20.68
1259.7,0,5039,98,87,292.68
1259.7,1,55,0,34,7.16
1259.7,2,15,0,59,21.09
1261.8,0,4693,98,87,288.63
1261.8,1,55,0,34,11.64
1261.8,2,15,0,59,30.34
1263.8,0,4437,97,87,295.98
1263.8,1,55,0,34,7.05
1263.8,2,15,0,59,21.67
1265.9,0,4497,98,87,292.54
1265.9,1,55,0,34,6.97
1265.9,2,15,0,59,21.09
1268.0,0,4721,97,87,293.28
1268.0,1,55,0,34,8.62
1268.0,2,15,0,59,24.99
1270.1,0,7953,100,87,275.51
1270.1,1,55,0,34,7.53
1270.1,2,15,0,59,22.28
1272.2,0,24099,98,87,275.36
1272.2,1,55,0,34,6.92
1272.2,2,15,0,59,20.66
1274.3,0,23235,100,87,266.10
1274.3,1,55,0,34,6.50
1274.3,2,15,0,59,20.74
1276.4,0,27875,88,86,257.55
1276.4,1,55,0,34,11.72
1276.4,2,15,0,59,30.32
1278.5,0,35789,100,87,265.77
1278.5,1,55,0,34,7.05
1278.5,2,15,0,59,20.80
1280.6,0,32813,100,87,280.41
1280.6,1,55,0,34,6.97
1280.6,2,15,0,59,20.84
1282.7,0,33421,100,87,281.77
1282.7,1,55,0,34,8.72
1282.7,2,15,0,59,25.19
1284.7,0,46423,99,86,267.05
1284.7,1,55,0,34,6.69
1284.7,2,15,0,59,22.40
1286.8,0,42103,95,87,246.97
1286.8,1,55,0,34,6.22
1286.8,2,15,0,59,20.49
1288.9,0,45527,99,87,283.11
1288.9,1,55,0,34,6.18
1288.9,2,15,0,59,20.82
1291.0,0,42391,99,87,282.24
1291.0,1,55,0,34,11.11
1291.0,2,15,0,59,29.83
1293.1,0,42391,100,87,285.55
1293.1,1,55,0,34,6.36
1293.1,2,15,0,59,20.45
1295.1,0,42391,99,87,283.88
1295.1,1,55,0,34,5.91
1295.1,2,15,0,59,20.62
1297.2,0,42391,94,87,283.35
1297.2,1,55,0,34,8.54
1297.2,2,15,0,59,29.87
1299.3,0,42423,100,87,283.60
1299.3,1,55,0,34,7.05
1299.3,2,15,0,59,20.82
1301.3,0,42423,100,87,286.36
1301.3,1,55,0,34,6.66
1301.3,2,15,0,59,20.60
1303.4,0,42423,100,87,283.24
1303.4,1,55,0,34,7.19
1303.4,2,15,0,59,20.60
1305.5,0,22491,100,87,242.57
1305.5,1,55,0,34,6.85
1305.5,2,15,0,59,22.67
1307.6,0,22139,95,87,280.15
1307.6,1,55,0,34,6.51
1307.6,2,15,0,59,21.18
1309.7,0,22395,96,87,281.79
1309.7,1,55,0,34,6.99
1309.7,2,15,0,59,21.45
1311.8,0,22395,97,87,279.71
1311.8,1,55,0,34,11.30
1311.8,2,15,0,59,29.74
1313.8,0,22395,95,87,280.54
1313.8,1,55,0,34,7.07
1313.8,2,15,0,59,21.65
1315.9,0,22459,96,87,282.58
1315.9,1,55,0,34,6.85
1315.9,2,15,0,59,21.28
1318.0,0,21915,97,87,281.06
1318.0,1,55,0,34,8.32
1318.0,2,15,1,59,24.28
1320.1,0,22395,96,87,281.03
1320.1,1,55,0,34,7.57
1320.1,2,15,0,59,22.53
1322.2,0,13269,98,87,271.95
1322.2,1,55,0,34,6.86
1322.2,2,15,0,59,21.22
1324.2,0,12873,100,87,279.50
1324.2,1,55,0,34,7.28
1324.2,2,15,0,59,21.46
1326.3,0,13643,100,86,277.29
1326.3,1,55,0,34,11.19
1326.3,2,15,0,59,30.45
1328.4,0,13387,99,87,297.69
1328.4,1,55,0,34,7.21
1328.4,2,15,0,59,21.18
1330.5,0,12843,91,87,292.40
1330.5,1,55,0,34,6.97
1330.5,2,15,0,59,21.09
1332.6,0,12491,98,87,286.30
1332.6,1,55,0,34,8.68
1332.6,2,15,0,59,24.83
1334.7,0,12939,98,87,293.33
1334.7,1,55,0,34,7.00
1334.7,2,15,0,59,22.88
1336.8,0,12589,97,87,290.74
1336.8,1,55,0,34,6.87
1336.8,2,15,0,59,21.25
1338.9,0,15949,84,87,282.21
1338.9,1,55,0,34,7.19
1338.9,2,15,0,59,21.29
1341.0,0,16077,91,86,262.05
1341.0,1,55,0,34,11.92
1341.0,2,15,0,59,29.84
1343.1,0,13421,84,86,247.40
1343.1,1,55,0,34,6.97
1343.1,2,15,0,59,20.74
1345.1,0,16045,100,87,267.23
1345.1,1,55,0,34,6.94
1345.1,2,15,0,59,21.00
1347.2,0,13069,98,87,294.63
1347.2,1,55,0,34,8.71
1347.2,2,15,0,59,25.26
1349.3,0,13293,99,87,294.22
1349.3,1,55,0,34,6.60
1349.3,2,15,0,59,22.20
1351.4,0,12941,99,87,294.73
1351.4,1,55,0,34,6.47
1351.4,2,15,0,59,21.11
1353.5,0,13037,99,87,292.68
1353.5,1,55,0,34,6.34
1353.5,2,15,0,59,21.18
1355.5,0,13229,99,87,293.42
1355.5,1,55,0,34,10.69
1355.5,2,15,0,59,22.96
1357.6,0,12653,99,87,291.64
1357.6,1,55,0,34,6.63
1357.6,2,15,0,59,21.06
1359.7,0,12653,98,87,291.82
1359.7,1,55,0,34,7.07
1359.7,2,15,0,59,21.31
1361.8,0,14573,98,87,290.52
1361.8,1,55,0,34,11.62
1361.8,2,15,0,59,29.77
1363.9,0,15757,100,87,264.91
1363.9,1,55,0,34,7.25
1363.9,2,15,0,59,21.13
1366.0,0,13293,98,87,291.35
1366.0,1,55,0,34,7.05
1366.0,2,15,0,59,20.82
1368.1,0,13133,98,87,291.57
1368.1,1,55,0,34,7.59
1368.1,2,15,0,59,23.92
1370.2,0,31585,100,87,270.22
1370.2,1,55,0,34,7.48
1370.2,2,15,0,59,22.41
1372.2,0,40811,100,87,286.64
1372.2,1,55,0,34,6.85
1372.2,2,15,0,59,20.67
1374.3,0,40843,100,87,285.26
1374.3,1,55,0,34,7.02
1374.3,2,15,0,59,20.82
1376.4,0,40811,99,87,282.44
1376.4,1,55,0,34,11.27
1376.4,2,15,0,59,30.20
1378.5,0,40907,100,87,281.89
1378.5,1,55,0,34,7.11
1378.5,2,15,0,59,21.17
1380.6,0,40779,100,87,284.77
1380.6,1,55,0,34,6.75
1380.6,2,15,0,59,20.68
1382.7,0,40779,100,87,282.54
1382.7,1,55,0,34,8.14
1382.7,2,15,0,59,24.20
1384.8,0,40715,99,87,287.13
1384.8,1,55,0,34,7.42
1384.8,2,15,0,59,22.40
1386.9,0,40715,98,87,284.19
1386.9,1,55,0,34,7.07
1386.9,2,15,0,59,20.70
1389.0,0,40491,100,87,283.76
1389.0,1,55,0,34,7.21
1389.0,2,15,0,59,20.55
1391.1,0,40427,100,87,282.11
1391.1,1,55,0,34,11.92
1391.1,2,15,0,59,30.07
1393.2,0,40427,100,87,286.67
1393.2,1,55,0,34,7.46
1393.2,2,15,0,59,21.07
1395.3,0,40363,100,87,285.86
1395.3,1,55,0,34,7.31
1395.3,2,15,0,59,20.60
1397.4,0,40299,100,88,284.83
1397.4,1,55,0,34,11.32
1397.4,2,15,0,59,24.94
1399.5,0,40235,100,87,285.23
1399.5,1,55,0,34,7.45
1399.5,2,15,0,59,21.75
1401.5,0,40235,98,87,286.71
1401.5,1,55,0,34,7.21
1401.5,2,15,0,59,20.63
1403.6,0,40427,100,87,282.24
1403.6,1,55,0,34,7.24
1403.6,2,15,1,59,20.99
1405.7,0,40747,100,87,282.96
1405.7,1,55,0,34,11.62
1405.7,2,15,0,59,22.56
1407.8,0,40747,100,87,282.71
1407.8,1,55,0,34,7.01
1407.8,2,15,0,59,20.62
1409.9,0,40779,99,87,287.36
1409.9,1,55,0,34,7.22
1409.9,2,15,0,59,20.72
1412.0,0,40779,100,87,284.37
1412.0,1,55,0,34,11.68
1412.0,2,15,0,59,29.78
1414.1,0,40811,100,87,283.75
1414.1,1,55,0,34,7.09
1414.1,2,15,0,59,20.91
1416.2,0,40811,99,87,284.39
1416.2,1,55,0,34,7.06
1416.2,2,15,0,59,20.68
1418.3,0,40875,100,87,284.65
1418.3,1,55,0,34,6.91
1418.3,2,15,0,59,22.31
1420.4,0,40779,100,87,284.15
1420.4,1,55,0,34,7.40
1420.4,2,15,0,59,21.82
1422.5,0,40811,99,87,283.42
1422.5,1,55,0,34,6.68
1422.5,2,15,0,59,20.55
1424.5,0,40811,100,87,284.48
1424.5,1,55,0,34,6.93
1424.5,2,15,0,59,20.63
1426.6,0,40875,100,87,281.89
1426.6,1,55,0,34,11.24
1426.6,2,15,0,59,30.20
1428.7,0,40843,100,87,283.41
1428.7,1,55,0,34,6.80
1428.7,2,15,0,59,21.18
1430.8,0,40875,100,87,283.61
1430.8,1,55,0,34,7.02
1430.8,2,15,0,59,20.55
1432.9,0,40843,99,87,284.60
1432.9,1,55,0,34,8.84
1432.9,2,15,0,59,23.19
1435.0,0,40779,99,87,285.19
1435.0,1,55,0,34,7.18
1435.0,2,15,0,59,22.27
1437.1,0,40683,100,87,286.26
1437.1,1,55,0,34,6.85
1437.1,2,15,0,59,20.50
1439.2,0,40491,100,87,285.07
1439.2,1,55,0,34,6.94
1439.2,2,15,0,59,20.74
1441.3,0,40459,100,87,285.07
1441.3,1,55,0,34,7.57
1441.3,2,15,0,59,30.21
1443.4,0,40363,99,87,286.27
1443.4,1,55,0,34,6.92
1443.4,2,15,0,59,20.92
1445.5,0,40299,100,87,286.08
1445.5,1,55,0,34,7.01
1445.5,2,15,0,59,20.66
1447.6,0,40235,100,87,285.63
1447.6,1,55,0,34,11.44
1447.6,2,15,0,59,30.30
1449.7,0,40235,100,87,284.77
1449.7,1,55,0,34,7.63
1449.7,2,15,0,59,21.21
1451.8,0,40683,100,87,285.62
1451.8,1,55,0,34,6.87
1451.8,2,15,0,59,20.68
1453.9,0,40299,100,87,281.55
1453.9,1,55,0,34,8.13
1453.9,2,15,0,59,20.60
1455.9,0,43819,100,87,284.21
1455.9,1,55,0,34,7.62
1455.9,2,15,0,59,29.67
1458.0,0,43403,99,87,282.91
1458.0,1,55,0,34,7.20
1458.0,2,15,0,59,21.00
1460.1,0,43435,100,86,274.48
1460.1,1,55,0,34,7.18
1460.1,2,15,0,59,20.68
1462.2,0,43979,100,87,284.29
1462.2,1,55,0,34,11.59
1462.2,2,15,0,59,29.89
1464.2,0,44875,100,87,267.07
1464.2,1,55,0,34,7.35
1464.2,2,15,0,59,20.93
1466.3,0,43499,100,87,285.08
1466.3,1,55,0,34,7.08
1466.3,2,15,0,59,20.68
1468.4,0,44459,98,87,273.94
1468.4,1,55,0,34,8.38
1468.4,2,15,0,59,20.94
1470.5,0,40555,100,87,287.08
1470.5,1,55,0,34,7.65
1470.5,2,15,0,59,21.71
1472.6,0,40555,100,87,288.37
1472.6,1,55,0,34,6.82
1472.6,2,15,0,59,20.62
1474.7,0,40427,100,87,289.02
1474.7,1,55,0,34,7.26
1474.7,2,15,0,59,20.86
1476.7,0,40363,100,87,272.13
1476.7,1,55,0,34,11.35
1476.7,2,15,0,59,30.67
1478.8,0,40843,100,87,282.00
1478.8,1,55,0,34,7.14
1478.8,2,15,0,59,21.13
1480.9,0,40779,100,87,287.87
1480.9,1,55,0,34,7.02
1480.9,2,15,0,59,20.58
1483.0,0,40745,100,87,283.86
1483.0,1,55,0,34,8.74
1483.0,2,15,0,59,21.92
1485.1,0,40747,100,87,285.15
1485.1,1,55,0,34,6.90
1485.1,2,15,0,59,22.11
1487.2,0,40779,100,87,285.67
1487.2,1,55,0,34,7.04
1487.2,2,15,0,59,20.62
1489.3,0,40811,100,87,287.71
1489.3,1,55,0,34,6.79
1489.3,2,15,0,59,20.79
1491.4,0,40843,100,87,284.08
1491.4,1,55,0,34,12.03
1491.4,2,15,0,59,30.33
1493.5,0,40747,100,87,285.68
1493.5,1,55,0,34,7.22
1493.5,2,15,0,59,20.75
1495.5,0,40747,100,87,285.24
1495.5,1,55,0,34,7.04
1495.5,2,15,0,59,20.58
1497.6,0,40811,100,87,286.18
1497.6,1,55,0,34,9.13
1497.6,2,15,0,59,25.34
1499.7,0,40843,99,87,285.77
1499.7,1,55,0,34,7.89
1499.7,2,15,0,59,22.52
1501.8,0,40875,100,87,283.76
1501.8,1,55,0,34,7.10
1501.8,2,15,0,59,20.65
1503.9,0,40875,100,87,285.11
1503.9,1,55,1,34,7.02
1503.9,2,15,0,59,20.72
1506.0,0,40875,100,87,286.00
1506.0,1,55,0,34,7.33
1506.0,2,15,0,59,29.83
1508.1,0,40811,100,87,284.01
1508.1,1,55,0,34,7.07
1508.1,2,15,0,59,20.61
1510.2,0,40779,100,87,285.85
1510.2,1,55,0,34,7.05
1510.2,2,15,0,59,20.71
1512.3,0,40619,100,87,283.95
1512.3,1,55,0,34,9.53
1512.3,2,15,0,59,30.09
1514.4,0,40395,100,87,283.84
1514.4,1,55,0,34,7.34
1514.4,2,15,0,59,20.94
1516.5,0,40331,100,87,285.70
1516.5,1,55,0,34,7.22
1516.5,2,15,0,59,20.69
1518.6,0,40331,100,87,288.19
1518.6,1,55,0,34,8.17
1518.6,2,15,0,59,23.09
1520.7,0,40811,99,87,284.45
1520.7,1,55,0,34,7.81
1520.7,2,15,0,59,21.57
1522.8,0,40811,100,87,285.85
1522.8,1,55,0,34,7.07
1522.8,2,15,0,59,20.74
1524.9,0,40843,100,87,285.46
1524.9,1,55,0,34,6.99
1524.9,2,15,0,59,20.83
1526.9,0,40843,100,87,285.22
1526.9,1,55,0,34,11.59
1526.9,2,15,0,59,30.49
1529.0,0,40811,99,87,286.15
1529.0,1,55,0,34,6.98
1529.0,2,15,0,59,21.10
1531.1,0,40811,99,87,286.43
1531.1,1,55,0,34,6.84
1531.1,2,15,0,59,20.87
1533.2,0,40811,100,87,283.12
1533.2,1,55,0,34,8.19
1533.2,2,15,0,59,24.42
1535.4,0,40779,100,87,285.03
1535.4,1,55,0,34,7.64
1535.4,2,15,0,59,22.03
1537.5,0,40843,99,87,286.06
1537.5,1,55,0,34,6.86
1537.5,2,15,0,59,20.65
1539.6,0,40875,99,87,287.46
1539.6,1,55,0,34,6.93
1539.6,2,15,0,59,20.71
1541.6,0,40747,100,87,285.59
1541.6,1,55,0,34,11.52
1541.6,2,15,0,60,30.29
1543.7,0,40587,100,87,285.51
1543.7,1,55,0,34,6.87
1543.7,2,15,0,59,20.71
1545.8,0,40459,99,87,285.77
1545.8,1,55,0,34,6.62
1545.8,2,15,0,59,20.67
1547.9,0,40459,100,87,284.94
1547.9,1,55,0,34,11.14
1547.9,2,15,0,59,25.16
1550.0,0,40427,100,87,286.11
1550.0,1,55,0,34,6.97
1550.0,2,15,0,59,22.64
1552.0,0,40427,100,87,288.79
1552.0,1,55,0,34,6.72
1552.0,2,15,0,59,20.67
1554.1,0,40427,100,87,286.96
1554.1,1,55,0,34,6.89
1554.1,2,15,0,59,21.11
1556.2,0,40747,100,87,288.51
1556.2,1,55,0,34,11.60
1556.2,2,15,0,59,22.19
1558.3,0,40779,98,87,286.21
1558.3,1,55,0,34,6.76
1558.3,2,15,0,59,20.63
1560.4,0,40779,100,87,287.12
1560.4,1,55,0,34,6.99
1560.4,2,15,0,59,20.89
1562.5,0,40779,100,87,284.91
1562.5,1,55,0,34,11.75
1562.5,2,15,0,59,29.87
1564.6,0,40779,100,87,286.39
1564.6,1,55,0,34,7.03
1564.6,2,15,0,60,21.87
1566.6,0,40811,100,88,287.11
1566.6,1,55,0,34,6.86
1566.6,2,15,0,59,20.75
1568.7,0,40811,100,87,284.02
1568.7,1,55,0,34,7.09
1568.7,2,15,0,59,22.60
1570.9,0,40875,100,87,285.79
1570.9,1,55,0,34,7.36
1570.9,2,15,0,59,22.70
1573.0,0,40875,100,87,285.44
1573.0,1,55,0,34,6.79
1573.0,2,15,0,59,20.69
1575.1,0,40843,100,87,285.44
1575.1,1,55,0,34,7.04
1575.1,2,15,0,59,20.80
1577.2,0,40939,100,87,285.64
1577.2,1,55,0,34,11.65
1577.2,2,15,0,60,30.03
1579.2,0,40843,100,87,286.19
1579.2,1,55,0,34,6.98
1579.2,2,15,0,59,21.13
1581.3,0,40811,99,87,286.05
1581.3,1,55,0,34,7.09
1581.3,2,15,0,59,20.65
1583.4,0,40747,100,87,284.67
1583.4,1,55,0,34,8.95
1583.4,2,15,0,59,23.35
1585.6,0,40811,100,87,283.58
1585.6,1,55,0,34,7.54
1585.6,2,15,0,59,22.02
1587.6,0,40715,100,87,284.60
1587.6,1,55,0,34,6.92
1587.6,2,15,0,59,20.71
1589.7,0,40555,99,87,287.19
1589.7,1,55,0,34,7.17
1589.7,2,15,0,59,20.83
1591.8,0,40427,100,87,285.79
1591.8,1,55,0,34,11.50
1591.8,2,15,0,60,30.35
1593.9,0,42667,100,87,287.27
1593.9,1,55,0,34,6.99
1593.9,2,15,0,59,20.67
1596.0,0,41355,100,86,274.85
1596.0,1,55,0,34,7.07
1596.0,2,15,0,59,20.50
1598.1,0,43467,100,87,282.79
1598.1,1,55,0,34,9.26
1598.1,2,15,0,60,30.65
1600.2,0,44907,89,87,278.25
1600.2,1,55,0,34,7.55
1600.2,2,15,0,59,21.16
1602.3,0,41067,100,87,283.76
1602.3,1,55,0,34,6.94
1602.3,2,15,0,59,20.59
1604.4,0,41355,99,87,287.65
1604.4,1,55,0,34,7.21
1604.4,2,15,0,59,20.63
1606.4,0,41003,99,87,288.51
1606.4,1,55,0,34,7.14
1606.4,2,15,0,59,29.95
1608.5,0,41003,100,87,286.89
1608.5,1,55,0,34,7.17
1608.5,2,15,0,59,21.01
1610.6,0,41035,100,87,286.87
1610.6,1,55,0,34,7.31
1610.6,2,15,0,59,20.83
1612.7,0,41035,100,87,285.87
1612.7,1,55,0,34,11.72
1612.7,2,15,0,60,30.19
1614.8,0,41067,100,87,285.84
1614.8,1,55,0,34,7.21
1614.8,2,15,0,59,20.75
1616.9,0,41067,100,87,288.27
1616.9,1,55,0,34,7.10
1616.9,2,15,0,59,20.55
1619.0,0,41099,100,87,284.33
1619.0,1,55,0,34,8.62
1619.0,2,15,1,59,20.92
1621.1,0,41195,100,87,284.32
1621.1,1,55,0,34,7.02
1621.1,2,15,0,60,22.57
1623.2,0,41131,100,87,287.16
1623.2,1,55,0,34,6.79
1623.2,2,15,0,59,20.61
1625.3,0,41163,100,87,284.67
1625.3,1,55,0,34,7.16
1625.3,2,15,0,59,20.56
1627.4,0,41195,99,88,285.27
1627.4,1,55,0,34,11.87
1627.4,2,15,0,60,29.71
1629.5,0,41067,96,87,285.36
1629.5,1,55,0,34,6.98
1629.5,2,15,0,59,20.90
1631.6,0,41099,100,87,285.83
1631.6,1,55,0,34,6.89
1631.6,2,15,0,59,20.43
1633.7,0,40907,100,86,287.75
1633.7,1,55,1,34,8.82
1633.7,2,15,0,60,24.74
1635.7,0,40811,100,87,285.88
1635.7,1,55,0,34,7.66
1635.7,2,15,0,60,21.77
1637.8,0,40587,99,87,285.55
1637.8,1,55,0,34,6.84
1637.8,2,15,0,59,20.52
1639.9,0,40651,98,87,288.54
1639.9,1,55,0,34,6.96
1639.9,2,15,0,59,20.60
1642.0,0,40491,100,87,287.19
1642.0,1,55,0,34,11.43
1642.0,2,15,0,60,30.18
1644.1,0,40459,100,87,285.34
1644.1,1,55,0,34,7.12
1644.1,2,15,0,59,20.59
1646.2,0,40651,100,87,280.59
1646.2,1,55,0,34,7.08
1646.2,2,15,0,59,20.70
1648.3,0,40683,100,87,286.72
1648.3,1,55,0,34,9.21
1648.3,2,15,0,60,29.59
1650.4,0,40747,99,87,284.22
1650.4,1,55,0,34,7.22
1650.4,2,15,0,60,22.30
1652.5,0,40747,100,87,285.68
1652.5,1,55,0,34,7.03
1652.5,2,15,0,59,20.62
1654.6,0,40779,100,87,286.46
1654.6,1,55,0,34,7.30
1654.6,2,15,0,59,20.66
1656.6,0,40811,100,87,288.18
1656.6,1,55,0,34,7.69
1656.6,2,15,0,60,21.98
1658.8,0,40811,100,87,288.01
1658.8,1,55,0,34,7.07
1658.8,2,15,0,59,20.59
1660.8,0,40779,99,87,287.83
1660.8,1,55,0,34,7.38
1660.8,2,15,0,59,20.73
1662.9,0,40811,100,87,286.80
1662.9,1,55,0,34,11.36
1662.9,2,15,0,60,30.41
1665.0,0,40811,99,87,286.97
1665.0,1,55,0,34,7.53
1665.0,2,15,0,59,20.62
1667.1,0,31149,100,87,287.77
1667.1,1,55,0,34,7.17
1667.1,2,15,0,59,20.69
1669.2,0,30947,96,87,291.47
1669.2,1,55,0,34,8.21
1669.2,2,15,0,60,23.25
1671.3,0,31107,98,87,296.23
1671.3,1,55,0,34,7.67
1671.3,2,15,0,60,22.97
1673.4,0,31109,98,87,289.83
1673.4,1,55,0,34,7.12
1673.4,2,15,0,59,21.27
1675.5,0,34117,99,87,295.24
1675.5,1,55,0,34,7.29
1675.5,2,15,0,59,21.40
1677.6,0,33733,96,87,268.83
1677.6,1,55,0,34,11.90
1677.6,2,15,0,60,30.09
1679.6,0,33893,100,87,264.98
1679.6,1,55,0,34,7.33
1679.6,2,15,0,59,21.13
1681.7,0,34277,100,87,275.50
1681.7,1,55,0,34,7.23
1681.7,2,15,0,59,20.88
1683.8,0,31205,99,87,299.08
1683.8,1,55,0,34,8.55
1683.8,2,15,0,60,24.20
1685.9,0,30917,96,87,295.66
1685.9,1,55,0,34,7.60
1685.9,2,15,0,60,22.25
1687.9,0,12535,94,87,279.78
1687.9,1,55,0,34,6.89
1687.9,2,15,0,59,21.19
1690.0,0,15287,84,87,280.24
1690.0,1,55,0,34,7.08
1690.0,2,15,0,59,21.46
1692.1,0,13047,92,86,258.21
1692.1,1,55,0,34,11.57
1692.1,2,15,0,60,30.65
1694.2,0,15415,100,86,262.40
1694.2,1,55,0,34,7.11
1694.2,2,15,0,59,21.27
1696.3,0,5615,100,86,247.11
1696.3,1,55,0,34,7.05
1696.3,2,15,0,59,21.07
1698.4,0,5797,100,86,273.74
1698.4,1,55,0,34,8.85
1698.4,2,15,0,60,25.18
1700.4,0,6889,93,86,262.23
1700.4,1,55,0,34,7.09
1700.4,2,15,0,60,22.52
1702.5,0,6313,89,87,292.38
1702.5,1,55,0,34,7.12
1702.5,2,15,0,59,21.37
1704.6,0,6505,95,87,298.06
1704.6,1,55,0,34,6.97
1704.6,2,15,0,59,22.08
1706.7,0,6121,99,87,297.75
1706.7,1,55,0,34,11.97
1706.7,2,15,0,60,22.67
1708.8,0,6537,99,87,298.70
1708.8,1,55,0,34,7.23
1708.8,2,15,0,59,21.49
1710.9,0,6281,99,87,294.30
1710.9,1,55,0,34,7.24
1710.9,2,15,0,59,21.60
1713.0,0,6473,97,87,294.47
1713.0,1,55,0,34,11.56
1713.0,2,15,0,60,30.58
1715.1,0,6409,98,87,298.26
1715.1,1,55,0,34,7.16
1715.1,2,15,0,60,22.04
1717.2,0,9161,100,86,277.74
1717.2,1,55,0,34,6.82
1717.2,2,15,0,59,21.34
1719.2,0,9257,100,87,267.60
1719.2,1,55,1,34,7.29
1719.2,2,15,0,60,22.87
1721.3,0,6377,95,86,263.14
1721.3,1,55,0,34,6.92
1721.3,2,15,0,60,22.85
1723.4,0,6185,99,87,297.46
1723.4,1,55,0,34,6.73
1723.4,2,15,0,59,21.25
1725.5,0,6025,98,87,293.39
1725.5,1,55,0,34,7.05
1725.5,2,15,0,59,21.43
1727.5,0,8841,98,85,285.83
1727.5,1,55,0,34,11.76
1727.5,2,15,0,60,30.20
1729.6,0,9001,100,86,268.33
1729.6,1,55,0,34,7.12
1729.6,2,15,0,59,21.28
1731.7,0,9161,100,86,247.36
1731.7,1,55,0,34,6.84
1731.7,2,15,0,59,21.03
1733.8,0,9545,98,86,261.75
1733.8,1,55,0,34,7.67
1733.8,2,15,0,60,23.99
1735.9,0,6505,96,87,278.86
1735.9,1,55,0,34,7.39
1735.9,2,15,0,60,22.20
1738.0,0,6217,99,87,299.20
1738.0,1,55,0,34,6.87
1738.0,2,15,0,59,21.43
1740.1,0,6153,99,87,299.01
1740.1,1,55,0,34,7.02
1740.1,2,15,0,59,21.47
1742.2,0,6057,98,87,297.50
1742.2,1,55,0,34,11.35
1742.2,2,15,0,60,30.55
1744.3,0,6665,99,87,297.99
1744.3,1,55,0,34,7.11
1744.3,2,15,0,59,21.83
1746.4,0,6185,94,87,293.70
1746.4,1,55,0,34,7.05
1746.4,2,15,0,59,21.42
1748.5,0,6569,99,87,294.48
1748.5,1,55,0,34,11.81
1748.5,2,15,0,60,24.62
1750.6,0,6185,99,87,294.00
1750.6,1,55,0,34,7.41
1750.6,2,15,0,60,22.67
1752.6,0,9833,100,84,259.96
1752.6,1,55,0,34,6.87
1752.6,2,15,0,59,21.04
1754.7,0,6889,100,85,277.08
1754.7,1,55,0,34,7.20
1754.7,2,15,0,59,20.93
1756.8,0,6857,98,87,297.74
1756.8,1,55,0,34,11.70
1756.8,2,15,0,60,30.25
1758.9,0,6825,99,87,297.41
1758.9,1,55,0,34,7.35
1758.9,2,15,0,59,21.47
1761.0,0,7113,98,87,292.68
1761.0,1,55,0,34,7.07
1761.0,2,15,0,59,21.20
1763.1,0,34311,100,87,283.72
1763.1,1,55,0,34,11.58
1763.1,2,15,0,60,25.17
1765.2,0,34439,100,87,287.86
1765.2,1,55,0,34,7.21
1765.2,2,15,0,59,21.14
1767.3,0,34311,100,87,284.44
1767.3,1,55,0,34,6.99
1767.3,2,15,0,59,20.61
1769.4,0,34183,100,87,284.88
1769.4,1,55,0,34,6.93
1769.4,2,15,0,60,21.15
1771.5,0,34119,100,87,288.01
1771.5,1,55,0,34,7.27
1771.5,2,15,0,60,22.42
1773.5,0,34023,100,87,286.93
1773.5,1,55,0,34,6.82
1773.5,2,15,0,59,20.61
1775.6,0,33863,100,87,285.67
1775.6,1,55,0,34,6.70
1775.6,2,15,0,59,20.92
1777.7,0,33799,100,87,285.85
1777.7,1,55,0,34,11.77
1777.7,2,15,0,60,30.21
1779.8,0,34183,100,87,282.17
1779.8,1,55,0,34,7.25
1779.8,2,15,0,59,20.85
1781.9,0,43473,99,87,285.51
1781.9,1,55,0,34,6.97
1781.9,2,15,0,59,20.70
1784.0,0,43505,100,87,285.49
1784.0,1,55,0,34,8.82
1784.0,2,15,0,60,22.41
1786.1,0,43505,100,87,286.78
1786.1,1,55,0,34,7.47
1786.1,2,15,0,60,21.65
1788.1,0,43505,100,87,287.19
1788.1,1,55,0,34,6.95
1788.1,2,15,0,59,20.63
1790.2,0,43537,100,87,285.20
1790.2,1,55,0,34,7.09
1790.2,2,15,0,59,20.76
1792.3,0,43569,100,87,284.49
1792.3,1,55,0,34,11.41
1792.3,2,15,0,60,30.71
1794.4,0,43601,100,87,285.04
1794.4,1,55,0,34,7.10
1794.4,2,15,0,59,21.10
1796.5,0,43633,100,87,284.76
1796.5,1,55,0,34,6.59
1796.5,2,15,0,59,20.67
1798.6,0,43633,100,87,285.70
1798.6,1,55,0,34,8.84
1798.6,2,15,0,60,23.43
1800.7,0,43697,100,87,286.55
1800.7,1,55,0,34,7.66
1800.7,2,15,0,60,22.21
1802.8,0,43697,100,87,287.82
1802.8,1,55,0,34,6.97
1802.8,2,15,0,59,20.62
1804.9,0,43569,99,87,285.08
1804.9,1,55,0,34,7.19
1804.9,2,15,0,59,20.79
1807.0,0,43473,100,87,284.39
1807.0,1,55,0,34,7.45
1807.0,2,15,0,60,30.39
1809.1,0,43377,100,87,285.84
1809.1,1,55,0,34,6.88
1809.1,2,15,0,59,20.76
1811.2,0,40755,100,87,283.21
1811.2,1,55,0,34,7.14
1811.2,2,15,0,59,20.75
1813.3,0,41267,98,87,284.85
1813.3,1,55,0,34,11.07
1813.3,2,15,0,60,30.50
1815.4,0,40693,100,87,286.43
1815.4,1,55,0,34,6.80
1815.4,2,15,0,59,21.18
1817.5,0,40693,100,87,288.36
1817.5,1,55,0,34,6.87
1817.5,2,15,0,59,20.53
1819.5,0,43605,100,87,278.55
1819.5,1,55,0,34,8.07
1819.5,2,15,0,59,20.68
1821.6,0,43701,100,87,284.75
1821.6,1,55,0,34,7.32
1821.6,2,15,0,60,30.14
1823.7,0,43349,100,87,273.98
1823.7,1,55,0,34,6.80
1823.7,2,15,0,59,20.81
1825.8,0,43701,100,87,285.31
1825.8,1,55,0,34,7.16
1825.8,2,15,0,59,21.02
1827.9,0,45173,100,87,272.17
1827.9,1,55,0,34,11.82
1827.9,2,15,0,60,30.13
1829.9,0,43829,100,87,285.69
1829.9,1,55,0,34,7.03
1829.9,2,15,0,59,20.81
1832.0,0,44085,100,87,283.82
1832.0,1,55,0,34,6.97
1832.0,2,15,0,59,20.68
1834.1,0,40821,100,87,283.07
1834.1,1,55,0,34,8.46
1834.1,2,15,0,60,20.91
1836.2,0,40821,100,87,284.21
1836.2,1,55,0,34,7.47
1836.2,2,15,0,60,22.51
1838.3,0,40629,100,87,286.62
1838.3,1,55,0,34,7.10
1838.3,2,15,0,59,20.65
1840.4,0,40597,99,86,281.62
1840.4,1,55,0,34,7.11
1840.4,2,15,0,59,20.72
1842.5,0,40789,100,87,277.32
1842.5,1,55,0,34,11.70
1842.5,2,15,0,60,30.16
1844.6,0,41141,100,87,282.68
1844.6,1,55,0,34,7.07
1844.6,2,15,0,59,21.14
1846.7,0,41141,85,87,284.77
1846.7,1,55,0,34,6.94
1846.7,2,15,0,59,20.69
1848.7,0,41141,99,86,284.74
1848.7,1,55,1,34,8.81
1848.7,2,15,0,60,24.65
1850.9,0,41173,100,87,285.58
1850.9,1,55,0,34,7.70
1850.9,2,15,0,60,21.80
1852.9,0,41077,100,87,286.35
1852.9,1,55,0,34,6.80
1852.9,2,15,0,59,20.59
1855.0,0,41077,100,87,287.42
1855.0,1,55,0,34,7.04
1855.0,2,15,0,59,20.68
1857.1,0,41077,100,87,288.71
1857.1,1,55,0,34,11.66
1857.1,2,15,0,60,30.37
1859.2,0,41045,100,87,286.45
1859.2,1,55,0,34,7.20
1859.2,2,15,0,59,20.62
1861.3,0,41045,100,87,287.11
1861.3,1,55,0,34,6.81
1861.3,2,15,0,59,20.74
1863.4,0,41109,100,87,284.43
1863.4,1,55,0,34,8.92
1863.4,2,15,0,60,25.52
1865.5,0,40981,100,87,289.97
1865.5,1,55,0,34,7.01
1865.5,2,15,0,60,22.53
1867.6,0,40949,100,87,285.93
1867.6,1,55,0,34,6.95
1867.6,2,15,0,59,20.68
1869.7,0,40949,100,87,286.61
1869.7,1,55,0,34,7.53
1869.7,2,15,0,60,22.17
1871.8,0,40821,100,87,287.02
1871.8,1,55,0,34,7.15
1871.8,2,15,0,60,22.12
1873.9,0,40821,100,87,286.51
1873.9,1,55,0,34,7.01
1873.9,2,15,0,59,20.80
1876.0,0,40789,100,87,285.08
1876.0,1,55,0,34,7.09
1876.0,2,15,0,59,20.87
1878.1,0,40789,99,87,286.88
1878.1,1,55,0,34,11.95
1878.1,2,15,0,60,30.32
1880.1,0,40693,100,87,284.46
1880.1,1,55,0,34,7.23
1880.1,2,15,0,59,20.72
1882.2,0,41205,100,87,284.55
1882.2,1,55,0,34,6.82
1882.2,2,15,0,59,20.66
1884.3,0,41205,100,87,285.75
1884.3,1,55,0,34,8.20
1884.3,2,15,0,60,23.66
1886.4,0,41205,100,87,283.36
1886.4,1,55,0,34,7.53
1886.4,2,15,0,60,22.50
1888.5,0,41205,100,87,285.71
1888.5,1,55,0,34,7.06
1888.5,2,15,0,59,20.72
1890.6,0,41237,100,87,286.70
1890.6,1,55,0,34,7.42
1890.6,2,15,0,59,20.69
1892.7,0,41237,99,87,285.71
1892.7,1,55,0,34,11.90
1892.7,2,15,0,60,29.79
1894.8,0,41269,99,87,286.10
1894.8,1,55,0,34,7.12
1894.8,2,15,0,59,20.94
1896.9,0,41269,100,87,287.92
1896.9,1,55,0,34,7.22
1896.9,2,15,0,59,20.62
1899.0,0,41269,100,87,285.67
1899.0,1,55,0,34,8.77
1899.0,2,15,0,60,24.51
1901.1,0,41269,100,87,283.40
1901.1,1,55,0,34,7.34
1901.1,2,15,0,60,22.12
1903.2,0,41301,100,87,285.76
1903.2,1,55,0,34,7.23
1903.2,2,15,0,59,20.66
1905.3,0,41301,100,87,285.26
1905.3,1,55,0,34,7.00
1905.3,2,15,0,59,20.75
1907.4,0,41365,100,87,284.36
1907.4,1,55,0,34,11.40
1907.4,2,15,0,60,22.85
1909.5,0,41269,98,87,287.83
1909.5,1,55,0,34,7.10
1909.5,2,15,0,59,20.73
1911.6,0,41141,100,86,282.86
1911.6,1,55,0,34,6.99
1911.6,2,15,0,59,20.83
1913.6,0,41077,98,87,284.33
1913.6,1,55,0,34,11.09
1913.6,2,15,0,60,25.03
1915.7,0,40917,100,87,286.75
1915.7,1,55,0,34,6.97
1915.7,2,15,0,59,20.99
1917.8,0,40885,100,87,284.88
1917.8,1,55,0,34,6.70
1917.8,2,15,0,59,20.65
1919.9,0,40885,99,87,286.63
1919.9,1,55,0,34,6.67
1919.9,2,15,0,59,21.37
1921.9,0,40757,100,87,284.44
1921.9,1,55,0,34,7.62
1921.9,2,15,0,60,22.08
1924.0,0,40725,100,87,284.89
1924.0,1,55,0,34,6.76
1924.0,2,15,0,59,20.63
1926.1,0,41141,100,87,285.39
1926.1,1,55,0,34,7.09
1926.1,2,15,0,59,20.73
1928.2,0,41141,97,87,285.06
1928.2,1,55,0,34,11.19
1928.2,2,15,0,60,30.65
1930.3,0,41141,100,87,286.18
1930.3,1,55,0,34,6.98
1930.3,2,15,0,59,20.78
1932.4,0,41141,100,87,285.42
1932.4,1,55,0,34,6.66
1932.4,2,15,0,59,20.68
1934.5,0,41173,100,87,288.74
1934.5,1,55,0,34,7.14
1934.5,2,15,0,60,22.65
1936.6,0,41205,100,87,285.18
1936.6,1,55,0,34,7.10
1936.6,2,15,0,60,22.44
1938.7,0,41205,100,87,285.82
1938.7,1,55,0,34,6.71
1938.7,2,15,0,59,20.64
1940.8,0,41205,100,87,282.85
1940.8,1,55,0,34,6.70
1940.8,2,15,0,59,20.81
1942.9,0,41205,100,87,285.78
1942.9,1,55,0,34,11.67
1942.9,2,15,0,60,29.97
1945.0,0,41205,100,87,282.64
1945.0,1,55,0,34,6.82
1945.0,2,15,0,59,20.88
1947.1,0,41237,100,87,285.63
1947.1,1,55,0,34,7.07
1947.1,2,15,0,59,20.60
1949.2,0,41109,100,87,287.71
1949.2,1,55,0,34,9.01
1949.2,2,15,0,60,23.39
1951.2,0,41141,100,87,285.79
1951.2,1,55,0,34,7.21
1951.2,2,15,0,59,21.85
1953.3,0,41013,100,87,284.56
1953.3,1,55,0,34,6.94
1953.3,2,15,0,59,20.53
1955.5,0,40917,100,87,284.32
1955.5,1,55,0,34,6.89
1955.5,2,15,0,59,20.72
1957.6,0,40789,100,87,286.41
1957.6,1,55,0,34,7.48
1957.6,2,15,0,60,30.55
1959.7,0,42837,99,87,287.24
1959.7,1,55,0,34,6.90
1959.7,2,15,0,59,20.52
1961.8,0,43797,100,87,278.79
1961.8,1,55,0,34,6.86
1961.8,2,15,0,59,20.77
1963.8,0,40725,95,87,274.24
1963.8,1,55,0,34,11.44
1963.8,2,15,0,60,29.82
1966.0,0,42421,100,87,280.90
1966.0,1,55,0,34,7.42
1966.0,2,15,0,59,21.01
1968.1,0,45333,100,87,282.10
1968.1,1,55,0,34,6.76
1968.1,2,15,0,59,20.78
1970.1,0,41685,100,86,276.02
1970.1,1,55,0,34,7.97
1970.1,2,15,0,59,20.72
1972.3,0,31695,100,87,285.17
1972.3,1,55,0,34,7.53
1972.3,2,15,0,60,22.02
1974.4,0,31751,100,87,287.19
1974.4,1,55,0,34,6.86
1974.4,2,15,0,59,20.69
1976.4,0,31783,98,87,298.33
1976.4,1,55,0,34,7.07
1976.4,2,15,0,59,21.26
1978.5,0,31271,98,87,296.18
1978.5,1,55,0,34,11.39
1978.5,2,15,0,60,30.42
1980.6,0,31591,99,87,285.98
1980.6,1,55,0,34,7.10
1980.6,2,15,0,59,21.82
1982.7,0,31783,98,87,296.17
1982.7,1,55,0,34,7.01
1982.7,2,15,0,59,21.27
1984.8,0,31593,98,87,295.65
1984.8,1,55,0,34,8.66
1984.8,2,15,0,60,24.71
1986.8,0,31017,97,87,294.39
1986.8,1,55,0,34,7.22
1986.8,2,15,0,60,22.98
1988.9,0,34537,100,87,270.76
1988.9,1,55,0,34,6.74
1988.9,2,15,0,59,21.22
1991.0,0,34185,89,87,265.08
1991.0,1,55,0,34,7.10
1991.0,2,15,0,59,21.12
1993.1,0,33801,100,87,284.33
1993.1,1,55,0,34,11.70
1993.1,2,15,0,60,30.35
1995.2,0,40307,99,87,283.05
1995.2,1,55,0,34,7.28
1995.2,2,15,0,59,21.16
1997.3,0,40851,100,87,284.70
1997.3,1,55,0,34,6.93
1997.3,2,15,0,59,20.56
1999.3,0,40851,100,87,288.00
1999.3,1,55,0,34,8.87
1999.3,2,15,0,60,24.95
2001.4,0,40851,99,87,287.19
2001.4,1,55,0,34,7.07
2001.4,2,15,0,60,21.75
2003.5,0,40851,97,87,285.58
2003.5,1,55,0,34,6.84
2003.5,2,15,0,59,20.60
2005.6,0,40883,100,87,285.35
2005.6,1,55,0,34,6.82
2005.6,2,15,0,59,20.85
2007.7,0,40883,100,87,285.61
2007.7,1,55,0,34,7.44
2007.7,2,15,0,60,22.52
2009.8,0,40883,99,87,289.11
2009.8,1,55,0,34,6.80
2009.8,2,15,0,59,20.65
2011.9,0,40883,100,87,288.72
2011.9,1,55,0,34,6.99
2011.9,2,15,0,59,20.84
2014.0,0,40883,100,87,288.23
2014.0,1,55,0,34,9.18
2014.0,2,15,0,60,29.92
2016.1,0,40883,100,87,283.92
2016.1,1,55,0,34,6.91
2016.1,2,15,0,60,22.25
2018.2,0,40851,100,87,285.37
2018.2,1,55,0,34,6.85
2018.2,2,15,0,59,20.69
2020.3,0,40789,100,87,286.69
2020.3,1,55,0,34,7.56
2020.3,2,15,0,60,22.29
2022.4,0,40789,100,87,284.48
2022.4,1,55,0,34,7.42
2022.4,2,15,0,60,21.92
2024.5,0,40853,100,87,286.17
2024.5,1,55,0,34,6.71
2024.5,2,15,0,59,20.72
2026.5,0,40819,99,87,286.23
2026.5,1,55,0,34,6.98
2026.5,2,15,0,59,20.78
2028.6,0,40723,100,87,288.10
2028.6,1,55,0,34,11.21
2028.6,2,15,0,60,30.33
2030.7,0,40723,100,87,287.77
2030.7,1,55,0,34,6.96
2030.7,2,15,0,59,21.21
2032.8,0,40563,100,87,283.79
2032.8,1,55,0,34,6.95
2032.8,2,15,0,59,20.65
2034.9,0,40595,100,87,284.05
2034.9,1,55,0,34,8.29
2034.9,2,15,0,60,23.32
2037.0,0,40467,99,87,287.65
2037.0,1,55,0,34,7.01
2037.0,2,15,0,60,22.33
2039.1,0,40339,100,87,286.04
2039.1,1,55,0,34,6.86
2039.1,2,15,0,59,20.69
2041.2,0,40851,100,87,288.87
2041.2,1,55,0,34,6.98
2041.2,2,15,0,59,20.75
2043.3,0,40851,100,87,286.10
2043.3,1,55,0,34,11.69
2043.3,2,15,0,60,30.17
2045.4,0,40851,100,87,287.99
2045.4,1,55,0,34,7.12
2045.4,2,15,0,59,20.80
2047.4,0,40851,99,87,289.68
2047.4,1,55,0,34,6.66
2047.4,2,15,0,59,20.58
2049.5,0,40883,100,87,287.51
2049.5,1,55,0,34,8.42
2049.5,2,15,0,60,24.56
2051.6,0,40915,100,87,285.33
2051.6,1,55,0,34,6.58
2051.6,2,15,0,60,22.74
2053.7,0,40915,100,87,287.50
2053.7,1,55,0,34,6.62
2053.7,2,15,0,59,20.57
2055.8,0,40915,100,87,285.98
2055.8,1,55,0,34,6.63
2055.8,2,15,0,59,20.58
2057.9,0,40915,100,87,283.45
2057.9,1,55,0,34,11.90
2057.9,2,15,0,60,22.44
2060.0,0,40915,100,87,287.21
2060.0,1,55,0,34,7.04
2060.0,2,15,0,59,20.61
2062.1,0,40915,100,87,285.64
2062.1,1,55,0,34,6.98
2062.1,2,15,0,59,20.74
2064.2,0,40979,99,87,288.07
2064.2,1,55,0,34,11.62
2064.2,2,15,0,60,25.08
2066.3,0,41107,98,87,286.02
2066.3,1,55,0,34,7.37
2066.3,2,15,0,59,20.86
2068.3,0,40947,100,87,284.96
2068.3,1,55,0,34,7.01
2068.3,2,15,0,59,20.61
2070.4,0,40723,100,87,287.91
2070.4,1,55,0,34,6.95
2070.4,2,15,0,59,21.60
2072.5,0,40595,100,87,287.20
2072.5,1,55,0,34,7.38
2072.5,2,15,0,60,21.75
2074.6,0,40467,100,87,287.11
2074.6,1,55,0,34,6.88
2074.6,2,15,0,59,20.68
2076.7,0,40371,100,87,285.24
2076.7,1,55,0,34,7.02
2076.7,2,15,0,59,20.81
2078.8,0,40371,100,87,285.07
2078.8,1,55,0,34,11.39
2078.8,2,15,0,60,30.58
2080.9,0,40755,100,87,283.97
2080.9,1,55,0,34,7.12
2080.9,2,15,0,59,21.07
2083.0,0,40755,100,87,285.82
2083.0,1,55,0,34,6.79
2083.0,2,15,0,59,20.51
2085.1,0,40755,100,87,286.04
2085.1,1,55,0,34,7.79
2085.1,2,15,0,60,22.62
2087.2,0,40755,100,87,285.83
2087.2,1,55,0,34,7.04
2087.2,2,15,0,60,22.20
2089.3,0,40787,100,87,284.96
2089.3,1,55,0,34,6.72
2089.3,2,15,0,59,20.59
2091.3,0,40819,100,87,286.79
2091.3,1,55,0,34,7.04
2091.3,2,15,0,59,20.61
2093.5,0,40787,100,87,286.51
2093.5,1,55,0,34,11.60
2093.5,2,15,0,60,30.25
2095.5,0,40851,100,87,286.04
2095.5,1,55,0,34,7.12
2095.5,2,15,0,59,20.80
2097.6,0,40825,100,87,284.51
2097.6,1,55,0,34,6.84
2097.6,2,15,0,59,20.75
2099.7,0,40825,97,87,285.57
2099.7,1,55,0,34,8.97
2099.7,2,15,0,60,30.52
2101.8,0,40825,100,87,285.28
2101.8,1,55,0,34,7.25
2101.8,2,15,0,59,21.22
2103.9,0,40953,100,87,285.98
2103.9,1,55,0,34,6.80
2103.9,2,15,0,59,20.66
2106.0,0,40985,99,87,285.28
2106.0,1,55,0,34,7.03
2106.0,2,15,0,59,20.66
2108.1,0,40857,100,87,286.79
2108.1,1,55,0,34,11.51
2108.1,2,15,0,60,29.92
2110.2,0,40921,100,87,286.33
2110.2,1,55,0,34,6.63
2110.2,2,15,0,59,21.00
2112.3,0,40601,100,87,288.17
2112.3,1,55,0,34,6.88
2112.3,2,15,0,59,20.78
2114.4,0,40415,99,87,287.21
2114.4,1,55,0,34,11.58
2114.4,2,15,0,60,30.26
2116.4,0,40415,100,87,286.20
2116.4,1,55,0,34,6.98
2116.4,2,15,0,59,20.91
2118.5,0,40351,100,87,289.49
2118.5,1,55,0,34,6.57
2118.5,2,15,0,59,20.64
2120.6,0,42079,99,87,284.00
2120.6,1,55,0,34,8.24
2120.6,2,15,0,59,20.60
2122.7,0,40543,100,87,282.32
2122.7,1,55,0,34,7.05
2122.7,2,15,0,60,21.70
2124.8,0,44831,100,86,270.89
2124.8,1,55,0,34,6.54
2124.8,2,15,0,59,20.59
2126.9,0,43519,100,87,278.31
2126.9,1,55,0,34,6.73
2126.9,2,15,0,59,20.85
2129.0,0,40863,100,87,284.96
2129.0,1,55,0,34,11.57
2129.0,2,15,0,60,30.59
2131.1,0,40861,100,87,284.27
2131.1,1,55,0,34,6.81
2131.1,2,15,0,59,21.06
2133.2,0,40863,100,87,287.67
2133.2,1,55,0,34,6.80
2133.2,2,15,0,59,20.58
2135.3,0,40863,100,87,284.96
2135.3,1,55,0,34,8.48
2135.3,2,15,0,60,24.42
2137.4,0,40863,100,87,283.45
2137.4,1,55,0,34,7.00
2137.4,2,15,0,60,22.15
2139.5,0,40863,100,87,287.55
2139.5,1,55,0,34,6.76
2139.5,2,15,0,59,20.68
2141.5,0,40859,96,87,284.62
2141.5,1,55,0,34,6.93
2141.5,2,15,0,59,20.80
2143.6,0,40893,100,87,287.15
2143.6,1,55,0,34,11.95
2143.6,2,15,0,60,30.46
2145.7,0,40927,100,87,287.34
2145.7,1,55,0,34,7.05
2145.7,2,15,0,59,20.74
2147.8,0,40895,100,87,284.86
2147.8,1,55,0,34,6.76
2147.8,2,15,0,59,20.56
2149.9,0,40991,100,87,286.55
2149.9,1,55,0,34,8.86
2149.9,2,15,0,60,25.13
2152.0,0,40895,100,87,285.49
2152.0,1,55,0,34,7.60
2152.0,2,15,0,60,22.52
2154.1,0,40863,100,87,286.56
2154.1,1,55,0,34,6.83
2154.1,2,15,0,59,20.50
2156.2,0,40767,100,87,283.35
2156.2,1,55,1,34,6.93
2156.2,2,15,0,59,20.60
2158.3,0,40511,100,87,288.30
2158.3,1,55,0,34,7.25
2158.3,2,15,0,60,22.11
2160.4,0,40479,100,87,287.98
2160.4,1,55,0,34,6.91
2160.4,2,15,0,59,20.58
2162.5,0,40447,100,87,288.89
2162.5,1,55,0,34,7.14
2162.5,2,15,0,60,20.62
2164.6,0,40415,99,87,286.22
2164.6,1,55,0,34,9.32
2164.6,2,15,0,60,30.07
2166.7,0,40511,100,87,285.13
2166.7,1,55,0,34,7.03
2166.7,2,15,0,59,21.83
2168.8,0,40511,100,87,287.26
2168.8,1,55,0,34,6.85
2168.8,2,15,0,59,20.54
2170.9,0,40607,91,87,266.96
2170.9,1,55,0,34,7.89
2170.9,2,15,0,60,22.59
2173.0,0,40579,100,87,282.81
2173.0,1,55,0,34,7.43
2173.0,2,15,0,60,22.48
2175.1,0,40547,99,87,286.93
2175.1,1,55,0,34,6.94
2175.1,2,15,0,59,20.51
2177.1,0,40515,100,87,284.66
2177.1,1,55,0,34,7.26
2177.1,2,15,0,59,20.64
2179.2,0,40549,100,87,286.61
2179.2,1,55,0,34,11.80
2179.2,2,15,0,60,29.83
2181.3,0,40549,100,87,282.89
2181.3,1,55,0,34,6.91
2181.3,2,15,0,59,21.02
2183.4,0,40549,100,87,286.04
2183.4,1,55,0,34,6.88
2183.4,2,15,0,59,20.54
2185.5,0,40613,100,87,284.42
2185.5,1,55,0,34,8.32
2185.5,2,15,0,60,23.27
2187.6,0,40517,100,87,289.01
2187.6,1,55,0,34,7.45
2187.6,2,15,0,60,21.90
2189.7,0,40389,99,87,288.29
2189.7,1,55,0,34,6.81
2189.7,2,15,0,59,20.55
2191.8,0,40325,100,87,284.58
2191.8,1,55,0,34,6.97
2191.8,2,15,0,59,20.66
2193.9,0,40261,100,87,285.22
2193.9,1,55,0,34,11.44
2193.9,2,15,0,60,30.31
2196.0,0,40293,100,87,287.35
2196.0,1,55,0,34,6.98
2196.0,2,15,0,59,20.66
2198.0,0,40197,99,87,289.33
2198.0,1,55,0,34,6.88
2198.0,2,15,0,59,20.58
2200.1,0,40901,100,87,287.72
2200.1,1,55,1,34,8.50
2200.1,2,15,0,60,24.19
2202.2,0,40133,100,87,283.35
2202.2,1,55,0,34,7.23
2202.2,2,15,0,60,22.34
2204.3,0,43525,100,87,269.70
2204.3,1,55,0,34,6.92
2204.3,2,15,0,60,20.57
2206.4,0,42213,100,87,281.05
2206.4,1,55,0,34,6.88
2206.4,2,15,0,59,20.65
2208.5,0,40005,100,87,285.36
2208.5,1,55,0,34,11.64
2208.5,2,15,0,60,30.02
2210.5,0,43205,92,85,265.13
2210.5,1,55,0,34,6.90
2210.5,2,15,0,59,20.93
2212.7,0,41029,100,87,269.26
2212.7,1,55,0,34,6.99
2212.7,2,15,0,59,20.95
2214.7,0,40197,100,87,283.61
2214.7,1,55,0,34,11.80
2214.7,2,15,0,60,30.16
2216.8,0,40549,100,87,285.86
2216.8,1,55,0,34,7.15
2216.8,2,15,0,59,20.84
2218.9,0,40581,99,87,283.71
2218.9,1,55,0,34,6.78
2218.9,2,15,0,59,20.59
2221.0,0,40549,100,87,287.85
2221.0,1,55,0,34,7.24
2221.0,2,15,1,60,20.96
2223.1,0,40581,100,87,285.64
2223.1,1,55,0,34,7.68
2223.1,2,15,0,60,22.47
2225.2,0,40615,100,87,284.42
2225.2,1,55,0,34,6.99
2225.2,2,15,0,60,20.61
2227.3,0,40615,100,87,286.13
2227.3,1,55,0,34,7.22
2227.3,2,15,0,59,20.70
2229.4,0,40615,98,87,286.16
2229.4,1,55,0,34,11.78
2229.4,2,15,0,60,29.84
2231.5,0,40647,100,87,288.02
2231.5,1,55,0,34,6.95
2231.5,2,15,0,59,20.95
2233.6,0,40647,100,87,286.46
2233.6,1,55,0,34,6.93
2233.6,2,15,0,59,20.56
2235.7,0,40679,94,87,285.83
2235.7,1,55,0,34,8.21
2235.7,2,15,0,60,22.78
2237.8,0,40679,99,87,284.06
2237.8,1,55,0,34,7.34
2237.8,2,15,0,60,21.76
2239.9,0,40775,100,87,287.30
2239.9,1,55,0,34,7.01
2239.9,2,15,0,59,20.59
2241.9,0,21803,100,86,231.15
2241.9,1,55,0,34,7.14
2241.9,2,15,0,59,20.64
2244.0,0,21419,98,87,285.00
2244.0,1,55,0,34,11.42
2244.0,2,15,0,60,30.25
2246.1,0,21611,96,87,290.25
2246.1,1,55,0,34,7.30
2246.1,2,15,0,59,21.81
2248.2,0,21421,96,87,288.12
2248.2,1,55,0,34,7.04
2248.2,2,15,0,59,21.42
2250.3,0,12639,97,87,290.77
2250.3,1,55,0,34,11.81
2250.3,2,15,0,60,29.92
2252.4,0,12545,96,87,295.97
2252.4,1,55,0,34,7.44
2252.4,2,15,0,60,21.67
2254.5,0,13015,100,87,262.74
2254.5,1,55,0,34,7.21
2254.5,2,15,0,59,21.02
2256.6,0,30699,100,87,284.06
2256.6,1,55,0,34,7.15
2256.6,2,15,0,59,21.00
2258.6,0,40021,100,87,287.43
2258.6,1,55,0,34,11.73
2258.6,2,15,0,60,30.22
2260.8,0,39991,99,87,285.67
2260.8,1,55,0,34,6.88
2260.8,2,15,0,60,20.69
2262.9,0,39833,100,87,286.44
2262.9,1,55,0,34,7.18
2262.9,2,15,0,60,20.79
2265.0,0,39769,100,87,289.17
2265.0,1,55,0,34,11.22
2265.0,2,15,0,60,30.59
2267.0,0,39767,100,87,286.98
2267.0,1,55,0,34,7.05
2267.0,2,15,0,60,20.71
2269.1,0,39705,100,87,286.07
2269.1,1,55,0,34,6.78
2269.1,2,15,0,59,20.55
2271.2,0,42713,99,87,286.22
2271.2,1,55,0,34,8.25
2271.2,2,15,0,59,20.52
2273.3,0,42745,100,87,278.74
2273.3,1,55,0,34,7.58
2273.3,2,15,0,60,22.47
2275.4,0,43257,100,87,281.86
2275.4,1,55,0,34,6.91
2275.4,2,15,0,60,20.63
2277.5,0,39961,100,87,269.62
2277.5,1,55,0,34,7.10
2277.5,2,15,0,59,20.78
2279.6,0,42809,99,87,287.39
2279.6,1,55,0,34,11.88
2279.6,2,15,0,60,30.05
2281.7,0,39801,100,86,281.86
2281.7,1,55,0,34,7.10
2281.7,2,15,0,60,21.01
2283.8,0,39833,100,87,287.76
2283.8,1,55,0,34,6.95
2283.8,2,15,0,60,20.59
2285.9,0,40249,99,87,286.50
2285.9,1,55,1,34,8.81
2285.9,2,15,0,60,24.53
2287.9,0,40219,100,87,286.62
2287.9,1,55,0,34,7.52
2287.9,2,15,0,60,21.76
2290.0,0,40219,100,87,285.94
2290.0,1,55,0,34,6.86
2290.0,2,15,0,60,20.56
2292.1,0,40219,100,87,282.25
2292.1,1,55,0,34,6.95
2292.1,2,15,0,59,20.67
2294.2,0,40251,100,87,284.57
2294.2,1,55,0,34,11.54
2294.2,2,15,0,60,30.42
2296.3,0,40251,100,87,287.31
2296.3,1,55,0,34,6.96
2296.3,2,15,0,60,20.49
2298.4,0,40283,99,87,286.62
2298.4,1,55,0,34,6.78
2298.4,2,15,0,59,20.59
2300.5,0,40347,100,87,285.77
2300.5,1,55,0,34,8.93
2300.5,2,15,0,60,24.84
2302.6,0,40411,100,87,289.53
2302.6,1,55,0,34,7.34
2302.6,2,15,0,60,22.14
2304.7,0,40347,100,87,284.83
2304.7,1,55,0,34,6.78
2304.7,2,15,0,60,20.48
2306.8,0,40347,99,87,286.34
2306.8,1,55,0,34,7.37
2306.8,2,15,0,59,20.76
2308.9,0,40315,99,87,282.86
2308.9,1,55,0,34,7.56
2308.9,2,15,0,60,21.99
2311.0,0,40379,99,87,288.79
2311.0,1,55,0,34,6.94
2311.0,2,15,0,60,20.62
2313.0,0,40247,100,87,284.76
2313.0,1,55,0,34,7.07
2313.0,2,15,0,59,20.81
2315.1,0,40251,100,87,284.35
2315.1,1,55,0,34,11.34
2315.1,2,15,0,60,30.31
2317.2,0,40311,100,87,287.16
2317.2,1,55,0,34,6.93
2317.2,2,15,0,60,21.15
2319.3,0,40185,100,87,288.96
2319.3,1,55,0,34,6.59
2319.3,2,15,0,59,20.55
2321.4,0,40057,100,87,286.90
2321.4,1,55,0,34,7.78
2321.4,2,15,0,60,22.36
2323.5,0,39897,100,87,287.70
2323.5,1,55,0,34,6.95
2323.5,2,15,0,60,22.24
2325.6,0,39895,99,87,285.04
2325.6,1,55,0,34,6.64
2325.6,2,15,0,60,20.52
2327.7,0,40217,100,87,282.05
2327.7,1,55,0,34,6.82
2327.7,2,15,0,60,20.63
2329.8,0,40217,100,87,286.54
2329.8,1,55,0,34,11.28
2329.8,2,15,0,60,29.94
2331.8,0,40251,98,87,286.81
2331.8,1,55,0,34,6.92
2331.8,2,15,0,60,20.77
2334.0,0,40249,99,87,287.28
2334.0,1,55,0,34,6.71
2334.0,2,15,0,59,20.47
2336.0,0,40249,100,87,286.16
2336.0,1,55,0,34,8.46
2336.0,2,15,0,60,23.51
2338.1,0,40281,100,87,285.15
2338.1,1,55,0,34,7.37
2338.1,2,15,0,60,21.59
2340.2,0,40281,100,87,283.05
2340.2,1,55,0,34,6.76
2340.2,2,15,0,60,20.50
2342.3,0,40377,100,87,285.17
2342.3,1,55,0,34,6.93
2342.3,2,15,0,59,20.57
2344.4,0,40345,100,87,288.63
2344.4,1,55,0,34,11.24
2344.4,2,15,0,60,30.27
2346.5,0,40345,100,87,283.94
2346.5,1,55,0,34,7.01
2346.5,2,15,0,60,20.90
2348.6,0,40377,100,87,286.26
2348.6,1,55,0,34,6.81
2348.6,2,15,0,60,20.53
2350.7,0,40281,100,87,287.11
2350.7,1,55,0,34,8.92
2350.7,2,15,0,60,24.11
2352.8,0,40347,100,87,285.16
2352.8,1,55,0,34,7.03
2352.8,2,15,0,60,20.85
2354.9,0,40283,100,87,283.07
2354.9,1,55,0,34,6.67
2354.9,2,15,0,59,20.55
2357.0,0,40347,100,87,283.77
2357.0,1,55,0,34,6.83
2357.0,2,15,0,59,20.67
2359.1,0,40219,100,87,285.84
2359.1,1,55,0,34,7.49
2359.1,2,15,0,60,30.35
2361.2,0,40091,100,87,286.87
2361.2,1,55,0,34,6.95
2361.2,2,15,0,60,20.77
2363.3,0,39867,100,87,287.14
2363.3,1,55,0,34,7.22
2363.3,2,15,0,59,20.61
2365.4,0,39831,100,87,284.93
2365.4,1,55,0,34,11.49
2365.4,2,15,0,60,30.27
2367.5,0,39865,100,87,285.13
2367.5,1,55,0,34,7.10
2367.5,2,15,0,60,21.07
2369.6,0,39865,100,87,286.29
2369.6,1,55,0,34,6.94
2369.6,2,15,0,60,20.48
2371.7,0,39673,100,87,283.29
2371.7,1,55,0,34,7.41
2371.7,2,15,0,60,20.99
2373.8,0,39673,100,87,286.41
2373.8,1,55,0,34,7.35
2373.8,2,15,0,60,22.09
2375.9,0,42681,100,87,284.92
2375.9,1,55,0,34,6.82
2375.9,2,15,0,60,20.45
2378.0,0,42617,100,87,282.76
2378.0,1,55,0,34,7.09
2378.0,2,15,0,60,20.67
2380.1,0,42715,100,87,288.67
2380.1,1,55,0,34,11.91
2380.1,2,15,0,60,30.11
2382.2,0,44123,100,87,278.07
2382.2,1,55,0,34,7.21
2382.2,2,15,0,60,20.71
2384.3,0,40443,100,87,274.65
2384.3,1,55,0,34,6.88
2384.3,2,15,0,60,20.52
2386.4,0,40507,100,87,283.52
2386.4,1,55,0,34,8.96
2386.4,2,15,0,60,25.11
2388.4,0,40151,100,86,286.11
2388.4,1,55,0,34,7.41
2388.4,2,15,0,60,21.56
2390.5,0,40121,98,87,283.59
2390.5,1,55,0,34,6.86
2390.5,2,15,0,60,20.39
2392.6,0,40185,100,87,287.50
2392.6,1,55,0,34,6.97
2392.6,2,15,0,60,20.64
2394.7,0,40185,99,87,288.50
2394.7,1,55,0,34,11.72
2394.7,2,15,0,60,30.41
2396.8,0,40249,100,87,287.28
2396.8,1,55,0,34,6.45
2396.8,2,15,0,60,20.44
2398.9,0,40281,99,87,287.99
2398.9,1,55,0,34,7.21
2398.9,2,15,0,60,20.71
2401.0,0,40281,100,87,287.07
2401.0,1,55,0,34,11.51
2401.0,2,15,0,60,29.89
2403.1,0,40345,100,87,283.42
2403.1,1,55,0,34,7.30
2403.1,2,15,0,60,20.94
2405.2,0,40279,100,87,287.73
2405.2,1,55,0,34,6.83
2405.2,2,15,0,60,20.57
2407.3,0,40281,100,87,286.04
2407.3,1,55,0,34,7.10
2407.3,2,15,0,60,20.54
2409.4,0,40249,100,87,287.36
2409.4,1,55,0,34,7.52
2409.4,2,15,0,60,21.62
2411.5,0,40313,100,87,287.89
2411.5,1,55,0,34,6.92
2411.5,2,15,0,60,20.54
2413.6,0,40249,100,87,284.41
2413.6,1,55,0,34,7.18
2413.6,2,15,0,60,20.71
2415.7,0,40249,100,87,284.01
2415.7,1,55,0,34,11.38
2415.7,2,15,0,60,30.41
2417.7,0,40217,98,87,287.98
2417.7,1,55,0,34,7.23
2417.7,2,15,0,60,21.04
2419.8,0,40119,100,87,287.81
2419.8,1,55,0,34,6.91
2419.8,2,15,0,60,20.61
2421.9,0,40089,100,87,284.45
2421.9,1,55,0,34,8.58
2421.9,2,15,0,60,23.76
2424.0,0,39993,100,87,285.02
2424.0,1,55,0,34,7.26
2424.0,2,15,0,60,22.28
2426.1,0,39769,100,87,285.66
2426.1,1,55,0,34,6.89
2426.1,2,15,0,60,20.56
2428.2,0,40185,100,87,285.04
2428.2,1,55,0,34,7.13
2428.2,2,15,0,60,20.80
2430.3,0,40185,99,87,287.79
2430.3,1,55,0,34,11.73
2430.3,2,15,0,60,30.29
2432.4,0,40185,100,87,286.18
2432.4,1,55,0,34,7.16
2432.4,2,15,0,60,20.77
2434.5,0,40217,100,87,287.39
2434.5,1,55,0,34,6.84
2434.5,2,15,0,60,20.55
2436.5,0,40313,99,87,284.69
2436.5,1,55,0,34,8.83
2436.5,2,15,0,60,24.51
2438.6,0,40313,100,87,286.00
2438.6,1,55,0,34,7.60
2438.6,2,15,0,60,22.29
2440.7,0,40315,100,87,287.07
2440.7,1,55,0,34,7.03
2440.7,2,15,0,60,20.48
2442.8,0,40315,100,87,284.64
2442.8,1,55,0,34,7.19
2442.8,2,15,0,60,20.64
2444.9,0,40345,100,87,286.39
2444.9,1,55,0,34,11.85
2444.9,2,15,0,60,22.23
2447.0,0,40345,100,87,288.67
2447.0,1,55,0,34,7.28
2447.0,2,15,0,60,20.58
2449.1,0,40313,100,87,284.20
2449.1,1,55,0,34,6.99
2449.1,2,15,0,60,20.60
2451.2,0,40377,100,87,284.91
2451.2,1,55,0,34,9.46
2451.2,2,15,0,60,25.33
2453.3,0,40183,100,87,286.44
2453.3,1,55,0,34,7.96
2453.3,2,15,0,60,22.18
2455.4,0,40153,100,87,289.03
2455.4,1,55,0,34,7.02
2455.4,2,15,0,60,20.52
2457.4,0,40057,100,87,285.13
2457.4,1,55,0,34,7.62
2457.4,2,15,0,60,21.49
2459.5,0,39865,98,87,285.30
2459.5,1,55,0,34,7.71
2459.5,2,15,0,60,21.60
2461.6,0,39767,100,87,285.53
2461.6,1,55,0,34,7.10
2461.6,2,15,0,60,20.47
2463.7,0,39769,100,87,289.89
2463.7,1,55,0,34,7.15
2463.7,2,15,0,60,20.66
2465.8,0,39675,100,87,285.00
2465.8,1,55,0,34,11.45
2465.8,2,15,0,60,30.42
2467.9,0,40155,100,87,279.50
2467.9,1,55,0,34,7.35
2467.9,2,15,0,60,21.03
2470.0,0,42811,100,87,261.13
2470.0,1,55,0,34,7.25
2470.0,2,15,0,60,20.49
2472.1,0,42779,100,87,267.89
2472.1,1,55,0,34,8.68
2472.1,2,15,0,60,22.82
2474.1,0,40251,100,87,284.65
2474.1,1,55,0,34,7.29
2474.1,2,15,0,60,22.08
2476.2,0,42747,100,87,278.88
2476.2,1,55,0,34,7.29
2476.2,2,15,0,60,20.70
2478.3,0,42779,100,87,286.11
2478.3,1,55,0,34,7.25
2478.3,2,15,0,60,20.69
2480.4,0,39739,100,86,270.12
2480.4,1,55,0,34,12.02
2480.4,2,15,0,60,30.13
2482.5,0,40187,96,87,286.48
2482.5,1,55,0,34,7.22
2482.5,2,15,0,60,20.60
2484.6,0,40219,100,87,286.09
2484.6,1,55,0,34,6.96
2484.6,2,15,0,60,20.61
2486.7,0,40251,100,87,284.83
2486.7,1,55,0,34,8.61
2486.7,2,15,0,60,23.61
2488.8,0,40251,100,87,285.39
2488.8,1,55,0,34,7.43
2488.8,2,15,0,60,22.42
2490.9,0,40251,100,87,286.56
2490.9,1,55,0,34,6.66
2490.9,2,15,0,60,20.58
2492.9,0,40315,100,87,288.29
2492.9,1,55,0,34,6.88
2492.9,2,15,0,60,20.63
2495.0,0,40315,100,87,286.16
2495.0,1,55,0,34,11.78
2495.0,2,15,0,60,29.90
2497.1,0,40219,100,86,285.07
2497.1,1,55,0,34,7.09
2497.1,2,15,0,60,20.92
2499.2,0,40219,96,87,286.21
2499.2,1,55,0,34,6.95
2499.2,2,15,0,60,20.47
2501.3,0,40219,100,87,285.97
2501.3,1,55,0,34,8.98
2501.3,2,15,0,60,24.24
2503.4,0,40219,100,87,286.96
2503.4,1,55,0,34,7.18
2503.4,2,15,0,60,20.81
2505.5,0,39899,100,87,287.31
2505.5,1,55,0,34,6.92
2505.5,2,15,0,60,20.69
2507.6,0,39931,99,87,285.28
2507.6,1,55,0,34,7.02
2507.6,2,15,0,60,20.62
2509.7,0,39835,100,87,286.77
2509.7,1,55,0,34,7.48
2509.7,2,15,0,60,22.59
2511.8,0,39803,100,87,286.55
2511.8,1,55,0,34,7.03
2511.8,2,15,0,60,20.68
2513.9,0,39707,99,87,285.50
2513.9,1,55,0,34,7.31
2513.9,2,15,0,60,20.66
2516.0,0,39707,99,87,286.11
2516.0,1,55,0,34,11.69
2516.0,2,15,0,60,29.80
2518.1,0,40251,99,87,285.30
2518.1,1,55,0,34,7.39
2518.1,2,15,0,60,21.07
2520.2,0,40283,99,87,286.51
2520.2,1,55,0,34,7.12
2520.2,2,15,0,60,20.53
2522.3,0,40315,97,87,285.42
2522.3,1,55,0,34,7.87
2522.3,2,15,0,60,21.27
2524.3,0,40315,95,87,286.30
2524.3,1,55,0,34,7.94
2524.3,2,15,0,60,21.87
2526.4,0,40347,99,87,286.40
2526.4,1,55,0,34,7.19
2526.4,2,15,0,60,20.51
2528.5,0,40187,100,87,285.40
2528.5,1,55,0,34,7.19
2528.5,2,15,0,60,20.62
2530.6,0,40187,100,87,285.92
2530.6,1,55,0,34,11.44
2530.6,2,15,0,60,30.18
2532.7,0,40217,100,87,284.74
2532.7,1,55,0,34,7.25
2532.7,2,15,0,60,20.64
2534.8,0,40185,100,87,283.71
2534.8,1,55,0,34,6.73
2534.8,2,15,0,60,20.49
2536.9,0,40281,100,87,288.24
2536.9,1,55,0,34,8.92
2536.9,2,15,0,60,25.48
2539.0,0,40057,100,87,286.92
2539.0,1,55,0,34,7.09
2539.0,2,15,0,60,22.56
2541.1,0,39961,99,87,285.82
2541.1,1,55,0,34,6.97
2541.1,2,15,0,60,20.52
2543.1,0,39801,100,87,287.23
2543.1,1,55,0,34,7.11
2543.1,2,15,0,60,20.69
2545.2,0,39831,96,87,284.46
2545.2,1,55,0,34,11.72
2545.2,2,15,0,60,29.93
2547.3,0,39705,100,87,285.70
2547.3,1,55,0,34,7.04
2547.3,2,15,0,60,20.89
2549.4,0,42713,90,87,281.07
2549.4,1,55,0,34,7.00
2549.4,2,15,0,60,20.77
2551.5,0,44281,100,86,262.55
2551.5,1,55,0,34,11.68
2551.5,2,15,0,60,30.30
2553.6,0,40217,100,87,283.41
2553.6,1,55,0,34,7.28
2553.6,2,15,0,60,20.74
2555.7,0,40569,100,87,269.09
2555.7,1,55,0,34,6.92
2555.7,2,15,0,60,20.60
2557.8,0,40795,100,87,266.82
2557.8,1,55,0,34,6.93
2557.8,2,15,0,60,20.54
2559.9,0,30949,100,86,287.66
2559.9,1,55,0,34,7.50
2559.9,2,15,0,60,22.50
2562.0,0,30951,98,87,291.47
2562.0,1,55,0,34,6.94
2562.0,2,15,0,60,21.13
2564.1,0,30535,98,87,290.10
2564.1,1,55,0,34,7.14
2564.1,2,15,0,60,21.32
2566.2,0,31047,98,87,293.30
2566.2,1,55,0,34,11.52
2566.2,2,15,0,60,29.95
2568.3,0,30919,99,87,292.06
2568.3,1,55,0,34,6.91
2568.3,2,15,0,60,21.69
2570.4,0,33415,98,87,291.14
2570.4,1,55,0,34,7.04
2570.4,2,15,0,60,21.26
2572.5,0,32071,86,84,274.79
2572.5,1,55,0,34,8.80
2572.5,2,15,1,60,23.99
2574.6,0,30759,96,87,291.73
2574.6,1,55,0,34,7.72
2574.6,2,15,0,60,22.03
2576.7,0,40049,97,87,285.48
2576.7,1,55,0,34,7.04
2576.7,2,15,0,60,20.66
2578.7,0,40113,99,87,289.28
2578.7,1,55,0,34,7.01
2578.7,2,15,0,60,20.79
2580.8,0,40145,99,87,288.64
2580.8,1,55,0,34,11.42
2580.8,2,15,0,60,30.24
2582.9,0,40113,100,87,287.11
2582.9,1,55,0,34,7.05
2582.9,2,15,0,60,21.22
2585.0,0,40177,100,87,286.93
2585.0,1,55,0,34,6.55
2585.0,2,15,0,60,20.65
2587.1,0,40273,98,87,287.85
2587.1,1,55,0,34,9.11
2587.1,2,15,0,60,24.52
2589.2,0,40241,100,87,283.08
2589.2,1,55,0,34,7.41
2589.2,2,15,0,60,22.40
2591.3,0,40273,99,87,285.66
2591.3,1,55,0,34,6.99
2591.3,2,15,0,60,20.68
2593.4,0,40273,100,87,285.57
2593.4,1,55,0,34,6.78
2593.4,2,15,0,60,20.77
2595.5,0,40177,100,87,284.99
2595.5,1,55,0,34,7.34
2595.5,2,15,0,60,21.97
2597.6,0,39953,99,87,286.74
2597.6,1,55,0,34,6.55
2597.6,2,15,0,60,20.65
2599.7,0,39761,99,87,287.24
2599.7,1,55,0,34,6.95
2599.7,2,15,0,60,20.73
2601.7,0,39633,100,87,288.11
2601.7,1,55,0,34,11.22
2601.7,2,15,0,60,25.35
2603.8,0,39665,100,87,286.54
2603.8,1,55,0,34,7.44
2603.8,2,15,0,60,21.72
2605.9,0,42673,100,87,285.74
2605.9,1,55,0,34,6.53
2605.9,2,15,0,60,20.59
2608.0,0,42705,100,87,287.55
2608.0,1,55,0,34,7.46
2608.0,2,15,0,60,21.97
2610.1,0,40305,100,87,283.09
2610.1,1,55,0,34,7.42
2610.1,2,15,0,60,22.75
2612.2,0,42577,100,87,287.12
2612.2,1,55,0,34,6.71
2612.2,2,15,0,60,20.79
2614.3,0,40049,100,87,290.29
2614.3,1,55,0,34,6.86
2614.3,2,15,0,60,20.87
2616.4,0,40049,100,87,287.68
2616.4,1,55,0,34,11.78
2616.4,2,15,0,60,30.22
2618.5,0,40113,100,87,285.53
2618.5,1,55,0,34,6.83
2618.5,2,15,0,60,21.16
2620.5,0,40113,99,87,289.14
2620.5,1,55,0,34,6.68
2620.5,2,15,0,60,20.84
2622.6,0,40145,100,87,286.29
2622.6,1,55,0,34,8.22
2622.6,2,15,0,60,23.04
2624.7,0,40145,100,87,286.43
2624.7,1,55,0,34,7.40
2624.7,2,15,0,60,22.06
2626.8,0,40177,100,87,288.76
2626.8,1,55,0,34,6.85
2626.8,2,15,0,60,20.73
2628.9,0,40177,99,87,285.96
2628.9,1,55,0,34,7.00
2628.9,2,15,0,60,20.78
2631.0,0,40081,96,87,285.91
2631.0,1,55,0,34,10.97
2631.0,2,15,0,60,30.50
2633.1,0,40049,100,87,283.36
2633.1,1,55,0,34,6.69
2633.1,2,15,0,60,21.21
2635.2,0,39985,100,87,285.71
2635.2,1,55,0,34,6.67
2635.2,2,15,0,60,20.61
2637.3,0,39729,100,87,285.33
2637.3,1,55,1,34,8.41
2637.3,2,15,0,60,23.64
2639.4,0,39665,100,87,289.69
2639.4,1,55,0,34,6.55
2639.4,2,15,0,60,21.00
2641.5,0,39665,100,87,283.16
2641.5,1,55,0,34,6.41
2641.5,2,15,0,60,20.66
2643.5,0,42705,100,86,279.55
2643.5,1,55,0,34,6.65
2643.5,2,15,0,60,20.67
2645.6,0,42673,100,87,283.37
2645.6,1,55,0,34,12.12
2645.6,2,15,0,60,30.18
2647.7,0,40017,100,87,281.27
2647.7,1,55,0,34,6.97
2647.7,2,15,0,60,20.84
2649.8,0,40049,100,87,286.64
2649.8,1,55,0,34,6.75
2649.8,2,15,0,60,20.56
2651.9,0,40081,100,87,287.61
2651.9,1,55,0,34,8.89
2651.9,2,15,0,60,30.19
2654.0,0,40113,99,87,285.58
2654.0,1,55,0,34,7.07
2654.0,2,15,0,60,21.22
2656.1,0,40113,100,87,288.51
2656.1,1,55,0,34,6.91
2656.1,2,15,0,60,20.53
2658.1,0,40113,99,87,287.63
2658.1,1,55,0,34,7.20
2658.1,2,15,0,60,20.81
2660.2,0,40175,98,87,285.11
2660.2,1,55,0,34,7.24
2660.2,2,15,0,60,22.30
2662.3,0,40175,100,86,286.72
2662.3,1,55,0,34,6.85
2662.3,2,15,0,60,20.57
2664.4,0,40141,90,86,252.98
2664.4,1,55,0,34,6.88
2664.4,2,15,0,60,20.69
2666.5,0,40229,97,87,289.81
2666.5,1,55,0,34,11.38
2666.5,2,15,0,60,29.94
2668.6,0,40005,97,87,293.39
2668.6,1,55,0,34,7.05
2668.6,2,15,0,60,21.47
2670.7,0,42727,98,87,266.99
2670.7,1,55,0,34,6.71
2670.7,2,15,0,60,20.98
2672.7,0,40167,98,87,270.45
2672.7,1,55,0,34,7.98
2672.7,2,15,0,60,21.83
2674.8,0,40263,99,87,295.31
2674.8,1,55,0,34,6.78
2674.8,2,15,0,60,22.03
2676.9,0,39719,96,87,292.92
2676.9,1,55,0,34,6.75
2676.9,2,15,0,60,20.96
2679.0,0,44039,100,86,255.24
2679.0,1,55,0,34,6.89
2679.0,2,15,0,60,20.84
2681.1,0,40135,94,86,287.60
2681.1,1,55,0,34,11.26
2681.1,2,15,0,60,30.07
2683.2,0,40167,96,87,292.31
2683.2,1,55,0,34,6.70
2683.2,2,15,0,60,21.28
2685.3,0,39495,97,87,291.57
2685.3,1,55,0,34,6.84
2685.3,2,15,0,60,20.88
2687.4,0,40039,100,87,268.64
2687.4,1,55,0,34,8.32
2687.4,2,15,0,60,22.64
2689.4,0,40167,98,87,293.52
2689.4,1,55,0,34,7.23
2689.4,2,15,0,60,22.18
2691.5,0,39975,98,87,292.42
2691.5,1,55,0,34,6.81
2691.5,2,15,0,60,20.89
2693.6,0,42663,92,86,273.36
2693.6,1,55,0,34,7.30
2693.6,2,15,0,60,21.34
2695.7,0,40103,100,86,274.62
2695.7,1,55,0,34,11.82
2695.7,2,15,0,60,30.31
2697.8,0,40231,99,87,294.42
2697.8,1,55,0,34,6.96
2697.8,2,15,0,60,21.22
2699.9,0,39975,98,87,294.32
2699.9,1,55,0,34,6.62
2699.9,2,15,0,60,21.10
2702.0,0,40103,98,86,269.03
2702.0,1,55,0,34,11.57
2702.0,2,15,0,60,30.60
2704.1,0,14639,97,84,234.85
2704.1,1,55,0,34,6.89
2704.1,2,15,0,60,21.39
2706.1,0,11697,85,83,239.19
2706.1,1,55,0,34,6.77
2706.1,2,15,0,60,21.00
2708.2,0,16719,100,85,212.51
2708.2,1,55,0,34,6.80
2708.2,2,15,0,60,20.45
2710.3,0,12273,96,85,235.36
2710.3,1,55,0,34,11.73
2710.3,2,15,0,60,30.08
2712.4,0,14897,100,85,264.04
2712.4,1,55,0,34,6.81
2712.4,2,15,0,60,21.45
2714.5,0,12241,84,85,244.58
2714.5,1,55,0,34,7.10
2714.5,2,15,0,60,20.87
2716.5,0,12339,98,86,294.97
2716.5,1,55,0,34,11.13
2716.5,2,15,0,60,29.98
2718.6,0,11763,98,86,294.52
2718.6,1,55,0,34,6.05
2718.6,2,15,0,60,21.37
2720.7,0,14835,100,86,266.12
2720.7,1,55,0,34,5.52
2720.7,2,15,0,60,21.14
2722.7,0,14899,96,85,271.09
2722.7,1,55,0,34,5.99
2722.7,2,15,0,60,21.01
2724.8,0,12339,96,86,287.57
2724.8,1,55,0,34,5.92
2724.8,2,15,0,60,21.71
2726.9,0,12499,97,86,295.04
2726.9,1,55,0,34,5.49
2726.9,2,15,0,60,20.94
2728.9,0,12339,98,86,297.49
2728.9,1,55,0,34,5.86
2728.9,2,15,0,60,21.08
2731.0,0,12499,97,86,294.20
2731.0,1,55,0,34,10.25
2731.0,2,15,0,60,30.26
2733.1,0,12051,96,87,292.95
2733.1,1,55,0,34,5.78
2733.1,2,15,0,60,21.44
2735.2,0,14771,100,86,255.40
2735.2,1,55,0,34,5.62
2735.2,2,15,0,60,20.92
2737.2,0,14867,100,85,263.35
2737.2,1,55,0,34,7.43
2737.2,2,15,0,60,22.16
2739.3,0,12371,97,86,279.95
2739.3,1,55,0,34,7.31
2739.3,2,15,0,60,22.25
2741.4,0,12243,98,86,292.23
2741.4,1,55,0,34,7.09
2741.4,2,15,0,60,21.11
2743.5,0,12563,99,87,290.11
2743.5,1,55,0,34,7.07
2743.5,2,15,0,60,21.12
2745.6,0,14079,100,86,274.78
2745.6,1,55,0,34,11.72
2745.6,2,15,0,60,30.22
2747.7,0,12033,99,87,287.36
2747.7,1,55,0,34,7.12
2747.7,2,15,0,60,20.79
2749.8,0,12193,97,86,291.52
2749.8,1,55,0,34,6.83
2749.8,2,15,0,60,20.98
2751.8,0,11681,98,87,290.23
2751.8,1,55,0,34,8.11
2751.8,2,15,0,60,23.57
2753.9,0,11681,96,87,288.76
2753.9,1,55,0,34,7.28
2753.9,2,15,0,60,22.90
2756.0,0,13569,100,86,261.71
2756.0,1,55,0,34,6.73
2756.0,2,15,0,60,21.06
2758.1,0,34517,100,86,287.95
2758.1,1,55,0,34,7.07
2758.1,2,15,0,60,20.62
2760.2,0,30101,0,82,131.59
2760.2,1,55,0,34,11.81
2760.2,2,15,0,60,29.66
2762.3,0,30101,0,80,107.94
2762.3,1,55,0,34,6.92
2762.3,2,15,0,60,20.49
2764.4,0,30229,98,84,214.72
2764.4,1,55,0,34,6.95
2764.4,2,15,0,59,20.42
2766.5,0,39519,100,85,286.71
2766.5,1,55,0,34,11.30
2766.5,2,15,0,60,29.90
2768.6,0,39871,99,84,286.59
2768.6,1,55,0,34,6.42
2768.6,2,15,0,60,20.62
2770.7,0,39679,100,85,286.04
2770.7,1,55,0,34,6.14
2770.7,2,15,0,59,20.34
2772.8,0,39679,100,85,290.02
2772.8,1,55,0,34,6.20
2772.8,2,15,0,60,20.30
2774.9,0,39711,100,84,286.33
2774.9,1,55,0,34,10.63
2774.9,2,15,0,60,29.91
2776.9,0,39743,100,85,288.06
2776.9,1,55,0,34,6.48
2776.9,2,15,0,59,20.46
2779.0,0,39741,100,84,289.64
2779.0,1,55,0,34,6.46
2779.0,2,15,0,59,20.60
2781.1,0,39773,100,86,290.57
2781.1,1,55,0,34,10.15
2781.1,2,15,0,60,29.59
2783.2,0,39357,99,85,276.23
2783.2,1,55,0,34,5.69
2783.2,2,15,0,59,20.97
2785.2,0,39293,93,85,256.14
2785.2,1,55,0,34,5.59
2785.2,2,15,0,59,20.36
2787.3,0,39293,100,86,286.88
2787.3,1,55,0,34,5.92
2787.3,2,15,1,59,20.71
2789.4,0,39293,91,85,281.79
2789.4,1,55,0,34,6.31
2789.4,2,15,0,60,21.87
2791.5,0,39293,97,86,257.27
2791.5,1,55,0,34,5.60
2791.5,2,15,0,59,20.63
2793.5,0,39293,44,86,286.01
2793.5,1,55,0,34,5.79
2793.5,2,15,0,59,20.73
2795.6,0,20735,100,86,221.07
2795.6,1,55,0,34,9.91
2795.6,2,15,0,60,30.22
2797.7,0,20737,0,82,246.04
2797.7,1,55,0,34,6.38
2797.7,2,15,0,59,21.04
2799.7,0,11445,96,85,244.92
2799.7,1,55,0,34,6.87
2799.7,2,15,0,59,20.45
2801.8,0,11443,0,81,138.32
2801.8,1,55,0,34,7.65
2801.8,2,15,0,60,21.97
2803.9,0,11447,95,85,286.60
2803.9,1,55,0,34,7.21
2803.9,2,15,0,60,22.74
2806.0,0,11447,95,84,225.44
2806.0,1,55,0,34,7.02
2806.0,2,15,0,59,20.84
2808.1,0,11445,96,85,291.89
2808.1,1,55,0,34,7.07
2808.1,2,15,0,59,21.00
2810.2,0,11445,100,85,288.41
2810.2,1,55,0,34,11.49
2810.2,2,15,0,60,29.57
2812.2,0,11467,99,86,294.45
2812.2,1,55,0,34,6.99
2812.2,2,15,0,59,21.12
2814.3,0,11467,98,86,292.18
2814.3,1,55,0,34,6.72
2814.3,2,15,0,59,20.78
2816.4,0,11469,97,86,294.42
2816.4,1,55,0,34,7.68
2816.4,2,15,0,60,22.91
2818.5,0,11469,98,86,295.28
2818.5,1,55,0,34,7.09
2818.5,2,15,0,60,21.87
2820.6,0,11469,91,86,287.32
2820.6,1,55,0,34,6.26
2820.6,2,15,0,59,20.82
2822.6,0,11471,100,86,288.35
2822.6,1,55,0,34,6.30
2822.6,2,15,0,59,21.05
2824.7,0,11471,87,86,287.64
2824.7,1,55,0,34,10.92
2824.7,2,15,0,60,29.91
2826.8,0,11471,100,87,291.26
2826.8,1,55,0,34,6.63
2826.8,2,15,0,59,21.50
2828.9,0,14703,98,87,289.74
2828.9,1,55,0,34,6.23
2828.9,2,15,0,59,21.10
2831.0,0,12015,99,86,267.59
2831.0,1,55,0,34,8.27
2831.0,2,15,0,60,29.77
2833.0,0,12143,97,87,294.46
2833.0,1,55,0,34,6.49
2833.0,2,15,0,59,21.32
2835.1,0,11983,97,87,292.34
2835.1,1,55,0,34,6.22
2835.1,2,15,0,59,20.90
2837.2,0,15599,100,87,276.65
2837.2,1,55,0,34,6.26
2837.2,2,15,0,59,20.65
2839.3,0,12239,100,87,290.64
2839.3,1,55,0,34,6.71
2839.3,2,15,0,60,29.70
2841.3,0,11791,99,87,291.98
2841.3,1,55,0,34,5.76
2841.3,2,15,0,59,21.15
2843.4,0,16079,100,87,268.30
2843.4,1,55,0,34,6.11
2843.4,2,15,0,59,20.94
2845.5,0,12143,99,87,284.06
2845.5,1,55,0,34,10.08
2845.5,2,15,0,60,29.85
2847.6,0,12015,98,87,283.17
2847.6,1,55,0,34,6.04
2847.6,2,15,0,59,21.37
2849.6,0,14639,49,86,280.05
2849.6,1,55,0,34,5.72
2849.6,2,15,0,59,20.88
2851.7,0,12047,100,86,257.31
2851.7,1,55,0,34,6.43
2851.7,2,15,0,59,20.92
2853.8,0,12207,97,87,288.31
2853.8,1,55,0,34,6.29
2853.8,2,15,0,60,22.18
2855.8,0,11471,98,87,286.18
2855.8,1,55,0,34,5.64
2855.8,2,15,0,59,20.70
2857.9,0,12047,100,87,271.39
2857.9,1,55,0,34,6.68
2857.9,2,15,0,59,20.88
2860.0,0,12175,99,87,287.28
2860.0,1,55,0,34,11.75
2860.0,2,15,0,60,29.74
2862.1,0,11663,99,87,284.25
2862.1,1,55,0,34,7.09
2862.1,2,15,0,59,21.13
2864.1,0,12015,95,87,268.45
2864.1,1,55,0,34,7.12
2864.1,2,15,0,59,20.75
2866.2,0,12175,97,87,287.14
2866.2,1,55,0,34,8.20
2866.2,2,15,0,60,21.84
2868.3,0,11659,97,88,292.68
2868.3,1,55,0,34,7.49
2868.3,2,15,0,60,21.78
2870.4,0,16033,100,87,271.52
2870.4,1,55,0,34,7.19
2870.4,2,15,0,59,20.74
2872.5,0,12161,99,87,290.67
2872.5,1,55,0,34,7.16
2872.5,2,15,0,59,20.79
2874.6,0,12097,99,87,290.97
2874.6,1,55,0,34,11.47
2874.6,2,15,0,60,30.12
2876.7,0,14657,100,87,274.51
2876.7,1,55,0,34,7.05
2876.7,2,15,0,59,21.22
2878.8,0,12161,100,87,288.16
2878.8,1,55,0,34,7.05
2878.8,2,15,0,59,20.65
2880.8,0,12385,99,88,290.78
2880.8,1,55,0,34,8.69
2880.8,2,15,0,60,22.74
2882.9,0,11713,99,87,290.29
2882.9,1,55,0,34,6.91
2882.9,2,15,0,60,22.33
2885.0,0,13985,100,87,266.07
2885.0,1,55,0,34,6.94
2885.0,2,15,0,59,20.74
2887.1,0,12257,99,87,290.76
2887.1,1,55,0,34,7.19
2887.1,2,15,0,59,20.98
2889.2,0,12129,98,87,289.05
2889.2,1,55,0,34,12.02
2889.2,2,15,0,60,29.81
2891.3,0,14659,100,87,273.82
2891.3,1,55,0,34,7.31
2891.3,2,15,0,59,21.13
2893.4,0,12099,85,87,260.31
2893.4,1,55,0,34,7.09
2893.4,2,15,0,59,20.83
2895.5,0,12291,99,88,291.17
2895.5,1,55,0,34,9.02
2895.5,2,15,0,60,30.31
2897.5,0,11651,98,87,289.34
2897.5,1,55,0,34,7.12
2897.5,2,15,0,59,21.57
2899.6,0,14723,100,87,260.14
2899.6,1,55,0,34,6.94
2899.6,2,15,0,59,20.85
2901.7,0,12195,100,87,290.39
2901.7,1,55,0,34,7.16
2901.7,2,15,0,59,20.95
2903.8,0,11747,99,88,290.37
2903.8,1,55,0,34,11.68
2903.8,2,15,0,60,29.64
2905.9,0,14339,100,87,277.67
2905.9,1,55,0,34,7.09
2905.9,2,15,0,59,21.39
2908.0,0,11907,100,87,289.70
2908.0,1,55,0,34,7.05
2908.0,2,15,0,59,21.00
2910.1,0,20781,99,88,286.96
2910.1,1,55,0,34,11.99
2910.1,2,15,0,60,29.74
2912.1,0,30071,100,88,284.17
2912.1,1,55,0,34,7.51
2912.1,2,15,0,59,20.70
2914.2,0,30071,100,87,281.89
2914.2,1,55,0,34,7.03
2914.2,2,15,0,59,20.43
2916.3,0,30071,98,87,286.05
2916.3,1,55,0,34,7.52
2916.3,2,15,0,59,20.68
2918.4,0,30047,89,87,279.48
2918.4,1,55,0,34,7.57
2918.4,2,15,0,60,22.45
2920.5,0,11467,0,83,123.41
2920.5,1,55,0,34,7.14
2920.5,2,15,0,59,20.23
2922.6,0,11467,100,86,240.54
2922.6,1,55,0,34,7.42
2922.6,2,15,0,59,20.54
2924.6,0,11469,98,86,289.65
2924.6,1,55,0,34,11.82
2924.6,2,15,0,60,29.37
2926.7,0,11469,99,86,293.88
2926.7,1,55,0,34,7.10
2926.7,2,15,0,59,21.23
2928.8,0,11469,99,86,229.83
2928.8,1,55,0,34,7.17
2928.8,2,15,0,59,20.76
2930.9,0,11469,97,86,290.22
2930.9,1,55,0,34,8.30
2930.9,2,15,0,59,22.32
2933.0,0,11469,100,86,295.20
2933.0,1,55,0,34,7.32
2933.0,2,15,0,60,22.20
2935.1,0,11469,100,87,290.77
2935.1,1,55,0,34,7.04
2935.1,2,15,0,59,20.91
2937.2,0,11469,98,87,290.12
2937.2,1,55,0,34,7.05
2937.2,2,15,0,59,21.14
2939.3,0,11469,100,87,290.73
2939.3,1,55,0,34,12.07
2939.3,2,15,0,60,30.10
2941.3,0,11469,97,87,288.77
2941.3,1,55,0,34,7.12
2941.3,2,15,0,59,21.08
2943.4,0,11469,97,87,289.27
2943.4,1,55,0,34,6.75
2943.4,2,15,0,59,20.97
2945.5,0,11465,98,87,289.93
2945.5,1,55,0,34,8.62
2945.5,2,15,0,60,25.56
2947.6,0,11489,100,87,297.81
2947.6,1,55,0,34,6.89
2947.6,2,15,0,60,22.66
2949.7,0,11489,100,87,296.42
2949.7,1,55,0,34,6.86
2949.7,2,15,0,59,20.97
2951.8,0,11489,100,87,295.71
2951.8,1,55,0,34,6.67
2951.8,2,15,0,59,21.15
2953.9,0,11489,100,87,293.58
2953.9,1,55,0,34,11.45
2953.9,2,15,0,60,29.71
2956.0,0,11489,100,88,294.65
2956.0,1,55,0,34,6.97
2956.0,2,15,0,59,21.03
2958.1,0,11489,100,88,293.60
2958.1,1,55,0,34,6.90
2958.1,2,15,0,59,21.11
2960.1,0,11489,100,88,292.69
2960.1,1,55,0,34,11.65
2960.1,2,15,0,60,30.13
2962.2,0,11489,100,88,293.62
2962.2,1,55,0,34,7.25
2962.2,2,15,0,59,21.20
2964.3,0,11489,19,88,278.54
2964.3,1,55,0,34,6.76
2964.3,2,15,0,59,21.07
2966.4,0,11489,99,87,288.19
2966.4,1,55,0,34,6.29
2966.4,2,15,0,59,20.93
2968.5,0,11489,88,88,290.24
2968.5,1,55,0,34,6.90
2968.5,2,15,0,60,22.79
2970.6,0,11489,91,87,287.71
2970.6,1,55,0,34,6.60
2970.6,2,15,0,59,20.98
2972.6,0,11489,100,88,290.91
2972.6,1,55,0,34,6.63
2972.6,2,15,0,59,21.29
2974.7,0,11489,86,88,290.36
2974.7,1,55,0,34,10.80
2974.7,2,15,0,60,29.56
2976.8,0,11489,100,88,285.62
2976.8,1,55,0,34,6.67
2976.8,2,15,0,59,21.37
2978.9,0,11489,98,88,288.90
2978.9,1,55,0,34,7.04
2978.9,2,15,0,59,20.99
2981.0,0,11489,100,88,290.42
2981.0,1,55,0,34,7.93
2981.0,2,15,0,59,24.02
2983.1,0,11489,100,88,286.18
2983.1,1,55,0,34,7.72
2983.1,2,15,0,60,22.20
2985.2,0,12097,87,87,268.18
2985.2,1,55,0,34,7.08
2985.2,2,15,0,59,20.90
2987.3,0,12161,99,88,288.07
2987.3,1,55,0,34,7.30
2987.3,2,15,0,59,20.88
2989.3,0,11649,99,88,286.19
2989.3,1,55,0,34,11.21
2989.3,2,15,0,60,30.11
2991.4,0,14723,100,87,261.60
2991.4,1,55,0,34,7.36
2991.4,2,15,0,59,20.87
2993.5,0,12163,98,88,286.11
2993.5,1,55,0,34,7.07
2993.5,2,15,0,59,20.66
2995.6,0,11875,99,88,288.83
2995.6,1,55,0,34,8.67
2995.6,2,15,0,59,24.61
2997.7,0,16035,100,87,261.22
2997.7,1,55,0,34,7.71
2997.7,2,15,0,60,22.39
2999.8,0,12131,99,87,287.83
2999.8,1,55,0,34,7.22
2999.8,2,15,0,59,20.53
3001.9,0,11971,98,87,288.53
3001.9,1,55,0,34,7.25
3001.9,2,15,0,59,20.82
3004.0,0,13827,93,87,266.03
3004.0,1,55,0,34,11.83
3004.0,2,15,0,60,21.94
3006.1,0,12163,99,87,272.64
3006.1,1,55,0,34,7.19
3006.1,2,15,0,59,20.67
3008.2,0,12067,99,87,292.13
3008.2,1,55,0,34,7.21
3008.2,2,15,0,59,20.99
3010.3,0,12387,99,88,291.53
3010.3,1,55,0,34,11.83
3010.3,2,15,0,60,25.17
3012.4,0,12067,100,87,262.85
3012.4,1,55,0,34,7.19
3012.4,2,15,0,60,21.71
3014.4,0,12131,99,87,292.63
3014.4,1,55,0,34,7.10
3014.4,2,15,0,59,20.62
3016.5,0,11683,99,87,291.57
3016.5,1,55,0,34,7.14
3016.5,2,15,0,59,22.02
3018.6,0,13443,100,87,272.27
3018.6,1,55,0,34,11.59
3018.6,2,15,0,60,22.43
3020.7,0,12195,99,88,292.54
3020.7,1,55,0,34,6.97
3020.7,2,15,0,59,20.92
3022.8,0,11811,99,87,292.90
3022.8,1,55,0,34,7.00
3022.8,2,15,0,59,21.13
3024.9,0,14659,100,87,251.28
3024.9,1,55,0,34,11.70
3024.9,2,15,0,60,30.06
3027.0,0,12163,100,87,278.23
3027.0,1,55,0,34,7.14
3027.0,2,15,0,59,21.03
3029.1,0,11907,99,87,293.11
3029.1,1,55,0,34,6.84
3029.1,2,15,0,59,20.90
3031.1,0,14723,100,87,265.42
3031.1,1,55,0,34,8.81
3031.1,2,15,0,59,22.91
3033.2,0,12227,100,87,293.55
3033.2,1,55,0,34,7.74
3033.2,2,15,0,60,22.06
3035.3,0,11651,99,87,291.34
3035.3,1,55,0,34,7.16
3035.3,2,15,0,59,20.82
3037.4,0,11811,100,87,269.45
3037.4,1,55,0,34,7.32
3037.4,2,15,0,59,20.96
3039.5,0,12067,79,86,237.60
3039.5,1,55,0,34,11.43
3039.5,2,15,0,60,30.09
3041.6,0,12227,100,87,297.57
3041.6,1,55,0,34,7.27
3041.6,2,15,0,59,21.51
3043.6,0,14659,100,87,281.20
3043.6,1,55,0,34,6.98
3043.6,2,15,0,59,20.98
3045.7,0,12067,99,87,279.27
3045.7,1,55,0,34,8.83
3045.7,2,15,0,60,23.70
3047.8,0,12291,99,87,294.14
3047.8,1,55,0,34,7.09
3047.8,2,15,0,60,22.55
3049.9,0,15139,100,87,294.59
3049.9,1,55,0,34,7.01
3049.9,2,15,0,59,21.00
3052.0,0,12227,100,87,256.11
3052.0,1,55,0,34,7.12
3052.0,2,15,0,59,20.57
3054.1,0,12291,100,87,293.31
3054.1,1,55,0,34,11.40
3054.1,2,15,0,60,29.77
3056.2,0,12131,89,87,295.92
3056.2,1,55,0,34,6.83
3056.2,2,15,0,59,21.26
3058.2,0,14755,100,87,273.67
3058.2,1,55,0,34,7.08
3058.2,2,15,0,59,20.92
3060.3,0,12195,99,87,296.54
3060.3,1,55,0,34,9.23
3060.3,2,15,0,59,24.94
3062.4,0,11907,99,87,295.04
3062.4,1,55,0,34,7.55
3062.4,2,15,0,60,21.73
3064.5,0,15139,96,87,294.56
3064.5,1,55,0,34,6.94
3064.5,2,15,0,59,20.91
3066.6,0,12067,100,87,274.95
3066.6,1,55,0,34,7.04
3066.6,2,15,0,59,21.05
3068.7,0,12131,98,87,295.03
3068.7,1,55,0,34,7.56
3068.7,2,15,0,60,22.54
3070.8,0,11683,100,87,294.72
3070.8,1,55,0,34,7.05
3070.8,2,15,0,59,20.91
3072.9,0,12035,100,87,261.59
3072.9,1,55,0,34,7.27
3072.9,2,15,0,59,20.77
3075.0,0,12259,99,87,296.51
3075.0,1,55,0,34,11.59
3075.0,2,15,0,60,29.52
3077.0,0,12259,99,87,292.00
3077.0,1,55,0,34,7.01
3077.0,2,15,0,59,21.31
3079.1,0,14723,75,87,252.86
3079.1,1,55,0,34,7.15
3079.1,2,15,0,59,20.94
3081.2,0,12131,97,87,283.00
3081.2,1,55,0,34,8.51
3081.2,2,15,0,59,22.26
3083.3,0,12003,100,87,296.23
3083.3,1,55,0,34,7.66
3083.3,2,15,0,60,21.77
3085.4,0,14723,98,87,276.07
3085.4,1,55,0,34,6.89
3085.4,2,15,0,59,20.72
3087.5,0,12163,98,87,295.27
3087.5,1,55,0,34,7.25
3087.5,2,15,0,59,20.73
3089.6,0,11747,100,87,294.24
3089.6,1,55,0,34,11.90
3089.6,2,15,0,60,30.15
3091.7,0,13347,100,87,270.02
3091.7,1,55,0,34,7.10
3091.7,2,15,0,59,21.53
3093.7,0,12067,99,87,268.87
3093.7,1,55,0,34,7.00
3093.7,2,15,0,59,20.63
3095.8,0,12163,99,87,295.51
3095.8,1,55,0,34,8.17
3095.8,2,15,0,59,23.30
3097.9,0,11491,99,87,292.23
3097.9,1,55,0,34,7.46
3097.9,2,15,0,60,22.32
3100.0,0,13603,100,86,257.83
3100.0,1,55,0,34,7.20
3100.0,2,15,0,59,20.81
3102.1,0,12195,95,87,296.98
3102.1,1,55,0,34,7.18
3102.1,2,15,0,59,20.80
3104.1,0,11875,99,87,295.43
3104.1,1,55,0,34,11.93
3104.1,2,15,0,60,29.84
3106.2,0,16067,100,87,268.64
3106.2,1,55,0,34,7.49
3106.2,2,15,0,59,21.07
3108.3,0,12099,95,87,275.28
3108.3,1,55,0,34,6.99
3108.3,2,15,0,59,20.55
3110.4,0,11907,99,87,296.46
3110.4,1,55,0,34,9.10
3110.4,2,15,0,60,24.25
3112.5,0,14659,99,87,296.31
3112.5,1,55,0,34,7.74
3112.5,2,15,0,60,22.84
3114.6,0,12067,100,86,254.20
3114.6,1,55,0,34,7.02
3114.6,2,15,0,59,20.42
3116.7,0,12259,99,87,297.06
3116.7,1,55,1,34,7.32
3116.7,2,15,0,59,20.85
3118.8,0,11683,99,87,295.02
3118.8,1,55,0,34,7.35
3118.8,2,15,0,60,29.46
3120.9,0,14371,96,86,267.97
3120.9,1,55,0,34,6.91
3120.9,2,15,0,59,21.28
3123.0,0,12227,99,87,298.45
3123.0,1,55,0,34,7.29
3123.0,2,15,0,59,20.60
3125.0,0,12067,99,87,293.99
3125.0,1,55,0,34,9.26
3125.0,2,15,0,60,29.75
3127.1,0,14595,100,84,266.35
3127.1,1,55,0,34,7.88
3127.1,2,15,0,59,21.15
3129.2,0,14691,100,85,274.63
3129.2,1,55,0,34,6.94
3129.2,2,15,0,59,20.67
3131.3,0,12131,99,87,297.13
3131.3,1,55,0,34,7.78
3131.3,2,15,1,59,21.13
3133.4,0,11907,99,87,297.02
3133.4,1,55,0,34,7.74
3133.4,2,15,0,60,22.05
3135.5,0,15075,99,87,264.86
3135.5,1,55,0,34,6.91
3135.5,2,15,0,59,21.02
3137.6,0,12163,100,87,293.95
3137.6,1,55,0,34,7.16
3137.6,2,15,0,59,21.06
3139.7,0,12233,99,87,296.69
3139.7,1,55,0,34,11.45
3139.7,2,15,0,60,30.10
3141.8,0,11659,99,87,294.51
3141.8,1,55,0,34,7.01
3141.8,2,15,0,59,21.28
3143.9,0,12203,100,86,258.47
3143.9,1,55,0,34,7.07
3143.9,2,15,0,59,20.81
3146.0,0,11563,90,87,292.94
3146.0,1,55,0,34,8.44
3146.0,2,15,0,60,22.33
3148.1,0,11915,0,82,134.11
3148.1,1,55,0,34,7.43
3148.1,2,15,0,60,21.77
3150.1,0,16043,100,85,257.39
3150.1,1,55,0,34,6.87
3150.1,2,15,0,59,20.86
3152.2,0,15115,33,85,243.83
3152.2,1,55,0,34,6.44
3152.2,2,15,0,59,21.15
3154.3,0,11563,96,86,273.83
3154.3,1,55,0,34,10.93
3154.3,2,15,0,60,30.01
3156.4,0,12299,100,85,259.62
3156.4,1,55,0,34,6.42
3156.4,2,15,0,59,20.92
3158.4,0,11561,0,81,141.39
3158.4,1,55,0,34,6.50
3158.4,2,15,0,59,20.85
3160.5,0,11563,100,84,269.54
3160.5,1,55,0,34,8.95
3160.5,2,15,0,60,25.47
3162.6,0,11661,99,84,277.83
3162.6,1,55,0,34,7.71
3162.6,2,15,0,60,22.88
3164.7,0,11501,99,85,297.23
3164.7,1,55,0,34,6.86
3164.7,2,15,0,59,20.85
3166.8,0,30049,100,85,296.92
3166.8,1,55,0,34,7.02
3166.8,2,15,0,59,21.04
3168.9,0,39627,100,85,287.70
3168.9,1,55,0,34,11.71
3168.9,2,15,0,60,29.54
3171.0,0,39403,100,86,291.65
3171.0,1,55,0,34,7.12
3171.0,2,15,0,59,20.88
3173.1,0,39659,100,85,285.36
3173.1,1,55,0,34,7.00
3173.1,2,15,0,59,20.55
3175.1,0,42539,100,86,272.06
3175.1,1,55,0,34,8.55
3175.1,2,15,0,60,29.71
3177.2,0,42539,100,86,280.63
3177.2,1,55,0,34,6.58
3177.2,2,15,0,59,20.53
3179.3,0,39915,100,86,286.28
3179.3,1,55,0,34,6.43
3179.3,2,15,0,59,20.39
3181.4,0,39943,100,86,288.73
3181.4,1,55,0,34,6.55
3181.4,2,15,0,59,20.41
3183.5,0,39977,100,86,288.32
3183.5,1,55,0,34,7.09
3183.5,2,15,0,60,29.98
3185.6,0,40039,100,86,288.36
3185.6,1,55,0,34,6.51
3185.6,2,15,0,59,20.36
3187.7,0,40009,100,86,284.90
3187.7,1,55,0,34,6.60
3187.7,2,15,0,59,20.50
3189.8,0,40073,100,86,289.32
3189.8,1,55,0,34,11.23
3189.8,2,15,0,60,29.35
3191.9,0,40071,100,86,287.35
3191.9,1,55,0,34,6.56
3191.9,2,15,0,59,20.67
3193.9,0,40105,100,86,286.56
3193.9,1,55,0,34,6.40
3193.9,2,15,0,59,20.35
3196.0,0,40137,100,86,291.19
3196.0,1,55,0,34,7.36
3196.0,2,15,0,59,20.54
3198.1,0,39627,100,86,288.64
3198.1,1,55,0,34,6.73
3198.1,2,15,0,60,22.00
3200.2,0,39497,100,87,290.11
3200.2,1,55,0,34,6.14
3200.2,2,15,0,59,20.40
3202.2,0,39529,98,86,288.75
3202.2,1,55,0,34,5.98
3202.2,2,15,0,59,20.59
3204.3,0,40875,100,86,279.91
3204.3,1,55,0,34,10.68
3204.3,2,15,0,60,30.01
3206.4,0,39883,100,86,284.25
3206.4,1,55,0,34,6.09
3206.4,2,15,0,59,20.61
3208.5,0,39657,100,86,278.05
3208.5,1,55,0,34,5.64
3208.5,2,15,0,59,20.45
3210.5,0,39657,100,87,286.11
3210.5,1,55,0,34,7.10
3210.5,2,15,0,59,24.57
3212.6,0,39659,99,87,287.23
3212.6,1,55,0,34,6.17
3212.6,2,15,0,60,22.32
3214.7,0,39687,100,86,283.67
3214.7,1,55,0,34,5.82
3214.7,2,15,0,59,20.48
3216.8,0,39689,100,87,286.68
3216.8,1,55,0,34,6.07
3216.8,2,15,0,59,20.59
3218.9,0,39657,100,87,288.56
3218.9,1,55,0,34,11.69
3218.9,2,15,0,60,29.84
3220.9,0,39657,100,87,288.94
3220.9,1,55,0,34,6.94
3220.9,2,15,0,59,20.87
3223.1,0,39561,100,87,287.29
3223.1,1,55,0,34,6.80
3223.1,2,15,0,59,20.59
3225.1,0,39401,97,87,287.46
3225.1,1,55,0,34,8.72
3225.1,2,15,0,59,25.05
3227.2,0,39337,100,87,286.05
3227.2,1,55,0,34,6.89
3227.2,2,15,0,60,21.73
3229.3,0,39337,100,87,284.09
3229.3,1,55,0,34,6.84
3229.3,2,15,0,59,20.44
3231.4,0,39337,100,87,284.36
3231.4,1,55,0,34,6.80
3231.4,2,15,0,59,20.59
3233.5,0,39337,100,87,287.51
3233.5,1,55,0,34,11.47
3233.5,2,15,0,60,30.25
3235.6,0,39339,100,87,285.49
3235.6,1,55,0,34,7.02
3235.6,2,15,0,59,20.59
3237.7,0,39339,100,87,287.22
3237.7,1,55,0,34,6.85
3237.7,2,15,0,59,20.86
3239.8,0,39339,100,87,283.92
3239.8,1,55,0,34,11.52
3239.8,2,15,0,60,29.83
3241.9,0,39339,100,87,285.61
3241.9,1,55,0,34,6.85
3241.9,2,15,0,59,21.08
3244.0,0,39339,100,87,284.47
3244.0,1,55,0,34,6.77
3244.0,2,15,0,59,20.81
3246.1,0,39339,100,87,285.62
3246.1,1,55,0,34,6.99
3246.1,2,15,0,59,23.60
3248.2,0,39339,100,87,285.58
3248.2,1,55,0,34,7.74
3248.2,2,15,0,60,22.05
3250.3,0,39339,100,87,288.26
3250.3,1,55,0,34,6.91
3250.3,2,15,0,59,20.67
3252.4,0,39339,100,87,283.92
3252.4,1,55,0,34,7.04
3252.4,2,15,0,59,20.67
3254.4,0,39335,100,87,284.37
3254.4,1,55,0,34,11.42
3254.4,2,15,0,60,30.11
3256.5,0,39337,100,87,287.01
3256.5,1,55,0,34,7.26
3256.5,2,15,0,59,21.22
3258.6,0,39337,100,87,284.88
3258.6,1,55,0,34,7.00
3258.6,2,15,0,59,20.61
3260.7,0,39337,100,87,286.34
3260.7,1,55,0,34,9.18
3260.7,2,15,0,59,24.01
3262.8,0,39337,100,87,285.19
3262.8,1,55,0,34,7.49
3262.8,2,15,0,60,22.29
3264.9,0,39339,100,87,285.29
3264.9,1,55,0,34,6.70
3264.9,2,15,0,59,20.59
3267.0,0,39339,100,87,285.43
3267.0,1,55,0,34,6.90
3267.0,2,15,0,59,20.75
3269.1,0,39339,100,87,284.88
3269.1,1,55,0,34,11.24
3269.1,2,15,0,60,29.87
3271.2,0,39339,100,87,282.62
3271.2,1,55,0,34,6.80
3271.2,2,15,0,59,20.81
3273.3,0,39339,98,87,286.76
3273.3,1,55,0,34,6.97
3273.3,2,15,0,59,20.46
3275.4,0,39337,100,87,287.88
3275.4,1,55,0,34,9.18
3275.4,2,15,0,60,24.84
3277.4,0,39339,100,87,288.16
3277.4,1,55,0,34,7.43
3277.4,2,15,0,59,21.52
3279.5,0,39335,100,87,284.77
3279.5,1,55,0,34,6.69
3279.5,2,15,0,59,20.40
3281.6,0,39337,100,87,285.43
3281.6,1,55,0,34,6.89
3281.6,2,15,0,59,20.94
3283.7,0,11467,90,87,277.22
3283.7,1,55,0,34,11.23
3283.7,2,15,0,60,22.27
3285.8,0,20779,98,87,289.74
3285.8,1,55,0,34,6.66
3285.8,2,15,0,59,20.90
3287.9,0,20779,100,87,290.20
3287.9,1,55,0,34,6.96
3287.9,2,15,0,59,21.14
3290.0,0,20779,100,87,290.31
3290.0,1,55,0,34,11.43
3290.0,2,15,0,59,29.77
3292.1,0,20781,100,87,287.09
3292.1,1,55,0,34,6.68
3292.1,2,15,0,59,21.53
3294.2,0,20781,98,87,288.58
3294.2,1,55,0,34,6.69
3294.2,2,15,0,59,21.07
3296.3,0,20781,97,87,287.75
3296.3,1,55,0,34,8.06
3296.3,2,15,0,59,22.76
3298.4,0,20781,100,88,289.46
3298.4,1,55,0,34,7.46
3298.4,2,15,0,59,22.33
3300.5,0,20781,98,87,289.24
3300.5,1,55,0,34,6.79
3300.5,2,15,0,59,21.21
3302.6,0,20781,98,87,290.05
3302.6,1,55,0,34,6.97
3302.6,2,15,0,59,21.20
3304.6,0,20781,100,87,287.54
3304.6,1,55,0,34,11.45
3304.6,2,15,0,60,30.17
3306.7,0,20781,99,87,289.65
3306.7,1,55,0,34,6.88
3306.7,2,15,0,59,21.54
3308.8,0,20781,98,87,287.64
3308.8,1,55,0,34,6.91
3308.8,2,15,0,59,20.88
3310.9,0,20781,100,87,287.85
3310.9,1,55,0,34,8.53
3310.9,2,15,0,60,23.29
3313.0,0,20781,98,87,288.08
3313.0,1,55,0,34,6.85
3313.0,2,15,0,60,22.47
3315.0,0,20781,98,87,288.75
3315.0,1,55,0,34,6.82
3315.0,2,15,0,59,20.99
3317.1,0,20781,98,88,288.12
3317.1,1,55,0,34,7.03
3317.1,2,15,0,59,21.04
3319.2,0,20781,100,87,288.12
3319.2,1,55,0,34,11.44
3319.2,2,15,0,59,29.75
3321.3,0,20781,100,88,290.04
3321.3,1,55,0,34,6.74
3321.3,2,15,0,59,21.17
3323.4,0,20781,98,88,288.59
3323.4,1,55,0,34,7.06
3323.4,2,15,0,59,20.94
3325.5,0,20781,100,88,286.89
3325.5,1,55,0,34,8.68
3325.5,2,15,0,59,24.23
3327.6,0,20781,97,88,289.31
3327.6,1,55,0,34,7.29
3327.6,2,15,0,59,21.02
3329.7,0,20781,100,88,288.16
3329.7,1,55,0,34,6.70
3329.7,2,15,0,59,20.85
3331.7,0,20781,98,87,286.68
3331.7,1,55,0,34,6.96
3331.7,2,15,0,59,20.88
3333.8,0,11489,100,87,287.32
3333.8,1,55,0,34,7.28
3333.8,2,15,0,60,30.19
3335.9,0,11489,99,87,293.88
3335.9,1,55,0,34,6.93
3335.9,2,15,0,59,21.27
3338.0,0,11511,100,87,294.13
3338.0,1,55,0,34,7.08
3338.0,2,15,0,59,20.76
3340.1,0,11511,100,88,293.90
3340.1,1,55,0,34,11.57
3340.1,2,15,0,59,29.78
3342.2,0,11511,100,88,292.67
3342.2,1,55,0,34,7.12
3342.2,2,15,0,59,21.14
3344.3,0,11511,100,88,292.18
3344.3,1,55,0,34,6.93
3344.3,2,15,0,59,20.91
3346.4,0,11511,100,88,291.73
3346.4,1,55,0,34,8.12
3346.4,2,15,1,59,20.96
3348.5,0,11511,98,88,292.41
3348.5,1,55,0,34,7.51
3348.5,2,15,0,59,21.98
3350.5,0,11513,100,88,292.47
3350.5,1,55,0,34,6.91
3350.5,2,15,0,59,20.80
3352.6,0,11513,100,88,292.81
3352.6,1,55,0,34,6.94
3352.6,2,15,0,59,20.89
3354.7,0,11513,100,88,292.07
3354.7,1,55,0,34,11.74
3354.7,2,15,0,60,30.06
3356.8,0,11513,100,88,292.49
3356.8,1,55,0,34,7.14
3356.8,2,15,0,59,21.28
3358.9,0,11513,100,88,292.33
3358.9,1,55,0,34,6.89
3358.9,2,15,0,59,20.95
3361.0,0,11513,100,88,291.28
3361.0,1,55,0,34,8.41
3361.0,2,15,0,59,22.23
3363.1,0,11513,100,88,292.10
3363.1,1,55,0,34,7.18
3363.1,2,15,0,60,22.33
3365.2,0,11513,100,88,292.85
3365.2,1,55,0,34,6.66
3365.2,2,15,0,59,20.87
3367.3,0,11513,100,88,291.81
3367.3,1,55,0,34,7.15
3367.3,2,15,0,59,21.02
3369.4,0,11513,100,88,291.91
3369.4,1,55,0,34,11.77
3369.4,2,15,0,60,30.09
3371.5,0,11513,100,88,292.37
3371.5,1,55,0,34,7.10
3371.5,2,15,0,59,21.15
3373.5,0,11513,100,88,291.55
3373.5,1,55,0,34,6.96
3373.5,2,15,0,59,20.89
3375.6,0,11513,100,88,291.08
3375.6,1,55,0,34,8.81
3375.6,2,15,0,60,25.42
3377.8,0,11513,100,88,291.89
3377.8,1,55,0,34,7.63
3377.8,2,15,0,60,22.85
3379.9,0,11513,100,88,291.76
3379.9,1,55,0,34,7.08
3379.9,2,15,0,59,20.99
3382.0,0,11513,100,88,291.87
3382.0,1,55,0,34,7.11
3382.0,2,15,0,59,21.03
3384.1,0,11513,100,88,291.82
3384.1,1,55,0,34,12.01
3384.1,2,15,0,60,22.63
3386.2,0,11513,100,88,291.44
3386.2,1,55,0,34,7.12
3386.2,2,15,0,59,20.99
3388.3,0,11513,100,88,291.87
3388.3,1,55,0,34,6.89
3388.3,2,15,0,59,21.10
3390.3,0,11513,100,88,293.40
3390.3,1,55,0,34,11.61
3390.3,2,15,0,60,29.76
3392.4,0,11513,100,88,293.46
3392.4,1,55,0,34,7.14
3392.4,2,15,0,59,21.09
3394.5,0,11513,100,88,293.34
3394.5,1,55,0,34,7.00
3394.5,2,15,0,59,20.97
3396.6,0,11513,99,88,292.18
3396.6,1,55,0,34,7.48
3396.6,2,15,0,60,23.16
3398.7,0,11513,99,88,292.22
3398.7,1,55,0,34,7.66
3398.7,2,15,0,60,21.90
3400.8,0,11513,100,88,292.22
3400.8,1,55,0,34,7.05
3400.8,2,15,0,59,20.95
3402.9,0,11513,100,88,292.45
3402.9,1,55,0,34,7.03
3402.9,2,15,0,59,21.18
3405.0,0,11513,100,88,292.29
3405.0,1,55,0,34,11.16
3405.0,2,15,0,60,30.35
3407.1,0,11513,100,88,292.91
3407.1,1,55,0,34,6.95
3407.1,2,15,0,59,21.40
3409.1,0,11513,100,88,293.57
3409.1,1,55,0,34,7.02
3409.1,2,15,0,59,20.96
3411.2,0,11513,100,88,293.61
3411.2,1,55,0,34,7.91
3411.2,2,15,0,60,23.98
3413.3,0,11513,99,88,292.93
3413.3,1,55,0,34,7.07
3413.3,2,15,0,60,22.34
3415.4,0,11513,100,88,293.27
3415.4,1,55,0,34,6.88
3415.4,2,15,0,59,21.03
3417.5,0,11513,100,88,293.24
3417.5,1,55,0,34,7.00
3417.5,2,15,0,59,21.11
3419.6,0,11513,100,88,292.44
3419.6,1,55,0,34,11.45
3419.6,2,15,0,60,29.84
3421.6,0,11513,99,88,293.20
3421.6,1,55,0,34,7.08
3421.6,2,15,0,59,21.00
3423.7,0,11513,100,88,293.77
3423.7,1,55,0,34,6.83
3423.7,2,15,0,59,20.96
3425.8,0,11513,100,88,292.55
3425.8,1,55,0,34,11.31
3425.8,2,15,0,60,25.17
3427.9,0,11513,100,88,294.49
3427.9,1,55,0,34,7.85
3427.9,2,15,0,60,22.75
3430.0,0,11513,100,88,293.48
3430.0,1,55,0,34,7.03
3430.0,2,15,0,59,20.98
3432.1,0,11513,100,87,292.78
3432.1,1,55,0,34,7.19
3432.1,2,15,0,59,21.55
3434.2,0,11513,100,88,293.48
3434.2,1,55,0,34,11.74
3434.2,2,15,0,60,22.67
3436.3,0,11513,100,88,292.49
3436.3,1,55,0,34,7.18
3436.3,2,15,0,59,20.89
3438.4,0,11513,100,88,293.27
3438.4,1,55,0,34,7.32
3438.4,2,15,0,59,21.02
3440.5,0,11513,100,88,293.39
3440.5,1,55,0,34,12.11
3440.5,2,15,0,60,29.84
3442.6,0,11513,98,88,292.67
3442.6,1,55,0,34,7.58
3442.6,2,15,0,59,21.08
3444.6,0,11513,99,88,294.79
3444.6,1,55,0,34,7.17
3444.6,2,15,0,59,20.93
3446.7,0,11513,100,88,293.64
3446.7,1,55,0,34,7.16
3446.7,2,15,0,60,22.59
3448.8,0,11513,100,88,292.57
3448.8,1,55,0,34,7.95
3448.8,2,15,0,60,22.66
3450.9,0,11513,100,88,292.63
3450.9,1,55,0,34,7.13
3450.9,2,15,0,59,20.72
3453.0,0,11513,100,88,293.78
3453.0,1,55,0,34,7.36
3453.0,2,15,0,59,20.90
3455.1,0,11513,100,88,292.52
3455.1,1,55,0,34,11.90
3455.1,2,15,0,60,29.38
3457.2,0,11489,100,88,290.38
3457.2,1,55,0,34,7.26
3457.2,2,15,0,59,21.20
3459.2,0,11489,53,83,181.55
3459.2,1,55,0,34,7.14
3459.2,2,15,0,59,20.85
3461.3,0,11489,0,82,168.90
3461.3,1,55,0,34,9.05
3461.3,2,15,0,60,23.12
3463.4,0,11489,100,86,298.93
3463.4,1,55,0,34,7.40
3463.4,2,15,0,60,22.00
3465.5,0,11489,100,86,296.36
3465.5,1,55,0,34,7.03
3465.5,2,15,0,59,20.60
3467.6,0,11489,100,86,298.29
3467.6,1,55,0,34,7.14
3467.6,2,15,0,59,20.77
3469.7,0,14785,100,84,291.39
3469.7,1,55,0,34,11.84
3469.7,2,15,0,60,29.92
3471.8,0,12099,99,86,286.56
3471.8,1,55,0,34,7.11
3471.8,2,15,0,59,20.70
3473.9,0,12291,99,86,297.50
3473.9,1,55,0,34,7.15
3473.9,2,15,0,59,20.99
3475.9,0,14947,100,86,299.11
3475.9,1,55,0,34,9.19
3475.9,2,15,1,60,24.46
3478.0,0,11811,100,86,283.02
3478.0,1,55,0,34,7.73
3478.0,2,15,0,60,22.48
3480.1,0,12195,99,86,296.42
3480.1,1,55,0,34,6.89
3480.1,2,15,0,59,21.04
3482.2,0,11939,99,86,299.36
3482.2,1,55,0,34,7.03
3482.2,2,15,0,59,21.07
3484.3,0,11555,100,87,285.80
3484.3,1,55,0,34,7.11
3484.3,2,15,0,60,29.82
3486.4,0,11491,99,87,298.16
3486.4,1,55,0,34,6.54
3486.4,2,15,0,59,21.49
3488.5,0,30071,100,87,290.88
3488.5,1,55,0,34,6.43
3488.5,2,15,0,59,21.04
3490.6,0,39361,100,87,286.34
3490.6,1,55,0,34,11.02
3490.6,2,15,0,60,24.72
3492.6,0,39361,100,87,287.30
3492.6,1,55,0,34,6.53
3492.6,2,15,0,59,20.59
3494.7,0,39361,100,87,286.94
3494.7,1,55,0,34,6.25
3494.7,2,15,0,59,20.51
3496.8,0,39361,100,87,287.09
3496.8,1,55,0,34,6.40
3496.8,2,15,0,60,20.72
3498.9,0,39361,100,87,287.23
3498.9,1,55,0,34,6.86
3498.9,2,15,0,60,22.54
3501.0,0,39361,100,87,290.67
3501.0,1,55,0,34,6.34
3501.0,2,15,0,59,20.47
3503.0,0,39361,100,87,286.22
3503.0,1,55,0,34,6.42
3503.0,2,15,0,59,20.64
3505.1,0,39361,100,86,288.88
3505.1,1,55,0,34,10.71
3505.1,2,15,0,60,29.80
3507.2,0,39361,100,87,284.95
3507.2,1,55,0,34,6.39
3507.2,2,15,0,59,20.92
3509.3,0,39361,100,86,285.60
3509.3,1,55,0,34,6.35
3509.3,2,15,0,59,20.55
3511.4,0,39361,100,87,289.79
3511.4,1,55,0,34,7.88
3511.4,2,15,0,60,21.95
3513.4,0,39361,99,87,286.02
3513.4,1,55,0,34,6.70
3513.4,2,15,0,60,21.69
3515.5,0,39361,100,87,287.21
3515.5,1,55,0,34,6.01
3515.5,2,15,0,59,20.31
3517.6,0,20801,100,83,230.01
3517.6,1,55,0,34,6.36
3517.6,2,15,0,59,20.49
3519.7,0,20801,99,87,297.95
3519.7,1,55,0,34,11.19
3519.7,2,15,0,60,30.15
3521.8,0,20801,99,87,298.73
3521.8,1,55,0,34,7.18
3521.8,2,15,0,59,21.57
3523.9,0,20801,100,87,298.79
3523.9,1,55,0,34,6.83
3523.9,2,15,0,59,21.05
3526.0,0,20801,98,87,298.81
3526.0,1,55,0,34,9.18
3526.0,2,15,0,60,23.32
3528.1,0,20801,100,87,297.33
3528.1,1,55,0,34,7.51
3528.1,2,15,0,60,22.37
3530.1,0,20801,100,87,298.46
3530.1,1,55,0,34,6.99
3530.1,2,15,0,59,20.84
3532.2,0,20801,100,87,298.32
3532.2,1,55,0,34,7.10
3532.2,2,15,0,59,21.02
3534.3,0,20801,100,87,297.84
3534.3,1,55,0,34,11.82
3534.3,2,15,0,60,29.92
3536.4,0,20801,100,87,296.64
3536.4,1,55,0,34,7.18
3536.4,2,15,0,59,21.27
3538.5,0,20801,100,87,295.97
3538.5,1,55,0,34,6.94
3538.5,2,15,0,59,20.89
3540.6,0,20803,100,87,293.96
3540.6,1,55,0,34,9.30
3540.6,2,15,0,60,24.20
3542.7,0,20803,100,87,294.93
3542.7,1,55,0,34,7.75
3542.7,2,15,0,59,21.00
3544.7,0,20803,99,87,295.73
3544.7,1,55,0,34,6.98
3544.7,2,15,0,59,21.02
3546.9,0,20803,100,87,294.73
3546.9,1,55,0,34,7.32
3546.9,2,15,0,59,20.90
3548.9,0,20803,100,87,294.93
3548.9,1,55,0,34,7.43
3548.9,2,15,0,60,30.31
3551.0,0,20803,100,87,294.53
3551.0,1,55,0,34,7.00
3551.0,2,15,0,59,21.27
3553.1,0,20803,100,88,295.02
3553.1,1,55,0,34,7.23
3553.1,2,15,0,59,20.81
3555.2,0,20803,100,88,294.50
3555.2,1,55,0,34,11.80
3555.2,2,15,0,60,29.78
3557.3,0,11489,99,87,291.70
3557.3,1,55,0,34,7.17
3557.3,2,15,0,59,21.06
3559.4,0,11489,100,88,295.49
3559.4,1,55,0,34,6.95
3559.4,2,15,0,59,20.81
3561.5,0,11489,100,87,294.55
3561.5,1,55,0,34,8.30
3561.5,2,15,1,59,20.96
3563.5,0,11489,100,87,293.30
3563.5,1,55,0,34,7.66
3563.5,2,15,0,60,21.93
3565.6,0,11489,100,87,294.73
3565.6,1,55,0,34,6.97
3565.6,2,15,0,59,20.65
3567.7,0,11489,100,87,295.20
3567.7,1,55,0,34,7.10
3567.7,2,15,0,59,20.72
3569.8,0,11489,100,87,294.49
3569.8,1,55,0,34,11.50
3569.8,2,15,0,60,29.89
3571.9,0,11489,100,87,293.85
3571.9,1,55,0,34,7.30
3571.9,2,15,0,59,21.19
3574.0,0,11489,100,88,294.77
3574.0,1,55,0,34,7.10
3574.0,2,15,0,59,20.66
3576.1,0,11489,0,83,126.45
3576.1,1,55,0,34,9.10
3576.1,2,15,0,60,21.63
3578.2,0,11489,0,81,107.15
3578.2,1,55,0,34,7.72
3578.2,2,15,0,60,21.68
3580.3,0,11489,0,80,103.99
3580.3,1,55,0,34,7.20
3580.3,2,15,0,59,20.02
3582.3,0,11489,0,78,103.11
3582.3,1,55,0,34,7.29
3582.3,2,15,0,59,20.19
3584.4,0,11489,100,83,288.93
3584.4,1,55,0,34,11.54
3584.4,2,15,0,60,29.62
3586.5,0,11489,100,84,293.08
3586.5,1,55,0,34,7.37
3586.5,2,15,0,59,21.06
3588.6,0,11467,65,84,225.48
3588.6,1,55,0,34,7.10
3588.6,2,15,0,59,20.91
3590.7,0,11467,100,84,298.73
3590.7,1,55,0,34,9.29
3590.7,2,15,0,60,29.96
3592.8,0,11467,100,85,297.98
3592.8,1,55,0,34,7.88
3592.8,2,15,0,60,21.76
3594.9,0,11467,100,85,298.60
3594.9,1,55,0,34,7.14
3594.9,2,15,0,59,20.89
3597.0,0,11467,100,85,298.02
3597.0,1,55,1,34,7.08
3597.0,2,15,0,59,20.98
3599.1,0,11467,100,85,298.07
3599.1,1,55,0,34,7.71
3599.1,2,15,0,60,30.24
3601.2,0,11467,100,85,296.35
3601.2,1,55,0,34,7.20
3601.2,2,15,0,59,20.99
3603.3,0,11467,100,86,293.47
3603.3,1,55,0,34,7.29
3603.3,2,15,0,59,21.19
3605.3,0,11467,100,86,299.06
3605.3,1,55,0,34,9.23
3605.3,2,15,0,60,29.82
3607.4,0,11467,100,86,298.56
3607.4,1,55,0,34,6.95
3607.4,2,15,0,59,21.27
3609.5,0,11467,0,81,118.48
3609.5,1,55,0,34,7.07
3609.5,2,15,0,59,20.32
3611.6,0,11467,0,79,103.40
3611.6,1,55,0,34,8.07
3611.6,2,15,0,59,20.22
3613.6,0,11467,0,78,102.89
3613.6,1,55,0,34,7.71
3613.6,2,15,0,60,21.33
3615.7,0,11467,95,83,298.87
3615.7,1,55,0,34,7.03
3615.7,2,15,0,59,20.86
3617.8,0,11467,12,79,186.94
3617.8,1,55,0,34,7.09
3617.8,2,15,0,59,20.78
3619.9,0,11467,21,79,176.51
3619.9,1,55,0,34,11.58
3619.9,2,15,0,60,30.56
3622.0,0,11467,100,82,296.42
3622.0,1,55,0,34,6.78
3622.0,2,15,0,59,21.33
3624.0,0,11467,100,83,298.35
3624.0,1,55,0,34,6.44
3624.0,2,15,0,59,20.86
3626.1,0,11445,100,83,293.29
3626.1,1,55,0,34,7.36
3626.1,2,15,0,59,21.58
3628.2,0,11445,100,84,297.60
3628.2,1,55,0,34,6.24
3628.2,2,15,0,60,22.42
3630.3,0,11445,100,84,296.53
3630.3,1,55,0,34,5.90
3630.3,2,15,0,59,20.83
3632.3,0,11445,0,79,145.51
3632.3,1,55,0,34,6.07
3632.3,2,15,0,59,21.00
3634.4,0,11421,1,78,144.37
3634.4,1,55,0,34,10.30
3634.4,2,15,0,60,29.88
3636.5,0,11423,98,83,297.80
3636.5,1,55,0,34,6.26
3636.5,2,15,0,59,20.71
3638.5,0,11423,0,83,175.93
3638.5,1,55,0,34,6.65
3638.5,2,15,0,59,20.70
3640.6,0,11423,100,83,297.01
3640.6,1,55,0,34,8.65
3640.6,2,15,0,60,24.87
3642.7,0,11423,95,84,295.84
3642.7,1,55,0,34,7.41
3642.7,2,15,0,60,22.79
3644.8,0,11423,95,84,295.27
3644.8,1,55,0,34,6.83
3644.8,2,15,0,59,20.87
3646.9,0,11423,100,84,296.97
3646.9,1,55,0,34,7.06
3646.9,2,15,0,59,20.98
3649.0,0,11423,100,85,296.83
3649.0,1,55,0,34,11.53
3649.0,2,15,0,60,29.49
3651.0,0,11423,12,82,249.27
3651.0,1,55,0,34,6.86
3651.0,2,15,0,59,21.40
3653.1,0,11423,13,80,159.52
3653.1,1,55,0,34,6.72
3653.1,2,15,0,59,20.78
3655.2,0,11423,97,84,295.01
3655.2,1,55,0,34,8.91
3655.2,2,15,0,60,29.52
3657.3,0,11423,100,85,296.93
3657.3,1,55,0,34,7.94
3657.3,2,15,0,60,22.16
3659.4,0,11423,100,81,234.53
3659.4,1,55,0,34,6.55
3659.4,2,15,0,59,20.94
3661.5,0,11423,97,85,294.11
3661.5,1,55,0,34,6.74
3661.5,2,15,0,59,21.01
3663.5,0,11423,100,85,298.39
3663.5,1,55,0,34,6.95
3663.5,2,15,0,60,29.92
3665.6,0,11423,93,85,295.36
3665.6,1,55,0,34,6.38
3665.6,2,15,0,59,21.24
3667.7,0,11423,97,86,297.52
3667.7,1,55,0,34,6.14
3667.7,2,15,0,59,21.14
3669.8,0,11423,8,83,210.47
3669.8,1,55,0,34,7.92
3669.8,2,15,0,60,30.79
3671.8,0,11423,15,81,174.25
3671.8,1,55,0,34,6.40
3671.8,2,15,0,59,21.21
3673.9,0,11423,24,81,156.23
3673.9,1,55,0,34,5.71
3673.9,2,15,0,59,20.59
3676.0,0,11423,35,81,151.66
3676.0,1,55,0,34,6.88
3676.0,2,15,0,59,20.61
3678.0,0,11423,16,79,155.62
3678.0,1,55,0,34,6.44
3678.0,2,15,0,59,29.92
3680.1,0,11423,100,83,297.65
3680.1,1,55,0,34,6.08
3680.1,2,15,0,59,21.03
3682.2,0,11423,37,82,275.43
3682.2,1,55,0,34,6.24
3682.2,2,15,0,59,21.08
3684.2,0,11423,0,78,150.00
3684.2,1,55,0,34,10.30
3684.2,2,15,0,60,30.20
3686.3,0,11423,81,83,274.08
3686.3,1,55,0,34,6.22
3686.3,2,15,0,59,20.73
3688.4,0,11421,3,81,130.99
3688.4,1,55,0,34,5.91
3688.4,2,15,0,59,20.36
3690.4,0,11421,0,77,109.19
3690.4,1,55,0,34,7.36
3690.4,2,15,1,59,20.52
3692.5,0,11421,1,77,111.92
3692.5,1,55,0,34,6.43
3692.5,2,15,0,59,22.00
3694.6,0,11423,100,82,296.47
3694.6,1,55,0,34,5.99
3694.6,2,15,0,59,20.62
3696.7,0,11423,99,83,298.29
3696.7,1,55,0,34,6.24
3696.7,2,15,0,59,20.98
3698.7,0,11423,95,83,296.02
3698.7,1,55,0,34,11.39
3698.7,2,15,0,59,29.26
3700.8,0,11423,100,84,295.62
3700.8,1,55,0,34,6.98
3700.8,2,15,0,59,21.12
3702.9,0,11423,18,80,170.32
3702.9,1,55,0,34,6.91
3702.9,2,15,0,59,20.66
3705.0,0,11423,10,79,154.80
3705.0,1,55,0,34,8.90
3705.0,2,15,0,59,22.03
3707.1,0,11423,58,80,162.65
3707.1,1,55,0,34,7.53
3707.1,2,15,0,59,21.72
3709.2,0,11423,99,82,275.74
3709.2,1,55,0,34,6.97
3709.2,2,15,0,59,20.47
3711.2,0,11423,62,83,285.66
3711.2,1,55,0,34,7.15
3711.2,2,15,0,59,20.75
3713.3,0,11421,83,82,267.31
3713.3,1,55,0,34,11.68
3713.3,2,15,0,59,29.83
3715.4,0,11421,0,78,174.83
3715.4,1,55,0,34,7.36
3715.4,2,15,0,59,21.47
3717.5,0,11423,99,83,296.98
3717.5,1,55,0,34,7.20
3717.5,2,15,0,59,20.27
3719.6,0,11423,96,83,298.85
3719.6,1,55,0,34,8.44
3719.6,2,15,0,59,23.18
3721.6,0,11423,99,84,299.46
3721.6,1,55,0,34,7.02
3721.6,2,15,0,59,22.37
3723.7,0,11401,99,82,292.00
3723.7,1,55,0,34,6.45
3723.7,2,15,0,59,20.75
3725.8,0,11401,100,85,295.91
3725.8,1,55,0,34,6.56
3725.8,2,15,0,59,20.86
3727.9,0,11401,97,85,296.48
3727.9,1,55,0,34,10.28
3727.9,2,15,0,59,29.31
3730.0,0,11401,100,86,298.46
3730.0,1,55,0,34,5.90
3730.0,2,15,0,59,20.71
3732.0,0,11401,87,86,292.78
3732.0,1,55,0,34,6.13
3732.0,2,15,0,59,20.42
3734.1,0,11401,0,81,184.58
3734.1,1,55,0,34,10.08
3734.1,2,15,1,59,23.86
3736.2,0,11401,0,80,108.34
3736.2,1,55,0,34,6.87
3736.2,2,15,0,59,20.09
3738.2,0,11401,95,84,235.20
3738.2,1,55,0,34,6.05
3738.2,2,15,0,59,20.50
3740.3,0,11401,99,85,295.92
3740.3,1,55,0,34,6.26
3740.3,2,15,0,59,20.59
3742.4,0,11401,100,86,298.02
3742.4,1,55,0,34,10.24
3742.4,2,15,0,59,29.75
3744.5,0,11401,100,86,298.65
3744.5,1,55,0,34,5.88
3744.5,2,15,0,59,21.15
3746.5,0,11401,86,87,295.89
3746.5,1,55,0,34,5.94
3746.5,2,15,0,59,20.54
3748.6,0,11401,100,87,298.53
3748.6,1,55,0,34,10.28
3748.6,2,15,0,59,24.15
3750.7,0,11379,99,87,292.42
3750.7,1,55,0,34,5.85
3750.7,2,15,0,59,20.79
3752.8,0,11379,94,87,292.93
3752.8,1,55,0,34,5.70
3752.8,2,15,0,59,20.66
3754.8,0,11379,19,86,272.64
3754.8,1,55,0,34,5.83
3754.8,2,15,0,59,20.75
3756.9,0,11379,35,84,178.66
3756.9,1,55,0,34,10.51
3756.9,2,15,0,59,21.67
3759.0,0,11379,13,85,187.02
3759.0,1,55,0,34,6.88
3759.0,2,15,0,59,20.56
3761.0,0,11379,0,82,136.78
3761.0,1,55,0,34,7.17
3761.0,2,15,0,59,20.50
3763.1,0,11379,0,81,110.46
3763.1,1,55,0,34,11.65
3763.1,2,15,0,59,24.92
3765.2,0,11379,96,85,288.58
3765.2,1,55,0,34,7.31
3765.2,2,15,0,59,21.28
3767.3,0,12083,100,86,267.12
3767.3,1,55,0,34,7.18
3767.3,2,15,0,59,20.66
3769.4,0,15027,31,85,231.34
3769.4,1,55,1,34,6.78
3769.4,2,15,0,59,21.97
3771.5,0,12051,94,86,280.89
3771.5,1,55,0,34,6.78
3771.5,2,15,0,59,22.11
3773.5,0,15027,99,86,268.49
3773.5,1,55,0,34,6.48
3773.5,2,15,0,59,20.87
3775.6,0,12083,99,87,285.04
3775.6,1,55,0,34,6.76
3775.6,2,15,0,59,20.61
3777.7,0,15027,11,86,218.78
3777.7,1,55,0,34,11.26
3777.7,2,15,0,59,29.90
3779.7,0,11475,66,85,228.97
3779.7,1,55,0,34,6.76
3779.7,2,15,0,58,20.80
3781.8,0,12051,84,85,257.91
3781.8,1,55,0,34,6.13
3781.8,2,15,0,58,20.68
3783.9,0,15027,100,86,235.60
3783.9,1,55,0,34,6.82
3783.9,2,15,0,59,23.17
3786.0,0,11475,2,82,187.15
3786.0,1,55,0,34,6.45
3786.0,2,15,0,59,22.50
3788.0,0,15025,100,86,245.49
3788.0,1,55,0,34,6.00
3788.0,2,15,0,58,20.31
3790.1,0,14547,100,85,233.48
3790.1,1,55,0,34,6.16
3790.1,2,15,0,58,20.75
3792.2,0,12049,99,85,203.45
3792.2,1,55,0,34,10.44
3792.2,2,15,0,59,29.41
3794.3,0,11729,83,86,284.70
3794.3,1,55,0,34,6.26
3794.3,2,15,0,58,21.31
3796.3,0,14545,100,86,267.69
3796.3,1,55,0,34,5.95
3796.3,2,15,0,58,21.03
3798.4,0,12211,99,86,286.66
3798.4,1,55,0,34,7.26
3798.4,2,15,0,59,24.12
3800.5,0,11539,74,87,277.15
3800.5,1,55,0,34,5.90
3800.5,2,15,0,59,22.11
3802.6,0,11923,100,86,251.13
3802.6,1,55,0,34,6.01
3802.6,2,15,0,58,20.86
3804.6,0,29959,49,86,221.30
3804.6,1,55,0,34,6.18
3804.6,2,15,0,58,20.71
3806.7,0,29959,25,85,196.16
3806.7,1,55,0,34,10.82
3806.7,2,15,0,59,30.36
3808.8,0,33191,100,87,284.66
3808.8,1,55,0,34,6.20
3808.8,2,15,0,58,20.56
3810.8,0,11475,76,86,227.15
3810.8,1,55,0,34,5.78
3810.8,2,15,0,58,20.35
3812.9,0,12243,89,86,257.46
3812.9,1,55,1,34,7.32
3812.9,2,15,0,59,24.87
3815.0,0,14545,99,85,186.01
3815.0,1,55,0,34,6.18
3815.0,2,15,0,59,21.98
3817.1,0,12081,94,86,270.73
3817.1,1,55,0,34,6.48
3817.1,2,15,0,58,20.44
3819.2,0,11571,61,85,260.69
3819.2,1,55,0,34,7.12
3819.2,2,15,0,58,21.80
3821.3,0,11987,100,86,282.18
3821.3,1,55,0,34,12.07
3821.3,2,15,0,59,22.15
3823.4,0,15027,86,86,247.44
3823.4,1,55,0,34,7.19
3823.4,2,15,0,58,20.94
3825.5,0,11987,46,86,248.56
3825.5,1,55,0,34,7.22
3825.5,2,15,0,58,20.77
3827.6,0,11827,81,87,269.84
3827.6,1,55,0,34,11.50
3827.6,2,15,0,59,29.64
3829.7,0,15027,97,87,266.56
3829.7,1,55,0,34,7.26
3829.7,2,15,0,58,21.11
3831.8,0,12019,89,86,267.29
3831.8,1,55,0,34,6.95
3831.8,2,15,0,58,20.82
3833.9,0,11891,93,87,272.26
3833.9,1,55,0,34,7.43
3833.9,2,15,0,59,22.98
3836.0,0,14931,95,87,260.10
3836.0,1,55,0,34,7.49
3836.0,2,15,0,59,22.90
3838.1,0,11987,87,87,246.42
3838.1,1,55,0,34,6.83
3838.1,2,15,0,58,20.75
3840.2,0,11697,85,87,275.77
3840.2,1,55,0,34,6.66
3840.2,2,15,0,58,21.20
3842.2,0,14609,100,87,261.03
3842.2,1,55,0,34,10.97
3842.2,2,15,0,59,29.57
3844.3,0,12039,99,87,286.20
3844.3,1,55,0,34,6.21
3844.3,2,15,0,58,21.18
3846.4,0,11625,99,88,288.05
3846.4,1,55,0,34,6.07
3846.4,2,15,0,58,21.06
3848.4,0,14601,99,87,238.85
3848.4,1,55,0,34,7.39
3848.4,2,15,0,59,23.40
3850.5,0,14665,100,87,271.84
3850.5,1,55,0,34,6.67
3850.5,2,15,0,59,21.83
3852.6,0,12169,95,88,284.89
3852.6,1,55,0,34,6.07
3852.6,2,15,0,58,20.75
3854.6,0,12137,99,88,283.19
3854.6,1,55,0,34,6.31
3854.6,2,15,0,58,21.17
3856.7,0,12169,99,88,283.94
3856.7,1,55,0,34,9.99
3856.7,2,15,0,59,29.88
3858.8,0,11721,99,88,281.63
3858.8,1,55,0,34,6.25
3858.8,2,15,0,58,21.51
3860.8,0,14697,100,87,268.12
3860.8,1,55,0,34,5.78
3860.8,2,15,0,58,20.92
3862.9,0,12105,100,88,277.89
3862.9,1,55,0,34,7.11
3862.9,2,15,0,59,24.09
3865.0,0,12201,99,88,282.72
3865.0,1,55,0,34,6.20
3865.0,2,15,0,58,22.49
3867.0,0,12105,99,88,283.61
3867.0,1,55,0,34,5.63
3867.0,2,15,0,58,20.99
3869.1,0,11881,85,88,275.05
3869.1,1,55,0,34,5.89
3869.1,2,15,0,58,21.18
3871.2,0,15113,100,87,259.73
3871.2,1,55,0,34,10.14
3871.2,2,15,0,59,29.73
3873.3,0,14761,100,88,262.76
3873.3,1,55,0,34,5.82
3873.3,2,15,0,58,20.96
3875.3,0,12201,94,88,279.83
3875.3,1,55,0,34,5.98
3875.3,2,15,0,58,20.71
3877.4,0,12073,97,88,278.24
3877.4,1,55,0,34,8.26
3877.4,2,15,0,58,24.82
3879.5,0,12107,100,87,269.54
3879.5,1,55,0,34,7.23
3879.5,2,15,0,59,21.94
3881.6,0,14763,45,87,257.62
3881.6,1,55,0,34,7.14
3881.6,2,15,0,58,20.84
3883.7,0,14635,100,87,254.53
3883.7,1,55,0,34,7.11
3883.7,2,15,0,58,20.98
3885.8,0,12235,86,88,277.17
3885.8,1,55,0,34,11.40
3885.8,2,15,0,59,22.61
3887.9,0,11883,71,87,267.50
3887.9,1,55,0,34,7.18
3887.9,2,15,0,58,20.94
3889.9,0,12171,88,88,276.51
3889.9,1,55,0,34,7.22
3889.9,2,15,0,58,21.19
3892.1,0,12171,96,87,282.96
3892.1,1,55,0,34,11.85
3892.1,2,15,0,59,29.48
3894.2,0,11691,89,87,277.48
3894.2,1,55,0,34,7.20
3894.2,2,15,0,59,22.51
3896.2,0,14603,100,88,272.41
3896.2,1,55,0,34,7.28
3896.2,2,15,0,58,20.94
3898.3,0,14699,100,87,236.40
3898.3,1,55,1,34,7.56
3898.3,2,15,0,58,22.35
3900.4,0,14795,100,87,253.16
3900.4,1,55,0,34,7.97
3900.4,2,15,0,59,21.95
3902.5,0,12363,86,88,281.61
3902.5,1,55,0,34,7.35
3902.5,2,15,0,58,20.80
3904.6,0,11915,99,87,279.58
3904.6,1,55,0,34,7.45
3904.6,2,15,0,58,21.06
3906.7,0,12299,99,88,282.47
3906.7,1,55,0,34,11.45
3906.7,2,15,0,59,30.01
3908.8,0,12299,85,87,280.21
3908.8,1,55,0,34,7.37
3908.8,2,15,0,58,21.52
3910.8,0,12299,94,87,278.09
3910.8,1,55,0,34,7.00
3910.8,2,15,0,58,21.00
3912.9,0,12395,100,88,280.15
3912.9,1,55,0,34,7.96
3912.9,2,15,0,59,23.38
3915.0,0,12331,99,88,281.89
3915.0,1,55,0,34,7.47
3915.0,2,15,0,59,22.54
3917.1,0,11819,89,87,278.62
3917.1,1,55,0,34,7.10
3917.1,2,15,0,58,20.95
3919.2,0,14603,84,87,267.87
3919.2,1,55,0,34,6.54
3919.2,2,15,0,58,21.12
3921.2,0,16011,100,87,271.72
3921.2,1,55,0,34,11.06
3921.2,2,15,0,59,29.83
3923.3,0,14763,100,86,258.67
3923.3,1,55,0,34,6.79
3923.3,2,15,0,58,20.93
3925.4,0,14955,100,87,275.06
3925.4,1,55,0,34,6.41
3925.4,2,15,0,58,20.79
3927.4,0,12523,99,87,289.93
3927.4,1,55,0,34,7.34
3927.4,2,15,0,59,24.19
3929.5,0,11979,99,88,288.65
3929.5,1,55,0,34,6.55
3929.5,2,15,0,59,22.80
3931.6,0,12491,99,88,288.89
3931.6,1,55,0,34,6.04
3931.6,2,15,0,58,20.86
3933.7,0,12235,99,88,288.09
3933.7,1,55,0,34,6.22
3933.7,2,15,0,58,20.97
3935.7,0,12395,99,87,287.69
3935.7,1,55,0,34,10.16
3935.7,2,15,0,59,29.28
3937.8,0,12139,99,88,284.65
3937.8,1,55,0,34,6.62
3937.8,2,15,0,58,21.32
3939.9,0,12563,97,88,282.85
3939.9,1,55,0,34,6.88
3939.9,2,15,0,58,20.91
3942.0,0,11987,96,88,284.87
3942.0,1,55,1,34,8.58
3942.0,2,15,0,59,24.58
3944.1,0,15283,100,87,264.30
3944.1,1,55,0,34,7.17
3944.1,2,15,0,59,22.35
3946.1,0,15251,100,87,273.65
3946.1,1,55,0,34,7.11
3946.1,2,15,0,58,20.73
3948.2,0,15379,100,87,269.08
3948.2,1,55,0,34,7.16
3948.2,2,15,1,58,20.71
3950.3,0,12371,100,87,255.79
3950.3,1,55,0,34,12.04
3950.3,2,15,0,59,21.70
3952.4,0,12499,99,88,291.33
3952.4,1,55,0,34,7.05
3952.4,2,15,0,58,20.92
3954.5,0,12211,99,88,289.74
3954.5,1,55,0,34,7.14
3954.5,2,15,0,58,20.96
3956.5,0,15059,100,87,274.89
3956.5,1,55,0,34,9.12
3956.5,2,15,0,59,25.28
3958.6,0,12563,99,88,290.08
3958.6,1,55,0,34,7.28
3958.6,2,15,0,59,22.36
3960.7,0,12051,100,87,287.68
3960.7,1,55,0,34,7.00
3960.7,2,15,0,58,20.84
3962.8,0,12605,99,88,288.13
3962.8,1,55,0,34,7.79
3962.8,2,15,0,59,22.29
3964.9,0,11805,0,83,180.28
3964.9,1,55,0,34,7.46
3964.9,2,15,0,59,22.18
3966.9,0,11805,0,82,115.06
3966.9,1,55,0,34,7.14
3966.9,2,15,0,58,20.28
3969.0,0,11805,0,81,104.60
3969.0,1,55,0,34,7.37
3969.0,2,15,0,58,20.39
3971.1,0,15229,100,84,207.66
3971.1,1,55,0,34,11.73
3971.1,2,15,0,59,29.90
3973.1,0,14685,100,84,271.65
3973.1,1,55,0,34,7.37
3973.1,2,15,0,58,20.97
3975.2,0,15261,100,84,264.92
3975.2,1,55,0,34,7.31
3975.2,2,15,0,58,20.57
3977.3,0,12125,94,85,256.31
3977.3,1,55,0,34,8.11
3977.3,2,15,0,59,23.60
3979.4,0,12125,80,85,285.46
3979.4,1,55,0,34,7.04
3979.4,2,15,0,59,23.01
3981.4,0,12509,98,86,298.11
3981.4,1,55,0,34,6.55
3981.4,2,15,0,58,21.05
3983.5,0,12541,99,86,297.49
3983.5,1,55,0,34,6.70
3983.5,2,15,0,58,21.10
3985.6,0,12605,99,86,297.01
3985.6,1,55,0,34,11.00
3985.6,2,15,0,59,29.41
3987.7,0,15069,100,86,261.12
3987.7,1,55,0,34,6.64
3987.7,2,15,0,58,21.17
3989.7,0,24519,100,86,275.45
3989.7,1,55,0,34,6.76
3989.7,2,15,0,58,20.74
3991.8,0,24167,100,85,267.02
3991.8,1,55,0,34,8.07
3991.8,2,15,0,59,24.35
3993.9,0,21575,92,86,279.04
3993.9,1,55,0,34,7.26
3993.9,2,15,0,59,22.05
3996.0,0,21703,97,86,270.04
3996.0,1,55,0,34,6.37
3996.0,2,15,0,58,20.96
3998.0,0,24391,98,86,285.48
3998.0,1,55,0,34,6.83
3998.0,2,15,0,58,20.93
4000.1,0,24423,100,86,266.46
4000.1,1,55,0,34,11.57
4000.1,2,15,0,59,30.04
4002.2,0,24551,100,86,275.77
4002.2,1,55,0,34,7.41
4002.2,2,15,0,58,20.72
4004.3,0,22471,100,86,270.62
4004.3,1,55,0,34,7.05
4004.3,2,15,0,58,20.51
4006.3,0,31313,81,85,252.94
4006.3,1,55,0,34,9.03
4006.3,2,15,0,59,24.93
4008.4,0,12253,96,86,268.28
4008.4,1,55,0,34,7.80
4008.4,2,15,0,59,22.52
4010.5,0,14429,100,86,277.19
4010.5,1,55,0,34,7.31
4010.5,2,15,0,58,20.66
4012.6,0,15161,100,85,253.18
4012.6,1,55,0,34,7.39
4012.6,2,15,0,58,20.71
4014.6,0,15355,100,85,258.68
4014.6,1,55,0,34,12.07
4014.6,2,15,0,59,29.86
4016.7,0,12347,95,85,262.91
4016.7,1,55,0,34,7.27
4016.7,2,15,0,58,21.05
4018.8,0,15229,100,85,259.03
4018.8,1,55,0,34,7.24
4018.8,2,15,0,58,21.01
4020.9,0,15165,68,84,264.55
4020.9,1,55,0,34,9.50
4020.9,2,15,0,59,29.84
4022.9,0,15355,100,85,251.49
4022.9,1,55,0,34,8.12
4022.9,2,15,0,59,21.82
4025.0,0,12763,94,86,275.70
4025.0,1,55,0,34,7.25
4025.0,2,15,0,58,20.60
4027.1,0,12349,93,86,284.54
4027.1,1,55,0,34,6.83
4027.1,2,15,0,58,21.12
4029.2,0,11677,99,86,284.33
4029.2,1,55,0,34,7.03
4029.2,2,15,0,59,30.12
4031.3,0,13853,99,85,265.23
4031.3,1,55,0,34,6.49
4031.3,2,15,0,58,20.71
4033.3,0,14749,100,86,263.45
4033.3,1,55,0,34,6.63
4033.3,2,15,0,58,20.77
4035.4,0,15837,99,85,262.94
4035.4,1,55,0,34,10.82
4035.4,2,15,0,59,29.54
4037.5,0,12349,91,86,257.19
4037.5,1,55,0,34,6.52
4037.5,2,15,0,58,21.07
4039.6,0,12445,97,86,290.66
4039.6,1,55,0,34,6.40
4039.6,2,15,0,58,21.02
4041.6,0,12221,98,86,293.25
4041.6,1,55,0,34,7.65
4041.6,2,15,0,58,20.99
4043.7,0,11837,97,86,293.00
4043.7,1,55,0,34,6.98
4043.7,2,15,0,59,22.24
4045.8,0,12413,100,87,288.27
4045.8,1,55,0,34,6.39
4045.8,2,15,0,58,21.24
4047.9,0,12221,97,87,286.88
4047.9,1,55,0,34,6.57
4047.9,2,15,0,58,21.19
4050.0,0,12349,97,86,287.72
4050.0,1,55,0,34,10.61
4050.0,2,15,0,59,29.85
4052.0,0,12497,99,87,298.36
4052.0,1,55,0,34,6.49
4052.0,2,15,0,58,21.42
4054.1,0,12433,99,87,295.95
4054.1,1,55,0,34,5.83
4054.1,2,15,0,58,20.89
4056.2,0,12561,100,87,293.62
4056.2,1,55,0,34,7.54
4056.2,2,15,0,59,21.24
4058.3,0,12913,93,87,285.09
4058.3,1,55,0,34,7.51
4058.3,2,15,0,59,22.32
4060.3,0,14673,100,87,276.83
4060.3,1,55,0,34,6.94
4060.3,2,15,0,58,20.81
4062.4,0,15251,90,87,262.03
4062.4,1,55,0,34,7.12
4062.4,2,15,0,58,20.79
4064.5,0,15315,100,87,258.74
4064.5,1,55,0,34,11.59
4064.5,2,15,0,59,29.93
4066.6,0,12371,100,87,295.65
4066.6,1,55,0,34,7.17
4066.6,2,15,0,58,20.85
4068.7,0,12403,99,87,295.15
4068.7,1,55,0,34,7.07
4068.7,2,15,0,58,20.85
4070.8,0,12339,99,87,292.74
4070.8,1,55,0,34,9.19
4070.8,2,15,0,59,24.81
4072.9,0,12403,99,87,290.28
4072.9,1,55,0,34,7.81
4072.9,2,15,0,59,21.78
4075.0,0,11923,99,87,290.42
4075.0,1,55,0,34,6.97
4075.0,2,15,0,58,20.78
4077.1,0,12531,99,88,288.62
4077.1,1,55,0,34,7.19
4077.1,2,15,0,58,20.84
4079.2,0,12371,100,87,289.73
4079.2,1,55,0,34,7.73
4079.2,2,15,0,59,29.88
4081.2,0,12339,99,87,287.50
4081.2,1,55,0,34,6.89
4081.2,2,15,0,58,20.72
4083.3,0,12499,99,88,288.71
4083.3,1,55,0,34,7.24
4083.3,2,15,0,58,20.82
4085.4,0,11923,99,88,286.49
4085.4,1,55,0,34,9.23
4085.4,2,15,0,59,29.42
4087.5,0,15219,100,87,270.40
4087.5,1,55,0,34,6.86
4087.5,2,15,0,59,22.09
4089.6,0,15251,74,87,260.85
4089.6,1,55,0,34,7.22
4089.6,2,15,0,58,20.55
4091.7,0,14931,100,87,258.76
4091.7,1,55,0,34,7.91
4091.7,2,15,0,58,20.68
4093.7,0,12467,100,87,284.90
4093.7,1,55,0,34,7.55
4093.7,2,15,0,59,21.76
4095.8,0,12435,99,87,290.58
4095.8,1,55,0,34,7.01
4095.8,2,15,0,58,20.76
4097.9,0,12403,99,88,289.99
4097.9,1,55,0,34,7.26
4097.9,2,15,0,58,21.01
4100.0,0,12435,80,87,275.54
4100.0,1,55,0,34,11.40
4100.0,2,15,0,59,30.22
4102.1,0,12403,82,88,283.65
4102.1,1,55,0,34,7.22
4102.1,2,15,0,58,21.67
4104.2,0,12531,92,87,282.81
4104.2,1,55,0,34,7.10
4104.2,2,15,0,58,20.95
4106.3,0,12531,89,87,279.79
4106.3,1,55,0,34,8.58
4106.3,2,15,0,59,23.37
4108.3,0,12371,95,88,278.10
4108.3,1,55,0,34,7.52
4108.3,2,15,0,59,22.46
4110.4,0,12467,94,88,282.02
4110.4,1,55,0,34,7.11
4110.4,2,15,0,58,21.02
4112.5,0,12435,80,87,280.51
4112.5,1,55,0,34,7.35
4112.5,2,15,0,58,21.23
4114.6,0,12819,99,87,281.59
4114.6,1,55,0,34,11.88
4114.6,2,15,0,59,29.89
4116.7,0,11507,100,87,271.56
4116.7,1,55,0,34,7.39
4116.7,2,15,0,58,21.30
4118.8,0,14419,100,87,259.30
4118.8,1,55,0,34,7.04
4118.8,2,15,0,58,20.79
4120.9,0,14003,81,87,247.42
4120.9,1,55,0,34,8.40
4120.9,2,15,0,59,24.18
4123.0,0,12307,100,87,242.80
4123.0,1,55,0,34,7.37
4123.0,2,15,0,59,22.68
4125.1,0,12371,99,87,293.41
4125.1,1,55,0,34,6.95
4125.1,2,15,0,58,21.06
4127.2,0,11987,99,87,291.95
4127.2,1,55,0,34,7.03
4127.2,2,15,0,58,21.08
4129.3,0,12435,99,88,291.36
4129.3,1,55,0,34,11.51
4129.3,2,15,0,59,29.41
4131.4,0,12371,99,87,291.64
4131.4,1,55,0,34,7.10
4131.4,2,15,0,58,21.33
4133.4,0,12339,99,88,290.51
4133.4,1,55,0,34,7.00
4133.4,2,15,0,58,20.89
4135.5,0,12403,99,87,289.46
4135.5,1,55,0,34,8.76
4135.5,2,15,0,59,24.69
4137.6,0,11955,99,88,288.09
4137.6,1,55,0,34,7.29
4137.6,2,15,0,59,22.15
4139.7,0,12435,99,87,290.31
4139.7,1,55,0,34,6.87
4139.7,2,15,0,58,20.86
4141.8,0,12115,99,88,287.43
4141.8,1,55,0,34,6.74
4141.8,2,15,0,58,20.97
4143.9,0,15187,100,87,256.37
4143.9,1,55,0,34,7.52
4143.9,2,15,0,59,21.66
4146.0,0,14643,81,87,264.35
4146.0,1,55,0,34,7.06
4146.0,2,15,0,58,20.44
4148.1,0,16115,100,86,259.42
4148.1,1,55,0,34,7.01
4148.1,2,15,0,58,20.57
4150.2,0,11891,86,86,256.38
4150.2,1,55,0,34,11.92
4150.2,2,15,0,59,25.06
4152.2,0,12435,100,86,258.19
4152.2,1,55,0,34,7.08
4152.2,2,15,0,58,20.78
4154.3,0,12435,99,87,299.04
4154.3,1,55,0,34,6.86
4154.3,2,15,0,58,20.71
4156.4,0,12083,99,87,295.11
4156.4,1,55,0,34,7.71
4156.4,2,15,0,59,22.11
4158.5,0,12595,99,87,292.85
4158.5,1,55,0,34,7.31
4158.5,2,15,0,59,22.24
4160.6,0,12051,99,87,292.19
4160.6,1,55,0,34,6.79
4160.6,2,15,0,58,20.83
4162.6,0,12595,99,87,291.24
4162.6,1,55,0,34,7.08
4162.6,2,15,0,58,20.95
4164.7,0,12275,95,87,287.78
4164.7,1,55,0,34,11.74
4164.7,2,15,0,59,29.72
4166.8,0,12571,99,87,290.45
4166.8,1,55,0,34,7.04
4166.8,2,15,0,58,21.00
4168.9,0,12123,95,87,289.52
4168.9,1,55,0,34,6.88
4168.9,2,15,0,58,20.88
4171.0,0,12571,99,88,289.76
4171.0,1,55,0,34,8.10
4171.0,2,15,0,59,23.82
4173.1,0,12507,99,87,288.98
4173.1,1,55,0,34,7.69
4173.1,2,15,0,59,22.67
4175.2,0,15259,65,86,276.61
4175.2,1,55,0,34,7.10
4175.2,2,15,0,58,20.82
4177.2,0,15259,100,87,256.62
4177.2,1,55,0,34,7.24
4177.2,2,15,0,58,20.71
4179.3,0,14813,100,86,256.20
4179.3,1,55,0,34,11.74
4179.3,2,15,0,59,29.69
4181.4,0,14941,100,87,271.85
4181.4,1,55,0,34,7.04
4181.4,2,15,0,58,21.01
4183.5,0,16381,100,87,272.08
4183.5,1,55,0,34,6.97
4183.5,2,15,0,59,20.52
4185.6,0,12541,99,87,298.18
4185.6,1,55,0,34,8.70
4185.6,2,15,0,59,24.17
4187.7,0,12957,94,87,252.66
4187.7,1,55,0,34,6.91
4187.7,2,15,0,59,22.00
4189.8,0,11741,0,82,133.01
4189.8,1,55,0,34,6.97
4189.8,2,15,0,59,20.32
4191.9,0,11741,0,81,108.73
4191.9,1,55,0,34,6.96
4191.9,2,15,0,59,20.11
4194.0,0,12061,89,82,129.95
4194.0,1,55,0,34,11.61
4194.0,2,15,0,59,22.32
4196.0,0,11613,100,84,274.89
4196.0,1,55,0,34,7.28
4196.0,2,15,0,59,20.60
4198.1,0,14151,95,81,261.45
4198.1,1,55,0,34,6.96
4198.1,2,15,0,59,20.75
4200.2,0,14855,100,84,269.41
4200.2,1,55,0,34,11.51
4200.2,2,15,0,59,24.69
4202.3,0,14343,100,84,282.34
4202.3,1,55,0,34,7.28
4202.3,2,15,0,59,20.92
4204.4,0,12551,91,85,296.13
4204.4,1,55,0,34,7.05
4204.4,2,15,0,59,20.70
4206.5,0,12559,99,85,288.14
4206.5,1,55,1,34,6.94
4206.5,2,15,0,59,21.69
4208.6,0,12719,47,85,279.37
4208.6,1,55,0,34,7.39
4208.6,2,15,0,59,22.31
4210.7,0,12623,73,85,282.69
4210.7,1,55,0,34,7.00
4210.7,2,15,0,59,21.07
4212.7,0,12271,95,85,273.04
4212.7,1,55,0,34,7.08
4212.7,2,15,0,59,21.08
4214.8,0,14959,100,84,229.70
4214.8,1,55,0,34,11.19
4214.8,2,15,0,59,29.94
4216.9,0,15119,100,85,255.59
4216.9,1,55,0,34,6.94
4216.9,2,15,0,59,20.76
4219.0,0,15087,100,85,259.00
4219.0,1,55,0,34,6.63
4219.0,2,15,0,59,20.68
4221.0,0,12495,86,82,262.82
4221.0,1,55,0,34,7.48
4221.0,2,15,0,59,22.67
4223.1,0,12495,77,85,256.97
4223.1,1,55,0,34,6.99
4223.1,2,15,0,59,22.67
4225.2,0,11661,1,81,215.21
4225.2,1,55,0,34,6.41
4225.2,2,15,0,59,20.97
4227.2,0,11727,100,84,257.01
4227.2,1,55,0,34,6.23
4227.2,2,15,0,59,20.45
4229.3,0,5443,100,81,243.22
4229.3,1,55,0,34,10.13
4229.3,2,15,0,59,29.47
4231.4,0,7599,100,84,263.57
4231.4,1,55,0,34,6.11
4231.4,2,15,0,59,20.85
4233.4,0,4719,100,84,271.46
4233.4,1,55,0,34,6.00
4233.4,2,15,0,59,20.73
4235.5,0,4743,73,85,287.02
4235.5,1,55,0,34,7.20
4235.5,2,15,0,59,23.72
4237.6,0,4935,98,85,297.00
4237.6,1,55,0,34,7.14
4237.6,2,15,0,59,22.12
4239.7,0,5159,98,85,296.51
4239.7,1,55,0,34,6.86
4239.7,2,15,0,59,21.00
4241.8,0,5471,91,86,295.03
4241.8,1,55,0,34,7.09
4241.8,2,15,0,59,21.04
4243.8,0,4831,86,85,273.12
4243.8,1,55,0,34,11.53
4243.8,2,15,0,59,29.79
4245.9,0,7487,100,85,262.56
4245.9,1,55,0,34,7.23
4245.9,2,15,0,59,21.02
4248.0,0,7615,100,85,273.45
4248.0,1,55,0,34,7.19
4248.0,2,15,0,59,20.34
4250.1,0,8319,100,85,251.39
4250.1,1,55,1,34,8.76
4250.1,2,15,0,59,23.85
4252.1,0,5375,94,86,264.73
4252.1,1,55,0,34,7.58
4252.1,2,15,0,59,21.84
4254.2,0,4927,94,85,283.53
4254.2,1,55,0,34,7.01
4254.2,2,15,0,59,20.83
4256.3,0,4993,97,86,290.02
4256.3,1,55,0,34,7.14
4256.3,2,15,0,59,20.69
4258.4,0,5121,98,86,292.01
4258.4,1,55,0,34,11.92
4258.4,2,15,0,59,29.47
4260.5,0,8129,100,86,262.23
4260.5,1,55,0,34,7.55
4260.5,2,15,0,59,20.99
4262.6,0,8097,100,86,265.29
4262.6,1,55,0,34,7.12
4262.6,2,15,0,59,20.37
4264.7,0,7777,91,85,249.10
4264.7,1,55,0,34,9.02
4264.7,2,15,0,59,24.69
4266.8,0,5345,100,86,277.71
4266.8,1,55,0,34,7.46
4266.8,2,15,0,59,20.45
4268.8,0,4405,91,86,262.22
4268.8,1,55,0,34,7.37
4268.8,2,15,0,59,20.85
4270.9,0,6807,100,85,250.74
4270.9,1,55,0,34,7.48
4270.9,2,15,0,59,20.82
4273.0,0,6899,100,85,262.42
4273.0,1,55,0,34,7.07
4273.0,2,15,0,59,22.07
4275.0,0,7027,100,86,258.30
4275.0,1,55,0,34,6.04
4275.0,2,15,0,59,20.29
4277.1,0,3965,95,83,267.70
4277.1,1,55,0,34,6.23
4277.1,2,15,0,59,20.48
4279.2,0,4635,91,85,267.42
4279.2,1,55,0,34,10.22
4279.2,2,15,0,59,29.39
4281.3,0,7323,100,85,236.45
4281.3,1,55,0,34,6.13
4281.3,2,15,0,59,20.75
4283.3,0,7603,77,84,256.31
4283.3,1,55,0,34,6.18
4283.3,2,15,0,58,20.28
4285.4,0,7731,100,86,276.75
4285.4,1,55,0,34,6.96
4285.4,2,15,0,59,21.98
4287.5,0,5203,100,86,259.02
4287.5,1,55,0,34,6.65
4287.5,2,15,0,59,21.35
4289.6,0,5135,91,86,293.05
4289.6,1,55,0,34,5.93
4289.6,2,15,0,59,20.68
4291.6,0,5039,97,86,292.80
4291.6,1,55,0,34,6.33
4291.6,2,15,0,58,20.91
4293.7,0,2657,0,82,163.27
4293.7,1,55,0,34,10.33
4293.7,2,15,0,59,30.00
4295.8,0,7411,100,85,273.26
4295.8,1,55,0,34,6.26
4295.8,2,15,0,58,20.84
4297.8,0,7507,100,85,259.91
4297.8,1,55,0,34,6.59
4297.8,2,15,0,58,20.52
4299.9,0,3411,57,83,256.84
4299.9,1,55,0,34,8.65
4299.9,2,15,0,59,22.92
4302.0,0,4455,99,86,269.99
4302.0,1,55,0,34,7.63
4302.0,2,15,0,59,21.79
4304.1,0,5171,99,86,296.62
4304.1,1,55,0,34,7.11
4304.1,2,15,0,59,20.60
4306.1,0,5331,99,86,294.58
4306.1,1,55,0,34,7.35
4306.1,2,15,0,58,20.88
4308.2,0,5171,98,87,296.48
4308.2,1,55,0,34,12.20
4308.2,2,15,0,59,29.69
4310.3,0,5235,99,87,298.45
4310.3,1,55,0,34,7.44
4310.3,2,15,0,58,20.93
4312.4,0,5331,99,87,299.39
4312.4,1,55,0,34,7.14
4312.4,2,15,0,58,20.82
4314.5,0,5235,99,87,295.76
4314.5,1,55,0,34,8.89
4314.5,2,15,0,59,24.07
4316.6,0,5139,99,87,293.33
4316.6,1,55,0,34,7.74
4316.6,2,15,0,59,22.69
4318.7,0,7603,93,87,262.74
4318.7,1,55,0,34,7.20
4318.7,2,15,0,58,20.83
4320.8,0,7443,100,87,268.42
4320.8,1,55,0,34,7.16
4320.8,2,15,0,58,20.70
4322.8,0,4787,100,86,257.96
4322.8,1,55,0,34,12.01
4322.8,2,15,0,59,29.46
4324.9,0,7829,100,86,266.61
4324.9,1,55,0,34,7.36
4324.9,2,15,0,58,20.87
4327.0,0,5333,99,87,275.05
4327.0,1,55,0,34,7.13
4327.0,2,15,0,58,20.48
4329.1,0,5205,99,87,291.51
4329.1,1,55,0,34,9.12
4329.1,2,15,0,59,24.66
4331.2,0,5397,98,87,292.69
4331.2,1,55,0,34,8.00
4331.2,2,15,0,59,21.87
4333.3,0,5333,99,87,291.09
4333.3,1,55,0,34,7.24
4333.3,2,15,0,58,20.83
4335.4,0,5301,97,87,287.58
4335.4,1,55,0,34,7.56
4335.4,2,15,1,58,21.00
4337.4,0,5173,99,87,289.37
4337.4,1,55,0,34,7.79
4337.4,2,15,0,59,21.71
4339.5,0,5205,99,87,287.49
4339.5,1,55,0,34,7.24
4339.5,2,15,0,58,20.82
4341.6,0,8021,59,87,255.60
4341.6,1,55,0,34,7.43
4341.6,2,15,0,58,20.88
4343.7,0,7477,100,87,258.91
4343.7,1,55,0,34,11.52
4343.7,2,15,0,59,30.12
4345.7,0,8181,100,87,270.56
4345.7,1,55,0,34,7.20
4345.7,2,15,0,59,20.93
4347.8,0,8469,100,87,274.96
4347.8,1,55,0,34,6.75
4347.8,2,15,0,58,20.47
4349.9,0,5301,79,87,257.10
4349.9,1,55,0,34,8.03
4349.9,2,15,0,59,22.65
4352.0,0,4885,99,87,289.15
4352.0,1,55,0,34,7.14
4352.0,2,15,0,59,22.15
4354.0,0,5397,99,87,290.01
4354.0,1,55,0,34,6.21
4354.0,2,15,0,58,20.86
4356.1,0,5269,98,87,287.68
4356.1,1,55,0,34,6.30
4356.1,2,15,0,58,20.91
4358.2,0,5109,99,87,286.65
4358.2,1,55,0,34,11.59
4358.2,2,15,0,59,29.75
4360.3,0,5429,79,87,285.65
4360.3,1,55,0,34,7.35
4360.3,2,15,0,58,21.07
4362.4,0,5365,99,88,285.59
4362.4,1,55,0,34,7.16
4362.4,2,15,0,58,20.86
4364.4,0,4981,95,88,283.42
4364.4,1,55,0,34,8.77
4364.4,2,15,0,59,23.74
4366.5,0,7893,100,86,258.06
4366.5,1,55,0,34,7.84
4366.5,2,15,0,59,22.37
4368.6,0,8917,88,86,241.88
4368.6,1,55,0,34,7.32
4368.6,2,15,0,58,20.64
4370.7,0,7669,90,87,257.82
4370.7,1,55,0,34,7.42
4370.7,2,15,0,58,20.75
4372.8,0,6037,100,87,264.13
4372.8,1,55,0,34,11.79
4372.8,2,15,0,59,29.48
4374.9,0,5301,99,87,290.64
4374.9,1,55,0,34,7.31
4374.9,2,15,0,58,21.00
4377.0,0,5269,98,87,288.88
4377.0,1,55,0,34,7.19
4377.0,2,15,0,58,20.84
4379.0,0,5269,97,87,287.28
4379.0,1,55,0,34,8.82
4379.0,2,15,0,59,24.26
4381.1,0,5333,99,87,288.38
4381.1,1,55,0,34,7.93
4381.1,2,15,0,59,22.05
4383.2,0,5301,99,87,283.43
4383.2,1,55,0,34,7.11
4383.2,2,15,0,58,20.82
4385.3,0,4885,97,87,285.41
4385.3,1,55,0,34,7.02
4385.3,2,15,0,58,20.84
4387.4,0,5365,99,87,288.26
4387.4,1,55,0,34,11.52
4387.4,2,15,0,59,22.70
4389.5,0,5045,100,87,278.54
4389.5,1,55,0,34,7.40
4389.5,2,15,0,58,20.72
4391.6,0,7477,100,87,262.65
4391.6,1,55,0,34,7.36
4391.6,2,15,0,58,20.61
4393.7,0,7573,83,87,261.45
4393.7,1,55,0,34,9.60
4393.7,2,15,0,59,24.52
4395.8,0,7317,100,87,267.90
4395.8,1,55,0,34,7.85
4395.8,2,15,0,59,22.01
4397.8,0,5425,100,87,265.05
4397.8,1,55,0,34,7.33
4397.8,2,15,0,58,20.37
4399.9,0,5329,99,87,288.60
4399.9,1,55,0,34,7.63
4399.9,2,15,0,59,21.35
4402.0,0,5585,99,87,290.04
4402.0,1,55,0,34,6.96
4402.0,2,15,0,59,22.16
4404.1,0,5425,99,88,288.08
4404.1,1,55,0,34,6.56
4404.1,2,15,0,58,20.90
4406.2,0,5329,100,87,288.19
4406.2,1,55,0,34,6.82
4406.2,2,15,0,58,21.05
4408.2,0,5521,99,88,286.81
4408.2,1,55,0,34,9.01
4408.2,2,15,0,59,29.57
4410.3,0,5713,99,88,285.25
4410.3,1,55,0,34,6.90
4410.3,2,15,0,58,20.76
4412.4,0,5553,99,88,287.26
4412.4,1,55,0,34,6.76
4412.4,2,15,0,58,20.73
4414.5,0,8145,70,87,251.59
4414.5,1,55,0,34,7.41
4414.5,2,15,0,59,22.66
4416.6,0,7569,100,87,271.71
4416.6,1,55,0,34,7.24
4416.6,2,15,0,59,22.09
4418.6,0,6705,100,86,260.40
4418.6,1,55,0,34,7.20
4418.6,2,15,0,58,20.55
4420.7,0,8369,100,87,264.68
4420.7,1,55,0,34,7.38
4420.7,2,15,0,58,20.73
4422.8,0,4143,99,87,286.19
4422.8,1,55,0,34,11.86
4422.8,2,15,0,59,29.57
4424.9,0,4519,89,87,287.95
4424.9,1,55,0,34,7.34
4424.9,2,15,0,58,21.21
4427.0,0,4415,98,87,288.66
4427.0,1,55,0,34,6.99
4427.0,2,15,0,58,20.84
4429.1,0,4639,94,87,281.49
4429.1,1,55,0,34,8.52
4429.1,2,15,0,59,23.34
4431.1,0,4799,98,87,284.69
4431.1,1,55,0,34,7.70
4431.1,2,15,0,59,21.90
4433.2,0,4927,99,87,285.95
4433.2,1,55,0,34,6.94
4433.2,2,15,0,59,20.93
4435.3,0,7551,97,88,284.05
4435.3,1,55,0,34,6.99
4435.3,2,15,0,58,21.06
4437.4,0,7391,100,87,256.11
4437.4,1,55,0,34,11.43
4437.4,2,15,0,59,30.27
4439.5,0,5855,100,87,274.60
4439.5,1,55,0,34,7.35
4439.5,2,15,0,58,21.07
4441.6,0,23219,100,87,246.62
4441.6,1,55,0,34,6.98
4441.6,2,15,0,58,20.61
4443.7,0,23253,97,87,285.69
4443.7,1,55,0,34,9.05
4443.7,2,15,0,59,24.08
4445.8,0,23285,94,87,282.81
4445.8,1,55,0,34,7.64
4445.8,2,15,0,59,22.14
4447.9,0,23413,96,87,282.12
4447.9,1,55,0,34,6.94
4447.9,2,15,0,59,20.71
4450.0,0,23381,100,87,280.57
4450.0,1,55,0,34,7.19
4450.0,2,15,0,58,20.70
4452.1,0,23157,100,87,277.05
4452.1,1,55,0,34,7.64
4452.1,2,15,0,59,30.01
4454.2,0,23413,100,87,279.71
4454.2,1,55,0,34,6.89
4454.2,2,15,0,59,20.88
4456.3,0,22453,78,86,243.94
4456.3,1,55,0,34,7.15
4456.3,2,15,0,58,20.71
4458.4,0,25525,100,87,278.14
4458.4,1,55,0,34,11.47
4458.4,2,15,0,59,29.93
4460.5,0,26133,100,84,253.06
4460.5,1,55,0,34,7.23
4460.5,2,15,0,59,21.00
4462.5,0,25781,46,86,251.50
4462.5,1,55,0,34,7.03
4462.5,2,15,0,58,20.54
4464.6,0,23573,84,86,257.26
4464.6,1,55,0,34,7.04
4464.6,2,15,0,59,21.28
4466.7,0,23317,100,87,283.46
4466.7,1,55,0,34,7.15
4466.7,2,15,0,59,22.35
4468.8,0,3663,0,82,138.13
4468.8,1,55,0,34,6.64
4468.8,2,15,0,59,20.50
4470.8,0,7215,100,85,266.95
4470.8,1,55,0,34,6.47
4470.8,2,15,0,59,20.66
4472.9,0,7983,100,85,263.04
4472.9,1,55,0,34,10.36
4472.9,2,15,0,59,29.88
4475.0,0,8239,100,85,251.36
4475.0,1,55,0,34,6.11
4475.0,2,15,0,59,20.95
4477.1,0,5201,98,86,279.95
4477.1,1,55,0,34,6.31
4477.1,2,15,0,59,21.05
4479.2,0,5233,97,86,280.94
4479.2,1,55,0,34,7.94
4479.2,2,15,0,59,22.96
4481.3,0,5041,98,86,283.24
4481.3,1,55,0,34,7.70
4481.3,2,15,0,59,22.42
4483.4,0,3857,94,86,278.04
4483.4,1,55,0,34,7.17
4483.4,2,15,0,59,21.37
4485.5,0,4269,94,85,269.38
4485.5,1,55,0,34,7.48
4485.5,2,15,0,59,21.37
4487.5,0,4271,94,86,267.08
4487.5,1,55,0,34,11.42
4487.5,2,15,0,59,30.66
4489.6,0,4431,0,81,136.42
4489.6,1,55,0,34,7.38
4489.6,2,15,0,59,21.64
4491.7,0,4431,100,84,260.84
4491.7,1,55,0,34,7.25
4491.7,2,15,0,59,20.54
4493.8,0,7119,100,85,258.10
4493.8,1,55,0,34,8.87
4493.8,2,15,0,59,23.39
4495.9,0,4367,86,84,239.84
4495.9,1,55,0,34,7.49
4495.9,2,15,0,59,22.03
4498.0,0,6959,100,84,232.16
4498.0,1,55,0,34,6.92
4498.0,2,15,0,59,21.05
4500.0,0,6543,100,85,271.45
4500.0,1,55,0,34,7.36
4500.0,2,15,0,59,20.79
4502.1,0,3383,94,85,257.47
4502.1,1,55,0,34,11.88
4502.1,2,15,0,59,29.74
4504.2,0,3811,92,84,255.51
4504.2,1,55,0,34,7.19
4504.2,2,15,0,59,20.94
4506.3,0,4101,83,85,261.25
4506.3,1,55,0,34,7.11
4506.3,2,15,0,59,21.14
4508.3,0,3419,92,85,261.84
4508.3,1,55,0,34,10.40
4508.3,2,15,0,59,30.08
4510.4,0,4463,99,84,253.29
4510.4,1,55,0,34,6.17
4510.4,2,15,0,59,21.13
4512.5,0,4903,90,85,273.82
4512.5,1,55,0,34,5.93
4512.5,2,15,0,59,21.14
4514.5,0,4743,96,85,277.57
4514.5,1,55,0,34,6.09
4514.5,2,15,0,59,21.05
4516.6,0,4583,95,85,280.51
4516.6,1,55,0,34,10.20
4516.6,2,15,0,59,22.57
4518.7,0,4903,94,85,279.01
4518.7,1,55,0,34,6.11
4518.7,2,15,0,59,21.10
4520.8,0,4935,97,85,280.92
4520.8,1,55,0,34,6.06
4520.8,2,15,0,59,21.20
4522.8,0,4519,98,85,279.52
4522.8,1,55,0,34,10.30
4522.8,2,15,0,59,29.85
4524.9,0,8551,100,85,266.92
4524.9,1,55,0,34,6.15
4524.9,2,15,0,59,20.81
4527.0,0,7431,100,85,257.99
4527.0,1,55,0,34,5.97
4527.0,2,15,0,59,20.65
4529.0,0,4839,95,85,274.81
4529.0,1,55,0,34,6.67
4529.0,2,15,0,59,22.47
4531.1,0,4871,95,85,274.42
4531.1,1,55,0,34,6.46
4531.1,2,15,0,59,22.99
4533.2,0,4583,95,85,274.36
4533.2,1,55,0,34,5.92
4533.2,2,15,0,59,21.29
4535.2,0,4663,96,85,271.11
4535.2,1,55,0,34,6.25
4535.2,2,15,0,59,21.55
4537.3,0,4781,99,86,279.86
4537.3,1,55,0,34,10.71
4537.3,2,15,0,59,29.15
4539.4,0,4645,96,86,282.96
4539.4,1,55,0,34,7.11
4539.4,2,15,0,59,21.40
4541.5,0,8005,100,85,273.26
4541.5,1,55,0,34,7.08
4541.5,2,15,0,59,20.68
4543.6,0,4965,81,84,257.46
4543.6,1,55,0,34,8.25
4543.6,2,15,0,59,22.46
4545.6,0,4293,97,86,263.37
4545.6,1,55,0,34,7.21
4545.6,2,15,0,59,22.22
4547.7,0,4407,97,86,278.73
4547.7,1,55,0,34,7.16
4547.7,2,15,0,59,21.08
4549.8,0,7671,46,86,259.43
4549.8,1,55,0,34,7.26
4549.8,2,15,0,59,21.16
4551.9,0,6999,100,84,256.21
4551.9,1,55,0,34,11.92
4551.9,2,15,0,59,29.89
4554.0,0,4759,94,85,278.02
4554.0,1,55,0,34,7.36
4554.0,2,15,0,59,20.82
4556.0,0,4947,97,85,275.98
4556.0,1,55,0,34,7.06
4556.0,2,15,0,59,21.10
4558.1,0,4851,97,86,280.71
4558.1,1,55,0,34,8.56
4558.1,2,15,0,59,24.13
4560.2,0,4979,93,85,274.86
4560.2,1,55,0,34,7.48
4560.2,2,15,0,59,23.01
4562.3,0,6449,95,86,287.36
4562.3,1,55,0,34,6.92
4562.3,2,15,0,59,21.24
4564.4,0,7015,100,86,259.04
4564.4,1,55,0,34,6.96
4564.4,2,15,0,59,20.74
4566.5,0,4415,99,86,297.23
4566.5,1,55,0,34,11.65
4566.5,2,15,0,59,29.78
4568.6,0,4477,99,87,295.06
4568.6,1,55,0,34,7.02
4568.6,2,15,0,59,21.34
4570.7,0,4765,99,87,297.16
4570.7,1,55,0,34,7.17
4570.7,2,15,0,59,20.97
4572.7,0,4349,98,87,294.69
4572.7,1,55,0,34,9.23
4572.7,2,15,0,59,24.37
4574.8,0,7517,100,86,252.02
4574.8,1,55,0,34,8.23
4574.8,2,15,0,59,21.54
4576.9,0,4381,100,87,264.97
4576.9,1,55,0,34,7.39
4576.9,2,15,0,59,20.45
4579.0,0,5101,97,87,295.43
4579.0,1,55,0,34,7.24
4579.0,2,15,0,59,20.91
4581.1,0,5197,99,87,292.15
4581.1,1,55,0,34,7.96
4581.1,2,15,0,59,22.74
4583.2,0,8077,100,87,272.02
4583.2,1,55,0,34,7.16
4583.2,2,15,0,59,20.91
4585.2,0,7629,100,86,275.88
4585.2,1,55,0,34,7.47
4585.2,2,15,0,59,20.66
4587.3,0,5165,99,87,295.60
4587.3,1,55,0,34,9.38
4587.3,2,15,0,59,24.86
4589.4,0,5165,99,87,290.78
4589.4,1,55,0,34,7.28
4589.4,2,15,0,59,21.33
4591.5,0,5293,99,87,291.74
4591.5,1,55,0,34,5.93
4591.5,2,15,0,59,20.86
4593.5,0,8077,100,86,254.12
4593.5,1,55,0,34,6.72
4593.5,2,15,0,59,21.16
4595.6,0,4525,92,83,200.36
4595.6,1,55,0,34,6.62
4595.6,2,15,0,59,21.85
4597.7,0,4525,0,81,114.06
4597.7,1,55,0,34,6.61
4597.7,2,15,0,59,20.17
4599.8,0,4525,0,80,104.12
4599.8,1,55,0,34,7.24
4599.8,2,15,0,58,20.24
4601.8,0,4525,0,79,103.66
4601.8,1,55,0,34,11.32
4601.8,2,15,0,59,29.98
4603.9,0,4525,0,78,103.12
4603.9,1,55,0,34,7.21
4603.9,2,15,0,59,20.24
4606.0,0,4525,0,77,101.37
4606.0,1,55,0,34,7.11
4606.0,2,15,0,59,20.21
4608.1,0,5037,0,76,100.22
4608.1,1,55,0,34,8.22
4608.1,2,15,0,59,22.23
4610.2,0,5069,93,82,292.26
4610.2,1,55,0,34,7.56
4610.2,2,15,0,59,22.37
4612.3,0,8013,100,82,263.00
4612.3,1,55,0,34,7.22
4612.3,2,15,0,58,20.86
4614.3,0,7661,100,82,260.88
4614.3,1,55,0,34,7.20
4614.3,2,15,0,58,20.51
4616.4,0,5261,99,83,295.32
4616.4,1,55,0,34,11.77
4616.4,2,15,0,59,29.29
4618.5,0,5229,99,83,295.42
4618.5,1,55,0,34,7.44
4618.5,2,15,0,58,20.94
4620.6,0,4749,99,83,288.34
4620.6,1,55,0,34,7.21
4620.6,2,15,0,58,20.58
4622.7,0,6733,100,82,256.08
4622.7,1,55,0,34,9.08
4622.7,2,15,0,59,23.20
4624.8,0,5229,74,84,265.97
4624.8,1,55,0,34,7.99
4624.8,2,15,0,59,21.43
4626.9,0,4941,99,84,295.60
4626.9,1,55,0,34,7.30
4626.9,2,15,0,58,20.80
4628.9,0,4749,98,85,289.21
4628.9,1,55,0,34,7.16
4628.9,2,15,0,58,20.94
4631.0,0,24221,99,84,258.41
4631.0,1,55,0,34,11.76
4631.0,2,15,0,59,30.07
4633.2,0,24221,100,85,288.16
4633.2,1,55,0,34,7.09
4633.2,2,15,0,58,20.78
4635.2,0,24285,99,85,283.83
4635.2,1,55,0,34,6.99
4635.2,2,15,0,58,20.33
4637.3,0,24381,100,85,290.36
4637.3,1,55,0,34,8.52
4637.3,2,15,0,59,23.83
4639.4,0,24413,100,86,280.35
4639.4,1,55,0,34,7.17
4639.4,2,15,0,58,20.77
4641.4,0,24061,100,86,285.16
4641.4,1,55,0,34,6.33
4641.4,2,15,0,58,20.38
4643.5,0,23869,99,86,284.10
4643.5,1,55,0,34,5.73
4643.5,2,15,0,58,20.34
4645.6,0,23805,100,87,286.85
4645.6,1,55,0,34,6.45
4645.6,2,15,0,59,29.61
4647.7,0,26781,100,87,271.91
4647.7,1,55,0,34,5.74
4647.7,2,15,0,58,20.50
4649.8,0,26013,100,87,274.65
4649.8,1,55,0,34,5.97
4649.8,2,15,0,58,20.32
4651.8,0,24189,100,87,283.29
4651.8,1,55,0,34,7.83
4651.8,2,15,0,59,24.48
4653.9,0,24285,92,87,279.99
4653.9,1,55,0,34,6.07
4653.9,2,15,0,58,20.83
4656.0,0,24317,99,87,285.25
4656.0,1,55,0,34,5.77
4656.0,2,15,0,58,20.39
4658.1,0,24317,100,87,283.73
4658.1,1,55,0,34,7.39
4658.1,2,15,0,59,20.86
4660.2,0,24285,65,86,274.52
4660.2,1,55,0,34,7.41
4660.2,2,15,0,59,21.96
4662.3,0,24157,100,87,280.38
4662.3,1,55,0,34,6.82
4662.3,2,15,0,58,20.33
4664.3,0,23805,100,87,269.40
4664.3,1,55,0,34,7.26
4664.3,2,15,0,58,20.44
4666.4,0,25885,76,85,277.13
4666.4,1,55,0,34,11.68
4666.4,2,15,0,59,29.58
4668.5,0,26845,100,87,278.76
4668.5,1,55,0,34,6.97
4668.5,2,15,0,58,20.61
4670.6,0,24221,100,87,265.35
4670.6,1,55,0,34,6.95
4670.6,2,15,0,58,20.36
4672.7,0,24285,100,87,279.96
4672.7,1,55,0,34,8.04
4672.7,2,15,0,59,22.08
4674.9,0,24413,100,87,268.90
4674.9,1,55,0,34,7.50
4674.9,2,15,0,59,21.39
4677.0,0,24285,100,88,276.39
4677.0,1,55,0,34,6.97
4677.0,2,15,0,58,20.43
4679.1,0,24061,97,88,275.26
4679.1,1,55,0,34,7.24
4679.1,2,15,0,58,20.46
4681.2,0,23997,100,88,277.79
4681.2,1,55,0,34,11.72
4681.2,2,15,0,59,29.87
4683.2,0,23773,100,88,278.18
4683.2,1,55,0,34,7.15
4683.2,2,15,0,58,20.81
4685.3,0,23869,100,88,280.09
4685.3,1,55,0,34,7.25
4685.3,2,15,0,58,20.38
4687.4,0,26397,100,88,270.20
4687.4,1,55,0,34,8.97
4687.4,2,15,0,59,29.53
4689.5,0,23613,5,84,172.12
4689.5,1,55,0,34,7.20
4689.5,2,15,0,59,20.78
4691.5,0,23613,10,84,172.43
4691.5,1,55,0,34,7.08
4691.5,2,15,0,58,20.40
4693.7,0,23613,100,87,281.17
4693.7,1,55,0,34,7.10
4693.7,2,15,0,58,20.55
4695.7,0,23613,100,86,281.72
4695.7,1,55,0,34,11.78
4695.7,2,15,0,59,29.88
4697.8,0,23613,100,87,284.76
4697.8,1,55,0,34,6.99
4697.8,2,15,0,58,20.69
4699.9,0,23613,100,86,239.33
4699.9,1,55,0,34,6.56
4699.9,2,15,0,58,20.50
4702.0,0,23613,25,86,192.04
4702.0,1,55,0,34,10.06
4702.0,2,15,0,59,30.04
4704.0,0,23613,100,85,175.14
4704.0,1,55,0,34,6.15
4704.0,2,15,0,58,20.94
4706.1,0,23613,26,83,139.69
4706.1,1,55,0,34,6.11
4706.1,2,15,0,58,20.33
4708.2,0,23613,11,82,184.30
4708.2,1,55,0,34,5.99
4708.2,2,15,0,58,20.47
4710.2,0,23613,34,82,259.61
4710.2,1,55,0,34,6.50
4710.2,2,15,0,59,21.96
4712.3,0,23613,100,84,233.16
4712.3,1,55,0,34,6.00
4712.3,2,15,0,58,20.34
4714.4,0,23613,100,84,183.29
4714.4,1,55,0,34,6.13
4714.4,2,15,0,58,20.55
4716.4,0,23613,33,82,141.53
4716.4,1,55,0,34,10.56
4716.4,2,15,0,59,29.80
4718.5,0,23613,21,84,171.44
4718.5,1,55,0,34,7.14
4718.5,2,15,0,58,20.62
4720.7,0,23613,6,82,183.09
4720.7,1,55,0,34,6.94
4720.7,2,15,0,58,20.54
4722.8,0,23613,56,80,211.00
4722.8,1,55,0,34,8.09
4722.8,2,15,0,58,21.69
4724.8,0,23613,95,80,206.10
4724.8,1,55,0,34,7.29
4724.8,2,15,0,59,22.43
4726.9,0,23613,14,82,195.54
4726.9,1,55,0,34,6.47
4726.9,2,15,0,58,20.48
4729.0,0,23613,80,82,185.04
4729.0,1,55,0,34,6.34
4729.0,2,15,0,58,20.62
4731.1,0,23613,61,82,222.49
4731.1,1,55,0,34,10.07
4731.1,2,15,0,59,29.32
4733.1,0,23613,11,79,208.37
4733.1,1,55,0,34,6.22
4733.1,2,15,0,58,20.97
4735.2,0,23613,74,82,154.94
4735.2,1,55,0,34,6.04
4735.2,2,15,0,58,20.44
4737.3,0,23613,13,78,135.69
4737.3,1,55,0,34,7.30
4737.3,2,15,0,59,22.63
4739.3,0,23613,28,79,198.98
4739.3,1,55,0,34,6.25
4739.3,2,15,0,59,21.75
4741.4,0,23613,100,82,266.10
4741.4,1,55,0,34,5.98
4741.4,2,15,0,58,20.55
4743.5,0,23613,97,83,283.88
4743.5,1,55,0,34,6.34
4743.5,2,15,0,58,20.61
4745.6,0,23613,100,83,283.70
4745.6,1,55,0,34,10.77
4745.6,2,15,0,59,29.88
4747.6,0,23613,96,84,285.22
4747.6,1,55,0,34,6.35
4747.6,2,15,0,58,20.47
4749.7,0,3471,1,79,112.49
4749.7,1,55,0,34,6.04
4749.7,2,15,0,58,20.41
4751.8,0,4451,89,83,270.21
4751.8,1,55,0,34,7.54
4751.8,2,15,0,59,23.65
4753.8,0,4451,94,80,257.49
4753.8,1,55,0,34,6.35
4753.8,2,15,0,59,22.43
4755.9,0,3983,54,83,188.61
4755.9,1,55,0,34,6.09
4755.9,2,15,0,58,20.50
4758.0,0,3983,97,83,274.02
4758.0,1,55,0,34,5.88
4758.0,2,15,0,58,20.82
4760.1,0,3983,92,84,272.16
4760.1,1,55,0,34,10.18
4760.1,2,15,0,59,29.47
4762.1,0,3783,97,84,274.16
4762.1,1,55,0,34,6.05
4762.1,2,15,0,58,21.16
4764.2,0,3943,98,84,281.30
4764.2,1,55,0,34,5.98
4764.2,2,15,0,58,20.98
4766.3,0,4277,98,84,283.87
4766.3,1,55,0,34,8.00
4766.3,2,15,0,58,24.09
4768.3,0,4277,94,85,280.42
4768.3,1,55,0,34,6.56
4768.3,2,15,0,58,21.85
4770.4,0,4277,99,85,282.11
4770.4,1,55,0,34,5.88
4770.4,2,15,0,58,20.61
4772.5,0,4277,99,85,285.39
4772.5,1,55,0,34,6.17
4772.5,2,15,0,58,20.73
4774.5,0,4745,97,85,281.37
4774.5,1,55,0,34,6.52
4774.5,2,15,0,58,22.54
4776.6,0,4745,99,86,284.23
4776.6,1,55,0,34,6.22
4776.6,2,15,0,58,20.86
4778.7,0,4745,99,86,284.41
4778.7,1,55,0,34,7.15
4778.7,2,15,0,58,21.02
4780.8,0,4745,98,86,282.42
4780.8,1,55,0,34,9.15
4780.8,2,15,0,58,25.04
4782.9,0,4745,99,86,283.58
4782.9,1,55,0,34,7.77
4782.9,2,15,0,58,21.31
4785.0,0,4573,96,87,294.47
4785.0,1,55,0,34,6.99
4785.0,2,15,0,58,20.77
4787.1,0,4573,97,87,297.86
4787.1,1,55,0,34,7.73
4787.1,2,15,0,58,21.42
4789.2,0,4595,100,87,295.74
4789.2,1,55,0,34,7.09
4789.2,2,15,0,58,21.66
4791.2,0,4595,100,88,293.55
4791.2,1,55,0,34,6.99
4791.2,2,15,0,58,20.44
4793.3,0,4595,100,88,290.06
4793.3,1,55,0,34,7.03
4793.3,2,15,0,58,20.57
4795.4,0,4595,100,88,289.37
4795.4,1,55,0,34,11.37
4795.4,2,15,0,58,29.32
4797.5,0,4597,100,88,287.62
4797.5,1,55,0,34,7.12
4797.5,2,15,0,58,21.00
4799.5,0,4597,100,88,286.44
4799.5,1,55,0,34,6.88
4799.5,2,15,0,58,20.39
4801.6,0,4597,100,88,285.68
4801.6,1,55,0,34,8.16
4801.6,2,15,0,58,22.18
4803.7,0,4597,97,88,284.84
4803.7,1,55,0,34,7.35
4803.7,2,15,0,58,22.04
4805.8,0,4597,99,88,285.14
4805.8,1,55,0,34,6.95
4805.8,2,15,0,58,20.43
4807.9,0,4597,100,88,284.10
4807.9,1,55,0,34,7.40
4807.9,2,15,0,58,20.58
4810.0,0,4597,98,88,284.47
4810.0,1,55,0,34,11.73
4810.0,2,15,0,58,29.22
4812.1,0,4597,99,88,283.41
4812.1,1,55,0,34,7.36
4812.1,2,15,0,58,20.78
4814.2,0,4597,100,88,283.66
4814.2,1,55,0,34,7.38
4814.2,2,15,0,58,20.62
4816.3,0,4597,100,88,282.15
4816.3,1,55,1,34,9.29
4816.3,2,15,0,58,23.17
4818.4,0,4597,100,88,283.48
4818.4,1,55,0,34,7.99
4818.4,2,15,0,58,21.65
4820.5,0,4597,99,88,283.57
4820.5,1,55,0,34,7.30
4820.5,2,15,0,58,20.65
4822.6,0,4597,100,88,283.15
4822.6,1,55,0,34,7.36
4822.6,2,15,0,58,20.79
4824.7,0,4597,100,88,285.20
4824.7,1,55,0,34,11.93
4824.7,2,15,0,58,29.85
4826.8,0,4597,99,88,284.36
4826.8,1,55,0,34,7.39
4826.8,2,15,0,58,21.05
4828.9,0,4597,100,88,284.45
4828.9,1,55,0,34,7.28
4828.9,2,15,0,58,20.64
4830.9,0,4597,100,88,284.33
4830.9,1,55,0,34,9.21
4830.9,2,15,0,58,29.28
4833.0,0,4597,100,88,283.19
4833.0,1,55,0,34,7.35
4833.0,2,15,0,58,20.97
4835.1,0,4597,100,88,284.08
4835.1,1,55,0,34,7.05
4835.1,2,15,0,58,20.69
4837.2,0,4597,100,88,285.58
4837.2,1,55,0,34,7.53
4837.2,2,15,0,58,20.67
4839.3,0,4597,100,88,285.01
4839.3,1,55,0,34,7.71
4839.3,2,15,0,58,29.44
4841.4,0,4597,100,88,285.68
4841.4,1,55,0,34,7.19
4841.4,2,15,0,58,20.68
4843.4,0,4597,100,88,285.39
4843.4,1,55,0,34,7.35
4843.4,2,15,0,58,20.66
4845.5,0,4597,100,88,286.09
4845.5,1,55,0,34,11.63
4845.5,2,15,0,58,29.65
4847.6,0,4597,100,88,284.52
4847.6,1,55,0,34,7.42
4847.6,2,15,0,58,21.09
4849.7,0,4597,100,88,285.24
4849.7,1,55,0,34,7.23
4849.7,2,15,0,58,20.54
4851.8,0,4597,98,88,285.03
4851.8,1,55,0,34,8.12
4851.8,2,15,0,58,21.04
4853.9,0,4597,100,88,285.55
4853.9,1,55,0,34,7.56
4853.9,2,15,0,58,22.12
4856.0,0,4597,100,88,286.62
4856.0,1,55,0,34,6.96
4856.0,2,15,0,58,20.55
4858.1,0,4597,99,88,286.74
4858.1,1,55,0,34,7.16
4858.1,2,15,0,58,20.77
4860.2,0,4597,100,88,286.95
4860.2,1,55,0,34,11.56
4860.2,2,15,0,58,29.37
4862.3,0,4597,100,88,287.33
4862.3,1,55,0,34,7.50
4862.3,2,15,0,58,20.71
4864.4,0,4597,100,88,286.99
4864.4,1,55,0,34,7.20
4864.4,2,15,0,58,20.38
4866.5,0,4597,100,88,287.04
4866.5,1,55,0,34,8.26
4866.5,2,15,0,58,24.53
4868.6,0,4597,100,88,287.11
4868.6,1,55,0,34,7.54
4868.6,2,15,0,59,22.37
4870.6,0,4597,98,88,286.23
4870.6,1,55,0,34,6.71
4870.6,2,15,0,58,20.50
4872.7,0,4597,100,88,287.91
4872.7,1,55,0,34,7.01
4872.7,2,15,0,58,20.71
4874.8,0,4597,99,88,288.42
4874.8,1,55,0,34,11.37
4874.8,2,15,0,58,28.91
4876.9,0,4597,100,88,286.53
4876.9,1,55,0,34,7.12
4876.9,2,15,0,58,20.58
4879.0,0,4597,100,88,288.02
4879.0,1,55,0,34,7.37
4879.0,2,15,0,58,20.69
4881.1,0,4597,100,88,288.29
4881.1,1,55,0,34,11.69
4881.1,2,15,0,59,29.21
4883.2,0,4597,100,88,287.68
4883.2,1,55,0,34,7.17
4883.2,2,15,0,58,21.90
4885.3,0,4597,99,88,287.68
4885.3,1,55,0,34,7.07
4885.3,2,15,0,58,20.71
4887.4,0,4597,99,88,287.56
4887.4,1,55,0,34,7.40
4887.4,2,15,0,58,20.79
4889.4,0,4597,98,88,287.31
4889.4,1,55,0,34,12.17
4889.4,2,15,0,59,21.80
4891.5,0,4597,99,88,287.34
4891.5,1,55,0,34,7.22
4891.5,2,15,0,58,20.80
4893.6,0,4597,100,88,288.61
4893.6,1,55,0,34,7.23
4893.6,2,15,0,58,20.87
4895.7,0,4597,98,88,285.82
4895.7,1,55,0,34,11.80
4895.7,2,15,0,59,29.95
4897.8,0,4597,100,88,289.22
4897.8,1,55,0,34,7.34
4897.8,2,15,0,58,21.24
4899.9,0,4597,100,88,288.27
4899.9,1,55,0,34,7.11
4899.9,2,15,0,58,20.79
4902.0,0,4597,99,88,287.49
4902.0,1,55,1,34,7.12
4902.0,2,15,0,59,23.68
4904.1,0,4597,100,88,288.70
4904.1,1,55,0,34,7.28
4904.1,2,15,0,59,22.17
4906.2,0,4597,100,88,288.76
4906.2,1,55,0,34,7.01
4906.2,2,15,0,58,20.67
4908.3,0,4597,99,88,287.43
4908.3,1,55,0,34,7.10
4908.3,2,15,0,58,20.75
4910.4,0,4597,100,88,289.52
4910.4,1,55,0,34,11.84
4910.4,2,15,0,59,29.41
4912.5,0,4597,100,88,289.48
4912.5,1,55,0,34,7.24
4912.5,2,15,0,58,20.74
4914.5,0,4597,100,88,290.44
4914.5,1,55,0,34,6.90
4914.5,2,15,0,58,20.62
4916.6,0,4597,99,88,288.84
4916.6,1,55,0,34,8.95
4916.6,2,15,0,59,24.34
4918.7,0,4597,100,88,289.86
4918.7,1,55,0,34,7.64
4918.7,2,15,0,59,22.51
4920.8,0,4597,100,88,289.76
4920.8,1,55,0,34,6.96
4920.8,2,15,0,58,20.76
4922.9,0,4597,100,88,289.49
4922.9,1,55,0,34,7.38
4922.9,2,15,0,58,20.74
4924.9,0,4597,100,88,289.03
4924.9,1,55,0,34,11.88
4924.9,2,15,0,59,21.71
4927.0,0,4597,100,88,290.61
4927.0,1,55,0,34,7.40
4927.0,2,15,0,58,20.30
4929.1,0,4597,100,88,290.61
4929.1,1,55,0,34,7.46
4929.1,2,15,0,58,20.59
4931.2,0,4597,100,88,291.10
4931.2,1,55,0,34,11.80
4931.2,2,15,0,59,24.67
4933.3,0,4597,100,88,291.61
4933.3,1,55,0,34,7.58
4933.3,2,15,0,59,21.63
4935.4,0,4597,99,88,289.46
4935.4,1,55,0,34,7.24
4935.4,2,15,0,58,20.46
4937.5,0,4597,99,88,291.03
4937.5,1,55,0,34,7.29
4937.5,2,15,0,58,21.75
4939.6,0,4597,98,88,290.51
4939.6,1,55,0,34,7.25
4939.6,2,15,0,59,21.49
4941.7,0,4597,97,88,289.98
4941.7,1,55,0,34,6.75
4941.7,2,15,0,58,20.63
4943.8,0,4597,100,88,291.61
4943.8,1,55,0,34,6.99
4943.8,2,15,0,58,20.61
4945.9,0,4597,100,88,290.74
4945.9,1,55,0,34,11.38
4945.9,2,15,0,59,29.78
4948.0,0,4909,99,88,291.42
4948.0,1,55,0,34,7.08
4948.0,2,15,0,58,20.98
4950.0,0,4909,99,88,291.86
4950.0,1,55,0,34,7.09
4950.0,2,15,0,58,20.64
4952.1,0,5377,100,88,291.02
4952.1,1,55,0,34,8.72
4952.1,2,15,0,59,22.59
4954.2,0,5377,100,88,290.52
4954.2,1,55,0,34,7.21
4954.2,2,15,0,59,21.91
4956.3,0,5377,100,88,292.43
4956.3,1,55,0,34,6.95
4956.3,2,15,0,58,20.61
4958.4,0,5377,99,88,291.47
4958.4,1,55,0,34,6.95
4958.4,2,15,0,58,20.79
4960.5,0,5377,100,88,291.24
4960.5,1,55,0,34,11.57
4960.5,2,15,0,59,29.73
4962.6,0,5377,100,88,291.41
4962.6,1,55,0,34,7.05
4962.6,2,15,0,58,20.89
4964.7,0,5377,100,88,291.40
4964.7,1,55,0,34,6.87
4964.7,2,15,0,58,20.73
4966.8,0,5377,99,88,292.53
4966.8,1,55,0,34,8.57
4966.8,2,15,0,59,23.56
4968.9,0,5377,100,88,292.59
4968.9,1,55,0,34,7.44
4968.9,2,15,0,59,22.59
4970.9,0,5377,100,88,293.13
4970.9,1,55,0,34,6.79
4970.9,2,15,0,58,20.71
4973.0,0,5377,96,88,290.79
4973.0,1,55,0,34,7.08
4973.0,2,15,0,58,20.79
4975.1,0,5377,99,88,293.50
4975.1,1,55,0,34,11.40
4975.1,2,15,0,59,29.50
4977.2,0,5377,100,87,292.71
4977.2,1,55,0,34,6.77
4977.2,2,15,0,59,21.23
4979.3,0,5377,99,88,292.78
4979.3,1,55,0,34,6.82
4979.3,2,15,0,58,20.84
4981.4,0,5377,100,88,293.16
4981.4,1,55,0,34,9.08
4981.4,2,15,0,59,24.35
4983.5,0,5377,98,88,292.69
4983.5,1,55,0,34,7.56
4983.5,2,15,0,59,21.05
4985.6,0,5377,100,88,292.74
4985.6,1,55,0,34,6.91
4985.6,2,15,0,59,20.86
4987.7,0,5377,99,88,292.77
4987.7,1,55,0,34,7.03
4987.7,2,15,0,59,20.90
4989.7,0,5377,100,88,294.02
4989.7,1,55,0,34,7.13
4989.7,2,15,0,59,22.69
4991.9,0,5377,100,88,291.82
4991.9,1,55,0,34,6.70
4991.9,2,15,0,59,20.78
4994.0,0,5377,100,88,293.43
4994.0,1,55,0,34,6.82
4994.0,2,15,0,59,20.87
4996.0,0,5377,100,88,293.25
4996.0,1,55,0,34,11.76
4996.0,2,15,0,59,29.51
4998.1,0,5377,100,88,294.00
4998.1,1,55,0,34,6.88
4998.1,2,15,0,59,21.33
5000.2,0,5377,99,88,293.62
5000.2,1,55,0,34,6.84
5000.2,2,15,0,59,20.81
5002.3,0,5377,100,88,293.88
5002.3,1,55,0,34,7.92
5002.3,2,15,0,59,21.55
5004.4,0,5377,99,87,291.72
5004.4,1,55,0,34,7.10
5004.4,2,15,0,59,22.10
5006.5,0,5377,94,88,293.36
5006.5,1,55,0,34,6.65
5006.5,2,15,0,59,20.83
5008.5,0,5377,100,88,294.10
5008.5,1,55,0,34,6.94
5008.5,2,15,0,59,21.03
5010.6,0,5377,100,88,293.86
5010.6,1,55,0,34,11.73
5010.6,2,15,0,59,30.05
5012.7,0,5377,100,88,293.95
5012.7,1,55,0,34,7.08
5012.7,2,15,0,59,21.00
5014.8,0,5377,100,87,292.73
5014.8,1,55,0,34,6.82
5014.8,2,15,0,59,20.84
5016.9,0,5377,100,87,293.50
5016.9,1,55,0,34,8.19
5016.9,2,15,0,59,22.73
5019.0,0,5377,98,87,293.01
5019.0,1,55,0,34,7.40
5019.0,2,15,0,59,22.39
5021.1,0,5377,100,87,293.45
5021.1,1,55,0,34,6.82
5021.1,2,15,0,59,20.63
5023.2,0,5377,100,88,294.42
5023.2,1,55,0,34,7.12
5023.2,2,15,0,59,20.81
5025.2,0,5377,100,88,295.48
5025.2,1,55,0,34,11.61
5025.2,2,15,0,59,29.57
5027.3,0,5377,100,87,293.53
5027.3,1,55,0,34,6.89
5027.3,2,15,0,59,21.08
5029.4,0,5377,99,88,293.69
5029.4,1,55,0,34,6.75
5029.4,2,15,0,59,20.75
5031.5,0,5377,99,87,294.13
5031.5,1,55,1,34,8.92
5031.5,2,15,0,59,29.75
5033.6,0,5377,99,87,292.08
5033.6,1,55,0,34,7.39
5033.6,2,15,0,59,22.00
5035.7,0,5377,100,87,295.17
5035.7,1,55,0,34,7.14
5035.7,2,15,0,59,20.86
5037.8,0,5377,99,88,293.93
5037.8,1,55,0,34,7.09
5037.8,2,15,0,59,20.87
5039.9,0,5377,100,88,293.88
5039.9,1,55,0,34,11.70
5039.9,2,15,0,59,29.98
5042.0,0,5377,100,87,293.32
5042.0,1,55,0,34,7.23
5042.0,2,15,0,59,20.71
5044.0,0,5377,99,88,296.11
5044.0,1,55,0,34,7.21
5044.0,2,15,0,59,20.78
5046.1,0,5377,100,88,295.47
5046.1,1,55,0,34,11.58
5046.1,2,15,0,59,29.25
5048.2,0,5377,100,87,292.28
5048.2,1,55,0,34,7.07
5048.2,2,15,0,59,21.11
5050.3,0,5377,100,88,295.49
5050.3,1,55,0,34,6.98
5050.3,2,15,0,59,20.84
5052.4,0,5377,100,87,293.96
5052.4,1,55,0,34,7.66
5052.4,2,15,0,59,20.82
5054.5,0,5377,100,88,294.80
5054.5,1,55,0,34,7.69
5054.5,2,15,0,59,22.11
5056.6,0,5377,100,87,295.33
5056.6,1,55,0,34,7.01
5056.6,2,15,0,59,20.95
5058.7,0,5377,100,87,295.20
5058.7,1,55,0,34,7.35
5058.7,2,15,0,59,21.03
5060.8,0,5377,99,88,296.56
5060.8,1,55,0,34,11.51
5060.8,2,15,0,59,29.94
5062.9,0,5377,99,88,295.63
5062.9,1,55,0,34,7.17
5062.9,2,15,0,59,21.45
5065.0,0,5377,99,87,296.30
5065.0,1,55,0,34,7.08
5065.0,2,15,0,59,20.84
5067.1,0,5377,99,87,295.86
5067.1,1,55,0,34,8.30
5067.1,2,15,0,59,24.60
5069.2,0,5377,99,88,295.01
5069.2,1,55,0,34,7.38
5069.2,2,15,0,59,22.42
5071.3,0,5377,100,87,292.64
5071.3,1,55,0,34,7.13
5071.3,2,15,0,59,20.85
5073.4,0,5377,100,87,295.89
5073.4,1,55,0,34,7.28
5073.4,2,15,0,59,21.03
5075.5,0,5377,100,87,295.23
5075.5,1,55,0,34,11.80
5075.5,2,15,0,59,29.63
5077.5,0,5377,100,88,294.61
5077.5,1,55,0,34,7.07
5077.5,2,15,0,59,20.83
5079.6,0,5377,99,88,296.57
5079.6,1,55,0,34,7.21
5079.6,2,15,0,59,20.87
5081.7,0,5377,100,88,295.57
5081.7,1,55,0,34,11.63
5081.7,2,15,0,59,25.07
5083.8,0,5377,100,88,294.03
5083.8,1,55,0,34,7.05
5083.8,2,15,0,59,21.78
5085.8,0,5377,99,88,294.74
5085.8,1,55,0,34,6.96
5085.8,2,15,0,59,20.83
5087.9,0,5377,100,87,294.77
5087.9,1,55,0,34,7.01
5087.9,2,15,0,59,20.87
5090.0,0,5377,87,88,295.38
5090.0,1,55,0,34,11.75
5090.0,2,15,0,59,22.44
5092.1,0,5377,100,88,295.72
5092.1,1,55,0,34,7.29
5092.1,2,15,0,59,20.76
5094.2,0,5377,100,88,295.89
5094.2,1,55,0,34,7.13
5094.2,2,15,0,59,20.89
5096.3,0,5377,100,87,295.15
5096.3,1,55,0,34,11.48
5096.3,2,15,0,59,29.50
5098.4,0,5377,100,88,294.84
5098.4,1,55,0,34,6.91
5098.4,2,15,0,59,21.08
5100.4,0,5377,100,87,296.40
5100.4,1,55,0,34,7.25
5100.4,2,15,0,59,20.84
5102.5,0,5377,100,88,294.38
5102.5,1,55,0,34,7.34
5102.5,2,15,0,59,22.81
5104.6,0,5377,97,87,292.38
5104.6,1,55,0,34,7.80
5104.6,2,15,0,59,21.87
5106.7,0,5377,100,87,293.82
5106.7,1,55,0,34,7.21
5106.7,2,15,0,59,20.71
5108.8,0,5377,100,88,296.85
5108.8,1,55,0,34,7.41
5108.8,2,15,0,59,20.94
5110.9,0,5377,99,87,294.20
5110.9,1,55,0,34,11.40
5110.9,2,15,0,59,30.27
5113.0,0,5377,100,88,296.35
5113.0,1,55,0,34,7.44
5113.0,2,15,0,59,21.61
5115.1,0,5377,98,88,294.98
5115.1,1,55,0,34,7.08
5115.1,2,15,0,59,21.09
5117.2,0,5377,100,87,296.89
5117.2,1,55,0,34,9.28
5117.2,2,15,0,59,23.84
5119.2,0,5377,100,88,295.72
5119.2,1,55,0,34,7.63
5119.2,2,15,0,59,22.62
5121.3,0,5377,100,87,295.84
5121.3,1,55,0,34,7.32
5121.3,2,15,0,59,21.05
5123.4,0,5377,99,87,293.76
5123.4,1,55,0,34,7.45
5123.4,2,15,0,59,21.00
5125.5,0,5377,100,88,296.57
5125.5,1,55,0,34,11.55
5125.5,2,15,0,59,29.83
5127.6,0,5377,100,87,296.06
5127.6,1,55,0,34,7.55
5127.6,2,15,0,59,21.31
5129.7,0,5377,100,87,297.10
5129.7,1,55,0,34,7.53
5129.7,2,15,0,59,21.06
5131.8,0,5377,100,87,296.56
5131.8,1,55,0,34,9.41
5131.8,2,15,0,59,24.80
5133.9,0,5377,98,88,296.34
5133.9,1,55,0,34,8.08
5133.9,2,15,0,59,22.87
5135.9,0,5377,100,87,296.32
5135.9,1,55,0,34,7.39
5135.9,2,15,0,59,21.04
5138.0,0,5377,98,87,295.28
5138.0,1,55,0,34,7.44
5138.0,2,15,0,59,20.80
5140.1,0,5377,100,88,296.91
5140.1,1,55,0,34,11.45
5140.1,2,15,0,59,22.32
5142.2,0,5377,99,88,296.35
5142.2,1,55,0,34,7.39
5142.2,2,15,0,59,20.76
5144.3,0,5377,100,88,296.86
5144.3,1,55,0,34,7.32
5144.3,2,15,0,59,20.92
5146.4,0,5377,100,88,296.99
5146.4,1,55,0,34,11.80
5146.4,2,15,0,59,24.90
5148.5,0,5377,100,87,295.18
5148.5,1,55,0,34,7.31
5148.5,2,15,0,59,22.01
5150.6,0,5377,100,87,297.08
5150.6,1,55,0,34,7.27
5150.6,2,15,0,59,20.69
5152.7,0,5377,99,88,297.03
5152.7,1,55,0,34,8.18
5152.7,2,15,0,59,21.64
5154.8,0,5377,100,87,295.64
5154.8,1,55,0,34,7.64
5154.8,2,15,0,59,21.85
5156.9,0,5377,100,88,296.29
5156.9,1,55,0,34,7.11
5156.9,2,15,0,59,20.79
5158.9,0,5377,99,88,295.65
5158.9,1,55,0,34,7.38
5158.9,2,15,0,59,20.98
5161.0,0,5377,100,87,296.08
5161.0,1,55,0,34,11.52
5161.0,2,15,0,59,30.13
5163.1,0,5377,100,87,296.33
5163.1,1,55,0,34,7.39
5163.1,2,15,0,59,21.17
5165.2,0,5377,100,87,296.23
5165.2,1,55,0,34,7.17
5165.2,2,15,0,59,20.76
5167.2,0,4649,99,87,297.15
5167.2,1,55,0,34,8.70
5167.2,2,15,0,59,22.57
5169.3,0,4649,97,87,297.26
5169.3,1,55,0,34,7.47
5169.3,2,15,0,59,22.20
5171.4,0,4649,99,87,298.57
5171.4,1,55,0,34,7.27
5171.4,2,15,0,59,20.82
5173.5,0,4651,98,87,297.30
5173.5,1,55,0,34,7.34
5173.5,2,15,0,59,21.01
5175.6,0,4651,99,87,298.55
5175.6,1,55,0,34,11.98
5175.6,2,15,0,59,29.64
5177.7,0,4651,98,87,296.38
5177.7,1,55,0,34,7.29
5177.7,2,15,0,59,20.96
5179.8,0,4651,99,87,296.58
5179.8,1,55,0,34,7.09
5179.8,2,15,0,59,20.83
5181.8,0,4651,97,87,295.99
5181.8,1,55,0,34,9.13
5181.8,2,15,0,59,23.78
5183.9,0,4651,100,87,297.63
5183.9,1,55,0,34,7.65
5183.9,2,15,0,60,22.62
5186.0,0,4651,100,87,296.55
5186.0,1,55,0,34,7.00
5186.0,2,15,0,59,20.91
5188.1,0,3639,98,87,293.27
5188.1,1,55,0,34,7.07
5188.1,2,15,0,59,20.87
5190.2,0,3639,96,87,293.98
5190.2,1,55,0,34,7.64
5190.2,2,15,0,59,29.43
5192.3,0,3639,0,82,114.35
5192.3,1,55,0,34,7.28
5192.3,2,15,0,59,20.78
5194.4,0,3639,0,80,104.35
5194.4,1,55,0,34,7.41
5194.4,2,15,0,59,20.19
5196.4,0,3639,0,79,103.65
5196.4,1,55,0,34,9.47
5196.4,2,15,0,59,24.00
5198.5,0,3639,0,78,103.06
5198.5,1,55,0,34,7.43
5198.5,2,15,0,59,20.36
5200.6,0,3639,98,83,286.73
5200.6,1,55,0,34,7.03
5200.6,2,15,0,59,20.63
5202.7,0,3639,96,83,295.90
5202.7,1,55,0,34,8.10
5202.7,2,15,0,59,20.95
5204.8,0,3795,95,83,291.47
5204.8,1,55,0,34,7.75
5204.8,2,15,0,59,29.99
5206.9,0,3795,65,84,292.88
5206.9,1,55,0,34,7.03
5206.9,2,15,0,59,21.12
5209.0,0,4107,98,83,297.02
5209.0,1,55,0,34,7.41
5209.0,2,15,0,59,21.04
5211.1,0,4107,98,84,297.48
5211.1,1,55,0,34,11.31
5211.1,2,15,0,59,30.08
5213.1,0,4107,11,79,127.03
5213.1,1,55,0,34,7.32
5213.1,2,15,0,59,20.74
5215.2,0,4107,0,77,102.46
5215.2,1,55,0,34,7.21
5215.2,2,15,0,59,20.19
5217.3,0,4107,0,76,100.49
5217.3,1,55,0,34,8.45
5217.3,2,15,0,59,21.60
5219.4,0,4107,0,75,99.53
5219.4,1,55,0,34,7.35
5219.4,2,15,0,59,21.59
5221.5,0,4107,0,75,98.67
5221.5,1,55,0,34,6.93
5221.5,2,15,0,59,20.06
5223.6,0,4107,92,79,198.65
5223.6,1,55,0,34,7.05
5223.6,2,15,0,59,20.42
5225.7,0,4109,99,77,282.26
5225.7,1,55,0,34,11.60
5225.7,2,15,0,59,29.70
5227.7,0,4109,54,75,141.28
5227.7,1,55,0,34,7.18
5227.7,2,15,0,59,20.54
5229.8,0,4109,1,75,112.27
5229.8,1,55,0,34,6.71
5229.8,2,15,0,59,20.38
5231.9,0,4109,31,74,126.32
5231.9,1,55,0,34,8.14
5231.9,2,15,0,59,22.83
5233.9,0,4109,16,74,117.47
5233.9,1,55,0,34,7.31
5233.9,2,15,0,59,22.06
5236.0,0,4109,75,79,229.46
5236.0,1,55,0,34,6.23
5236.0,2,15,0,59,20.24
5238.1,0,4265,97,79,284.83
5238.1,1,55,0,34,6.13
5238.1,2,15,0,59,20.94
5240.2,0,3425,94,79,211.58
5240.2,1,55,0,34,10.38
5240.2,2,15,0,59,29.58
5242.2,0,3581,0,75,157.35
5242.2,1,55,0,34,6.12
5242.2,2,15,0,59,21.11
5244.3,0,3505,96,80,217.97
5244.3,1,55,0,34,5.90
5244.3,2,15,0,59,20.08
5246.4,0,3661,97,81,293.80
5246.4,1,55,0,34,7.84
5246.4,2,15,0,59,23.86
5248.4,0,3817,98,81,292.64
5248.4,1,55,0,34,6.80
5248.4,2,15,0,59,21.91
5250.5,0,3817,92,82,294.98
5250.5,1,55,0,34,5.90
5250.5,2,15,0,59,20.75
5252.6,0,3559,97,83,296.92
5252.6,1,55,0,34,6.01
5252.6,2,15,0,59,20.64
5254.6,0,3559,9,78,127.10
5254.6,1,55,0,34,10.06
5254.6,2,15,0,59,29.86
5256.7,0,3559,3,82,170.69
5256.7,1,55,0,34,6.13
5256.7,2,15,0,59,20.69
5258.8,0,3559,96,83,297.38
5258.8,1,55,0,34,6.84
5258.8,2,15,0,59,20.60
5260.9,0,3559,0,79,146.20
5260.9,1,55,0,34,9.20
5260.9,2,15,0,59,24.31
5263.0,0,3559,1,77,102.38
5263.0,1,55,0,34,7.72
5263.0,2,15,0,59,21.80
5265.0,0,3559,2,76,103.62
5265.0,1,55,0,34,7.10
5265.0,2,15,0,59,20.11
5267.1,0,3559,1,75,100.73
5267.1,1,55,0,34,7.29
5267.1,2,15,0,59,20.14
5269.2,0,3559,90,80,222.01
5269.2,1,55,0,34,6.97
5269.2,2,15,0,59,21.89
5271.3,0,3561,0,77,258.44
5271.3,1,55,0,34,6.92
5271.3,2,15,0,59,20.79
5273.4,0,3561,0,76,106.75
5273.4,1,55,0,34,7.30
5273.4,2,15,0,59,20.25
5275.5,0,3561,0,75,99.05
5275.5,1,55,0,34,11.92
5275.5,2,15,0,59,24.79
5277.5,0,3561,0,74,97.38
5277.5,1,55,0,34,6.74
5277.5,2,15,0,58,20.20
5279.6,0,3247,0,74,105.16
5279.6,1,55,0,34,6.54
5279.6,2,15,0,58,20.19
5281.7,0,3559,73,76,271.27
5281.7,1,55,0,34,7.40
5281.7,2,15,0,59,22.27
5283.8,0,3767,67,79,221.67
5283.8,1,55,0,34,6.33
5283.8,2,15,0,59,22.21
5285.9,0,3767,90,81,296.82
5285.9,1,55,0,34,5.83
5285.9,2,15,0,58,20.90
5287.9,0,3767,98,81,296.80
5287.9,1,55,0,34,5.98
5287.9,2,15,0,58,20.93
