elapsed_s,gpu,mem_used_mb,util_pct,temp_c,power_w
0.1,0,1439,0,51,21.71
0.1,1,55,0,34,7.00
0.1,2,15,0,54,20.58
2.2,0,1439,0,51,29.26
2.2,1,55,0,34,11.47
2.2,2,15,0,54,29.57
4.3,0,1439,0,51,21.23
4.3,1,55,0,34,7.07
4.3,2,15,0,54,20.66
6.3,0,1439,0,51,21.51
6.3,1,55,0,34,6.83
6.3,2,15,0,54,20.34
8.4,0,4429,100,59,220.70
8.4,1,55,0,34,6.97
8.4,2,15,0,54,22.96
10.5,0,2269,0,55,111.64
10.5,1,55,0,34,11.85
10.5,2,15,0,54,21.87
12.6,0,2613,87,61,246.12
12.6,1,55,0,34,6.92
12.6,2,15,0,54,21.03
14.6,0,2613,0,57,156.29
14.6,1,55,0,34,7.13
14.6,2,15,0,54,21.27
16.7,0,6261,100,62,253.91
16.7,1,55,0,34,11.72
16.7,2,15,0,54,29.98
18.8,0,4471,56,63,227.61
18.8,1,55,0,34,7.02
18.8,2,15,0,54,21.56
20.9,0,5269,100,64,252.99
20.9,1,55,0,34,7.16
20.9,2,15,0,54,20.97
23.0,0,1717,96,61,158.75
23.0,1,55,0,34,7.12
23.0,2,15,0,54,24.00
25.0,0,2329,53,61,177.75
25.0,1,55,0,34,6.84
25.0,2,15,0,54,22.42
27.1,0,12721,93,67,278.18
27.1,1,55,0,34,5.76
27.1,2,15,0,54,20.97
29.2,0,15729,100,68,270.40
29.2,1,55,0,34,6.03
29.2,2,15,0,54,20.93
31.3,0,12881,100,69,255.92
31.3,1,55,0,34,10.28
31.3,2,15,0,54,29.25
33.3,0,13201,100,70,280.27
33.3,1,55,0,34,5.90
33.3,2,15,0,54,21.02
35.4,0,12671,94,71,283.52
35.4,1,55,0,34,5.69
35.4,2,15,0,54,20.90
37.5,0,15679,100,72,270.93
37.5,1,55,0,34,7.84
37.5,2,15,0,54,24.82
39.6,0,12671,99,71,257.40
39.6,1,55,0,34,6.46
39.6,2,15,0,54,22.70
41.7,0,12671,98,75,294.85
41.7,1,55,0,34,5.80
41.7,2,15,0,54,21.35
43.7,0,3607,85,75,239.46
43.7,1,55,0,34,6.00
43.7,2,15,0,53,21.68
45.8,0,3127,100,75,227.23
45.8,1,55,0,34,10.15
45.8,2,15,0,54,29.26
47.9,0,6183,0,75,143.12
47.9,1,55,0,34,6.01
47.9,2,15,0,54,21.41
49.9,0,13143,93,77,253.44
49.9,1,55,0,34,5.78
49.9,2,15,0,53,21.00
52.0,0,13271,100,77,276.71
52.0,1,55,0,34,9.89
52.0,2,15,0,54,24.92
54.1,0,11425,79,74,216.36
54.1,1,55,0,34,6.43
54.1,2,15,0,54,22.01
56.2,0,11905,100,76,255.42
56.2,1,55,0,34,5.68
56.2,2,15,0,53,20.80
58.2,0,12097,96,80,294.46
58.2,1,55,0,34,5.90
58.2,2,15,0,53,21.22
60.3,0,20533,97,80,285.24
60.3,1,55,0,34,11.28
60.3,2,15,0,54,29.92
62.4,0,29825,100,80,282.16
62.4,1,55,0,34,6.64
62.4,2,15,0,53,20.80
64.5,0,29825,98,81,286.90
64.5,1,55,0,34,6.75
64.5,2,15,0,53,20.80
66.6,0,29825,91,81,281.49
66.6,1,55,0,34,11.57
66.6,2,15,0,54,29.66
68.6,0,29825,85,82,281.31
68.6,1,55,0,34,7.06
68.6,2,15,0,53,21.17
70.7,0,29825,100,82,283.36
70.7,1,55,0,34,6.81
70.7,2,15,0,53,20.70
72.8,0,29825,100,83,283.14
72.8,1,55,0,34,6.92
72.8,2,15,0,53,20.66
74.9,0,29825,90,83,283.90
74.9,1,55,0,34,7.41
74.9,2,15,0,54,29.26
77.0,0,29825,100,84,280.46
77.0,1,55,0,34,6.88
77.0,2,15,0,53,20.69
79.1,0,32993,100,84,285.32
79.1,1,55,0,34,7.04
79.1,2,15,0,53,20.82
81.2,0,30401,100,84,268.76
81.2,1,55,0,34,11.32
81.2,2,15,0,54,29.53
83.3,0,30401,100,84,280.89
83.3,1,55,0,34,6.91
83.3,2,15,0,53,20.78
85.4,0,21259,98,85,294.30
85.4,1,55,0,34,7.07
85.4,2,15,0,53,20.65
87.5,0,20811,99,85,298.30
87.5,1,55,0,34,7.75
87.5,2,15,0,53,24.21
89.6,0,23851,100,85,268.73
89.6,1,55,0,34,7.78
89.6,2,15,0,54,22.35
91.7,0,21259,98,84,276.33
91.7,1,55,0,34,6.94
91.7,2,15,0,53,20.74
93.8,0,21355,84,84,275.96
93.8,1,55,0,34,6.66
93.8,2,15,0,53,21.25
95.9,0,12041,94,85,278.60
95.9,1,55,0,34,10.51
95.9,2,15,0,54,28.92
97.9,0,14831,53,82,210.45
97.9,1,55,0,34,5.95
97.9,2,15,0,53,21.40
100.0,0,14863,79,85,259.29
100.0,1,55,0,34,5.61
100.0,2,15,0,53,20.78
102.1,0,11177,24,86,226.31
102.1,1,55,0,34,7.86
102.1,2,15,0,53,24.52
104.1,0,14121,66,84,165.13
104.1,1,55,0,34,6.28
104.1,2,15,0,53,21.73
106.2,0,11657,100,83,236.57
106.2,1,55,0,34,5.90
106.2,2,15,0,53,20.68
108.3,0,1925,10,80,125.41
108.3,1,55,0,34,6.01
108.3,2,15,0,53,21.03
110.4,0,2775,98,82,274.61
110.4,1,55,0,34,10.16
110.4,2,15,0,54,29.35
112.5,0,12129,62,83,266.14
112.5,1,55,0,34,6.04
112.5,2,15,0,53,21.03
114.5,0,15105,100,85,273.01
114.5,1,55,0,34,5.92
114.5,2,15,0,53,20.77
116.6,0,12545,71,84,239.87
116.6,1,55,0,34,10.02
116.6,2,15,0,53,28.77
118.7,0,12673,100,85,269.40
118.7,1,55,0,34,6.85
118.7,2,15,0,54,22.23
120.8,0,12673,100,86,270.83
120.8,1,55,0,34,6.89
120.8,2,15,0,53,20.80
122.9,0,12321,41,85,270.04
122.9,1,55,0,34,6.71
122.9,2,15,0,53,20.91
125.0,0,15105,100,85,265.71
125.0,1,55,0,34,11.63
125.0,2,15,0,54,21.78
127.1,0,15713,100,86,280.96
127.1,1,55,0,34,6.99
127.1,2,15,0,53,20.48
129.2,0,12705,75,86,279.79
129.2,1,55,0,34,7.19
129.2,2,15,0,53,20.71
131.3,0,12737,100,86,276.43
131.3,1,55,0,34,11.30
131.3,2,15,0,54,29.46
133.4,0,12737,97,85,271.99
133.4,1,55,0,34,7.21
133.4,2,15,0,53,20.74
135.5,0,12657,100,87,272.44
135.5,1,55,0,34,7.21
135.5,2,15,0,53,20.53
137.6,0,12647,55,85,258.55
137.6,1,55,0,34,8.83
137.6,2,15,0,53,23.27
139.8,0,12743,88,87,266.54
139.8,1,55,0,34,7.66
139.8,2,15,0,54,22.56
141.8,0,12071,69,86,258.24
141.8,1,55,0,34,6.54
141.8,2,15,0,53,21.24
143.9,0,15655,100,86,255.77
143.9,1,55,0,34,6.70
143.9,2,15,0,53,21.02
146.0,0,12615,100,86,250.74
146.0,1,55,0,34,11.22
146.0,2,15,0,54,28.80
148.1,0,12775,85,86,264.74
148.1,1,55,0,34,6.78
148.1,2,15,0,53,21.28
150.2,0,12647,67,85,263.26
150.2,1,55,0,34,6.57
150.2,2,15,0,53,21.26
152.3,0,12647,78,86,255.45
152.3,1,55,0,34,8.38
152.3,2,15,1,54,23.95
154.4,0,15559,38,84,240.25
154.4,1,55,0,34,6.78
154.4,2,15,0,54,22.07
156.4,0,15111,51,84,235.43
156.4,1,55,0,34,6.14
156.4,2,15,0,53,20.73
158.5,0,12615,53,87,232.31
158.5,1,55,0,34,6.11
158.5,2,15,0,53,20.68
160.6,0,12775,84,87,269.42
160.6,1,55,0,34,6.65
160.6,2,15,0,54,29.21
162.7,0,15239,96,87,259.97
162.7,1,55,0,34,6.01
162.7,2,15,0,53,21.61
164.7,0,12839,91,87,269.95
164.7,1,55,0,34,6.08
164.7,2,15,0,53,20.73
166.8,0,12327,97,87,288.28
166.8,1,55,0,34,7.92
166.8,2,15,0,54,24.33
168.9,0,12551,76,87,271.91
168.9,1,55,0,34,6.36
168.9,2,15,0,54,22.19
170.9,0,15239,100,87,266.32
170.9,1,55,0,34,5.84
170.9,2,15,0,53,20.84
173.0,0,15239,100,87,275.54
173.0,1,55,0,34,6.04
173.0,2,15,0,53,20.91
175.1,0,12743,94,86,265.48
175.1,1,55,0,34,6.22
175.1,2,15,0,54,22.17
177.2,0,12519,94,86,273.31
177.2,1,55,0,34,5.97
177.2,2,15,0,53,21.06
179.3,0,16615,100,87,246.25
179.3,1,55,0,34,7.25
179.3,2,15,0,53,20.97
181.3,0,13479,100,87,280.39
181.3,1,55,0,34,11.64
181.3,2,15,0,54,24.62
183.4,0,12903,76,87,268.33
183.4,1,55,0,34,7.25
183.4,2,15,0,54,22.53
185.5,0,3369,55,86,205.57
185.5,1,55,0,34,6.81
185.5,2,15,0,53,21.08
187.6,0,3465,66,86,246.18
187.6,1,55,0,34,8.24
187.6,2,15,0,54,22.27
189.7,0,3561,100,86,269.53
189.7,1,55,0,34,7.58
189.7,2,15,0,54,22.00
191.8,0,3049,73,87,256.58
191.8,1,55,0,34,7.07
191.8,2,15,0,53,20.53
193.9,0,5787,100,86,257.34
193.9,1,55,0,34,7.08
193.9,2,15,0,53,20.93
196.0,0,3825,62,84,200.04
196.0,1,55,0,34,11.26
196.0,2,15,0,54,29.33
198.1,0,6769,100,86,253.58
198.1,1,55,0,34,6.67
198.1,2,15,0,53,21.15
200.1,0,3505,76,85,252.45
200.1,1,55,0,34,6.45
200.1,2,15,0,53,20.86
202.2,0,3729,85,86,251.89
202.2,1,55,0,34,7.93
202.2,2,15,0,54,23.22
204.3,0,6321,100,86,273.31
204.3,1,55,0,34,6.47
204.3,2,15,0,54,22.00
206.4,0,2981,73,85,199.45
206.4,1,55,0,34,6.21
206.4,2,15,0,54,20.80
208.4,0,5765,100,85,231.57
208.4,1,55,0,34,6.17
208.4,2,15,0,53,20.96
210.5,0,5765,100,86,239.59
210.5,1,55,0,34,10.31
210.5,2,15,0,54,29.51
212.6,0,5925,100,86,263.88
212.6,1,55,0,34,6.15
212.6,2,15,0,54,21.26
214.7,0,5797,100,86,254.65
214.7,1,55,0,34,5.82
214.7,2,15,0,54,20.84
216.7,0,5317,100,85,240.83
216.7,1,55,0,34,7.88
216.7,2,15,0,54,23.66
218.8,0,5253,87,85,242.15
218.8,1,55,0,34,6.40
218.8,2,15,0,54,22.25
220.9,0,5317,100,85,265.28
220.9,1,55,0,34,5.91
220.9,2,15,0,54,20.77
223.0,0,5861,55,85,213.39
223.0,1,55,0,34,6.12
223.0,2,15,0,54,20.96
225.0,0,3141,35,82,166.95
225.0,1,55,0,34,10.15
225.0,2,15,0,54,29.47
227.1,0,3141,100,85,273.52
227.1,1,55,0,34,5.66
227.1,2,15,0,54,21.15
229.2,0,5733,100,85,246.16
229.2,1,55,0,34,5.84
229.2,2,15,0,54,21.11
231.3,0,5669,35,84,207.46
231.3,1,55,0,34,8.04
231.3,2,15,0,54,24.61
233.3,0,3013,97,83,266.20
233.3,1,55,0,34,6.72
233.3,2,15,0,54,22.57
235.4,0,5957,73,83,258.96
235.4,1,55,0,34,5.97
235.4,2,15,0,54,21.05
237.5,0,6021,100,85,250.44
237.5,1,55,0,34,6.05
237.5,2,15,0,54,21.09
239.5,0,3333,72,84,234.44
239.5,1,55,0,34,11.62
239.5,2,15,0,54,22.83
241.6,0,3333,91,83,261.27
241.6,1,55,0,34,7.06
241.6,2,15,0,54,21.01
243.7,0,5989,100,85,239.83
243.7,1,55,0,34,7.37
243.7,2,15,0,54,21.13
245.8,0,3269,100,84,251.87
245.8,1,55,0,34,11.68
245.8,2,15,0,54,24.67
247.8,0,5893,100,85,249.34
247.8,1,55,0,34,7.28
247.8,2,15,0,54,22.12
249.9,0,5125,84,85,251.60
249.9,1,55,0,34,7.04
249.9,2,15,0,54,20.83
252.0,0,5989,100,85,259.81
252.0,1,55,0,34,6.86
252.0,2,15,0,54,21.78
254.1,0,3397,100,85,277.61
254.1,1,55,0,34,7.06
254.1,2,15,0,54,22.66
256.2,0,6085,48,85,253.45
256.2,1,55,0,34,6.61
256.2,2,15,0,54,21.09
258.3,0,5349,100,85,250.21
258.3,1,55,0,34,7.10
258.3,2,15,0,54,21.12
260.4,0,5977,100,85,266.86
260.4,1,55,0,34,11.97
260.4,2,15,0,54,29.13
262.5,0,3473,94,86,280.57
262.5,1,55,0,34,7.29
262.5,2,15,0,54,21.88
264.5,0,6897,100,85,262.85
264.5,1,55,0,34,6.80
264.5,2,15,0,54,20.99
266.6,0,3921,91,85,266.14
266.6,1,55,0,34,6.51
266.6,2,15,0,54,23.55
268.7,0,6929,93,85,285.11
268.7,1,55,0,34,6.21
268.7,2,15,0,54,22.63
270.7,0,6961,100,86,264.43
270.7,1,55,0,34,5.70
270.7,2,15,0,54,20.91
272.8,0,3953,95,86,287.73
272.8,1,55,0,34,5.80
272.8,2,15,0,54,21.16
274.9,0,6929,94,86,272.02
274.9,1,55,0,34,10.32
274.9,2,15,0,54,29.66
276.9,0,4209,97,86,283.80
276.9,1,55,0,34,6.08
276.9,2,15,0,54,21.23
279.0,0,2309,100,86,267.79
279.0,1,55,0,34,5.98
279.0,2,15,0,54,21.16
281.1,0,5957,100,86,256.76
281.1,1,55,0,34,6.82
281.1,2,15,1,54,24.23
283.1,0,5893,100,86,258.73
283.1,1,55,0,34,6.50
283.1,2,15,0,54,22.48
285.2,0,5957,93,85,245.63
285.2,1,55,0,34,5.94
285.2,2,15,0,54,21.00
287.3,0,6021,100,86,257.15
287.3,1,55,0,34,6.23
287.3,2,15,0,54,21.13
289.3,0,5925,100,86,250.81
289.3,1,55,0,34,10.30
289.3,2,15,0,55,29.27
291.4,0,5925,88,86,250.25
291.4,1,55,0,34,6.20
291.4,2,15,0,54,21.41
293.5,0,5925,100,86,256.30
293.5,1,55,0,34,5.97
293.5,2,15,0,54,21.06
295.5,0,5797,100,86,255.92
295.5,1,55,0,34,7.29
295.5,2,15,0,55,24.81
297.6,0,3141,100,86,265.51
297.6,1,55,0,34,6.27
297.6,2,15,0,55,21.86
299.7,0,5989,100,86,266.06
299.7,1,55,0,34,7.03
299.7,2,15,0,54,20.94
301.8,0,6085,100,86,255.46
301.8,1,55,0,34,7.28
301.8,2,15,0,54,20.90
303.9,0,6085,74,86,242.65
303.9,1,55,0,34,11.88
303.9,2,15,0,55,29.70
305.9,0,3333,65,86,256.62
305.9,1,55,0,34,7.21
305.9,2,15,0,54,21.68
308.0,0,5989,100,86,257.69
308.0,1,55,0,34,7.02
308.0,2,15,0,54,21.33
310.1,0,3397,100,85,248.66
310.1,1,55,0,34,8.50
310.1,2,15,0,55,29.16
312.2,0,5893,100,84,264.79
312.2,1,55,0,34,7.26
312.2,2,15,0,55,22.50
314.3,0,5925,80,86,254.94
314.3,1,55,0,34,6.93
314.3,2,15,0,54,20.93
316.4,0,5925,100,86,250.82
316.4,1,55,0,34,6.82
316.4,2,15,0,54,21.29
318.5,0,3397,92,86,263.66
318.5,1,55,0,34,11.52
318.5,2,15,0,55,29.57
320.5,0,5765,93,86,261.49
320.5,1,55,0,34,7.14
320.5,2,15,0,54,21.32
322.6,0,5861,100,86,246.05
322.6,1,55,0,34,7.05
322.6,2,15,0,54,21.04
324.7,0,5817,100,86,237.25
324.7,1,55,0,34,11.40
324.7,2,15,0,55,29.51
326.8,0,3403,86,84,271.03
326.8,1,55,0,34,6.70
326.8,2,15,0,54,21.46
328.8,0,13655,96,87,284.36
328.8,1,55,0,34,6.39
328.8,2,15,0,54,21.62
330.9,0,13719,95,86,283.45
330.9,1,55,1,34,6.95
330.9,2,15,0,54,20.98
333.0,0,13783,100,87,287.28
333.0,1,55,0,34,6.43
333.0,2,15,0,55,22.53
335.1,0,13785,100,87,282.50
335.1,1,55,0,34,5.85
335.1,2,15,0,54,20.82
337.1,0,13849,99,87,284.24
337.1,1,55,0,34,6.05
337.1,2,15,0,54,20.91
339.2,0,13401,100,87,286.63
339.2,1,55,0,34,10.08
339.2,2,15,0,55,29.35
341.3,0,16345,100,87,280.43
341.3,1,55,0,34,5.96
341.3,2,15,0,54,21.11
343.3,0,13337,100,87,270.75
343.3,1,55,0,34,6.00
343.3,2,15,0,54,20.80
345.4,0,13785,100,87,275.83
345.4,1,55,0,34,6.99
345.4,2,15,0,54,21.06
347.5,0,13849,100,87,281.48
347.5,1,55,0,34,6.25
347.5,2,15,0,55,21.95
349.5,0,13753,100,87,278.58
349.5,1,55,0,34,5.92
349.5,2,15,0,54,20.79
351.6,0,13817,94,87,279.15
351.6,1,55,0,34,6.19
351.6,2,15,0,54,20.97
353.7,0,13369,100,87,276.44
353.7,1,55,0,34,10.29
353.7,2,15,0,55,29.84
355.8,0,13849,97,87,280.11
355.8,1,55,0,34,6.29
355.8,2,15,0,54,21.27
357.8,0,13817,100,87,280.62
357.8,1,55,0,34,5.97
357.8,2,15,0,55,20.91
359.9,0,13817,100,87,276.98
359.9,1,55,0,34,8.35
359.9,2,15,0,55,22.03
362.0,0,13817,97,87,280.10
362.0,1,55,0,34,7.41
362.0,2,15,0,55,22.19
364.1,0,13849,100,88,277.14
364.1,1,55,0,34,6.75
364.1,2,15,0,55,20.87
366.2,0,13913,100,87,280.17
366.2,1,55,0,34,7.16
366.2,2,15,0,55,21.17
368.3,0,13593,98,87,276.69
368.3,1,55,0,34,11.68
368.3,2,15,0,55,29.60
370.4,0,12827,100,87,272.64
370.4,1,55,0,34,7.11
370.4,2,15,0,55,21.03
372.5,0,12657,98,87,280.70
372.5,1,55,0,34,6.74
372.5,2,15,0,55,20.86
374.6,0,15921,98,87,283.14
374.6,1,55,0,34,8.95
374.6,2,15,0,55,25.53
376.6,0,15889,100,87,254.48
376.6,1,55,0,34,7.59
376.6,2,15,0,55,22.77
378.7,0,16017,100,87,254.66
378.7,1,55,0,34,6.93
378.7,2,15,0,55,20.85
380.8,0,24827,100,87,272.86
380.8,1,55,0,34,7.01
380.8,2,15,0,55,21.05
382.9,0,22555,100,87,259.31
382.9,1,55,0,34,11.70
382.9,2,15,0,55,29.42
385.0,0,21707,100,87,278.30
385.0,1,55,0,34,7.24
385.0,2,15,0,55,20.93
387.1,0,13341,84,86,271.02
387.1,1,55,0,34,7.04
387.1,2,15,0,55,21.07
389.2,0,3435,100,85,250.78
389.2,1,55,0,34,11.74
389.2,2,15,0,55,29.76
391.3,0,2201,95,83,208.52
391.3,1,55,0,34,7.14
391.3,2,15,0,55,21.43
393.3,0,5689,100,86,257.17
393.3,1,55,0,34,7.15
393.3,2,15,0,55,21.01
395.4,0,7887,100,86,247.24
395.4,1,55,0,34,6.63
395.4,2,15,0,55,20.90
397.5,0,6735,99,86,251.14
397.5,1,55,0,34,6.93
397.5,2,15,0,55,21.80
399.6,0,6961,100,86,255.21
399.6,1,55,0,34,6.58
399.6,2,15,0,55,20.85
401.7,0,4145,83,86,255.87
401.7,1,55,0,34,6.49
401.7,2,15,0,55,21.40
403.7,0,3921,97,87,294.87
403.7,1,55,0,34,10.29
403.7,2,15,0,55,30.04
405.8,0,3729,98,87,296.58
405.8,1,55,0,34,5.96
405.8,2,15,0,55,21.95
407.9,0,3889,97,87,292.70
407.9,1,55,0,34,5.69
407.9,2,15,0,55,21.53
409.9,0,4297,98,87,290.67
409.9,1,55,0,34,6.66
409.9,2,15,1,55,21.72
412.0,0,6921,100,87,269.21
412.0,1,55,0,34,6.25
412.0,2,15,0,55,22.47
414.1,0,6761,100,86,259.42
414.1,1,55,0,34,5.88
414.1,2,15,0,55,21.14
416.1,0,7369,100,86,273.83
416.1,1,55,0,34,6.03
416.1,2,15,0,55,21.19
418.2,0,6665,100,86,269.45
418.2,1,55,0,34,11.11
418.2,2,15,0,55,29.80
420.3,0,4553,100,86,248.27
420.3,1,55,0,34,6.89
420.3,2,15,0,55,21.02
422.4,0,4713,97,87,292.52
422.4,1,55,0,34,6.81
422.4,2,15,0,55,21.54
424.5,0,4713,97,87,290.33
424.5,1,55,0,34,8.30
424.5,2,15,0,55,22.56
426.5,0,4585,97,87,287.95
426.5,1,55,0,34,7.52
426.5,2,15,0,55,23.06
428.6,0,4585,91,87,282.10
428.6,1,55,0,34,6.81
428.6,2,15,0,55,21.34
430.7,0,4169,98,87,285.81
430.7,1,55,0,34,6.92
430.7,2,15,0,55,21.42
432.8,0,4521,98,87,287.26
432.8,1,55,0,34,11.26
432.8,2,15,0,55,29.39
434.9,0,7177,100,87,258.90
434.9,1,55,0,34,7.11
434.9,2,15,0,55,21.68
437.0,0,6761,100,84,263.51
437.0,1,55,0,34,6.93
437.0,2,15,0,55,20.99
439.1,0,6857,68,87,259.20
439.1,1,55,0,34,8.88
439.1,2,15,0,55,29.58
441.1,0,7049,100,87,263.10
441.1,1,55,0,34,7.44
441.1,2,15,0,56,22.18
443.2,0,4585,100,85,270.14
443.2,1,55,0,34,6.75
443.2,2,15,0,55,20.97
445.3,0,4617,95,87,290.29
445.3,1,55,0,34,6.67
445.3,2,15,0,55,21.41
447.4,0,4553,98,87,286.64
447.4,1,55,0,34,11.64
447.4,2,15,0,56,29.96
449.5,0,4585,98,87,287.44
449.5,1,55,0,34,6.91
449.5,2,15,0,55,21.83
451.6,0,4585,97,87,286.50
451.6,1,55,0,34,6.49
451.6,2,15,0,55,21.46
453.6,0,4651,98,87,287.42
453.6,1,55,0,34,8.70
453.6,2,15,0,56,29.40
455.7,0,4487,93,87,285.62
455.7,1,55,0,34,6.82
455.7,2,15,0,55,21.61
457.8,0,3623,100,87,263.68
457.8,1,55,0,34,6.61
457.8,2,15,0,55,21.10
459.9,0,8295,70,86,252.00
459.9,1,55,1,34,7.38
459.9,2,15,0,55,20.80
461.9,0,7495,100,87,258.15
461.9,1,55,0,34,6.97
461.9,2,15,0,56,29.41
464.0,0,8615,100,85,271.96
464.0,1,55,0,34,6.24
464.0,2,15,0,55,21.15
466.1,0,4743,100,87,269.60
466.1,1,55,0,34,6.55
466.1,2,15,0,55,20.95
468.1,0,4903,98,87,289.37
468.1,1,55,0,34,10.44
468.1,2,15,0,56,29.69
470.2,0,4871,97,87,288.20
470.2,1,55,0,34,5.68
470.2,2,15,0,55,21.25
472.3,0,4839,97,87,286.80
472.3,1,55,0,34,5.47
472.3,2,15,0,55,21.25
474.3,0,4775,97,87,287.62
474.3,1,55,0,34,6.72
474.3,2,15,0,55,21.66
476.4,0,4807,98,87,284.82
476.4,1,55,0,34,6.28
476.4,2,15,0,56,22.91
478.5,0,4423,96,87,285.20
478.5,1,55,0,34,6.10
478.5,2,15,0,55,21.35
480.6,0,3975,100,87,272.79
480.6,1,55,0,34,6.69
480.6,2,15,0,55,21.28
482.7,0,7367,100,87,266.87
482.7,1,55,0,34,11.43
482.7,2,15,0,56,29.55
484.8,0,7527,100,87,256.85
484.8,1,55,0,34,6.80
484.8,2,15,0,55,21.23
486.8,0,7271,100,87,261.76
486.8,1,55,0,34,6.58
486.8,2,15,0,55,20.87
488.9,0,4775,97,87,274.44
488.9,1,55,0,34,8.02
488.9,2,15,0,56,22.43
491.0,0,4775,97,87,289.62
491.0,1,55,0,34,7.08
491.0,2,15,0,56,22.24
493.1,0,4711,96,87,286.53
493.1,1,55,0,34,6.61
493.1,2,15,0,55,21.26
495.2,0,4711,94,87,289.78
495.2,1,55,0,34,6.76
495.2,2,15,0,55,21.46
497.3,0,3659,82,87,264.98
497.3,1,55,0,34,11.71
497.3,2,15,0,56,29.92
499.3,0,6443,100,86,237.78
499.3,1,55,0,34,7.05
499.3,2,15,0,56,21.68
501.4,0,6347,100,87,268.47
501.4,1,55,0,34,6.86
501.4,2,15,0,55,20.96
503.5,0,6443,100,86,255.75
503.5,1,55,0,34,8.89
503.5,2,15,0,56,23.20
505.6,0,7293,100,86,255.96
505.6,1,55,0,34,7.23
505.6,2,15,0,56,22.40
507.7,0,3443,85,86,252.02
507.7,1,55,0,34,6.84
507.7,2,15,0,56,20.82
509.7,0,3923,90,85,273.00
509.7,1,55,0,34,6.78
509.7,2,15,0,56,21.56
511.8,0,3891,85,87,275.65
511.8,1,55,0,34,11.64
511.8,2,15,0,56,29.76
513.9,0,3923,91,87,286.40
513.9,1,55,0,34,6.82
513.9,2,15,0,56,21.92
516.0,0,6611,96,85,258.72
516.0,1,55,0,34,6.44
516.0,2,15,0,56,21.66
518.1,0,15909,92,87,264.14
518.1,1,55,0,34,8.47
518.1,2,15,0,56,30.12
520.2,0,14695,100,86,280.20
520.2,1,55,0,34,6.88
520.2,2,15,0,56,21.68
522.3,0,12999,75,86,230.73
522.3,1,55,0,34,6.07
522.3,2,15,0,56,20.88
524.4,0,17511,68,84,231.27
524.4,1,55,0,34,6.15
524.4,2,15,0,56,20.86
526.4,0,13735,100,86,273.39
526.4,1,55,0,34,6.17
526.4,2,15,0,56,29.61
528.5,0,13735,100,86,274.14
528.5,1,55,0,34,5.60
528.5,2,15,0,56,21.48
530.6,0,13735,100,86,280.33
530.6,1,55,0,34,5.93
530.6,2,15,0,56,21.16
532.7,0,13639,100,86,285.84
532.7,1,55,0,34,9.84
532.7,2,15,0,56,30.02
534.8,0,13479,82,85,276.22
534.8,1,55,0,34,5.88
534.8,2,15,0,56,21.42
536.8,0,21729,95,86,277.58
536.8,1,55,0,34,5.64
536.8,2,15,0,56,21.13
538.9,0,21859,93,86,274.81
538.9,1,55,0,34,7.52
538.9,2,15,1,56,21.73
541.0,0,21603,94,86,263.27
541.0,1,55,0,34,7.01
541.0,2,15,0,56,22.49
543.1,0,21795,94,86,279.19
543.1,1,55,0,34,6.53
543.1,2,15,0,56,21.49
545.2,0,21763,94,86,272.18
545.2,1,55,0,34,6.83
545.2,2,15,0,56,21.65
547.3,0,21699,87,86,271.80
547.3,1,55,0,34,11.60
547.3,2,15,0,56,30.30
549.3,0,4199,95,86,286.11
549.3,1,55,0,34,6.78
549.3,2,15,0,56,21.88
551.4,0,7335,100,86,275.39
551.4,1,55,0,34,6.75
551.4,2,15,0,56,21.28
553.5,0,7931,100,86,256.99
553.5,1,55,0,34,7.94
553.5,2,15,0,56,22.27
555.6,0,7579,100,86,253.60
555.6,1,55,0,34,6.84
555.6,2,15,0,56,22.37
557.7,0,7867,100,86,265.14
557.7,1,55,0,34,6.75
557.7,2,15,0,56,20.91
559.7,0,4987,96,86,297.27
559.7,1,55,0,34,6.85
559.7,2,15,0,56,21.11
561.8,0,5179,97,87,298.16
561.8,1,55,0,34,11.31
561.8,2,15,0,56,29.75
563.9,0,4859,99,87,295.60
563.9,1,55,0,34,6.70
563.9,2,15,0,56,21.57
566.0,0,5211,97,87,298.79
566.0,1,55,0,34,6.57
566.0,2,15,0,56,21.36
568.1,0,4891,95,87,295.41
568.1,1,55,0,34,8.58
568.1,2,15,0,56,25.40
570.2,0,5243,98,87,296.68
570.2,1,55,0,34,7.71
570.2,2,15,0,56,22.95
572.3,0,5275,98,87,294.91
572.3,1,55,0,34,6.70
572.3,2,15,0,56,21.25
574.4,0,4891,98,87,292.49
574.4,1,55,0,34,6.43
574.4,2,15,0,56,21.39
576.4,0,5147,100,87,278.10
576.4,1,55,0,34,11.15
576.4,2,15,0,56,29.68
578.5,0,7965,100,87,268.75
578.5,1,55,0,34,6.52
578.5,2,15,0,56,21.26
580.6,0,7549,100,87,256.15
580.6,1,55,0,34,6.65
580.6,2,15,0,56,21.10
582.7,0,7677,100,87,261.83
582.7,1,55,0,34,8.28
582.7,2,15,0,56,30.02
584.7,0,5533,98,87,295.80
584.7,1,55,0,34,6.47
584.7,2,15,0,56,21.58
586.8,0,5213,98,87,295.42
586.8,1,55,0,34,6.21
586.8,2,15,0,56,21.61
588.9,0,5245,98,87,294.90
588.9,1,55,1,34,6.34
588.9,2,15,0,56,21.70
591.0,0,5213,99,87,294.21
591.0,1,55,0,34,6.42
591.0,2,15,0,56,30.06
593.1,0,5181,98,87,291.58
593.1,1,55,0,34,6.20
593.1,2,15,0,56,21.32
595.1,0,5277,98,87,292.15
595.1,1,55,0,34,6.48
595.1,2,15,0,56,21.60
597.2,0,5213,98,87,290.58
597.2,1,55,0,34,10.85
597.2,2,15,0,56,29.67
599.3,0,7325,100,86,265.79
599.3,1,55,0,34,7.05
599.3,2,15,0,56,21.68
601.4,0,7965,100,87,258.02
601.4,1,55,0,34,6.86
601.4,2,15,0,56,21.02
603.5,0,7549,100,86,257.07
603.5,1,55,0,34,8.08
603.5,2,15,0,56,21.12
605.5,0,5149,98,87,290.39
605.5,1,55,0,34,7.09
605.5,2,15,0,57,22.71
607.6,0,5181,98,87,294.47
607.6,1,55,0,34,6.55
607.6,2,15,0,56,21.35
609.7,0,5021,96,87,293.46
609.7,1,55,0,34,6.71
609.7,2,15,0,56,21.44
611.8,0,5277,98,87,293.98
611.8,1,55,0,34,11.41
611.8,2,15,0,57,29.94
613.9,0,5181,98,87,290.79
613.9,1,55,0,34,6.89
613.9,2,15,0,56,21.49
616.0,0,4733,98,87,289.81
616.0,1,55,0,34,6.95
616.0,2,15,0,56,21.43
618.1,0,4447,85,87,266.53
618.1,1,55,0,34,8.58
618.1,2,15,0,57,25.51
620.1,0,21777,100,87,274.11
620.1,1,55,0,34,7.56
620.1,2,15,0,57,22.74
622.2,0,6129,100,84,233.60
622.2,1,55,0,34,6.97
622.2,2,15,0,56,20.97
624.3,0,4475,77,85,242.22
624.3,1,55,0,34,6.85
624.3,2,15,0,56,21.01
626.4,0,4061,93,86,276.53
626.4,1,55,0,34,11.60
626.4,2,15,0,57,29.96
628.5,0,13233,100,86,268.67
628.5,1,55,0,34,7.08
628.5,2,15,0,56,21.64
630.6,0,13745,100,86,256.52
630.6,1,55,0,34,6.48
630.6,2,15,0,56,20.97
632.6,0,16241,95,86,276.07
632.6,1,55,0,34,8.24
632.6,2,15,0,57,29.89
634.7,0,14897,73,86,271.54
634.7,1,55,0,34,6.78
634.7,2,15,0,57,22.05
636.8,0,22683,100,86,271.70
636.8,1,55,0,34,6.15
636.8,2,15,0,56,20.92
638.9,0,23099,100,87,280.16
638.9,1,55,0,34,6.19
638.9,2,15,0,56,21.12
641.0,0,23099,90,86,285.07
641.0,1,55,0,34,6.96
641.0,2,15,0,57,30.17
643.0,0,23131,99,87,284.46
643.0,1,55,0,34,6.21
643.0,2,15,0,56,21.44
645.1,0,23131,99,86,283.51
645.1,1,55,0,34,6.41
645.1,2,15,0,56,20.93
647.2,0,23163,100,86,282.15
647.2,1,55,0,34,8.35
647.2,2,15,0,57,29.55
649.3,0,23163,100,86,284.08
649.3,1,55,0,34,6.90
649.3,2,15,0,56,21.28
651.3,0,23163,100,87,290.52
651.3,1,55,0,34,6.23
651.3,2,15,0,56,20.76
653.4,0,23099,88,87,279.18
653.4,1,55,0,34,6.36
653.4,2,15,0,56,20.91
655.5,0,22875,100,87,280.12
655.5,1,55,0,34,6.38
655.5,2,15,0,57,29.86
657.6,0,22619,100,87,286.41
657.6,1,55,0,34,6.04
657.6,2,15,0,56,20.89
659.7,0,22619,100,87,284.33
659.7,1,55,0,34,6.91
659.7,2,15,0,56,20.99
661.7,0,22939,98,87,281.65
661.7,1,55,0,34,11.44
661.7,2,15,0,57,29.93
663.8,0,22939,99,87,284.48
663.8,1,55,0,34,6.75
663.8,2,15,0,56,20.81
665.9,0,22971,99,87,286.80
665.9,1,55,0,34,6.80
665.9,2,15,0,56,20.84
668.0,0,32293,96,87,284.60
668.0,1,55,0,34,8.34
668.0,2,15,1,56,21.26
670.1,0,32325,98,87,284.39
670.1,1,55,0,34,7.57
670.1,2,15,0,57,22.44
672.2,0,32357,100,87,283.89
672.2,1,55,0,34,6.84
672.2,2,15,0,56,20.83
674.3,0,32389,99,86,286.83
674.3,1,55,0,34,7.14
674.3,2,15,0,56,21.07
676.4,0,32325,100,87,284.18
676.4,1,55,0,34,11.22
676.4,2,15,0,57,30.03
678.5,0,31909,100,87,277.87
678.5,1,55,0,34,7.13
678.5,2,15,0,57,21.17
680.6,0,31813,94,87,282.30
680.6,1,55,0,34,6.79
680.6,2,15,0,56,20.92
682.7,0,32229,96,86,286.39
682.7,1,55,0,34,8.37
682.7,2,15,0,57,24.88
684.7,0,32261,100,87,279.02
684.7,1,55,0,34,7.09
684.7,2,15,0,57,22.05
686.8,0,32293,97,87,281.79
686.8,1,55,0,34,6.70
686.8,2,15,0,57,20.94
689.0,0,32293,100,87,284.37
689.0,1,55,0,34,6.98
689.0,2,15,0,57,21.04
691.0,0,32325,100,87,280.92
691.0,1,55,0,34,11.86
691.0,2,15,0,57,30.28
693.1,0,32293,100,87,287.22
693.1,1,55,0,34,7.29
693.1,2,15,0,57,20.87
695.2,0,32261,98,86,286.87
695.2,1,55,0,34,6.71
695.2,2,15,0,57,21.02
697.3,0,32357,99,87,282.29
697.3,1,55,0,34,11.29
697.3,2,15,0,57,29.49
699.4,0,32165,99,87,285.23
699.4,1,55,0,34,7.15
699.4,2,15,0,57,22.43
701.5,0,32133,93,87,284.43
701.5,1,55,0,34,7.00
701.5,2,15,0,57,20.79
703.6,0,31845,99,87,282.94
703.6,1,55,0,34,6.83
703.6,2,15,0,57,22.44
705.7,0,32485,96,87,277.58
705.7,1,55,0,34,12.01
705.7,2,15,0,57,22.05
707.8,0,5223,100,85,270.99
707.8,1,55,0,34,7.04
707.8,2,15,0,57,20.77
709.8,0,26437,86,87,271.90
709.8,1,55,0,34,6.72
709.8,2,15,0,57,20.84
711.9,0,25223,100,86,264.33
711.9,1,55,0,34,11.48
711.9,2,15,0,57,29.93
714.0,0,24519,100,86,235.52
714.0,1,55,0,34,7.35
714.0,2,15,0,57,21.38
716.1,0,22663,97,86,245.15
716.1,1,55,0,34,7.02
716.1,2,15,0,57,20.77
718.2,0,22727,97,86,274.30
718.2,1,55,0,34,7.54
718.2,2,15,0,57,23.51
720.3,0,4293,94,86,286.12
720.3,1,55,0,34,7.44
720.3,2,15,0,57,22.63
722.4,0,4739,98,87,298.75
722.4,1,55,0,34,6.78
722.4,2,15,0,57,21.23
724.5,0,5315,99,87,297.79
724.5,1,55,0,34,7.02
724.5,2,15,0,57,21.29
726.6,0,5443,98,87,298.73
726.6,1,55,0,34,11.37
726.6,2,15,0,57,29.67
728.7,0,5347,98,87,297.94
728.7,1,55,0,34,7.17
728.7,2,15,0,57,21.42
730.8,0,4835,98,87,297.45
730.8,1,55,0,34,7.17
730.8,2,15,0,57,21.15
732.8,0,8003,100,86,244.65
732.8,1,55,0,34,9.21
732.8,2,15,0,57,24.10
734.9,0,14445,100,86,264.15
734.9,1,55,0,34,7.26
734.9,2,15,0,57,21.70
737.0,0,26743,100,87,283.22
737.0,1,55,0,34,7.05
737.0,2,15,0,57,20.60
739.1,0,24151,100,86,283.45
739.1,1,55,0,34,7.12
739.1,2,15,0,57,20.68
741.2,0,22771,98,87,290.54
741.2,1,55,0,34,11.96
741.2,2,15,0,57,30.29
743.3,0,22483,99,87,296.32
743.3,1,55,0,34,7.41
743.3,2,15,0,57,21.62
745.4,0,22739,98,87,295.89
745.4,1,55,0,34,7.01
745.4,2,15,0,57,21.11
747.4,0,22739,98,87,296.52
747.4,1,55,0,34,11.68
747.4,2,15,0,57,24.81
749.5,0,22643,99,87,292.18
749.5,1,55,0,34,7.04
749.5,2,15,0,57,22.50
751.6,0,22803,98,87,295.27
751.6,1,55,0,34,6.77
751.6,2,15,0,57,21.26
753.7,0,25587,100,87,294.28
753.7,1,55,0,34,6.88
753.7,2,15,1,57,21.49
755.8,0,25107,100,87,257.45
755.8,1,55,0,34,11.73
755.8,2,15,0,57,22.01
757.9,0,25235,90,85,264.93
757.9,1,55,0,34,6.95
757.9,2,15,0,57,20.98
760.0,0,22675,98,87,291.01
760.0,1,55,0,34,6.99
760.0,2,15,0,57,21.11
762.0,0,3885,86,86,257.31
762.0,1,55,0,34,11.92
762.0,2,15,0,57,25.67
764.1,0,7433,60,86,242.65
764.1,1,55,0,34,7.14
764.1,2,15,0,57,21.29
766.2,0,6551,6,85,240.99
766.2,1,55,0,34,6.46
766.2,2,15,0,57,20.85
768.2,0,7767,100,86,263.42
768.2,1,55,0,34,6.28
768.2,2,15,0,57,22.18
770.3,0,6621,98,86,294.67
770.3,1,55,0,34,6.26
770.3,2,15,0,57,22.57
772.4,0,5661,98,86,292.33
772.4,1,55,0,34,5.88
772.4,2,15,0,57,21.31
774.4,0,6365,100,86,275.08
774.4,1,55,0,34,6.14
774.4,2,15,0,57,21.32
776.5,0,24657,100,86,287.61
776.5,1,55,0,34,10.40
776.5,2,15,0,57,30.14
778.6,0,24689,100,86,286.15
778.6,1,55,0,34,6.65
778.6,2,15,0,57,20.90
780.7,0,24879,100,86,287.53
780.7,1,55,0,34,7.28
780.7,2,15,0,57,20.83
782.8,0,24911,100,86,286.57
782.8,1,55,0,34,7.60
782.8,2,15,0,57,23.19
784.9,0,24911,100,86,287.97
784.9,1,55,0,34,7.10
784.9,2,15,0,57,22.72
787.0,0,24943,100,86,285.05
787.0,1,55,0,34,6.63
787.0,2,15,0,57,20.83
789.0,0,34233,99,86,284.65
789.0,1,55,0,34,6.88
789.0,2,15,0,57,20.86
791.1,0,34265,100,86,284.85
791.1,1,55,0,34,11.83
791.1,2,15,0,57,29.66
793.2,0,34265,100,87,287.34
793.2,1,55,0,34,7.09
793.2,2,15,0,57,21.15
795.3,0,34297,100,86,287.00
795.3,1,55,0,34,6.93
795.3,2,15,0,57,20.77
797.4,0,34201,100,87,284.61
797.4,1,55,0,34,9.04
797.4,2,15,1,57,24.01
799.5,0,34137,99,86,287.22
799.5,1,55,0,34,7.13
799.5,2,15,0,57,22.16
801.6,0,34169,100,87,286.03
801.6,1,55,0,34,6.91
801.6,2,15,0,57,20.75
803.7,0,33913,100,87,289.17
803.7,1,55,0,34,7.47
803.7,2,15,0,57,20.74
805.8,0,33785,100,87,287.17
805.8,1,55,0,34,11.91
805.8,2,15,0,57,30.20
807.9,0,33785,100,87,287.02
807.9,1,55,0,34,6.81
807.9,2,15,0,57,20.93
810.0,0,33785,100,87,284.40
810.0,1,55,0,34,7.30
810.0,2,15,0,57,20.89
812.1,0,33785,100,87,285.68
812.1,1,55,0,34,11.86
812.1,2,15,0,57,25.14
814.2,0,33785,100,87,282.01
814.2,1,55,0,34,7.28
814.2,2,15,0,57,21.54
816.3,0,43075,100,87,285.15
816.3,1,55,0,34,6.93
816.3,2,15,0,57,20.77
818.4,0,43075,100,87,286.44
818.4,1,55,0,34,8.26
818.4,2,15,0,57,21.50
820.5,0,43075,100,87,282.51
820.5,1,55,0,34,7.45
820.5,2,15,0,58,22.43
822.6,0,43075,100,87,284.18
822.6,1,55,0,34,6.83
822.6,2,15,0,57,20.83
824.6,0,43075,100,87,288.65
824.6,1,55,0,34,7.02
824.6,2,15,0,57,20.92
826.7,0,43075,100,87,285.80
826.7,1,55,0,34,11.62
826.7,2,15,0,58,30.08
828.8,0,43075,100,87,285.80
828.8,1,55,0,34,7.17
828.8,2,15,0,57,20.84
830.9,0,43043,100,87,287.16
830.9,1,55,0,34,6.89
830.9,2,15,0,57,20.69
833.0,0,43107,96,87,286.93
833.0,1,55,0,34,8.60
833.0,2,15,0,57,22.68
835.1,0,43555,100,87,281.12
835.1,1,55,0,34,7.07
835.1,2,15,0,58,22.83
837.2,0,45955,100,86,256.06
837.2,1,55,0,34,6.88
837.2,2,15,0,57,20.92
839.3,0,45635,100,87,283.80
839.3,1,55,0,34,6.99
839.3,2,15,0,57,21.16
841.4,0,43241,100,85,272.97
841.4,1,55,0,34,11.36
841.4,2,15,0,58,29.99
843.4,0,33463,100,86,264.96
843.4,1,55,0,34,6.86
843.4,2,15,0,57,21.24
845.5,0,31031,97,87,283.60
845.5,1,55,0,34,6.85
845.5,2,15,0,57,21.20
847.6,0,31063,94,86,280.71
847.6,1,55,0,34,8.89
847.6,2,15,0,58,30.14
849.7,0,30967,99,86,289.63
849.7,1,55,0,34,7.73
849.7,2,15,0,58,22.91
851.8,0,31095,97,86,288.03
851.8,1,55,0,34,7.18
851.8,2,15,0,57,21.66
853.8,0,31095,97,87,284.76
853.8,1,55,0,34,7.21
853.8,2,15,0,57,21.66
855.9,0,4911,97,86,262.46
855.9,1,55,0,34,7.34
855.9,2,15,0,58,30.36
858.0,0,7407,100,86,262.89
858.0,1,55,0,34,7.05
858.0,2,15,0,57,21.94
860.1,0,5817,100,86,252.91
860.1,1,55,0,34,7.34
860.1,2,15,0,57,21.12
862.2,0,5913,94,86,281.43
862.2,1,55,0,34,9.34
862.2,2,15,0,58,29.88
864.3,0,5209,0,82,161.41
864.3,1,55,0,34,7.85
864.3,2,15,0,57,21.40
866.4,0,8793,90,85,183.16
866.4,1,55,0,34,6.88
866.4,2,15,0,57,21.00
868.5,0,9721,92,82,246.74
868.5,1,55,0,34,8.01
868.5,2,15,0,57,21.10
870.5,0,6073,91,85,268.28
870.5,1,55,0,34,7.47
870.5,2,15,0,58,30.20
872.6,0,7833,100,85,216.95
872.6,1,55,0,34,6.72
872.6,2,15,0,57,21.11
874.7,0,5849,92,84,269.20
874.7,1,55,0,34,6.66
874.7,2,15,0,57,21.11
876.7,0,8729,100,84,195.96
876.7,1,55,0,34,10.03
876.7,2,15,0,58,30.49
878.8,0,24141,96,84,274.15
878.8,1,55,0,34,5.79
878.8,2,15,0,57,21.17
880.9,0,33047,93,85,285.38
880.9,1,55,0,34,5.84
880.9,2,15,0,57,20.81
882.9,0,6421,100,84,278.33
882.9,1,55,0,34,7.19
882.9,2,15,1,58,21.27
885.0,0,7811,44,81,216.29
885.0,1,55,0,34,6.58
885.0,2,15,0,58,22.96
887.1,0,5409,92,84,255.26
887.1,1,55,0,34,5.98
887.1,2,15,0,57,21.07
889.2,0,5505,98,84,272.15
889.2,1,55,0,34,6.15
889.2,2,15,0,57,21.61
891.3,0,5121,86,84,254.50
891.3,1,55,0,34,10.46
891.3,2,15,0,58,30.00
893.3,0,7937,91,84,271.84
893.3,1,55,0,34,6.24
893.3,2,15,0,57,21.71
895.4,0,6433,93,84,264.85
895.4,1,55,0,34,6.12
895.4,2,15,0,57,20.87
897.5,0,5537,98,84,279.83
897.5,1,55,1,34,7.83
897.5,2,15,0,58,22.73
899.6,0,5665,96,84,283.38
899.6,1,55,0,34,7.40
899.6,2,15,0,58,22.56
901.7,0,5377,96,85,281.54
901.7,1,55,0,34,7.19
901.7,2,15,0,57,21.45
903.8,0,5569,96,85,277.11
903.8,1,55,0,34,7.19
903.8,2,15,0,57,21.63
905.9,0,5697,98,85,285.50
905.9,1,55,0,34,11.54
905.9,2,15,0,58,30.45
908.0,0,5793,89,85,275.80
908.0,1,55,0,34,7.27
908.0,2,15,0,57,22.02
910.0,0,7347,97,85,266.85
910.0,1,55,0,34,6.96
910.0,2,15,0,57,21.49
912.1,0,7433,96,85,253.58
912.1,1,55,0,34,9.11
912.1,2,15,0,58,29.95
914.2,0,5505,95,85,273.56
914.2,1,55,0,34,7.88
914.2,2,15,0,58,22.74
916.3,0,5601,94,85,290.02
916.3,1,55,0,34,7.00
916.3,2,15,0,57,21.69
918.4,0,5121,94,85,290.00
918.4,1,55,0,34,7.28
918.4,2,15,0,57,21.67
920.5,0,5537,95,86,290.83
920.5,1,55,0,34,7.39
920.5,2,15,0,58,29.92
922.6,0,5505,94,86,288.81
922.6,1,55,0,34,6.98
922.6,2,15,0,57,21.46
924.7,0,8449,17,85,263.34
924.7,1,55,0,34,7.07
924.7,2,15,0,57,21.36
926.8,0,5535,96,85,275.44
926.8,1,55,0,34,9.34
926.8,2,15,0,58,30.41
928.9,0,5663,97,86,288.56
928.9,1,55,0,34,7.15
928.9,2,15,0,57,21.58
931.0,0,5663,96,86,287.59
931.0,1,55,0,34,6.79
931.0,2,15,0,57,21.49
933.1,0,5055,95,86,287.93
933.1,1,55,0,34,7.76
933.1,2,15,0,57,21.52
935.2,0,3911,98,87,291.48
935.2,1,55,0,34,7.44
935.2,2,15,0,58,23.10
937.3,0,26093,28,86,264.43
937.3,1,55,0,34,6.80
937.3,2,15,0,57,21.33
939.3,0,23555,100,86,266.59
939.3,1,55,0,34,6.85
939.3,2,15,0,57,21.09
941.4,0,23715,96,87,287.21
941.4,1,55,0,34,10.04
941.4,2,15,0,58,30.07
943.5,0,5275,98,87,296.24
943.5,1,55,0,34,5.98
943.5,2,15,0,57,21.71
945.5,0,7867,100,87,270.01
945.5,1,55,0,34,5.94
945.5,2,15,0,57,21.37
947.6,0,5371,98,87,287.08
947.6,1,55,0,34,7.24
947.6,2,15,0,57,21.49
949.7,0,5499,98,87,296.67
949.7,1,55,0,34,6.16
949.7,2,15,0,58,22.40
951.7,0,4891,98,87,296.44
951.7,1,55,0,34,5.91
951.7,2,15,0,57,21.44
953.8,0,7991,97,85,258.45
953.8,1,55,0,34,6.10
953.8,2,15,0,57,21.41
955.9,0,6467,98,87,297.27
955.9,1,55,0,34,10.31
955.9,2,15,0,58,30.27
957.9,0,6211,98,87,292.52
957.9,1,55,0,34,6.38
957.9,2,15,0,57,21.92
960.0,0,5791,95,86,267.86
960.0,1,55,0,34,7.01
960.0,2,15,0,57,21.57
962.1,0,6523,100,87,259.85
962.1,1,55,0,34,8.59
962.1,2,15,0,58,22.28
964.2,0,6715,98,87,296.24
964.2,1,55,0,34,7.64
964.2,2,15,0,58,22.86
966.3,0,6331,97,87,293.40
966.3,1,55,0,34,6.96
966.3,2,15,0,57,21.49
968.4,0,6747,100,87,283.27
968.4,1,55,0,34,7.16
968.4,2,15,0,57,21.62
970.4,0,6587,99,87,263.84
970.4,1,55,0,34,11.74
970.4,2,15,0,58,30.50
972.6,0,6715,98,87,292.96
972.6,1,55,0,34,7.23
972.6,2,15,0,57,21.69
974.6,0,6171,98,87,291.58
974.6,1,55,0,34,7.05
974.6,2,15,0,57,21.57
976.7,0,9115,99,87,270.55
976.7,1,55,0,34,9.22
976.7,2,15,0,58,25.83
978.8,0,6619,98,87,277.19
978.8,1,55,0,34,8.13
978.8,2,15,0,58,22.91
980.9,0,6619,98,87,291.82
980.9,1,55,0,34,7.28
980.9,2,15,0,57,21.37
983.0,0,6235,98,88,291.63
983.0,1,55,0,34,7.50
983.0,2,15,0,57,21.39
985.1,0,9115,100,87,262.65
985.1,1,55,0,34,7.55
985.1,2,15,0,58,29.81
987.2,0,6619,99,87,286.08
987.2,1,55,0,34,6.88
987.2,2,15,0,57,21.13
989.2,0,6683,98,87,289.82
989.2,1,55,0,34,7.07
989.2,2,15,0,57,21.46
991.3,0,6331,98,88,287.14
991.3,1,55,0,34,11.52
991.3,2,15,0,58,30.14
993.4,0,9083,100,85,269.20
993.4,1,55,0,34,7.47
993.4,2,15,0,57,21.67
995.5,0,7899,100,87,246.39
995.5,1,55,0,34,6.99
995.5,2,15,0,57,21.05
997.6,0,6651,98,87,294.19
997.6,1,55,0,34,8.27
997.6,2,15,0,57,21.21
999.7,0,6683,97,87,293.04
999.7,1,55,0,34,7.45
999.7,2,15,0,58,22.29
1001.7,0,6395,98,87,290.57
1001.7,1,55,0,34,7.16
1001.7,2,15,0,57,21.25
1003.8,0,10523,100,87,259.90
1003.8,1,55,0,34,6.92
1003.8,2,15,0,57,21.22
1005.9,0,6587,96,87,276.72
1005.9,1,55,0,34,11.00
1005.9,2,15,0,58,30.46
1008.0,0,6555,99,88,291.04
1008.0,1,55,0,34,6.60
1008.0,2,15,0,57,21.67
1010.1,0,6171,98,87,291.50
1010.1,1,55,0,34,6.35
1010.1,2,15,0,57,21.34
1012.1,0,8539,100,87,263.65
1012.1,1,55,0,34,7.86
1012.1,2,15,0,57,21.83
1014.2,0,6587,98,87,271.16
1014.2,1,55,0,34,6.97
1014.2,2,15,0,58,22.69
1016.3,0,6747,98,87,292.03
1016.3,1,55,0,34,6.33
1016.3,2,15,0,58,21.48
1018.4,0,6043,98,88,288.90
1018.4,1,55,0,34,6.71
1018.4,2,15,0,57,21.62
1020.5,0,7195,100,87,250.87
1020.5,1,55,0,34,11.92
1020.5,2,15,0,58,30.54
1022.5,0,4151,83,87,266.39
1022.5,1,55,0,34,6.99
1022.5,2,15,0,58,21.46
1024.6,0,4631,84,87,265.16
1024.6,1,55,0,34,6.86
1024.6,2,15,0,58,21.25
1026.7,0,7913,99,85,154.14
1026.7,1,55,1,34,8.91
1026.7,2,15,0,58,25.19
1028.8,0,5353,98,86,266.72
1028.8,1,55,0,34,7.82
1028.8,2,15,0,58,23.07
1030.9,0,5545,98,87,298.10
1030.9,1,55,0,34,6.81
1030.9,2,15,0,58,21.49
1033.0,0,5227,89,87,284.79
1033.0,1,55,0,34,6.97
1033.0,2,15,0,58,21.68
1035.0,0,5483,99,87,298.11
1035.0,1,55,0,34,11.36
1035.0,2,15,0,58,29.94
1037.1,0,9259,100,86,253.28
1037.1,1,55,0,34,7.07
1037.1,2,15,0,58,21.75
1039.2,0,8043,100,86,272.27
1039.2,1,55,0,34,6.93
1039.2,2,15,0,58,21.17
1041.3,0,5547,99,87,299.39
1041.3,1,55,0,34,9.13
1041.3,2,15,0,58,30.02
1043.4,0,5611,94,87,296.49
1043.4,1,55,0,34,7.44
1043.4,2,15,0,58,22.52
1045.5,0,5483,98,87,292.18
1045.5,1,55,0,34,6.76
1045.5,2,15,0,58,21.37
1047.6,0,5547,98,87,294.39
1047.6,1,55,0,34,6.56
1047.6,2,15,0,58,21.63
1049.7,0,7883,100,86,250.57
1049.7,1,55,0,34,6.37
1049.7,2,15,0,58,23.23
1051.7,0,9451,84,87,259.08
1051.7,1,55,0,34,6.38
1051.7,2,15,0,58,21.13
1053.8,0,5451,100,86,262.51
1053.8,1,55,0,34,6.39
1053.8,2,15,0,58,21.11
1055.9,0,5611,98,87,299.30
1055.9,1,55,0,34,8.84
1055.9,2,15,0,58,29.90
1058.0,0,5483,99,87,296.17
1058.0,1,55,0,34,7.13
1058.0,2,15,0,58,21.91
1060.0,0,5515,98,87,295.62
1060.0,1,55,0,34,6.36
1060.0,2,15,0,58,21.57
1062.1,0,5291,99,87,294.10
1062.1,1,55,0,34,7.39
1062.1,2,15,0,58,21.62
1064.2,0,8491,100,87,260.35
1064.2,1,55,0,34,6.85
1064.2,2,15,0,58,22.37
1066.3,0,6075,96,87,290.32
1066.3,1,55,0,34,6.34
1066.3,2,15,0,58,21.13
1068.3,0,6107,99,87,293.15
1068.3,1,55,0,34,6.45
1068.3,2,15,0,58,21.40
1070.4,0,5659,98,87,292.10
1070.4,1,55,0,34,10.23
1070.4,2,15,0,58,30.08
1072.5,0,5659,97,87,291.84
1072.5,1,55,0,34,5.78
1072.5,2,15,0,58,21.47
1074.5,0,18309,100,87,264.48
1074.5,1,55,0,34,5.88
1074.5,2,15,0,58,21.28
1076.6,0,33849,100,87,284.31
1076.6,1,55,0,34,7.30
1076.6,2,15,0,58,21.25
1078.7,0,33849,100,87,287.55
1078.7,1,55,0,34,7.53
1078.7,2,15,0,58,22.54
1080.8,0,33881,100,87,284.29
1080.8,1,55,0,34,7.00
1080.8,2,15,0,58,20.72
1082.9,0,33881,100,87,288.92
1082.9,1,55,0,34,7.00
1082.9,2,15,0,58,20.89
1085.0,0,33881,100,87,282.10
1085.0,1,55,0,34,11.65
1085.0,2,15,0,58,30.01
1087.1,0,33913,100,87,285.76
1087.1,1,55,0,34,7.04
1087.1,2,15,0,58,21.04
1089.1,0,33945,100,87,285.94
1089.1,1,55,0,34,6.85
1089.1,2,15,0,58,20.72
1091.2,0,33913,100,87,282.06
1091.2,1,55,0,34,8.57
1091.2,2,15,0,58,24.84
1093.3,0,34009,100,87,281.42
1093.3,1,55,0,34,7.16
1093.3,2,15,0,58,21.95
1095.4,0,33977,100,87,283.45
1095.4,1,55,0,34,6.81
1095.4,2,15,0,58,20.75
1097.5,0,34009,96,87,286.16
1097.5,1,55,0,34,6.93
1097.5,2,15,0,58,20.92
1099.6,0,33945,100,87,284.85
1099.6,1,55,0,34,11.56
1099.6,2,15,0,58,30.41
1101.6,0,33977,100,87,286.06
1101.6,1,55,0,34,6.89
1101.6,2,15,0,58,21.31
1103.7,0,21991,100,87,280.34
1103.7,1,55,0,34,6.71
1103.7,2,15,0,58,20.80
1105.8,0,21417,96,87,288.99
1105.8,1,55,0,34,8.85
1105.8,2,15,0,58,29.67
1107.9,0,24457,94,86,259.62
1107.9,1,55,0,34,7.92
1107.9,2,15,0,58,22.56
1109.9,0,21995,99,87,295.22
1109.9,1,55,0,34,7.06
1109.9,2,15,0,58,21.09
1112.1,0,21963,98,87,290.91
1112.1,1,55,1,34,7.55
1112.1,2,15,0,58,21.34
1114.2,0,23595,99,85,282.39
1114.2,1,55,0,34,7.27
1114.2,2,15,0,58,30.13
1116.3,0,21995,100,87,280.20
1116.3,1,55,0,34,6.79
1116.3,2,15,0,58,21.07
1118.4,0,22027,98,87,293.55
1118.4,1,55,0,34,7.03
1118.4,2,15,0,58,21.44
1120.4,0,21707,97,87,291.49
1120.4,1,55,0,34,11.52
1120.4,2,15,0,58,30.36
1122.5,0,24459,100,87,268.85
1122.5,1,55,0,34,6.71
1122.5,2,15,0,58,21.88
1124.6,0,21771,98,87,291.35
1124.6,1,55,0,34,6.61
1124.6,2,15,0,58,21.29
1126.7,0,21579,99,87,292.09
1126.7,1,55,0,34,7.93
1126.7,2,15,0,58,23.73
1128.8,0,30613,100,87,272.27
1128.8,1,55,0,34,7.44
1128.8,2,15,0,58,22.47
1130.9,0,39903,99,87,285.85
1130.9,1,55,0,34,6.82
1130.9,2,15,0,58,20.69
1132.9,0,39903,100,87,285.07
1132.9,1,55,0,34,6.92
1132.9,2,15,0,58,20.81
1135.0,0,39903,100,87,288.39
1135.0,1,55,0,34,11.27
1135.0,2,15,0,58,30.03
1137.1,0,39903,100,87,287.71
1137.1,1,55,0,34,6.37
1137.1,2,15,0,58,20.89
1139.2,0,39875,100,87,285.56
1139.2,1,55,0,34,6.53
1139.2,2,15,0,58,20.67
1141.3,0,39875,100,87,285.42
1141.3,1,55,0,34,8.38
1141.3,2,15,1,58,24.11
1143.4,0,39875,100,87,284.77
1143.4,1,55,0,34,7.27
1143.4,2,15,0,58,21.75
1145.5,0,39875,100,87,285.30
1145.5,1,55,0,34,6.64
1145.5,2,15,0,58,20.75
1147.6,0,39875,100,87,285.62
1147.6,1,55,0,34,6.76
1147.6,2,15,0,58,20.76
1149.7,0,39875,100,87,285.25
1149.7,1,55,0,34,11.66
1149.7,2,15,0,58,30.51
1151.8,0,39875,100,87,285.17
1151.8,1,55,0,34,7.26
1151.8,2,15,0,58,21.17
1153.9,0,39875,100,87,286.51
1153.9,1,55,0,34,6.86
1153.9,2,15,0,58,20.78
1156.0,0,39875,100,87,286.54
1156.0,1,55,0,34,9.00
1156.0,2,15,0,58,24.67
1158.1,0,39875,100,87,287.68
1158.1,1,55,0,34,7.05
1158.1,2,15,0,58,22.12
1160.1,0,39875,100,87,283.55
1160.1,1,55,0,34,6.83
1160.1,2,15,0,58,20.58
1162.2,0,39875,98,87,286.55
1162.2,1,55,0,34,6.88
1162.2,2,15,0,58,20.93
1164.3,0,39875,100,87,284.61
1164.3,1,55,0,34,11.62
1164.3,2,15,0,58,21.77
1166.4,0,39717,100,87,284.93
1166.4,1,55,0,34,6.91
1166.4,2,15,0,58,20.68
1168.5,0,39719,100,87,288.06
1168.5,1,55,0,34,6.80
1168.5,2,15,0,58,20.88
1170.6,0,39719,98,87,287.58
1170.6,1,55,0,34,11.55
1170.6,2,15,0,58,25.35
1172.7,0,39719,99,87,286.85
1172.7,1,55,0,34,7.12
1172.7,2,15,0,58,21.25
1174.8,0,39719,100,87,285.22
1174.8,1,55,0,34,6.95
1174.8,2,15,0,58,20.75
1176.9,0,39719,100,87,286.07
1176.9,1,55,0,34,7.50
1176.9,2,15,0,58,22.68
1178.9,0,39719,100,87,286.52
1178.9,1,55,0,34,7.47
1178.9,2,15,0,58,22.40
1181.1,0,39719,98,87,285.68
1181.1,1,55,0,34,6.94
1181.1,2,15,0,58,20.71
1183.1,0,39719,100,87,283.58
1183.1,1,55,0,34,7.13
1183.1,2,15,0,58,20.83
1185.2,0,39719,100,87,285.87
1185.2,1,55,0,34,11.38
1185.2,2,15,0,58,30.19
1187.3,0,39719,100,87,282.94
1187.3,1,55,0,34,7.19
1187.3,2,15,0,58,21.05
1189.4,0,39719,100,87,284.20
1189.4,1,55,0,34,6.91
1189.4,2,15,0,58,20.80
1191.5,0,39719,100,87,284.67
1191.5,1,55,0,34,7.97
1191.5,2,15,0,58,23.70
1193.6,0,39719,99,87,284.48
1193.6,1,55,0,34,7.24
1193.6,2,15,0,58,22.95
1195.7,0,39719,100,87,286.44
1195.7,1,55,0,34,6.58
1195.7,2,15,0,58,20.76
1197.8,0,39719,100,87,283.99
1197.8,1,55,0,34,7.15
1197.8,2,15,0,58,20.73
1199.9,0,39719,100,87,287.26
1199.9,1,55,0,34,11.62
1199.9,2,15,0,58,29.89
1202.0,0,39719,100,87,284.42
1202.0,1,55,0,34,6.92
1202.0,2,15,0,58,21.25
1204.0,0,39719,100,87,283.62
1204.0,1,55,0,34,6.82
1204.0,2,15,0,58,20.72
1206.1,0,39719,100,87,283.84
1206.1,1,55,0,34,11.34
1206.1,2,15,0,58,24.45
1208.2,0,39719,100,87,285.75
1208.2,1,55,0,34,7.54
1208.2,2,15,0,58,20.93
1210.3,0,39719,100,87,289.88
1210.3,1,55,0,34,6.94
1210.3,2,15,0,58,20.62
1212.4,0,39719,100,87,287.07
1212.4,1,55,0,34,6.97
1212.4,2,15,0,58,20.57
1214.5,0,39719,100,87,286.75
1214.5,1,55,0,34,11.48
1214.5,2,15,0,58,30.16
1216.6,0,39719,100,87,290.12
1216.6,1,55,0,34,6.82
1216.6,2,15,0,58,20.73
1218.6,0,39719,100,87,284.98
1218.6,1,55,0,34,6.95
1218.6,2,15,0,58,20.70
1220.7,0,39719,100,87,287.09
1220.7,1,55,0,34,11.97
1220.7,2,15,0,58,30.49
1222.8,0,39719,100,87,285.88
1222.8,1,55,0,34,6.88
1222.8,2,15,0,58,21.16
1224.9,0,39719,100,87,283.99
1224.9,1,55,0,34,6.61
1224.9,2,15,0,58,20.69
1227.0,0,39719,100,87,288.46
1227.0,1,55,0,34,6.74
1227.0,2,15,0,58,21.12
1229.1,0,39719,100,87,287.89
1229.1,1,55,0,34,7.01
1229.1,2,15,0,58,22.18
1231.2,0,39719,100,87,287.49
1231.2,1,55,0,34,6.73
1231.2,2,15,0,58,20.72
1233.3,0,39719,100,87,285.24
1233.3,1,55,0,34,6.90
1233.3,2,15,0,58,20.94
1235.4,0,39719,100,87,287.74
1235.4,1,55,0,34,11.86
1235.4,2,15,0,58,30.25
1237.5,0,39719,100,87,286.23
1237.5,1,55,0,34,6.98
1237.5,2,15,0,58,20.75
1239.5,0,39719,100,87,281.79
1239.5,1,55,0,34,6.94
1239.5,2,15,0,58,20.56
1241.6,0,39719,99,87,289.44
1241.6,1,55,0,34,8.84
1241.6,2,15,0,58,22.43
1243.7,0,39719,100,87,284.93
1243.7,1,55,0,34,7.20
1243.7,2,15,0,58,22.67
1245.8,0,39719,100,87,284.60
1245.8,1,55,0,34,6.64
1245.8,2,15,0,58,20.61
1247.9,0,39719,100,87,288.60
1247.9,1,55,0,34,7.08
1247.9,2,15,0,58,20.73
1250.0,0,39719,100,87,286.79
1250.0,1,55,0,34,12.04
1250.0,2,15,0,58,29.77
1252.1,0,39719,100,87,287.68
1252.1,1,55,0,34,7.06
1252.1,2,15,0,58,21.13
1254.1,0,39719,100,87,286.34
1254.1,1,55,0,34,6.86
1254.1,2,15,0,58,20.70
1256.2,0,39719,100,87,289.32
1256.2,1,55,0,34,8.95
1256.2,2,15,0,58,30.02
1258.3,0,39719,100,87,288.32
1258.3,1,55,0,34,7.50
1258.3,2,15,0,58,22.14
1260.4,0,39719,100,87,286.55
1260.4,1,55,0,34,6.86
1260.4,2,15,0,58,20.64
1262.5,0,39719,98,87,292.21
1262.5,1,55,0,34,6.91
1262.5,2,15,0,58,20.82
1264.6,0,39719,100,87,289.78
1264.6,1,55,0,34,7.21
1264.6,2,15,0,58,30.42
1266.7,0,39559,100,87,290.84
1266.7,1,55,0,34,6.78
1266.7,2,15,0,58,20.85
1268.8,0,39559,100,87,284.82
1268.8,1,55,0,34,6.93
1268.8,2,15,0,58,20.87
1270.9,0,39559,100,87,285.89
1270.9,1,55,0,34,11.67
1270.9,2,15,0,58,30.39
1273.0,0,39559,100,87,288.53
1273.0,1,55,0,34,6.87
1273.0,2,15,0,58,21.10
1275.0,0,39559,100,87,285.22
1275.0,1,55,0,34,6.72
1275.0,2,15,0,58,20.71
1277.1,0,39559,100,87,287.32
1277.1,1,55,0,34,7.91
1277.1,2,15,0,58,20.61
1279.2,0,39559,100,87,286.18
1279.2,1,55,0,34,7.28
1279.2,2,15,0,58,22.02
1281.3,0,39559,100,87,287.51
1281.3,1,55,0,34,6.63
1281.3,2,15,0,58,20.75
1283.4,0,39559,100,87,289.57
1283.4,1,55,0,34,6.88
1283.4,2,15,0,58,20.79
1285.5,0,39559,99,87,288.36
1285.5,1,55,0,34,11.55
1285.5,2,15,0,59,30.10
1287.6,0,39559,100,87,286.36
1287.6,1,55,0,34,6.89
1287.6,2,15,0,58,20.82
1289.7,0,39559,100,87,287.57
1289.7,1,55,0,34,6.77
1289.7,2,15,0,58,20.66
1291.7,0,39559,100,87,286.22
1291.7,1,55,0,34,8.52
1291.7,2,15,0,58,24.26
1293.8,0,39559,100,87,289.04
1293.8,1,55,0,34,7.37
1293.8,2,15,0,59,22.61
1295.9,0,39559,100,87,286.01
1295.9,1,55,0,34,6.73
1295.9,2,15,0,58,20.70
1298.0,0,39559,99,87,288.49
1298.0,1,55,0,34,6.91
1298.0,2,15,0,58,20.87
1300.1,0,39559,100,87,288.01
1300.1,1,55,0,34,11.20
1300.1,2,15,0,59,30.01
1302.2,0,39559,100,87,291.12
1302.2,1,55,0,34,6.99
1302.2,2,15,0,58,21.02
1304.3,0,39559,100,87,287.90
1304.3,1,55,0,34,6.92
1304.3,2,15,0,58,20.59
1306.4,0,39559,100,87,287.87
1306.4,1,55,0,34,8.74
1306.4,2,15,0,58,24.70
1308.4,0,39559,100,86,291.26
1308.4,1,55,0,34,7.14
1308.4,2,15,0,59,21.91
1310.5,0,39559,99,87,286.79
1310.5,1,55,0,34,6.85
1310.5,2,15,0,58,20.61
1312.6,0,39559,100,87,288.68
1312.6,1,55,0,34,6.59
1312.6,2,15,0,58,20.79
1314.7,0,39559,100,87,288.37
1314.7,1,55,0,34,11.43
1314.7,2,15,0,59,30.38
1316.8,0,39559,100,87,286.46
1316.8,1,55,0,34,6.77
1316.8,2,15,0,58,20.68
1318.9,0,39559,100,87,289.02
1318.9,1,55,0,34,6.83
1318.9,2,15,0,58,20.79
1320.9,0,39559,100,87,287.96
1320.9,1,55,0,34,8.86
1320.9,2,15,0,59,29.62
1323.0,0,39559,100,87,287.55
1323.0,1,55,0,34,7.51
1323.0,2,15,0,59,22.38
1325.1,0,39559,100,87,287.69
1325.1,1,55,0,34,6.76
1325.1,2,15,0,58,20.68
1327.2,0,39559,100,87,290.34
1327.2,1,55,0,34,7.13
1327.2,2,15,0,59,22.21
1329.3,0,39559,100,87,292.02
1329.3,1,55,0,34,7.13
1329.3,2,15,0,59,22.19
1331.4,0,39559,100,87,287.69
1331.4,1,55,0,34,6.73
1331.4,2,15,0,58,20.73
1333.5,0,39559,100,87,284.51
1333.5,1,55,0,34,6.97
1333.5,2,15,0,58,20.88
1335.6,0,39559,100,87,288.67
1335.6,1,55,0,34,11.41
1335.6,2,15,0,59,30.44
1337.7,0,39559,99,87,289.49
1337.7,1,55,0,34,6.64
1337.7,2,15,0,58,20.90
1339.8,0,39559,100,87,282.62
1339.8,1,55,0,34,6.68
1339.8,2,15,0,58,20.83
1341.9,0,39559,100,87,287.18
1341.9,1,55,0,34,8.10
1341.9,2,15,0,59,23.87
1344.0,0,39559,100,86,285.42
1344.0,1,55,0,34,7.19
1344.0,2,15,0,59,22.51
1346.1,0,39559,99,87,284.57
1346.1,1,55,0,34,6.54
1346.1,2,15,0,58,20.57
1348.2,0,39559,100,87,289.49
1348.2,1,55,0,34,6.70
1348.2,2,15,0,58,20.71
1350.3,0,39559,100,87,287.64
1350.3,1,55,0,34,11.23
1350.3,2,15,0,59,29.91
1352.4,0,39559,100,87,290.46
1352.4,1,55,0,34,6.78
1352.4,2,15,0,58,20.96
1354.4,0,39559,97,87,289.07
1354.4,1,55,0,34,6.84
1354.4,2,15,0,58,20.57
1356.5,0,39559,100,87,288.86
1356.5,1,55,0,34,8.65
1356.5,2,15,0,59,24.40
1358.6,0,39559,99,87,287.58
1358.6,1,55,0,34,7.31
1358.6,2,15,0,59,21.82
1360.7,0,39559,100,87,287.67
1360.7,1,55,0,34,6.70
1360.7,2,15,0,58,20.63
1362.8,0,39559,100,87,288.81
1362.8,1,55,0,34,6.58
1362.8,2,15,0,58,20.69
1364.9,0,39559,100,87,289.93
1364.9,1,55,0,34,11.60
1364.9,2,15,0,59,22.46
1367.0,0,39559,100,87,290.67
1367.0,1,55,0,34,7.04
1367.0,2,15,0,58,20.57
1369.1,0,39559,100,87,286.16
1369.1,1,55,0,34,6.82
1369.1,2,15,0,58,20.74
1371.2,0,39559,100,87,290.49
1371.2,1,55,0,34,11.20
1371.2,2,15,0,59,24.97
1373.2,0,39559,100,87,288.71
1373.2,1,55,0,34,6.80
1373.2,2,15,0,58,21.02
1375.3,0,39559,100,87,287.51
1375.3,1,55,0,34,6.59
1375.3,2,15,0,58,20.69
1377.4,0,39559,99,87,287.34
1377.4,1,55,0,34,6.65
1377.4,2,15,0,58,21.39
1379.5,0,39559,100,87,288.87
1379.5,1,55,0,34,7.00
1379.5,2,15,0,59,21.96
1381.6,0,39559,100,87,288.05
1381.6,1,55,0,34,6.77
1381.6,2,15,0,58,20.65
1383.7,0,39559,100,87,289.90
1383.7,1,55,0,34,6.81
1383.7,2,15,0,58,20.78
1385.8,0,39559,100,87,285.44
1385.8,1,55,0,34,11.49
1385.8,2,15,0,59,30.32
1387.9,0,39559,100,87,284.07
1387.9,1,55,0,34,6.68
1387.9,2,15,0,58,21.22
1390.0,0,39559,100,87,286.56
1390.0,1,55,0,34,6.73
1390.0,2,15,0,58,20.59
1392.1,0,39559,100,87,287.52
1392.1,1,55,0,34,7.36
1392.1,2,15,0,59,22.53
1394.1,0,39559,100,87,287.32
1394.1,1,55,0,34,7.30
1394.1,2,15,0,59,22.30
1396.2,0,39559,100,87,286.33
1396.2,1,55,0,34,6.62
1396.2,2,15,0,58,20.62
1398.3,0,39559,100,87,290.70
1398.3,1,55,0,34,6.97
1398.3,2,15,0,58,20.78
1400.4,0,39559,100,87,287.14
1400.4,1,55,0,34,11.17
1400.4,2,15,0,59,30.00
1402.5,0,39559,100,87,287.25
1402.5,1,55,0,34,6.91
1402.5,2,15,0,58,20.94
1404.6,0,39559,100,87,289.48
1404.6,1,55,0,34,6.69
1404.6,2,15,0,58,20.67
1406.7,0,39559,100,87,288.85
1406.7,1,55,0,34,8.10
1406.7,2,15,0,59,23.55
1408.7,0,39559,100,87,290.58
1408.7,1,55,0,34,7.25
1408.7,2,15,0,58,21.69
1410.8,0,39559,100,87,286.97
1410.8,1,55,0,34,6.91
1410.8,2,15,0,58,20.58
1412.9,0,39559,99,87,284.59
1412.9,1,55,0,34,6.97
1412.9,2,15,0,58,20.82
1415.0,0,39559,100,87,290.68
1415.0,1,55,0,34,11.69
1415.0,2,15,0,59,30.61
1417.1,0,39559,100,87,285.01
1417.1,1,55,0,34,6.98
1417.1,2,15,0,58,21.19
1419.2,0,39559,100,87,287.39
1419.2,1,55,0,34,6.96
1419.2,2,15,0,58,20.76
1421.3,0,39559,100,87,287.68
1421.3,1,55,0,34,11.44
1421.3,2,15,0,59,29.85
1423.3,0,39559,100,87,290.93
1423.3,1,55,0,34,6.97
1423.3,2,15,0,58,20.90
1425.4,0,39559,100,87,286.26
1425.4,1,55,0,34,6.74
1425.4,2,15,0,58,20.52
1427.5,0,39559,100,87,289.95
1427.5,1,55,0,34,6.89
1427.5,2,15,0,58,20.60
1429.6,0,39559,100,87,286.96
1429.6,1,55,0,34,12.07
1429.6,2,15,0,59,30.07
1431.7,0,39559,100,87,287.82
1431.7,1,55,0,34,6.68
1431.7,2,15,0,58,20.68
1433.8,0,39559,100,87,287.66
1433.8,1,55,0,34,6.75
1433.8,2,15,0,58,20.65
1435.9,0,39559,100,87,291.28
1435.9,1,55,0,34,11.39
1435.9,2,15,0,59,30.16
1438.0,0,39457,100,87,222.21
1438.0,1,55,0,34,6.73
1438.0,2,15,0,58,21.06
1440.1,0,39457,100,86,264.09
1440.1,1,55,0,34,6.81
1440.1,2,15,0,58,20.53
1442.2,0,39457,94,86,284.74
1442.2,1,55,0,34,8.51
1442.2,2,15,0,59,21.07
1444.2,0,11585,1,82,152.42
1444.2,1,55,0,34,7.42
1444.2,2,15,0,59,22.16
1446.3,0,11507,0,81,119.71
1446.3,1,55,0,34,6.71
1446.3,2,15,0,58,20.76
1448.5,0,11433,100,85,298.64
1448.5,1,55,0,34,6.87
1448.5,2,15,0,58,21.04
1450.5,0,11433,96,81,243.71
1450.5,1,55,0,34,11.55
1450.5,2,15,0,59,30.04
1452.6,0,11455,100,85,298.62
1452.6,1,55,0,34,6.74
1452.6,2,15,0,58,21.33
1454.7,0,11455,100,86,298.87
1454.7,1,55,0,34,6.79
1454.7,2,15,0,58,21.17
1456.8,0,11367,100,85,267.05
1456.8,1,55,0,34,8.78
1456.8,2,15,0,59,25.15
1458.9,0,14439,100,85,250.98
1458.9,1,55,0,34,7.17
1458.9,2,15,0,59,22.83
1461.0,0,12103,52,84,246.94
1461.0,1,55,0,34,6.66
1461.0,2,15,0,58,20.84
1463.0,0,11271,99,86,296.59
1463.0,1,55,0,34,6.97
1463.0,2,15,0,58,21.30
1465.1,0,29853,100,85,285.56
1465.1,1,55,0,34,10.85
1465.1,2,15,0,59,29.73
1467.2,0,29853,100,86,291.59
1467.2,1,55,0,34,5.99
1467.2,2,15,0,58,21.09
1469.3,0,29853,98,85,289.72
1469.3,1,55,0,34,6.15
1469.3,2,15,0,58,20.79
1471.3,0,29853,100,86,288.56
1471.3,1,55,0,34,10.68
1471.3,2,15,0,59,29.91
1473.4,0,29853,100,86,289.67
1473.4,1,55,0,34,6.59
1473.4,2,15,0,59,22.16
1475.5,0,29853,100,86,290.69
1475.5,1,55,0,34,6.09
1475.5,2,15,0,58,20.67
1477.6,0,29853,100,86,288.19
1477.6,1,55,0,34,6.31
1477.6,2,15,0,58,20.70
1479.6,0,29853,100,86,288.45
1479.6,1,55,0,34,10.74
1479.6,2,15,0,59,30.19
1481.7,0,29853,100,86,289.54
1481.7,1,55,0,34,6.05
1481.7,2,15,0,58,20.74
1483.8,0,29853,100,86,288.10
1483.8,1,55,0,34,6.03
1483.8,2,15,0,58,20.73
1486.2,0,20581,99,82,225.56
1486.2,1,55,0,34,10.31
1486.2,2,15,0,59,30.33
1488.3,0,20585,100,86,299.04
1488.3,1,55,0,34,5.78
1488.3,2,15,0,58,21.47
1490.3,0,20585,99,86,298.75
1490.3,1,55,0,34,5.57
1490.3,2,15,0,58,21.18
1492.4,0,20585,100,86,298.45
1492.4,1,55,0,34,6.88
1492.4,2,15,0,59,23.73
1494.5,0,20585,99,87,298.48
1494.5,1,55,0,34,6.04
1494.5,2,15,0,59,22.66
1496.5,0,20585,100,87,299.39
1496.5,1,55,0,34,5.28
1496.5,2,15,0,58,21.20
1498.6,0,20585,100,87,298.67
1498.6,1,55,0,34,5.86
1498.6,2,15,0,58,21.31
1500.7,0,20585,97,87,281.17
1500.7,1,55,0,34,11.31
1500.7,2,15,0,59,29.98
1502.8,0,20585,99,87,298.08
1502.8,1,55,0,34,6.80
1502.8,2,15,0,58,21.34
1504.9,0,20585,98,87,298.55
1504.9,1,55,0,34,6.70
1504.9,2,15,0,58,21.17
1507.0,0,20585,100,87,297.87
1507.0,1,55,0,34,8.54
1507.0,2,15,0,59,24.39
1509.1,0,20585,95,87,296.15
1509.1,1,55,0,34,6.81
1509.1,2,15,0,59,22.82
1511.2,0,20585,85,87,295.41
1511.2,1,55,0,34,6.67
1511.2,2,15,0,58,21.19
1513.3,0,20585,100,87,295.08
1513.3,1,55,0,34,6.63
1513.3,2,15,0,58,21.12
1515.4,0,20585,95,87,295.59
1515.4,1,55,0,34,11.85
1515.4,2,15,0,59,29.50
1517.5,0,20585,100,87,287.95
1517.5,1,55,0,34,6.89
1517.5,2,15,0,58,21.44
1519.5,0,23753,100,87,297.17
1519.5,1,55,0,34,6.51
1519.5,2,15,0,58,21.07
1521.6,0,21193,100,87,257.16
1521.6,1,55,0,34,8.64
1521.6,2,15,0,59,24.94
1523.7,0,21353,99,87,295.65
1523.7,1,55,0,34,6.55
1523.7,2,15,0,59,22.37
1525.8,0,20809,93,87,293.66
1525.8,1,55,0,34,6.42
1525.8,2,15,0,58,21.03
1527.9,0,23721,100,86,257.02
1527.9,1,55,0,34,7.07
1527.9,2,15,0,58,21.00
1530.0,0,21289,99,87,294.52
1530.0,1,55,0,34,6.92
1530.0,2,15,0,59,21.94
1532.1,0,20937,96,87,291.96
1532.1,1,55,0,34,6.47
1532.1,2,15,0,58,21.18
1534.1,0,23753,100,87,267.61
1534.1,1,55,0,34,6.76
1534.1,2,15,0,58,21.20
1536.2,0,21353,99,87,295.91
1536.2,1,55,0,34,8.98
1536.2,2,15,0,59,30.24
1538.3,0,20873,99,87,296.74
1538.3,1,55,0,34,6.95
1538.3,2,15,0,58,21.40
1540.4,0,25065,51,86,260.24
1540.4,1,55,0,34,6.73
1540.4,2,15,0,58,21.00
1542.5,0,21161,69,87,238.39
1542.5,1,55,0,34,7.71
1542.5,2,15,0,59,22.82
1544.6,0,21321,99,87,296.23
1544.6,1,55,0,34,7.45
1544.6,2,15,0,59,22.50
1546.6,0,20777,99,87,294.97
1546.6,1,55,0,34,6.25
1546.6,2,15,0,58,21.21
1548.7,0,21257,95,87,278.65
1548.7,1,55,0,34,6.32
1548.7,2,15,0,58,21.20
1550.8,0,21321,99,87,296.99
1550.8,1,55,0,34,10.46
1550.8,2,15,0,59,30.35
1552.9,0,20745,100,87,294.98
1552.9,1,55,0,34,6.20
1552.9,2,15,0,58,21.38
1554.9,0,11975,99,86,272.77
1554.9,1,55,0,34,6.30
1554.9,2,15,0,58,20.90
1557.0,0,14921,0,82,126.34
1557.0,1,55,0,34,7.57
1557.0,2,15,0,59,23.79
1559.1,0,11399,78,85,245.55
1559.1,1,55,0,34,7.44
1559.1,2,15,0,59,22.60
1561.2,0,11847,100,86,278.59
1561.2,1,55,0,34,6.89
1561.2,2,15,0,58,20.80
1563.3,0,11849,99,86,297.99
1563.3,1,55,0,34,7.00
1563.3,2,15,0,58,21.15
1565.4,0,14441,92,86,218.03
1565.4,1,55,0,34,11.19
1565.4,2,15,0,59,29.99
1567.5,0,11945,100,86,268.63
1567.5,1,55,0,34,6.68
1567.5,2,15,0,58,21.25
1569.6,0,12009,99,86,298.89
1569.6,1,55,0,34,6.52
1569.6,2,15,0,58,21.24
1571.6,0,14441,100,87,280.38
1571.6,1,55,0,34,8.92
1571.6,2,15,0,59,24.88
1573.7,0,11913,99,86,296.78
1573.7,1,55,0,34,6.97
1573.7,2,15,0,59,22.09
1575.8,0,11849,99,87,297.86
1575.8,1,55,0,34,6.78
1575.8,2,15,0,58,21.09
1577.9,0,15785,100,86,261.96
1577.9,1,55,0,34,6.91
1577.9,2,15,0,58,21.05
1580.0,0,11977,100,86,275.24
1580.0,1,55,0,34,11.68
1580.0,2,15,0,59,23.03
1582.0,0,11881,99,87,298.60
1582.0,1,55,0,34,6.86
1582.0,2,15,0,58,21.20
1584.1,0,14409,100,86,264.95
1584.1,1,55,0,34,6.70
1584.1,2,15,0,58,20.94
1586.2,0,11825,99,87,290.40
1586.2,1,55,0,34,8.90
1586.2,2,15,0,59,24.89
1588.3,0,11443,95,86,293.95
1588.3,1,55,0,34,7.12
1588.3,2,15,0,58,21.49
1590.4,0,11827,100,86,279.40
1590.4,1,55,0,34,6.79
1590.4,2,15,0,58,20.77
1592.5,0,11891,99,87,298.27
1592.5,1,55,0,34,7.31
1592.5,2,15,0,59,21.65
1594.6,0,11283,99,87,290.72
1594.6,1,55,0,34,7.40
1594.6,2,15,0,59,22.31
1596.6,0,11347,100,83,231.38
1596.6,1,55,0,34,6.79
1596.6,2,15,0,58,20.64
1598.7,0,11891,96,85,179.18
1598.7,1,55,0,34,6.55
1598.7,2,15,0,58,20.46
1600.8,0,11571,99,86,293.96
1600.8,1,55,0,34,10.26
1600.8,2,15,0,59,30.04
1602.9,0,14451,100,85,274.40
1602.9,1,55,0,34,5.67
1602.9,2,15,0,58,20.99
1604.9,0,14899,100,85,223.90
1604.9,1,55,0,34,5.62
1604.9,2,15,0,58,20.63
1607.0,0,11923,99,86,288.60
1607.0,1,55,0,34,6.68
1607.0,2,15,0,59,23.07
1609.1,0,11251,100,85,288.66
1609.1,1,55,0,34,5.97
1609.1,2,15,0,59,22.89
1611.1,0,12019,69,84,260.20
1611.1,1,55,0,34,5.60
1611.1,2,15,0,58,20.93
1613.2,0,12339,100,85,269.29
1613.2,1,55,0,34,5.85
1613.2,2,15,0,58,21.05
1615.3,0,14419,41,85,222.90
1615.3,1,55,0,34,9.89
1615.3,2,15,0,59,30.13
1617.4,0,11347,73,84,232.73
1617.4,1,55,0,34,5.82
1617.4,2,15,0,58,21.18
1619.5,0,11923,100,84,254.46
1619.5,1,55,0,34,6.76
1619.5,2,15,0,58,21.07
1621.5,0,14899,69,84,205.77
1621.5,1,55,0,34,8.39
1621.5,2,15,0,59,23.76
1623.6,0,12083,87,85,283.03
1623.6,1,55,0,34,7.13
1623.6,2,15,0,59,22.21
1625.7,0,14417,100,84,208.60
1625.7,1,55,0,34,6.72
1625.7,2,15,0,58,20.79
1627.8,0,11345,70,82,176.10
1627.8,1,55,0,34,7.07
1627.8,2,15,0,58,20.92
1629.9,0,14417,100,83,263.03
1629.9,1,55,0,34,11.58
1629.9,2,15,0,59,30.23
1632.0,0,12049,94,84,283.85
1632.0,1,55,0,34,6.96
1632.0,2,15,0,58,21.47
1634.0,0,14801,100,84,266.18
1634.0,1,55,0,34,6.38
1634.0,2,15,0,58,21.32
1636.1,0,11921,90,84,287.92
1636.1,1,55,0,34,8.17
1636.1,2,15,0,59,24.46
1638.2,0,11731,97,85,288.46
1638.2,1,55,0,34,6.46
1638.2,2,15,0,59,22.77
1640.2,0,14899,7,84,264.85
1640.2,1,55,0,34,5.61
1640.2,2,15,0,58,21.30
1642.3,0,15027,100,84,275.70
1642.3,1,55,0,34,5.72
1642.3,2,15,0,58,20.74
1644.4,0,12083,97,85,295.78
1644.4,1,55,0,34,10.07
1644.4,2,15,0,59,30.01
1646.5,0,11507,99,85,291.88
1646.5,1,55,0,34,5.59
1646.5,2,15,0,58,21.39
1648.5,0,12051,90,85,287.49
1648.5,1,55,0,34,5.59
1648.5,2,15,0,58,21.38
1650.6,0,11763,94,86,291.71
1650.6,1,55,0,34,7.47
1650.6,2,15,0,59,25.35
1652.7,0,15027,99,85,283.76
1652.7,1,55,0,34,6.02
1652.7,2,15,0,59,23.20
1654.8,0,12275,100,85,254.62
1654.8,1,55,0,34,5.49
1654.8,2,15,0,58,21.07
1656.8,0,12083,99,86,299.08
1656.8,1,55,0,34,5.99
1656.8,2,15,0,59,21.78
1658.9,0,11667,99,86,298.66
1658.9,1,55,0,34,5.99
1658.9,2,15,0,59,22.81
1661.0,0,12083,93,85,258.41
1661.0,1,55,0,34,5.41
1661.0,2,15,0,58,21.03
1663.0,0,12115,99,86,297.77
1663.0,1,55,0,34,5.44
1663.0,2,15,0,58,21.49
1665.1,0,11667,99,86,298.64
1665.1,1,55,0,34,9.77
1665.1,2,15,0,59,29.86
1667.2,0,12083,99,86,298.39
1667.2,1,55,0,34,5.97
1667.2,2,15,0,59,22.56
1669.2,0,11635,99,87,298.11
1669.2,1,55,0,34,5.60
1669.2,2,15,0,58,21.23
1671.3,0,15091,100,86,270.39
1671.3,1,55,0,34,6.45
1671.3,2,15,0,59,22.63
1673.4,0,11955,100,86,267.48
1673.4,1,55,0,34,5.97
1673.4,2,15,0,59,21.90
1675.4,0,12115,99,87,298.12
1675.4,1,55,0,34,5.52
1675.4,2,15,0,58,21.11
1677.5,0,16019,97,86,290.26
1677.5,1,55,0,34,5.90
1677.5,2,15,0,58,21.24
1679.6,0,12211,99,87,275.83
1679.6,1,55,0,34,11.31
1679.6,2,15,0,59,30.44
1681.7,0,11987,99,87,295.73
1681.7,1,55,0,34,6.59
1681.7,2,15,0,58,21.59
1683.8,0,12115,97,87,288.86
1683.8,1,55,0,34,6.34
1683.8,2,15,0,58,21.26
1685.8,0,11667,99,87,295.44
1685.8,1,55,0,34,8.32
1685.8,2,15,0,59,23.82
1687.9,0,11539,83,85,272.46
1687.9,1,55,0,34,7.47
1687.9,2,15,0,59,22.48
1690.0,0,12051,81,86,265.07
1690.0,1,55,0,34,6.76
1690.0,2,15,0,58,21.02
1692.1,0,12019,99,87,295.26
1692.1,1,55,0,34,6.90
1692.1,2,15,0,58,21.29
1694.2,0,14739,99,87,291.98
1694.2,1,55,0,34,11.60
1694.2,2,15,0,59,30.06
1696.3,0,12147,99,87,278.29
1696.3,1,55,0,34,6.77
1696.3,2,15,0,58,21.00
1698.4,0,12179,99,87,291.57
1698.4,1,55,0,34,6.73
1698.4,2,15,0,58,21.16
1700.5,0,12179,99,87,291.69
1700.5,1,55,0,34,8.40
1700.5,2,15,1,59,24.56
1702.5,0,12019,99,87,293.88
1702.5,1,55,0,34,7.65
1702.5,2,15,0,59,23.02
1704.6,0,11539,99,87,292.81
1704.6,1,55,0,34,6.84
1704.6,2,15,0,58,21.31
1706.7,0,14899,99,87,293.51
1706.7,1,55,0,34,7.05
1706.7,2,15,0,58,21.40
1708.8,0,15187,95,86,254.63
1708.8,1,55,0,34,11.50
1708.8,2,15,0,59,29.97
1710.9,0,30599,100,87,270.21
1710.9,1,55,0,34,7.08
1710.9,2,15,0,58,21.43
1713.0,0,39863,100,87,284.44
1713.0,1,55,0,34,6.80
1713.0,2,15,0,58,20.83
1715.1,0,39929,100,87,281.60
1715.1,1,55,0,34,8.84
1715.1,2,15,0,59,24.82
1717.1,0,39867,100,87,284.15
1717.1,1,55,0,34,7.51
1717.1,2,15,0,59,21.99
1719.2,0,39867,100,87,286.26
1719.2,1,55,0,34,6.76
1719.2,2,15,0,58,20.72
1721.3,0,39899,100,87,283.61
1721.3,1,55,0,34,7.70
1721.3,2,15,0,59,21.69
1723.4,0,39899,100,87,283.45
1723.4,1,55,0,34,7.29
1723.4,2,15,0,59,22.66
1725.5,0,39899,100,87,285.03
1725.5,1,55,0,34,6.69
1725.5,2,15,0,58,20.58
1727.6,0,39931,100,87,284.27
1727.6,1,55,0,34,6.88
1727.6,2,15,0,58,20.73
1729.7,0,39931,100,88,287.63
1729.7,1,55,0,34,11.74
1729.7,2,15,0,59,29.73
1731.8,0,39963,97,87,281.75
1731.8,1,55,0,34,7.03
1731.8,2,15,0,59,21.04
1733.9,0,40059,100,87,281.01
1733.9,1,55,0,34,6.87
1733.9,2,15,0,58,20.63
1736.0,0,39899,100,87,282.62
1736.0,1,55,0,34,7.81
1736.0,2,15,0,59,22.75
1738.1,0,39899,99,88,284.51
1738.1,1,55,0,34,6.86
1738.1,2,15,0,59,22.11
1740.1,0,39867,100,87,283.33
1740.1,1,55,0,34,6.35
1740.1,2,15,0,58,20.68
1742.2,0,39707,100,87,280.85
1742.2,1,55,0,34,6.48
1742.2,2,15,0,58,20.76
1744.3,0,39579,100,87,283.92
1744.3,1,55,0,34,11.16
1744.3,2,15,0,59,30.21
1746.4,0,39419,100,87,282.85
1746.4,1,55,0,34,6.87
1746.4,2,15,0,58,20.69
1748.5,0,40155,100,87,283.77
1748.5,1,55,0,34,6.49
1748.5,2,15,0,58,20.75
1750.6,0,39835,100,87,281.27
1750.6,1,55,0,34,8.38
1750.6,2,15,0,59,23.78
1752.7,0,39835,100,87,284.60
1752.7,1,55,0,34,7.41
1752.7,2,15,0,59,22.46
1754.8,0,39899,100,87,284.87
1754.8,1,55,0,34,6.73
1754.8,2,15,0,58,20.74
1756.9,0,39899,100,87,282.71
1756.9,1,55,0,34,6.58
1756.9,2,15,0,58,20.77
1759.0,0,39899,100,87,283.32
1759.0,1,55,0,34,11.52
1759.0,2,15,0,59,30.11
1761.1,0,39931,100,87,285.82
1761.1,1,55,0,34,6.94
1761.1,2,15,0,58,21.19
1763.2,0,39963,100,87,283.34
1763.2,1,55,0,34,6.98
1763.2,2,15,0,58,20.83
1765.2,0,39963,100,87,283.62
1765.2,1,55,0,34,8.86
1765.2,2,15,0,59,24.56
1767.3,0,39995,100,87,280.40
1767.3,1,55,0,34,6.67
1767.3,2,15,0,58,20.91
1769.4,0,40027,99,87,282.90
1769.4,1,55,0,34,6.73
1769.4,2,15,0,58,20.80
1771.5,0,39995,100,88,285.29
1771.5,1,55,0,34,6.57
1771.5,2,15,0,58,20.77
1773.6,0,40059,99,87,283.79
1773.6,1,55,0,34,7.29
1773.6,2,15,0,59,22.62
1775.7,0,39995,100,88,283.43
1775.7,1,55,0,34,6.60
1775.7,2,15,0,58,20.76
1777.8,0,40027,100,87,283.73
1777.8,1,55,0,34,6.74
1777.8,2,15,0,58,20.83
1779.9,0,40059,100,87,283.87
1779.9,1,55,0,34,11.59
1779.9,2,15,0,59,29.96
1782.0,0,40059,99,87,283.41
1782.0,1,55,0,34,6.84
1782.0,2,15,0,58,21.10
1784.1,0,39931,100,87,285.68
1784.1,1,55,0,34,6.67
1784.1,2,15,0,58,20.67
1786.1,0,39867,100,88,284.27
1786.1,1,55,0,34,7.25
1786.1,2,15,0,59,21.45
1788.2,0,39515,100,87,282.64
1788.2,1,55,0,34,7.22
1788.2,2,15,0,59,21.94
1790.3,0,39483,100,87,283.09
1790.3,1,55,0,34,6.85
1790.3,2,15,0,58,20.66
1792.4,0,39387,100,87,282.71
1792.4,1,55,0,34,7.00
1792.4,2,15,0,58,20.73
1794.5,0,39387,99,87,281.21
1794.5,1,55,0,34,11.76
1794.5,2,15,0,59,30.39
1796.6,0,39387,100,87,283.46
1796.6,1,55,0,34,7.16
1796.6,2,15,0,58,20.65
1798.7,0,39355,100,87,283.05
1798.7,1,55,0,34,7.04
1798.7,2,15,0,58,20.65
1800.8,0,39355,100,87,287.30
1800.8,1,55,0,34,7.99
1800.8,2,15,0,59,22.73
1802.9,0,42875,100,87,283.33
1802.9,1,55,0,34,7.50
1802.9,2,15,0,59,22.60
1804.9,0,43739,100,87,273.66
1804.9,1,55,0,34,6.92
1804.9,2,15,0,58,20.85
1807.0,0,40091,100,87,282.10
1807.0,1,55,0,34,7.00
1807.0,2,15,0,58,21.02
1809.1,0,39931,100,87,284.65
1809.1,1,55,0,34,11.23
1809.1,2,15,0,59,30.03
1811.2,0,39931,99,87,283.54
1811.2,1,55,0,34,7.22
1811.2,2,15,0,58,21.02
1813.2,0,39931,100,87,285.15
1813.2,1,55,0,34,6.94
1813.2,2,15,0,58,20.83
1815.3,0,39963,100,87,284.73
1815.3,1,55,0,34,8.47
1815.3,2,15,0,59,30.14
1817.4,0,40027,100,87,284.24
1817.4,1,55,0,34,7.20
1817.4,2,15,0,58,21.87
1819.5,0,39963,100,87,285.97
1819.5,1,55,0,34,6.75
1819.5,2,15,0,58,20.74
1821.6,0,39963,99,87,283.06
1821.6,1,55,0,34,7.04
1821.6,2,15,0,58,20.84
1823.7,0,39995,100,87,286.88
1823.7,1,55,0,34,11.84
1823.7,2,15,0,59,30.69
1825.8,0,39931,100,87,283.57
1825.8,1,55,0,34,7.18
1825.8,2,15,0,58,21.23
1827.9,0,39963,100,87,284.29
1827.9,1,55,0,34,6.99
1827.9,2,15,0,58,20.92
1830.0,0,39931,100,87,285.64
1830.0,1,55,0,34,11.21
1830.0,2,15,0,59,30.03
1832.1,0,39899,99,87,285.23
1832.1,1,55,0,34,7.13
1832.1,2,15,0,58,21.02
1834.1,0,39899,98,87,286.02
1834.1,1,55,0,34,6.91
1834.1,2,15,0,58,20.64
1836.2,0,39899,100,87,286.52
1836.2,1,55,0,34,6.62
1836.2,2,15,0,58,20.70
1838.3,0,39963,100,87,285.53
1838.3,1,55,0,34,7.03
1838.3,2,15,0,59,30.23
1840.4,0,39835,100,87,285.03
1840.4,1,55,0,34,6.56
1840.4,2,15,0,58,20.72
1842.5,0,39803,100,87,287.06
1842.5,1,55,0,34,6.61
1842.5,2,15,0,58,20.93
1844.6,0,39707,100,87,285.58
1844.6,1,55,0,34,11.44
1844.6,2,15,0,59,30.60
1846.7,0,39547,100,87,283.08
1846.7,1,55,0,34,6.68
1846.7,2,15,0,58,21.32
1848.8,0,39931,100,87,287.86
1848.8,1,55,0,34,6.71
1848.8,2,15,0,58,20.75
1850.8,0,39803,99,87,287.21
1850.8,1,55,0,34,7.40
1850.8,2,15,0,59,21.23
1852.9,0,39803,100,87,285.40
1852.9,1,55,0,34,7.42
1852.9,2,15,0,59,22.50
1855.0,0,39835,100,87,288.97
1855.0,1,55,0,34,6.74
1855.0,2,15,0,58,20.81
1857.5,0,30551,100,84,270.15
1857.5,1,55,0,34,6.53
1857.5,2,15,0,58,20.81
1859.6,0,30587,100,87,289.40
1859.6,1,55,0,34,7.08
1859.6,2,15,0,59,30.05
1861.7,0,30587,99,87,284.16
1861.7,1,55,0,34,5.97
1861.7,2,15,0,58,20.98
1863.8,0,29915,46,84,267.55
1863.8,1,55,0,34,6.79
1863.8,2,15,0,58,20.80
1865.9,0,29915,0,82,118.42
1865.9,1,55,0,34,11.55
1865.9,2,15,0,59,30.51
1868.0,0,42277,100,86,284.57
1868.0,1,55,0,34,6.66
1868.0,2,15,0,58,20.87
1870.1,0,42853,81,85,256.36
1870.1,1,55,0,34,6.63
1870.1,2,15,0,58,20.97
1872.2,0,39941,96,85,261.23
1872.2,1,55,0,34,7.59
1872.2,2,15,0,59,21.40
1874.3,0,39909,95,86,282.77
1874.3,1,55,0,34,7.36
1874.3,2,15,0,59,22.83
1876.3,0,11253,0,81,117.92
1876.3,1,55,0,34,6.52
1876.3,2,15,0,58,20.79
1878.4,0,14839,100,85,270.68
1878.4,1,55,0,34,6.77
1878.4,2,15,0,58,20.96
1880.5,0,11513,73,84,255.56
1880.5,1,55,0,34,11.07
1880.5,2,15,0,59,30.21
1882.6,0,11225,95,84,276.81
1882.6,1,55,0,34,6.84
1882.6,2,15,0,58,21.79
1884.7,0,14425,100,84,257.87
1884.7,1,55,0,34,6.68
1884.7,2,15,0,58,21.01
1886.8,0,11865,100,85,272.54
1886.8,1,55,0,34,8.24
1886.8,2,15,0,59,22.62
1888.9,0,12025,94,85,290.71
1888.9,1,55,0,34,7.29
1888.9,2,15,0,59,22.44
1890.9,0,11481,97,85,288.78
1890.9,1,55,0,34,6.94
1890.9,2,15,0,58,21.39
1893.0,0,11993,94,86,284.80
1893.0,1,55,0,34,7.03
1893.0,2,15,0,58,21.48
1895.1,0,11545,89,86,282.23
1895.1,1,55,0,34,10.88
1895.1,2,15,0,59,30.48
1897.2,0,14809,100,86,266.49
1897.2,1,55,0,34,6.34
1897.2,2,15,0,58,21.93
1899.3,0,14421,83,84,257.32
1899.3,1,55,0,34,6.04
1899.3,2,15,0,58,20.89
1901.3,0,12043,99,86,298.83
1901.3,1,55,0,34,7.42
1901.3,2,15,0,59,24.07
1903.4,0,11853,99,86,298.26
1903.4,1,55,0,34,5.62
1903.4,2,15,0,59,21.69
1905.5,0,12077,99,86,299.01
1905.5,1,55,0,34,5.28
1905.5,2,15,0,58,21.37
1907.5,0,11565,99,86,299.00
1907.5,1,55,0,34,5.32
1907.5,2,15,0,58,21.40
1909.6,0,14381,100,86,272.45
1909.6,1,55,0,34,9.92
1909.6,2,15,0,59,30.18
1911.7,0,13645,100,86,259.64
1911.7,1,55,0,34,5.65
1911.7,2,15,0,59,21.09
1913.7,0,12013,100,86,285.38
1913.7,1,55,0,34,5.64
1913.7,2,15,0,58,20.96
1915.8,0,12077,99,86,298.98
1915.8,1,55,0,34,7.37
1915.8,2,15,0,59,25.12
1917.9,0,11949,99,87,298.95
1917.9,1,55,0,34,6.15
1917.9,2,15,0,58,22.00
1920.0,0,12045,95,87,298.64
1920.0,1,55,0,34,6.88
1920.0,2,15,0,58,21.47
1922.1,0,11757,99,87,296.55
1922.1,1,55,0,34,6.12
1922.1,2,15,0,58,21.47
1924.2,0,11821,99,87,299.37
1924.2,1,55,0,34,7.33
1924.2,2,15,0,59,23.04
1926.3,0,14861,100,87,297.33
1926.3,1,55,0,34,6.77
1926.3,2,15,0,58,21.47
1928.4,0,42315,100,87,267.68
1928.4,1,55,0,34,6.91
1928.4,2,15,0,58,21.13
1930.5,0,42891,100,87,280.90
1930.5,1,55,0,34,11.22
1930.5,2,15,0,59,30.00
1932.6,0,43691,66,86,266.32
1932.6,1,55,0,34,7.11
1932.6,2,15,0,58,21.13
1934.7,0,39723,100,86,286.74
1934.7,1,55,0,34,6.52
1934.7,2,15,0,58,20.83
1936.8,0,39723,100,87,286.96
1936.8,1,55,0,34,7.41
1936.8,2,15,0,58,21.76
1938.9,0,39755,100,87,286.50
1938.9,1,55,0,34,6.95
1938.9,2,15,0,59,21.77
1941.0,0,39755,100,87,288.87
1941.0,1,55,0,34,6.71
1941.0,2,15,0,58,20.68
1943.1,0,39787,100,87,286.40
1943.1,1,55,0,34,6.90
1943.1,2,15,0,58,20.80
1945.2,0,39787,100,87,291.19
1945.2,1,55,0,34,11.40
1945.2,2,15,0,59,30.51
1947.2,0,39883,100,87,288.50
1947.2,1,55,0,34,6.77
1947.2,2,15,0,58,21.13
1949.3,0,39915,99,87,284.52
1949.3,1,55,0,34,6.72
1949.3,2,15,0,58,20.71
1951.4,0,40011,100,87,287.66
1951.4,1,55,0,34,7.90
1951.4,2,15,0,59,25.13
1953.5,0,39915,100,87,289.22
1953.5,1,55,0,34,6.95
1953.5,2,15,0,59,22.22
1955.6,0,39915,100,87,286.81
1955.6,1,55,0,34,6.18
1955.6,2,15,0,58,20.67
1957.7,0,39947,100,87,287.09
1957.7,1,55,0,34,6.64
1957.7,2,15,0,58,20.86
1959.8,0,39851,100,87,285.81
1959.8,1,55,0,34,11.16
1959.8,2,15,0,59,30.26
1961.9,0,39659,100,87,288.19
1961.9,1,55,0,34,6.76
1961.9,2,15,0,58,20.67
1964.0,0,39659,100,87,284.33
1964.0,1,55,0,34,6.76
1964.0,2,15,0,58,20.80
1966.0,0,39499,100,87,285.24
1966.0,1,55,0,34,11.40
1966.0,2,15,0,59,30.55
1968.1,0,39339,100,87,283.50
1968.1,1,55,0,34,6.75
1968.1,2,15,0,58,21.18
1970.2,0,39723,100,87,284.56
1970.2,1,55,0,34,6.78
1970.2,2,15,0,58,20.66
1972.3,0,39723,98,87,284.26
1972.3,1,55,0,34,6.61
1972.3,2,15,0,58,20.62
1974.4,0,39755,100,87,283.20
1974.4,1,55,0,34,11.47
1974.4,2,15,0,59,22.27
1976.5,0,39755,100,87,288.02
1976.5,1,55,0,34,6.81
1976.5,2,15,0,58,20.61
1978.6,0,39787,100,87,284.81
1978.6,1,55,0,34,6.91
1978.6,2,15,0,58,20.88
1980.7,0,39787,100,87,286.63
1980.7,1,55,0,34,11.41
1980.7,2,15,0,59,30.12
1982.8,0,39851,100,87,284.11
1982.8,1,55,0,34,6.71
1982.8,2,15,0,58,20.81
1984.9,0,39851,100,87,284.95
1984.9,1,55,0,34,6.58
1984.9,2,15,0,58,20.67
1987.0,0,39787,98,87,284.70
1987.0,1,55,1,34,8.48
1987.0,2,15,0,59,23.56
1989.1,0,39883,100,87,286.48
1989.1,1,55,0,34,7.13
1989.1,2,15,0,59,22.57
1991.2,0,39787,100,87,289.09
1991.2,1,55,0,34,6.79
1991.2,2,15,0,58,20.63
1993.3,0,39819,100,87,281.92
1993.3,1,55,0,34,6.79
1993.3,2,15,0,58,20.77
1995.4,0,39819,99,87,284.05
1995.4,1,55,0,34,11.32
1995.4,2,15,0,59,29.71
1997.4,0,39851,100,87,286.07
1997.4,1,55,0,34,6.63
1997.4,2,15,0,58,21.03
1999.5,0,39851,100,87,286.06
1999.5,1,55,0,34,6.51
1999.5,2,15,0,58,20.57
2001.6,0,39723,100,87,283.78
2001.6,1,55,0,34,8.31
2001.6,2,15,0,59,24.24
2003.7,0,39627,100,87,286.08
2003.7,1,55,0,34,7.36
2003.7,2,15,0,59,22.04
2005.8,0,39467,100,87,282.88
2005.8,1,55,0,34,6.56
2005.8,2,15,0,58,20.55
2007.9,0,39371,98,87,284.02
2007.9,1,55,0,34,6.98
2007.9,2,15,0,58,20.59
2010.0,0,39371,100,87,286.30
2010.0,1,55,0,34,7.01
2010.0,2,15,0,59,30.16
2012.1,0,39371,100,87,281.32
2012.1,1,55,0,34,6.56
2012.1,2,15,0,58,20.57
2014.2,0,39371,100,87,287.29
2014.2,1,55,0,34,6.77
2014.2,2,15,0,58,20.57
2016.3,0,29953,100,87,246.57
2016.3,1,55,0,34,8.92
2016.3,2,15,0,59,25.03
2018.4,0,33463,100,87,280.58
2018.4,1,55,0,34,7.27
2018.4,2,15,0,59,22.32
2020.5,0,30455,100,87,266.15
2020.5,1,55,0,34,6.50
2020.5,2,15,0,58,20.83
2022.6,0,30615,99,87,296.80
2022.6,1,55,0,34,7.57
2022.6,2,15,0,59,21.73
2024.6,0,30455,99,87,292.90
2024.6,1,55,0,34,7.16
2024.6,2,15,0,59,22.68
2026.7,0,30647,100,87,295.45
2026.7,1,55,0,34,6.53
2026.7,2,15,0,59,21.19
2028.8,0,30519,93,87,294.57
2028.8,1,55,0,34,6.77
2028.8,2,15,0,59,21.28
2030.9,0,33047,87,86,270.24
2030.9,1,55,0,34,11.43
2030.9,2,15,0,59,30.16
2033.0,0,30551,94,86,246.63
2033.0,1,55,0,34,6.80
2033.0,2,15,0,59,21.04
2035.1,0,30711,99,87,297.71
2035.1,1,55,0,34,6.75
2035.1,2,15,0,58,21.08
2037.2,0,30039,100,87,296.24
2037.2,1,55,0,34,8.16
2037.2,2,15,0,59,22.91
2039.3,0,30615,94,87,294.85
2039.3,1,55,0,34,7.86
2039.3,2,15,0,59,23.08
2041.3,0,30359,99,87,292.60
2041.3,1,55,0,34,6.96
2041.3,2,15,0,59,21.28
2043.4,0,33463,100,87,262.88
2043.4,1,55,0,34,7.30
2043.4,2,15,0,58,21.40
2045.5,0,30327,100,87,271.21
2045.5,1,55,0,34,11.53
2045.5,2,15,0,59,29.93
2047.6,0,11661,99,87,292.42
2047.6,1,55,0,34,7.19
2047.6,2,15,0,59,21.57
2049.7,0,11981,99,87,293.76
2049.7,1,55,0,34,6.82
2049.7,2,15,0,59,21.26
2051.8,0,11949,100,87,295.93
2051.8,1,55,0,34,8.21
2051.8,2,15,0,59,23.68
2053.8,0,14893,99,87,292.51
2053.8,1,55,0,34,6.84
2053.8,2,15,0,59,22.38
2055.9,0,14893,100,87,268.59
2055.9,1,55,0,34,6.72
2055.9,2,15,0,58,21.00
2058.0,0,11341,0,82,144.07
2058.0,1,55,0,34,6.67
2058.0,2,15,0,59,21.11
2060.1,0,11885,99,86,296.04
2060.1,1,55,0,34,11.67
2060.1,2,15,0,59,30.24
2062.1,0,12365,100,86,298.49
2062.1,1,55,0,34,6.82
2062.1,2,15,0,59,21.85
2064.2,0,14925,100,86,277.88
2064.2,1,55,0,34,6.61
2064.2,2,15,0,59,21.02
2066.3,0,12013,100,86,264.95
2066.3,1,55,0,34,8.55
2066.3,2,15,0,59,24.12
2068.4,0,14317,88,83,228.34
2068.4,1,55,0,34,7.19
2068.4,2,15,0,59,22.75
2070.4,0,14925,100,85,258.65
2070.4,1,55,0,34,6.69
2070.4,2,15,0,59,20.70
2072.5,0,11817,0,84,194.02
2072.5,1,55,0,34,7.22
2072.5,2,15,0,58,20.72
2074.6,0,11305,0,81,152.95
2074.6,1,55,0,34,6.74
2074.6,2,15,0,59,21.68
2076.7,0,11693,100,84,264.13
2076.7,1,55,0,34,6.12
2076.7,2,15,0,59,20.50
2078.8,0,11821,99,85,299.67
2078.8,1,55,0,34,5.91
2078.8,2,15,0,59,21.22
2080.8,0,11245,98,84,291.14
2080.8,1,55,0,34,10.16
2080.8,2,15,0,59,25.46
2082.9,0,20695,100,84,277.27
2082.9,1,55,0,34,6.08
2082.9,2,15,0,59,21.65
2085.0,0,39979,100,85,285.47
2085.0,1,55,0,34,5.39
2085.0,2,15,0,59,20.58
2087.0,0,39627,100,85,284.77
2087.0,1,55,0,34,6.81
2087.0,2,15,0,59,21.67
2089.1,0,39627,100,85,288.09
2089.1,1,55,0,34,6.22
2089.1,2,15,0,59,22.24
2091.2,0,39627,100,85,283.10
2091.2,1,55,0,34,5.69
2091.2,2,15,0,59,20.50
2093.2,0,39691,100,85,288.02
2093.2,1,55,0,34,5.85
2093.2,2,15,0,58,20.59
2095.3,0,39691,100,85,289.21
2095.3,1,55,0,34,9.92
2095.3,2,15,0,59,29.73
2097.4,0,39691,99,86,289.09
2097.4,1,55,0,34,5.80
2097.4,2,15,0,59,20.76
2099.5,0,39691,100,86,287.98
2099.5,1,55,0,34,6.53
2099.5,2,15,0,59,20.41
2101.6,0,39755,100,86,286.16
2101.6,1,55,0,34,8.20
2101.6,2,15,0,59,22.70
2103.6,0,39787,100,86,288.81
2103.6,1,55,0,34,7.22
2103.6,2,15,0,59,21.66
2105.7,0,39755,98,86,284.30
2105.7,1,55,0,34,6.65
2105.7,2,15,0,59,20.37
2107.8,0,39755,100,86,290.53
2107.8,1,55,0,34,6.87
2107.8,2,15,0,59,20.56
2109.9,0,39755,100,86,288.80
2109.9,1,55,0,34,11.49
2109.9,2,15,0,59,30.08
2112.0,0,39691,98,86,288.54
2112.0,1,55,0,34,6.63
2112.0,2,15,0,59,21.00
2114.1,0,39723,82,86,288.19
2114.1,1,55,0,34,6.59
2114.1,2,15,0,58,20.55
2116.2,0,39499,100,86,289.21
2116.2,1,55,0,34,8.90
2116.2,2,15,0,59,23.63
2118.3,0,39467,100,87,290.25
2118.3,1,55,0,34,7.51
2118.3,2,15,0,59,22.17
2120.4,0,39371,100,86,286.75
2120.4,1,55,0,34,6.97
2120.4,2,15,0,59,20.49
2122.5,0,39307,100,87,289.38
2122.5,1,55,0,34,7.00
2122.5,2,15,0,58,20.53
2124.6,0,39275,100,86,287.39
2124.6,1,55,0,34,11.33
2124.6,2,15,0,59,29.75
2126.7,0,39243,100,87,289.86
2126.7,1,55,0,34,6.82
2126.7,2,15,0,59,20.73
2128.8,0,39243,100,87,286.36
2128.8,1,55,0,34,6.63
2128.8,2,15,0,59,20.49
2130.9,0,42187,100,87,284.11
2130.9,1,55,0,34,9.01
2130.9,2,15,0,59,24.50
2133.0,0,43563,100,87,263.95
2133.0,1,55,0,34,7.39
2133.0,2,15,0,59,20.66
2135.1,0,39979,100,87,287.18
2135.1,1,55,0,34,6.84
2135.1,2,15,0,58,20.47
2137.2,0,42313,100,87,281.20
2137.2,1,55,0,34,7.20
2137.2,2,15,0,58,20.63
2139.3,0,42377,100,87,264.04
2139.3,1,55,0,34,7.41
2139.3,2,15,0,59,22.56
2141.4,0,39593,100,87,283.06
2141.4,1,55,0,34,6.80
2141.4,2,15,0,58,20.60
2143.5,0,39785,100,87,286.80
2143.5,1,55,0,34,7.08
2143.5,2,15,0,58,20.66
2145.6,0,39785,99,87,284.38
2145.6,1,55,0,34,11.36
2145.6,2,15,0,59,29.85
2147.7,0,39787,100,87,289.41
2147.7,1,55,0,34,7.00
2147.7,2,15,0,58,20.80
2149.8,0,39819,100,87,287.75
2149.8,1,55,0,34,6.82
2149.8,2,15,0,58,20.51
2151.9,0,39851,100,87,284.45
2151.9,1,55,0,34,8.01
2151.9,2,15,0,59,24.34
2154.0,0,39851,99,87,286.40
2154.0,1,55,0,34,7.32
2154.0,2,15,0,59,21.70
2156.1,0,39851,100,87,288.65
2156.1,1,55,0,34,6.90
2156.1,2,15,0,58,20.46
2158.2,0,39849,100,87,287.91
2158.2,1,55,0,34,7.25
2158.2,2,15,0,58,20.60
2160.3,0,39849,100,87,287.68
2160.3,1,55,0,34,11.69
2160.3,2,15,0,59,30.25
2162.4,0,39883,100,87,287.20
2162.4,1,55,0,34,7.24
2162.4,2,15,0,58,20.92
2164.4,0,39979,100,87,283.13
2164.4,1,55,0,34,7.09
2164.4,2,15,0,58,20.59
2166.5,0,21355,100,87,283.17
2166.5,1,55,0,34,8.38
2166.5,2,15,0,59,24.74
2168.6,0,21389,98,87,293.38
2168.6,1,55,0,34,7.77
2168.6,2,15,0,59,22.61
2170.7,0,21325,99,87,294.07
2170.7,1,55,0,34,6.80
2170.7,2,15,0,58,21.10
2172.8,0,20813,99,87,292.64
2172.8,1,55,0,34,6.91
2172.8,2,15,0,58,21.23
2174.8,0,24141,28,87,264.24
2174.8,1,55,0,34,11.57
2174.8,2,15,0,59,30.08
2176.9,0,25101,100,87,254.46
2176.9,1,55,0,34,6.99
2176.9,2,15,0,58,20.73
2179.0,0,21325,95,87,295.92
2179.0,1,55,0,34,6.89
2179.0,2,15,0,58,21.04
2181.1,0,20813,98,87,294.61
2181.1,1,55,0,34,11.57
2181.1,2,15,0,59,30.14
2183.2,0,21357,98,87,290.37
2183.2,1,55,0,34,6.93
2183.2,2,15,0,58,21.62
2185.3,0,21005,98,87,293.67
2185.3,1,55,0,34,6.80
2185.3,2,15,0,58,21.19
2187.4,0,22829,100,87,276.58
2187.4,1,55,0,34,6.99
2187.4,2,15,0,58,20.89
2189.5,0,21165,100,87,272.78
2189.5,1,55,0,34,11.90
2189.5,2,15,0,59,22.30
2191.6,0,21357,98,87,293.56
2191.6,1,55,0,34,6.85
2191.6,2,15,0,58,21.01
2193.6,0,21549,99,87,291.67
2193.6,1,55,0,34,7.16
2193.6,2,15,0,58,21.22
2195.7,0,21485,98,87,294.60
2195.7,1,55,0,34,11.38
2195.7,2,15,0,59,29.98
2197.8,0,20749,94,87,293.46
2197.8,1,55,0,34,7.14
2197.8,2,15,0,58,21.36
2199.9,0,23693,100,87,266.23
2199.9,1,55,0,34,6.72
2199.9,2,15,0,58,20.84
2202.0,0,21453,99,87,271.36
2202.0,1,55,0,34,7.32
2202.0,2,15,0,59,23.71
2204.1,0,21293,98,87,292.97
2204.1,1,55,0,34,6.75
2204.1,2,15,0,59,22.10
2206.2,0,20877,98,87,293.12
2206.2,1,55,0,34,6.73
2206.2,2,15,0,59,21.12
2208.3,0,21229,98,87,294.63
2208.3,1,55,0,34,6.85
2208.3,2,15,0,58,21.16
2210.3,0,20781,98,87,292.57
2210.3,1,55,0,34,11.47
2210.3,2,15,0,59,30.29
2212.4,0,20589,100,87,277.09
2212.4,1,55,0,34,7.07
2212.4,2,15,0,59,21.40
2214.5,0,21165,100,87,284.92
2214.5,1,55,0,34,6.81
2214.5,2,15,0,59,20.82
2216.6,0,21325,98,87,293.88
2216.6,1,55,0,34,8.96
2216.6,2,15,0,59,24.51
2218.7,0,21261,97,87,292.53
2218.7,1,55,0,34,7.24
2218.7,2,15,0,59,22.43
2220.8,0,21325,98,87,293.74
2220.8,1,55,0,34,6.67
2220.8,2,15,0,58,21.16
2222.8,0,20717,98,87,291.24
2222.8,1,55,0,34,6.82
2222.8,2,15,0,58,21.18
2224.9,0,22637,100,87,275.64
2224.9,1,55,0,34,11.80
2224.9,2,15,0,59,30.06
2227.0,0,21197,69,87,269.35
2227.0,1,55,0,34,6.66
2227.0,2,15,0,59,21.04
2229.1,0,21325,98,87,292.19
2229.1,1,55,0,34,6.71
2229.1,2,15,0,58,21.07
2231.2,0,21197,99,87,293.90
2231.2,1,55,0,34,11.60
2231.2,2,15,0,59,25.30
2233.3,0,21229,98,87,289.59
2233.3,1,55,0,34,7.07
2233.3,2,15,0,59,23.04
2235.4,0,21261,99,87,293.83
2235.4,1,55,0,34,6.64
2235.4,2,15,0,59,21.27
2237.5,0,24109,85,86,252.73
2237.5,1,55,0,34,6.81
2237.5,2,15,0,59,21.86
2239.5,0,23757,100,87,270.87
2239.5,1,55,0,34,11.28
2239.5,2,15,0,59,22.42
2241.6,0,21261,98,87,294.75
2241.6,1,55,0,34,6.57
2241.6,2,15,0,59,21.10
2243.7,0,21389,98,88,294.26
2243.7,1,55,0,34,6.77
2243.7,2,15,0,58,21.37
2245.8,0,21133,99,87,292.89
2245.8,1,55,0,34,11.19
2245.8,2,15,0,59,29.93
2247.9,0,21293,99,87,293.00
2247.9,1,55,0,34,6.90
2247.9,2,15,0,59,22.48
2249.9,0,20621,49,87,282.80
2249.9,1,55,0,34,6.64
2249.9,2,15,0,58,21.20
2252.0,0,23757,100,87,265.57
2252.0,1,55,0,34,6.64
2252.0,2,15,0,59,22.71
2254.1,0,21229,96,87,292.64
2254.1,1,55,0,34,7.20
2254.1,2,15,0,59,23.20
2256.2,0,21293,98,87,293.84
2256.2,1,55,0,34,6.72
2256.2,2,15,0,59,21.33
2258.3,0,21229,98,87,289.47
2258.3,1,55,0,34,6.98
2258.3,2,15,0,59,21.50
2260.4,0,21261,98,87,292.58
2260.4,1,55,0,34,11.73
2260.4,2,15,0,59,29.63
2262.4,0,24109,94,84,259.02
2262.4,1,55,0,34,6.89
2262.4,2,15,0,59,21.57
2264.5,0,24237,100,87,254.15
2264.5,1,55,0,34,6.95
2264.5,2,15,0,59,20.91
2266.6,0,21167,87,87,262.85
2266.6,1,55,0,34,8.96
2266.6,2,15,0,59,23.88
2268.7,0,21263,99,87,295.86
2268.7,1,55,0,34,7.32
2268.7,2,15,0,59,22.32
2270.8,0,21135,98,87,293.80
2270.8,1,55,0,34,7.02
2270.8,2,15,0,59,21.08
2272.9,0,21359,98,87,294.85
2272.9,1,55,0,34,7.03
2272.9,2,15,0,59,21.33
2274.9,0,20815,99,87,292.65
2274.9,1,55,0,34,11.52
2274.9,2,15,0,59,30.35
2277.0,0,24239,100,87,276.03
2277.0,1,55,0,34,6.70
2277.0,2,15,0,59,21.17
2279.1,0,21231,97,87,264.57
2279.1,1,55,0,34,6.63
2279.1,2,15,0,59,20.94
2281.2,0,21391,99,87,298.68
2281.2,1,55,0,34,9.11
2281.2,2,15,0,59,25.12
2283.3,0,20815,99,87,296.14
2283.3,1,55,0,34,7.78
2283.3,2,15,0,59,23.02
2285.4,0,21359,98,87,294.93
2285.4,1,55,0,34,6.76
2285.4,2,15,0,59,21.44
2287.5,0,20911,99,87,291.51
2287.5,1,55,0,34,6.99
2287.5,2,15,0,59,21.39
2289.6,0,20623,100,87,248.01
2289.6,1,55,0,34,11.37
2289.6,2,15,0,59,22.44
2291.7,0,20975,100,87,262.61
2291.7,1,55,0,34,6.86
2291.7,2,15,0,59,20.91
2293.7,0,20975,99,87,295.70
2293.7,1,55,0,34,6.84
2293.7,2,15,0,59,21.48
2295.8,0,21231,98,87,292.86
2295.8,1,55,0,34,11.73
2295.8,2,15,0,59,25.46
2297.9,0,21327,99,87,294.20
2297.9,1,55,0,34,6.90
2297.9,2,15,0,59,22.42
2300.0,0,20559,97,86,292.79
2300.0,1,55,0,34,6.80
2300.0,2,15,0,59,21.34
2302.1,0,32889,100,87,285.39
2302.1,1,55,0,34,6.90
2302.1,2,15,0,59,21.93
2304.2,0,34265,99,87,284.06
2304.2,1,55,0,34,7.46
2304.2,2,15,0,59,22.55
2306.2,0,39171,100,87,268.32
2306.2,1,55,0,34,6.56
2306.2,2,15,0,59,20.80
2308.3,0,39683,99,87,282.38
2308.3,1,55,0,34,6.86
2308.3,2,15,0,59,20.81
2310.4,0,39683,100,87,286.15
2310.4,1,55,0,34,11.49
2310.4,2,15,0,59,29.77
2312.5,0,39683,100,87,283.56
2312.5,1,55,0,34,6.96
2312.5,2,15,0,59,21.00
2314.6,0,39715,100,87,285.14
2314.6,1,55,0,34,6.86
2314.6,2,15,0,59,20.61
2316.7,0,39747,100,87,285.02
2316.7,1,55,0,34,8.48
2316.7,2,15,0,59,22.89
2318.8,0,39779,100,87,288.14
2318.8,1,55,0,34,7.24
2318.8,2,15,0,59,21.84
2320.9,0,39779,100,87,284.70
2320.9,1,55,0,34,6.77
2320.9,2,15,0,59,20.65
2323.0,0,39715,100,87,286.12
2323.0,1,55,0,34,6.81
2323.0,2,15,0,59,20.83
2325.0,0,39683,100,87,287.03
2325.0,1,55,0,34,11.66
2325.0,2,15,0,59,30.50
2327.1,0,39683,100,87,285.77
2327.1,1,55,0,34,7.04
2327.1,2,15,0,59,21.38
2329.2,0,39715,99,87,285.18
2329.2,1,55,0,34,6.78
2329.2,2,15,0,59,20.72
2331.3,0,39683,100,87,286.80
2331.3,1,55,0,34,8.73
2331.3,2,15,0,59,23.67
2333.4,0,39683,99,87,286.08
2333.4,1,55,0,34,7.42
2333.4,2,15,0,59,22.35
2335.5,0,39619,100,87,285.91
2335.5,1,55,0,34,6.74
2335.5,2,15,0,59,20.70
2337.6,0,39651,100,87,289.15
2337.6,1,55,0,34,6.94
2337.6,2,15,0,59,20.58
2339.7,0,39619,99,87,286.13
2339.7,1,55,0,34,7.24
2339.7,2,15,0,59,30.16
2341.8,0,39491,100,87,286.84
2341.8,1,55,0,34,6.47
2341.8,2,15,0,59,20.90
2343.9,0,39395,100,87,283.77
2343.9,1,55,0,34,6.74
2343.9,2,15,0,59,20.56
2346.0,0,39299,100,87,285.96
2346.0,1,55,0,34,8.81
2346.0,2,15,0,59,30.22
2348.1,0,39203,100,87,287.08
2348.1,1,55,0,34,6.80
2348.1,2,15,0,59,20.73
2350.1,0,39203,100,87,284.67
2350.1,1,55,0,34,6.56
2350.1,2,15,0,59,20.60
2352.2,0,42691,100,87,269.68
2352.2,1,55,0,34,7.27
2352.2,2,15,0,59,20.54
2354.3,0,42211,100,86,286.14
2354.3,1,55,0,34,7.26
2354.3,2,15,0,59,22.52
2356.4,0,39843,100,87,282.63
2356.4,1,55,0,34,6.54
2356.4,2,15,0,59,20.85
2358.5,0,39683,100,87,285.60
2358.5,1,55,0,34,6.67
2358.5,2,15,0,59,20.88
2360.6,0,39715,100,87,289.33
2360.6,1,55,0,34,10.92
2360.6,2,15,0,59,30.07
2362.7,0,39715,100,87,286.82
2362.7,1,55,0,34,6.68
2362.7,2,15,0,59,21.04
2364.7,0,39715,100,87,286.76
2364.7,1,55,0,34,6.34
2364.7,2,15,0,59,20.68
2366.8,0,39747,99,87,289.35
2366.8,1,55,0,34,7.81
2366.8,2,15,0,59,21.55
2368.9,0,39779,100,86,283.34
2368.9,1,55,0,34,6.98
2368.9,2,15,0,59,21.81
2371.0,0,39811,100,87,284.18
2371.0,1,55,0,34,6.56
2371.0,2,15,0,59,20.77
2373.1,0,39779,99,87,287.51
2373.1,1,55,0,34,6.65
2373.1,2,15,0,59,20.82
2375.2,0,39811,100,87,285.77
2375.2,1,55,0,34,11.23
2375.2,2,15,0,59,30.45
2377.3,0,39869,100,87,287.03
2377.3,1,55,0,34,6.53
2377.3,2,15,0,59,21.35
2379.4,0,39905,100,87,286.98
2379.4,1,55,0,34,6.49
2379.4,2,15,0,59,20.55
2381.4,0,39841,100,87,284.48
2381.4,1,55,0,34,8.36
2381.4,2,15,0,59,22.59
2383.5,0,39713,100,87,287.19
2383.5,1,55,0,34,6.67
2383.5,2,15,0,59,22.26
2385.6,0,39681,100,87,288.46
2385.6,1,55,0,34,6.70
2385.6,2,15,0,59,20.58
2387.7,0,39585,100,87,287.68
2387.7,1,55,0,34,6.50
2387.7,2,15,0,59,20.80
2389.8,0,39457,99,87,284.78
2389.8,1,55,0,34,11.32
2389.8,2,15,0,59,30.26
2391.9,0,39201,100,87,285.96
2391.9,1,55,0,34,6.65
2391.9,2,15,0,59,20.88
2394.0,0,39201,100,87,286.98
2394.0,1,55,0,34,6.55
2394.0,2,15,0,59,20.78
2396.0,0,39201,100,87,286.90
2396.0,1,55,0,34,8.65
2396.0,2,15,0,59,30.43
2398.1,0,39745,100,87,286.67
2398.1,1,55,0,34,6.72
2398.1,2,15,0,59,21.33
2400.2,0,39265,99,87,283.78
2400.2,1,55,0,34,6.51
2400.2,2,15,0,59,20.80
2402.3,0,39937,100,87,270.66
2402.3,1,55,0,34,6.47
2402.3,2,15,0,59,20.76
2404.4,0,42177,100,87,282.34
2404.4,1,55,0,34,7.35
2404.4,2,15,0,59,29.80
2406.5,0,39169,100,87,282.57
2406.5,1,55,0,34,6.49
2406.5,2,15,0,59,20.91
2408.6,0,39617,100,87,285.81
2408.6,1,55,0,34,6.72
2408.6,2,15,0,59,20.83
2410.7,0,39617,100,87,289.00
2410.7,1,55,0,34,11.43
2410.7,2,15,0,59,30.21
2412.8,0,39649,100,87,288.62
2412.8,1,55,0,34,6.67
2412.8,2,15,0,59,21.04
2414.9,0,39649,100,87,284.82
2414.9,1,55,0,34,6.47
2414.9,2,15,0,59,20.66
2417.0,0,39649,100,87,284.42
2417.0,1,55,0,34,7.21
2417.0,2,15,0,59,20.72
2419.1,0,39713,100,87,286.12
2419.1,1,55,0,34,7.24
2419.1,2,15,0,59,21.74
2421.2,0,39713,100,87,288.59
2421.2,1,55,0,34,6.75
2421.2,2,15,0,59,20.61
2423.3,0,39713,100,87,287.32
2423.3,1,55,0,34,6.89
2423.3,2,15,0,59,20.80
2425.3,0,39745,100,87,285.11
2425.3,1,55,0,34,11.09
2425.3,2,15,0,59,30.68
2427.4,0,39745,100,87,289.81
2427.4,1,55,0,34,6.88
2427.4,2,15,0,59,21.20
2429.5,0,39777,100,87,284.70
2429.5,1,55,0,34,6.31
2429.5,2,15,0,59,20.70
2431.6,0,39777,100,87,290.74
2431.6,1,55,0,34,7.73
2431.6,2,15,0,59,24.72
2433.7,0,39745,100,87,288.86
2433.7,1,55,0,34,6.59
2433.7,2,15,0,59,22.16
2435.8,0,39809,100,87,284.62
2435.8,1,55,0,34,6.25
2435.8,2,15,0,59,20.67
2437.9,0,39745,100,87,287.13
2437.9,1,55,0,34,6.59
2437.9,2,15,0,59,20.81
2439.9,0,39745,100,87,286.25
2439.9,1,55,0,34,11.03
2439.9,2,15,0,59,30.38
2442.0,0,39617,100,87,285.36
2442.0,1,55,0,34,6.53
2442.0,2,15,0,59,20.76
2444.1,0,39521,99,87,283.33
2444.1,1,55,0,34,6.46
2444.1,2,15,0,59,20.84
2446.2,0,39329,100,87,284.99
2446.2,1,55,0,34,11.13
2446.2,2,15,0,59,25.48
2448.3,0,39201,100,87,287.53
2448.3,1,55,0,34,6.77
2448.3,2,15,0,59,22.59
2450.4,0,39233,100,87,285.83
2450.4,1,55,0,34,6.49
2450.4,2,15,0,59,20.67
2452.5,0,39233,99,87,284.75
2452.5,1,55,0,34,6.59
2452.5,2,15,0,59,20.80
2454.6,0,39681,100,87,282.07
2454.6,1,55,0,34,11.75
2454.6,2,15,0,59,22.40
2456.6,0,39745,100,87,282.08
2456.6,1,55,0,34,6.76
2456.6,2,15,0,59,20.85
2458.7,0,39873,100,87,281.09
2458.7,1,55,0,34,6.90
2458.7,2,15,0,59,21.02
2460.8,0,39681,100,87,287.31
2460.8,1,55,0,34,11.24
2460.8,2,15,0,59,30.19
2462.9,0,39681,100,87,284.37
2462.9,1,55,0,34,6.81
2462.9,2,15,0,59,21.01
2465.0,0,39713,100,87,291.80
2465.0,1,55,0,34,6.84
2465.0,2,15,0,59,20.68
2467.1,0,39743,100,87,286.45
2467.1,1,55,1,34,7.01
2467.1,2,15,0,59,23.28
2469.2,0,39777,100,87,287.57
2469.2,1,55,0,34,7.01
2469.2,2,15,0,59,21.86
2471.3,0,39777,100,87,286.84
2471.3,1,55,0,34,6.60
2471.3,2,15,0,59,20.77
2473.4,0,39809,99,87,288.84
2473.4,1,55,0,34,6.66
2473.4,2,15,0,59,20.95
2475.4,0,39809,100,87,288.04
2475.4,1,55,0,34,11.34
2475.4,2,15,0,59,30.68
2477.5,0,39777,100,87,287.29
2477.5,1,55,0,34,6.98
2477.5,2,15,0,59,21.25
2479.6,0,39713,100,87,285.62
2479.6,1,55,0,34,6.53
2479.6,2,15,0,59,20.81
2481.7,0,39777,100,87,287.46
2481.7,1,55,0,34,8.68
2481.7,2,15,0,59,23.87
2483.8,0,39649,99,87,284.32
2483.8,1,55,0,34,7.25
2483.8,2,15,0,59,22.27
2485.9,0,39585,100,87,286.26
2485.9,1,55,0,34,6.64
2485.9,2,15,0,59,20.65
2488.0,0,39329,99,87,287.67
2488.0,1,55,0,34,6.60
2488.0,2,15,0,59,20.89
2490.1,0,39233,99,87,286.06
2490.1,1,55,0,34,11.17
2490.1,2,15,0,59,30.19
2492.2,0,39425,100,87,282.24
2492.2,1,55,0,34,6.78
2492.2,2,15,0,59,20.76
2494.3,0,39233,100,87,285.30
2494.3,1,55,0,34,6.62
2494.3,2,15,0,59,20.65
2496.3,0,39233,100,87,287.37
2496.3,1,55,0,34,8.76
2496.3,2,15,0,59,24.76
2498.4,0,39777,100,87,283.21
2498.4,1,55,0,34,7.51
2498.4,2,15,0,59,22.62
2500.5,0,40033,100,87,287.54
2500.5,1,55,0,34,6.48
2500.5,2,15,0,59,20.60
2502.6,0,40801,100,87,284.72
2502.6,1,55,0,34,6.61
2502.6,2,15,0,59,20.58
2504.7,0,39297,100,86,284.76
2504.7,1,55,0,34,7.16
2504.7,2,15,0,59,22.18
2506.8,0,39649,100,87,286.27
2506.8,1,55,0,34,6.46
2506.8,2,15,0,59,20.72
2508.9,0,39649,100,87,287.80
2508.9,1,55,0,34,6.74
2508.9,2,15,0,59,20.82
2511.0,0,39649,99,87,287.91
2511.0,1,55,0,34,11.20
2511.0,2,15,0,59,25.24
2513.1,0,39713,100,87,288.99
2513.1,1,55,0,34,6.75
2513.1,2,15,0,59,20.87
2515.2,0,39713,100,87,286.42
2515.2,1,55,0,34,6.72
2515.2,2,15,0,59,20.60
2517.2,0,39745,100,87,286.29
2517.2,1,55,0,34,8.09
2517.2,2,15,0,59,21.66
2519.3,0,39681,100,86,287.23
2519.3,1,55,0,34,7.13
2519.3,2,15,0,59,22.60
2521.4,0,39681,100,87,287.01
2521.4,1,55,0,34,6.60
2521.4,2,15,0,59,20.60
2523.5,0,39713,100,87,286.86
2523.5,1,55,0,34,6.81
2523.5,2,15,0,59,20.90
2525.6,0,39713,100,87,285.09
2525.6,1,55,0,34,11.56
2525.6,2,15,0,59,29.93
2527.7,0,39681,100,87,289.39
2527.7,1,55,0,34,7.06
2527.7,2,15,0,59,21.23
2529.8,0,39713,100,87,288.20
2529.8,1,55,0,34,6.73
2529.8,2,15,0,59,20.79
2531.9,0,39777,100,87,286.60
2531.9,1,55,0,34,8.31
2531.9,2,15,0,59,22.94
2533.9,0,39807,100,87,288.37
2533.9,1,55,0,34,6.69
2533.9,2,15,0,59,22.13
2536.0,0,39743,100,87,289.30
2536.0,1,55,0,34,6.72
2536.0,2,15,0,59,20.68
2538.1,0,39583,99,87,285.34
2538.1,1,55,0,34,7.00
2538.1,2,15,0,59,20.96
2540.2,0,39327,100,87,286.97
2540.2,1,55,0,34,11.65
2540.2,2,15,0,59,30.74
2542.3,0,39233,99,87,284.90
2542.3,1,55,0,34,6.84
2542.3,2,15,0,59,20.92
2544.4,0,39169,100,87,284.24
2544.4,1,55,0,34,7.00
2544.4,2,15,0,59,20.81
2546.5,0,39265,100,87,291.01
2546.5,1,55,0,34,8.91
2546.5,2,15,0,59,30.53
2548.6,0,41313,100,87,283.21
2548.6,1,55,0,34,7.78
2548.6,2,15,0,59,21.24
2550.7,0,42209,100,87,281.92
2550.7,1,55,0,34,6.85
2550.7,2,15,0,59,20.75
2552.8,0,40001,99,86,283.72
2552.8,1,55,0,34,7.09
2552.8,2,15,0,59,21.05
2554.9,0,39617,97,87,287.82
2554.9,1,55,0,34,7.12
2554.9,2,15,0,59,30.11
2557.0,0,39649,100,87,291.94
2557.0,1,55,0,34,6.75
2557.0,2,15,0,59,21.20
2559.0,0,39649,92,87,287.82
2559.0,1,55,0,34,6.67
2559.0,2,15,0,59,20.78
2561.1,0,39649,100,87,287.62
2561.1,1,55,0,34,11.19
2561.1,2,15,0,59,30.38
2563.2,0,39681,100,87,286.85
2563.2,1,55,0,34,7.12
2563.2,2,15,0,59,20.98
2565.2,0,39713,100,87,287.19
2565.2,1,55,0,34,6.44
2565.2,2,15,0,59,20.72
2567.3,0,39745,100,87,286.65
2567.3,1,55,0,34,7.63
2567.3,2,15,0,59,20.80
2569.4,0,39745,99,87,288.76
2569.4,1,55,0,34,7.13
2569.4,2,15,0,59,22.64
2571.5,0,39777,100,87,288.33
2571.5,1,55,0,34,6.24
2571.5,2,15,0,59,20.95
2573.6,0,39713,100,87,285.52
2573.6,1,55,0,34,6.56
2573.6,2,15,0,59,20.99
2575.7,0,39745,100,87,288.48
2575.7,1,55,0,34,11.15
2575.7,2,15,0,59,30.11
2577.8,0,39713,100,87,286.11
2577.8,1,55,0,34,6.59
2577.8,2,15,0,59,21.19
2579.9,0,39649,100,87,289.07
2579.9,1,55,0,34,6.51
2579.9,2,15,0,59,20.83
2581.9,0,39425,100,87,286.14
2581.9,1,55,0,34,7.97
2581.9,2,15,0,59,21.62
2584.0,0,39361,100,87,286.00
2584.0,1,55,0,34,6.87
2584.0,2,15,0,59,22.07
2586.1,0,39233,100,87,286.62
2586.1,1,55,0,34,6.44
2586.1,2,15,0,59,20.74
2588.2,0,39201,100,87,288.10
2588.2,1,55,0,34,6.49
2588.2,2,15,0,59,20.85
2590.3,0,39201,99,87,284.90
2590.3,1,55,0,34,11.29
2590.3,2,15,0,59,30.32
2592.4,0,42209,95,85,274.03
2592.4,1,55,0,34,6.47
2592.4,2,15,0,59,21.26
2594.5,0,42305,100,87,276.15
2594.5,1,55,0,34,6.53
2594.5,2,15,0,59,20.78
2596.5,0,40001,100,87,284.00
2596.5,1,55,1,34,8.77
2596.5,2,15,0,59,29.66
2598.6,0,39617,100,87,286.26
2598.6,1,55,0,34,7.50
2598.6,2,15,0,59,22.58
2600.7,0,39649,100,87,291.12
2600.7,1,55,0,34,6.74
2600.7,2,15,0,59,20.67
2602.8,0,39681,100,87,287.59
2602.8,1,55,0,34,6.79
2602.8,2,15,0,59,20.85
2604.9,0,39713,100,87,285.57
2604.9,1,55,0,34,11.56
2604.9,2,15,0,59,30.18
2607.0,0,39713,100,87,288.11
2607.0,1,55,0,34,6.65
2607.0,2,15,0,59,21.04
2609.1,0,39681,100,87,286.25
2609.1,1,55,0,34,6.56
2609.1,2,15,0,59,20.87
2611.2,0,39713,100,87,291.73
2611.2,1,55,0,34,8.83
2611.2,2,15,0,59,30.43
2613.3,0,39713,100,87,285.33
2613.3,1,55,0,34,6.72
2613.3,2,15,0,59,20.72
2615.3,0,30389,100,87,253.89
2615.3,1,55,0,34,6.30
2615.3,2,15,0,59,20.59
2617.4,0,30315,99,87,291.85
2617.4,1,55,0,34,6.72
2617.4,2,15,0,59,20.83
2619.5,0,32941,99,87,294.74
2619.5,1,55,0,34,6.82
2619.5,2,15,0,59,30.69
2621.6,0,29901,91,87,264.26
2621.6,1,55,0,34,6.79
2621.6,2,15,0,59,20.94
2623.7,0,30477,99,87,298.13
2623.7,1,55,0,34,6.83
2623.7,2,15,0,59,21.46
2625.8,0,30317,91,87,297.21
2625.8,1,55,0,34,11.47
2625.8,2,15,0,59,29.95
2627.9,0,32941,99,86,283.87
2627.9,1,55,0,34,6.87
2627.9,2,15,0,59,21.80
2629.9,0,30413,99,87,261.40
2629.9,1,55,0,34,6.68
2629.9,2,15,0,59,21.01
2632.0,0,30541,99,87,295.96
2632.0,1,55,0,34,7.96
2632.0,2,15,0,59,21.53
2634.1,0,30189,98,87,298.09
2634.1,1,55,0,34,7.31
2634.1,2,15,0,59,22.59
2636.2,0,32877,69,84,256.61
2636.2,1,55,0,34,6.76
2636.2,2,15,0,59,21.22
2638.3,0,30509,98,87,298.28
2638.3,1,55,0,34,6.90
2638.3,2,15,0,59,21.20
2640.4,0,30157,99,87,297.78
2640.4,1,55,0,34,11.39
2640.4,2,15,0,59,30.52
2642.5,0,32941,47,86,278.42
2642.5,1,55,0,34,6.66
2642.5,2,15,0,59,21.98
2644.6,0,30381,97,87,291.05
2644.6,1,55,0,34,6.59
2644.6,2,15,0,59,21.19
2646.7,0,30541,98,87,298.62
2646.7,1,55,0,34,8.28
2646.7,2,15,0,59,25.11
2648.8,0,30093,98,87,294.68
2648.8,1,55,0,34,7.32
2648.8,2,15,0,59,22.97
2650.8,0,33293,100,86,263.77
2650.8,1,55,0,34,6.76
2650.8,2,15,0,59,21.39
2652.9,0,30445,99,87,290.25
2652.9,1,55,0,34,7.17
2652.9,2,15,0,59,21.16
2655.0,0,30317,99,87,298.08
2655.0,1,55,0,34,11.22
2655.0,2,15,0,59,30.17
2657.1,0,30669,98,87,295.62
2657.1,1,55,0,34,6.92
2657.1,2,15,0,59,21.45
2659.2,0,32973,100,87,276.91
2659.2,1,55,0,34,6.58
2659.2,2,15,0,59,21.13
2661.3,0,30509,99,87,296.91
2661.3,1,55,0,34,8.35
2661.3,2,15,0,59,25.64
2663.3,0,11713,98,87,295.41
2663.3,1,55,0,34,6.75
2663.3,2,15,0,59,23.33
2665.4,0,14819,64,85,277.70
2665.4,1,55,0,34,6.64
2665.4,2,15,0,59,21.46
2667.5,0,11811,84,87,266.36
2667.5,1,55,0,34,6.64
2667.5,2,15,0,59,21.27
2669.6,0,14819,7,86,224.71
2669.6,1,55,0,34,11.70
2669.6,2,15,0,59,22.64
2671.7,0,14467,95,84,218.41
2671.7,1,55,0,34,6.99
2671.7,2,15,0,59,21.09
2673.8,0,12131,100,85,225.05
2673.8,1,55,0,34,6.81
2673.8,2,15,0,59,21.02
2675.8,0,14241,62,86,247.12
2675.8,1,55,0,34,11.36
2675.8,2,15,0,59,30.43
2677.9,0,29749,0,85,209.03
2677.9,1,55,0,34,7.12
2677.9,2,15,0,59,21.22
2680.0,0,29749,100,85,286.76
2680.0,1,55,0,34,6.04
2680.0,2,15,0,59,20.74
2682.1,0,39201,100,85,287.36
2682.1,1,55,1,34,5.98
2682.1,2,15,0,59,23.04
2684.1,0,42785,100,86,280.16
2684.1,1,55,0,34,5.99
2684.1,2,15,0,59,21.72
2686.2,0,43585,100,86,287.99
2686.2,1,55,0,34,5.51
2686.2,2,15,0,59,20.72
2688.3,0,40161,100,85,286.52
2688.3,1,55,0,34,5.80
2688.3,2,15,0,59,20.86
2690.4,0,39649,100,86,287.39
2690.4,1,55,0,34,10.08
2690.4,2,15,0,59,30.50
2692.4,0,39649,99,86,287.97
2692.4,1,55,0,34,5.82
2692.4,2,15,0,59,21.23
2694.5,0,39681,100,86,286.92
2694.5,1,55,0,34,5.57
2694.5,2,15,0,59,20.72
2696.6,0,39713,100,86,287.45
2696.6,1,55,0,34,6.72
2696.6,2,15,0,59,23.91
2698.7,0,39713,99,86,285.15
2698.7,1,55,0,34,7.15
2698.7,2,15,0,59,22.24
2700.7,0,39745,100,86,288.03
2700.7,1,55,0,34,6.41
2700.7,2,15,0,59,20.82
2702.8,0,39809,100,86,285.13
2702.8,1,55,0,34,6.48
2702.8,2,15,0,59,20.98
2704.9,0,39681,100,86,292.32
2704.9,1,55,0,34,11.11
2704.9,2,15,0,59,30.22
2707.0,0,39713,100,87,289.66
2707.0,1,55,0,34,6.63
2707.0,2,15,0,59,20.85
2709.1,0,39777,100,87,287.67
2709.1,1,55,0,34,6.69
2709.1,2,15,0,59,20.70
2711.2,0,39617,100,86,287.48
2711.2,1,55,0,34,8.27
2711.2,2,15,0,59,24.68
2713.3,0,39521,100,87,288.86
2713.3,1,55,0,34,7.21
2713.3,2,15,0,59,22.79
2715.3,0,39457,99,86,285.48
2715.3,1,55,0,34,6.70
2715.3,2,15,0,59,20.77
2717.4,0,39297,100,87,286.23
2717.4,1,55,0,34,6.88
2717.4,2,15,0,59,20.98
2719.5,0,39265,99,86,285.23
2719.5,1,55,0,34,11.52
2719.5,2,15,0,59,29.95
2721.6,0,39265,100,87,288.66
2721.6,1,55,0,34,6.66
2721.6,2,15,0,59,20.78
2723.6,0,39201,98,87,287.61
2723.6,1,55,0,34,6.50
2723.6,2,15,0,59,20.86
2725.7,0,39169,100,87,286.21
2725.7,1,55,0,34,8.46
2725.7,2,15,0,59,25.26
2727.8,0,39233,99,87,287.45
2727.8,1,55,0,34,7.09
2727.8,2,15,0,59,22.16
2729.9,0,39041,100,87,289.19
2729.9,1,55,0,34,6.41
2729.9,2,15,0,59,20.88
2732.0,0,40449,100,87,284.77
2732.0,1,55,0,34,6.57
2732.0,2,15,0,59,21.02
2734.1,0,39329,100,87,288.96
2734.1,1,55,0,34,11.47
2734.1,2,15,0,59,21.92
2736.2,0,39329,100,87,284.94
2736.2,1,55,0,34,6.66
2736.2,2,15,0,59,20.88
2738.3,0,39329,97,87,287.42
2738.3,1,55,0,34,6.79
2738.3,2,15,0,59,20.97
2740.3,0,39329,99,87,287.78
2740.3,1,55,0,34,11.55
2740.3,2,15,0,59,30.75
2742.4,0,39329,100,87,287.15
2742.4,1,55,0,34,6.99
2742.4,2,15,0,59,21.27
2744.5,0,39329,100,87,287.58
2744.5,1,55,0,34,6.54
2744.5,2,15,0,59,20.83
2746.7,0,39329,100,87,286.59
2746.7,1,55,0,34,7.15
2746.7,2,15,0,59,22.86
2748.8,0,39361,100,87,289.44
2748.8,1,55,0,34,7.32
2748.8,2,15,0,59,22.15
2750.9,0,39329,100,87,283.10
2750.9,1,55,0,34,6.43
2750.9,2,15,0,59,20.70
2753.0,0,39233,100,87,289.35
2753.0,1,55,0,34,6.65
2753.0,2,15,0,59,20.90
2755.1,0,39201,99,87,283.34
2755.1,1,55,0,34,11.22
2755.1,2,15,0,59,30.48
2757.2,0,39233,100,87,286.06
2757.2,1,55,0,34,6.66
2757.2,2,15,0,59,20.93
2759.3,0,39105,100,87,285.49
2759.3,1,55,0,34,6.65
2759.3,2,15,0,59,20.79
2761.3,0,39073,99,87,285.77
2761.3,1,55,0,34,8.55
2761.3,2,15,0,59,23.86
2763.4,0,39041,98,87,280.80
2763.4,1,55,0,34,7.11
2763.4,2,15,0,59,22.62
2765.5,0,39041,99,87,285.89
2765.5,1,55,0,34,6.42
2765.5,2,15,0,59,20.73
2767.6,0,39041,100,87,284.83
2767.6,1,55,0,34,6.73
2767.6,2,15,0,59,20.99
2769.6,0,39041,100,87,285.32
2769.6,1,55,0,34,11.09
2769.6,2,15,0,59,30.20
2771.7,0,39043,99,87,288.07
2771.7,1,55,0,34,6.82
2771.7,2,15,0,59,21.20
2773.8,0,39043,100,87,288.04
2773.8,1,55,0,34,6.27
2773.8,2,15,0,59,20.84
2775.8,0,39043,100,87,286.04
2775.8,1,55,0,34,11.19
2775.8,2,15,0,59,25.00
2777.9,0,29773,99,87,288.90
2777.9,1,55,0,34,6.79
2777.9,2,15,0,59,22.25
2780.0,0,11171,98,83,249.26
2780.0,1,55,0,34,6.55
2780.0,2,15,0,59,21.55
2782.1,0,11171,39,86,182.63
2782.1,1,55,0,34,6.88
2782.1,2,15,1,59,21.32
2784.2,0,11171,21,84,157.36
2784.2,1,55,0,34,11.40
2784.2,2,15,0,59,23.02
2786.3,0,11167,6,81,115.54
2786.3,1,55,0,34,6.76
2786.3,2,15,0,59,20.79
2788.4,0,11171,0,80,184.69
2788.4,1,55,0,34,6.80
2788.4,2,15,0,59,21.11
2790.4,0,11171,99,84,262.57
2790.4,1,55,0,34,11.42
2790.4,2,15,0,59,29.94
2792.5,0,11173,98,84,248.31
2792.5,1,55,0,34,6.87
2792.5,2,15,0,59,22.80
2794.6,0,11149,98,83,232.11
2794.6,1,55,0,34,6.17
2794.6,2,15,0,59,21.58
2796.7,0,11149,96,85,287.49
2796.7,1,55,0,34,6.18
2796.7,2,15,0,59,23.05
2798.8,0,11149,97,84,288.14
2798.8,1,55,0,34,10.55
2798.8,2,15,0,59,22.91
2800.9,0,11149,98,85,287.80
2800.9,1,55,0,34,6.28
2800.9,2,15,0,59,21.58
2802.9,0,11149,96,85,286.81
2802.9,1,55,0,34,6.07
2802.9,2,15,0,59,21.63
2805.0,0,14285,99,84,282.68
2805.0,1,55,0,34,9.92
2805.0,2,15,0,59,30.52
2807.1,0,11757,97,85,283.64
2807.1,1,55,0,34,5.56
2807.1,2,15,0,59,21.21
2809.1,0,11851,96,86,297.34
2809.1,1,55,0,34,5.49
2809.1,2,15,0,59,21.54
2811.2,0,11395,100,86,297.25
2811.2,1,55,0,34,6.45
2811.2,2,15,0,59,23.89
2813.3,0,12131,100,86,264.47
2813.3,1,55,0,34,6.16
2813.3,2,15,0,59,22.65
2815.3,0,11907,99,86,298.83
2815.3,1,55,0,34,5.23
2815.3,2,15,0,59,21.20
2817.4,0,11267,0,81,167.08
2817.4,1,55,0,34,5.50
2817.4,2,15,0,59,21.23
2819.5,0,11267,0,80,111.77
2819.5,1,55,0,34,11.08
2819.5,2,15,0,59,29.91
2821.5,0,11267,0,79,103.42
2821.5,1,55,0,34,6.83
2821.5,2,15,0,59,20.76
2823.6,0,14339,99,82,270.45
2823.6,1,55,0,34,6.53
2823.6,2,15,0,59,20.64
2825.7,0,11883,100,83,281.99
2825.7,1,55,0,34,8.08
2825.7,2,15,1,59,24.35
2827.8,0,11339,0,78,111.39
2827.8,1,55,0,34,7.01
2827.8,2,15,0,59,21.77
2829.9,0,11915,0,78,111.87
2829.9,1,55,0,34,6.55
2829.9,2,15,0,59,20.61
2832.0,0,11821,100,82,270.32
2832.0,1,55,0,34,6.82
2832.0,2,15,0,59,21.09
2834.0,0,11757,99,83,293.51
2834.0,1,55,0,34,10.68
2834.0,2,15,0,59,30.61
2836.1,0,15629,100,82,197.75
2836.1,1,55,0,34,6.21
2836.1,2,15,0,59,21.73
2838.2,0,11757,99,83,274.93
2838.2,1,55,0,34,5.66
2838.2,2,15,0,59,21.03
2840.3,0,11309,99,84,294.13
2840.3,1,55,0,34,7.24
2840.3,2,15,0,59,25.29
2842.3,0,11725,100,83,261.84
2842.3,1,55,0,34,6.18
2842.3,2,15,0,59,22.57
2844.4,0,11317,72,81,278.32
2844.4,1,55,0,34,5.46
2844.4,2,15,0,59,21.27
2846.5,0,20417,100,84,292.38
2846.5,1,55,0,34,5.58
2846.5,2,15,0,59,21.39
2848.6,0,20417,100,85,288.12
2848.6,1,55,0,34,9.96
2848.6,2,15,0,59,30.27
2850.6,0,20417,100,81,231.90
2850.6,1,55,0,34,5.85
2850.6,2,15,0,59,20.90
2852.7,0,20417,7,83,206.01
2852.7,1,55,0,34,5.69
2852.7,2,15,0,59,21.06
2854.8,0,29707,100,84,288.73
2854.8,1,55,1,34,7.54
2854.8,2,15,0,59,25.60
2856.8,0,29707,100,84,286.82
2856.8,1,55,0,34,6.18
2856.8,2,15,0,59,22.73
2858.9,0,29707,9,81,171.56
2858.9,1,55,0,34,5.32
2858.9,2,15,0,59,20.89
2861.0,0,29707,44,80,201.19
2861.0,1,55,0,34,5.07
2861.0,2,15,0,59,20.85
2863.0,0,29707,0,78,104.52
2863.0,1,55,0,34,5.86
2863.0,2,15,0,59,29.69
2865.1,0,29707,0,77,101.61
2865.1,1,55,0,34,5.25
2865.1,2,15,0,59,20.42
2867.2,0,29707,81,81,244.45
2867.2,1,55,0,34,5.46
2867.2,2,15,0,59,20.83
2869.2,0,29707,86,82,258.22
2869.2,1,55,0,34,7.40
2869.2,2,15,0,59,30.17
2871.3,0,29707,100,82,261.56
2871.3,1,55,0,34,5.87
2871.3,2,15,0,59,21.03
2873.4,0,29707,100,82,249.74
2873.4,1,55,0,34,5.38
2873.4,2,15,0,59,20.73
2875.5,0,29707,100,82,278.70
2875.5,1,55,0,34,6.16
2875.5,2,15,0,59,20.79
2877.5,0,11123,0,78,155.24
2877.5,1,55,0,34,6.17
2877.5,2,15,0,59,30.36
2879.6,0,11127,83,82,269.03
2879.6,1,55,0,34,6.32
2879.6,2,15,0,59,21.30
2881.7,0,11125,0,77,109.32
2881.7,1,55,0,34,6.51
2881.7,2,15,0,59,21.04
2883.8,0,11125,97,82,284.08
2883.8,1,55,0,34,11.19
2883.8,2,15,0,59,30.71
2885.9,0,11147,72,82,285.79
2885.9,1,55,0,34,6.63
2885.9,2,15,0,59,22.09
2888.0,0,11147,99,83,294.51
2888.0,1,55,0,34,6.26
2888.0,2,15,0,58,21.54
2890.1,0,11147,11,84,281.35
2890.1,1,55,0,34,7.20
2890.1,2,15,0,58,21.45
2892.2,0,11147,32,81,219.85
2892.2,1,55,0,34,6.89
2892.2,2,15,0,59,22.62
2894.2,0,11147,12,80,201.36
2894.2,1,55,0,34,6.11
2894.2,2,15,0,58,21.26
2896.3,0,11147,52,80,190.18
2896.3,1,55,0,34,5.71
2896.3,2,15,0,58,21.34
2898.4,0,11147,97,83,223.52
2898.4,1,55,0,34,10.14
2898.4,2,15,0,59,30.60
2900.5,0,11147,93,83,290.18
2900.5,1,55,0,34,5.64
2900.5,2,15,0,58,21.63
2902.5,0,11147,97,84,292.55
2902.5,1,55,0,34,5.45
2902.5,2,15,0,58,21.34
2904.6,0,11243,75,84,267.29
2904.6,1,55,0,34,6.86
2904.6,2,15,0,59,24.74
2906.7,0,11915,100,83,266.30
2906.7,1,55,0,34,5.86
2906.7,2,15,0,59,22.82
2908.7,0,11243,100,83,267.55
2908.7,1,55,0,34,5.56
2908.7,2,15,0,58,21.02
2910.8,0,14315,54,84,265.36
2910.8,1,55,0,34,5.70
2910.8,2,15,0,58,21.23
2912.9,0,12043,99,84,261.45
2912.9,1,55,0,34,10.19
2912.9,2,15,0,59,29.84
2914.9,0,14795,82,84,215.66
2914.9,1,55,0,34,5.65
2914.9,2,15,0,58,21.32
2917.0,0,11241,94,81,221.47
2917.0,1,55,0,34,5.49
2917.0,2,15,0,58,21.27
2919.1,0,14315,100,84,272.24
2919.1,1,55,0,34,7.25
2919.1,2,15,0,59,23.50
2921.1,0,11853,93,85,280.76
2921.1,1,55,0,34,5.91
2921.1,2,15,0,59,22.43
2923.2,0,11661,99,85,291.66
2923.2,1,55,0,34,5.51
2923.2,2,15,0,58,21.56
2925.3,0,13709,100,85,270.95
2925.3,1,55,0,34,5.54
2925.3,2,15,0,58,21.61
2927.3,0,14861,100,85,273.60
2927.3,1,55,0,34,10.20
2927.3,2,15,0,59,30.58
2929.4,0,12109,99,86,299.23
2929.4,1,55,0,34,5.55
2929.4,2,15,0,58,21.88
2931.5,0,11853,98,86,298.34
2931.5,1,55,0,34,5.40
2931.5,2,15,0,58,21.44
2933.6,0,11885,99,87,297.91
2933.6,1,55,0,34,7.65
2933.6,2,15,0,59,24.16
2935.6,0,14829,100,86,244.73
2935.6,1,55,0,34,6.31
2935.6,2,15,0,58,21.46
2937.7,0,14445,100,86,266.13
2937.7,1,55,0,34,5.47
2937.7,2,15,0,58,20.88
2939.8,0,12013,99,87,296.88
2939.8,1,55,0,34,6.57
2939.8,2,15,0,58,21.24
2941.9,0,11437,99,87,290.90
2941.9,1,55,0,34,11.14
2941.9,2,15,0,59,29.93
2943.9,0,11981,100,87,291.40
2943.9,1,55,0,34,6.34
2943.9,2,15,0,58,21.49
2946.0,0,11693,100,87,289.10
2946.0,1,55,0,34,6.79
2946.0,2,15,0,58,21.38
2948.1,0,14893,100,87,271.02
2948.1,1,55,0,34,11.57
2948.1,2,15,0,58,30.38
2950.2,0,11885,100,88,276.05
2950.2,1,55,0,34,6.86
2950.2,2,15,0,58,21.08
2952.3,0,12045,99,88,285.82
2952.3,1,55,0,34,6.50
2952.3,2,15,0,58,21.18
2954.4,0,11949,99,88,282.83
2954.4,1,55,0,34,6.44
2954.4,2,15,1,58,21.16
2956.4,0,12077,99,88,285.46
2956.4,1,55,0,34,7.29
2956.4,2,15,0,58,23.12
2958.5,0,12077,99,88,281.42
2958.5,1,55,0,34,6.69
2958.5,2,15,0,58,21.45
2960.6,0,14253,100,87,260.04
2960.6,1,55,0,34,6.92
2960.6,2,15,0,58,21.52
2962.7,0,12205,100,87,267.33
2962.7,1,55,0,34,11.37
2962.7,2,15,0,58,30.15
2964.8,0,12013,99,88,285.33
2964.8,1,55,0,34,7.03
2964.8,2,15,0,58,21.72
2966.9,0,11661,99,88,283.20
2966.9,1,55,0,34,6.82
2966.9,2,15,0,58,21.43
2969.0,0,11949,99,88,285.64
2969.0,1,55,0,34,8.44
2969.0,2,15,0,58,22.23
2971.1,0,11469,100,88,284.21
2971.1,1,55,0,34,6.80
2971.1,2,15,0,58,22.54
2973.2,0,14925,99,87,262.65
2973.2,1,55,0,34,6.80
2973.2,2,15,0,58,21.14
2975.3,0,11885,99,88,280.11
2975.3,1,55,0,34,6.80
2975.3,2,15,0,58,21.19
2977.3,0,11565,85,87,275.25
2977.3,1,55,0,34,11.57
2977.3,2,15,0,58,30.22
2979.5,0,11949,82,87,276.64
2979.5,1,55,0,34,6.79
2979.5,2,15,0,58,21.89
2981.6,0,11469,86,87,279.57
2981.6,1,55,0,34,6.66
2981.6,2,15,0,58,21.28
2983.6,0,12941,100,87,270.13
2983.6,1,55,0,34,8.18
2983.6,2,15,0,58,25.43
2985.7,0,14477,100,86,261.37
2985.7,1,55,0,34,6.82
2985.7,2,15,0,58,22.63
2987.8,0,11853,97,88,279.36
2987.8,1,55,0,34,5.54
2987.8,2,15,0,58,21.28
2989.9,0,11597,98,87,282.01
2989.9,1,55,0,34,5.57
2989.9,2,15,0,58,21.70
2991.9,0,11853,90,88,282.40
2991.9,1,55,0,34,5.85
2991.9,2,15,0,58,30.03
2994.0,0,12013,98,87,278.92
2994.0,1,55,0,34,5.39
2994.0,2,15,0,58,21.63
2996.1,0,11501,92,88,278.06
2996.1,1,55,0,34,5.41
2996.1,2,15,0,58,21.39
2998.2,0,11277,95,86,271.26
2998.2,1,55,0,34,8.16
2998.2,2,15,0,58,30.26
3000.3,0,11917,98,87,254.29
3000.3,1,55,0,34,6.96
3000.3,2,15,0,58,21.59
3002.4,0,12045,98,88,285.70
3002.4,1,55,0,34,6.49
3002.4,2,15,0,58,21.47
3004.5,0,11533,94,87,281.51
3004.5,1,55,0,34,7.38
3004.5,2,15,0,58,21.34
3006.6,0,12077,100,87,291.19
3006.6,1,55,0,34,7.24
3006.6,2,15,0,58,29.83
3008.6,0,11629,99,88,287.66
3008.6,1,55,0,34,6.42
3008.6,2,15,0,58,21.38
3010.7,0,14925,100,87,270.89
3010.7,1,55,0,34,6.68
3010.7,2,15,0,58,21.34
3012.8,0,11917,88,88,278.39
3012.8,1,55,0,34,11.01
3012.8,2,15,0,58,30.13
3014.9,0,11757,99,87,285.83
3014.9,1,55,0,34,6.40
3014.9,2,15,0,58,21.70
3017.0,0,14509,100,87,264.96
3017.0,1,55,0,34,6.44
3017.0,2,15,0,58,21.39
3019.0,0,12109,99,87,290.05
3019.0,1,55,0,34,7.88
3019.0,2,15,0,58,21.26
3021.1,0,11629,93,87,286.38
3021.1,1,55,0,34,6.93
3021.1,2,15,0,58,22.54
3023.2,0,12013,99,87,284.27
3023.2,1,55,0,34,6.46
3023.2,2,15,0,58,21.32
3025.3,0,11789,98,88,288.05
3025.3,1,55,0,34,6.56
3025.3,2,15,0,58,21.44
3027.4,0,14989,100,87,279.00
3027.4,1,55,0,34,11.22
3027.4,2,15,0,58,30.46
3029.5,0,14989,100,87,263.80
3029.5,1,55,0,34,6.89
3029.5,2,15,0,58,21.58
3031.6,0,11981,99,88,287.45
3031.6,1,55,0,34,6.57
3031.6,2,15,0,58,21.28
3033.6,0,14509,99,87,277.08
3033.6,1,55,0,34,8.29
3033.6,2,15,0,58,25.08
3035.7,0,11981,100,87,285.45
3035.7,1,55,0,34,7.18
3035.7,2,15,0,58,22.64
3037.8,0,11949,99,88,287.75
3037.8,1,55,0,34,6.62
3037.8,2,15,0,58,21.40
3039.9,0,11981,99,87,285.77
3039.9,1,55,0,34,6.74
3039.9,2,15,0,58,21.52
3042.0,0,11757,99,87,288.51
3042.0,1,55,0,34,11.19
3042.0,2,15,0,58,30.24
3044.1,0,14445,100,87,274.06
3044.1,1,55,0,34,6.72
3044.1,2,15,0,58,21.46
3046.2,0,11853,100,88,274.71
3046.2,1,55,0,34,6.70
3046.2,2,15,0,58,21.24
3048.3,0,12077,99,88,288.24
3048.3,1,55,0,34,8.77
3048.3,2,15,0,58,25.84
3050.3,0,15885,100,87,282.98
3050.3,1,55,0,34,6.59
3050.3,2,15,0,59,23.24
3052.4,0,12085,99,87,269.34
3052.4,1,55,0,34,6.08
3052.4,2,15,0,58,21.19
3054.5,0,15029,100,87,264.20
3054.5,1,55,0,34,5.63
3054.5,2,15,0,58,21.28
3056.5,0,15027,100,87,272.69
3056.5,1,55,0,34,6.18
3056.5,2,15,0,58,29.75
3058.6,0,12181,94,87,262.50
3058.6,1,55,0,34,6.18
3058.6,2,15,0,58,21.30
3060.7,0,11541,94,87,281.30
3060.7,1,55,0,34,6.59
3060.7,2,15,0,58,21.62
3062.8,0,14901,100,87,273.25
3062.8,1,55,0,34,8.68
3062.8,2,15,0,58,30.24
3064.9,0,14485,47,87,263.14
3064.9,1,55,0,34,6.96
3064.9,2,15,0,58,21.29
3067.0,0,11959,99,87,281.92
3067.0,1,55,0,34,6.71
3067.0,2,15,0,58,21.08
3069.0,0,11639,98,87,292.27
3069.0,1,55,0,34,7.32
3069.0,2,15,0,58,21.47
3071.1,0,11863,99,87,292.24
3071.1,1,55,0,34,6.94
3071.1,2,15,0,58,22.23
3073.2,0,11959,99,87,289.61
3073.2,1,55,0,34,6.49
3073.2,2,15,0,58,21.46
3075.3,0,11991,99,87,290.75
3075.3,1,55,0,34,6.70
3075.3,2,15,0,58,21.56
3077.4,0,14845,4,84,239.82
3077.4,1,55,0,34,11.46
3077.4,2,15,0,58,30.57
3079.5,0,23273,100,87,264.34
3079.5,1,55,0,34,6.90
3079.5,2,15,0,58,21.50
3081.5,0,32019,100,87,260.51
3081.5,1,55,0,34,6.67
3081.5,2,15,0,58,20.81
3083.6,0,33141,100,87,271.50
3083.6,1,55,0,34,8.11
3083.6,2,15,1,58,24.11
3085.7,0,30037,100,87,262.72
3085.7,1,55,0,34,7.12
3085.7,2,15,0,59,22.49
3087.8,0,30549,100,87,287.24
3087.8,1,55,0,34,6.51
3087.8,2,15,0,58,20.93
3089.9,0,30581,98,87,284.77
3089.9,1,55,0,34,6.74
3089.9,2,15,0,58,21.04
3092.0,0,30581,100,87,285.74
3092.0,1,55,0,34,11.28
3092.0,2,15,0,59,30.25
3094.1,0,30645,99,87,285.53
3094.1,1,55,0,34,6.60
3094.1,2,15,0,58,20.96
3096.2,0,30677,100,87,284.53
3096.2,1,55,0,34,6.38
3096.2,2,15,0,58,20.96
3098.3,0,31093,92,86,255.50
3098.3,1,55,0,34,8.23
3098.3,2,15,0,58,24.85
3100.3,0,29909,0,82,124.80
3100.3,1,55,0,34,7.50
3100.3,2,15,0,59,22.46
3102.4,0,29909,0,81,108.07
3102.4,1,55,0,34,6.72
3102.4,2,15,0,58,20.54
3104.5,0,29909,0,79,103.45
3104.5,1,55,0,34,7.06
3104.5,2,15,0,58,20.61
3106.6,0,30133,98,84,220.69
3106.6,1,55,0,34,11.68
3106.6,2,15,0,59,29.74
3108.7,0,30037,100,84,288.13
3108.7,1,55,0,34,6.61
3108.7,2,15,0,58,21.10
3110.7,0,32853,100,84,270.27
3110.7,1,55,0,34,5.47
3110.7,2,15,0,58,21.22
3112.8,0,33461,100,84,277.11
3112.8,1,55,0,34,7.38
3112.8,2,15,0,59,25.50
3114.9,0,34357,95,84,266.96
3114.9,1,55,0,34,5.93
3114.9,2,15,0,59,22.13
3116.9,0,33045,100,85,279.71
3116.9,1,55,0,34,5.24
3116.9,2,15,0,58,21.16
3119.0,0,30581,94,84,286.03
3119.0,1,55,1,34,6.69
3119.0,2,15,0,58,21.09
3121.1,0,30613,99,85,290.71
3121.1,1,55,0,34,6.85
3121.1,2,15,0,59,30.42
3123.2,0,30645,100,85,285.39
3123.2,1,55,0,34,6.31
3123.2,2,15,0,58,21.06
3125.3,0,30677,100,85,290.69
3125.3,1,55,0,34,6.71
3125.3,2,15,0,58,21.18
3127.4,0,30677,99,85,285.14
3127.4,1,55,0,34,8.92
3127.4,2,15,0,59,29.93
3129.5,0,30645,100,85,287.42
3129.5,1,55,0,34,7.46
3129.5,2,15,0,58,21.43
3131.5,0,30613,98,86,288.46
3131.5,1,55,0,34,6.57
3131.5,2,15,0,58,20.96
3133.6,0,30293,100,86,282.79
3133.6,1,55,0,34,7.84
3133.6,2,15,0,58,20.99
3135.7,0,30069,83,85,266.98
3135.7,1,55,0,34,7.34
3135.7,2,15,0,59,22.83
3137.8,0,33461,100,86,276.31
3137.8,1,55,0,34,6.97
3137.8,2,15,0,58,21.29
3139.9,0,32693,100,86,273.37
3139.9,1,55,0,34,7.07
3139.9,2,15,0,58,21.20
3142.0,0,30549,98,86,286.68
3142.0,1,55,0,34,11.49
3142.0,2,15,0,59,30.66
3144.0,0,30613,93,86,269.77
3144.0,1,55,0,34,6.89
3144.0,2,15,0,58,21.29
3146.1,0,33397,3,85,200.79
3146.1,1,55,0,34,6.89
3146.1,2,15,0,58,21.10
3148.2,0,31253,100,85,275.11
3148.2,1,55,0,34,8.56
3148.2,2,15,0,59,24.32
3150.3,0,30005,88,86,282.40
3150.3,1,55,0,34,7.75
3150.3,2,15,0,59,23.01
3152.4,0,12831,100,85,272.62
3152.4,1,55,0,34,6.74
3152.4,2,15,0,58,21.12
3154.4,0,11839,87,86,255.40
3154.4,1,55,0,34,7.08
3154.4,2,15,0,58,21.14
3156.5,0,33395,100,85,266.60
3156.5,1,55,0,34,11.53
3156.5,2,15,0,59,29.83
3158.6,0,33459,100,85,266.81
3158.6,1,55,0,34,6.46
3158.6,2,15,0,58,21.28
3160.7,0,30099,100,86,289.15
3160.7,1,55,0,34,6.16
3160.7,2,15,0,58,20.98
3162.7,0,30443,75,85,283.27
3162.7,1,55,1,34,7.60
3162.7,2,15,0,59,24.81
3164.8,0,11315,0,82,147.48
3164.8,1,55,0,34,5.73
3164.8,2,15,0,59,22.15
3166.9,0,14923,100,85,261.13
3166.9,1,55,0,34,5.61
3166.9,2,15,0,58,20.75
3168.9,0,11945,93,85,253.08
3168.9,1,55,0,34,5.66
3168.9,2,15,0,58,20.98
3171.0,0,13547,100,85,266.74
3171.0,1,55,0,34,9.97
3171.0,2,15,0,59,30.24
3173.1,0,11915,100,85,276.73
3173.1,1,55,0,34,5.51
3173.1,2,15,0,58,21.45
3175.1,0,12075,99,86,286.03
3175.1,1,55,0,34,5.41
3175.1,2,15,0,58,21.38
3177.2,0,11565,98,86,297.90
3177.2,1,55,0,34,7.65
3177.2,2,15,0,59,25.47
3179.3,0,14445,100,86,270.41
3179.3,1,55,0,34,7.64
3179.3,2,15,0,59,22.60
3181.4,0,11949,99,86,282.21
3181.4,1,55,0,34,6.50
3181.4,2,15,0,58,20.99
3183.5,0,11789,99,86,299.40
3183.5,1,55,0,34,6.90
3183.5,2,15,0,58,21.43
3185.6,0,11949,98,87,298.57
3185.6,1,55,0,34,7.25
3185.6,2,15,0,59,30.03
3187.7,0,11597,99,87,298.98
3187.7,1,55,0,34,6.76
3187.7,2,15,0,58,21.27
3189.7,0,14317,100,87,271.33
3189.7,1,55,0,34,6.95
3189.7,2,15,0,58,21.31
3191.8,0,11437,95,87,276.83
3191.8,1,55,0,34,9.15
3191.8,2,15,0,59,30.05
3193.9,0,11789,99,87,298.20
3193.9,1,55,0,34,7.02
3193.9,2,15,0,58,21.93
3196.0,0,11949,99,87,296.27
3196.0,1,55,0,34,6.49
3196.0,2,15,0,58,21.35
3198.1,0,29953,93,87,294.82
3198.1,1,55,0,34,7.94
3198.1,2,15,0,58,21.39
3200.2,0,31905,100,87,275.14
3200.2,1,55,0,34,7.57
3200.2,2,15,0,59,22.50
3202.3,0,32769,100,86,264.74
3202.3,1,55,0,34,6.73
3202.3,2,15,0,58,20.76
3204.4,0,32865,100,87,279.26
3204.4,1,55,0,34,6.89
3204.4,2,15,0,58,20.87
3206.5,0,30305,100,87,285.09
3206.5,1,55,0,34,11.35
3206.5,2,15,0,59,30.04
3208.6,0,30337,98,87,284.76
3208.6,1,55,0,34,6.84
3208.6,2,15,0,58,20.83
3210.7,0,30401,100,87,286.30
3210.7,1,55,0,34,6.76
3210.7,2,15,0,58,20.59
3212.8,0,30401,94,87,282.55
3212.8,1,55,0,34,8.23
3212.8,2,15,0,58,24.12
3214.9,0,30401,100,87,286.34
3214.9,1,55,0,34,6.97
3214.9,2,15,0,59,21.70
3216.9,0,30433,100,87,281.42
3216.9,1,55,0,34,6.58
3216.9,2,15,0,58,20.67
3219.0,0,30401,100,87,283.19
3219.0,1,55,0,34,6.94
3219.0,2,15,0,58,20.83
3221.1,0,30497,92,87,283.47
3221.1,1,55,0,34,11.50
3221.1,2,15,0,58,30.48
3223.2,0,30401,100,86,279.79
3223.2,1,55,0,34,7.11
3223.2,2,15,0,58,21.21
3225.3,0,30497,100,87,280.73
3225.3,1,55,0,34,7.04
3225.3,2,15,0,58,20.74
3227.4,0,30337,100,87,283.60
3227.4,1,55,0,34,8.82
3227.4,2,15,0,59,24.75
3229.5,0,30209,100,87,284.27
3229.5,1,55,0,34,7.60
3229.5,2,15,0,59,22.30
3231.6,0,30049,100,87,284.57
3231.6,1,55,0,34,6.92
3231.6,2,15,0,58,20.80
3233.6,0,29857,100,87,283.29
3233.6,1,55,0,34,6.85
3233.6,2,15,0,58,20.83
3235.7,0,29857,100,88,282.26
3235.7,1,55,0,34,11.27
3235.7,2,15,0,59,21.98
3237.8,0,29857,100,87,282.04
3237.8,1,55,0,34,6.30
3237.8,2,15,0,58,20.69
3239.9,0,29857,100,87,281.42
3239.9,1,55,0,34,6.67
3239.9,2,15,0,58,20.84
3242.0,0,30369,100,87,284.98
3242.0,1,55,0,34,8.95
3242.0,2,15,0,58,25.31
3244.1,0,29953,100,87,282.42
3244.1,1,55,0,34,6.94
3244.1,2,15,0,59,22.53
3246.2,0,32865,100,87,269.36
3246.2,1,55,0,34,7.06
3246.2,2,15,0,58,20.89
3248.3,0,31841,71,87,274.32
3248.3,1,55,0,34,7.39
3248.3,2,15,0,58,22.02
3250.4,0,33505,100,87,277.45
3250.4,1,55,0,34,7.56
3250.4,2,15,0,59,22.43
3252.4,0,32129,100,87,281.89
3252.4,1,55,0,34,6.78
3252.4,2,15,0,58,20.87
3254.6,0,32321,100,88,269.07
3254.6,1,55,0,34,6.91
3254.6,2,15,0,58,21.07
3256.7,0,30497,100,87,286.06
3256.7,1,55,0,34,11.51
3256.7,2,15,0,59,30.19
3258.8,0,39787,99,87,282.91
3258.8,1,55,0,34,7.08
3258.8,2,15,0,58,21.05
3260.9,0,39787,98,87,283.65
3260.9,1,55,0,34,7.00
3260.9,2,15,0,58,20.76
3262.9,0,39819,98,87,284.68
3262.9,1,55,0,34,7.73
3262.9,2,15,0,59,23.21
3265.0,0,39851,97,87,284.58
3265.0,1,55,0,34,7.11
3265.0,2,15,0,59,22.84
3267.1,0,39883,97,87,284.74
3267.1,1,55,0,34,6.96
3267.1,2,15,0,58,20.71
3269.2,0,39915,100,87,286.10
3269.2,1,55,0,34,7.04
3269.2,2,15,0,58,20.77
3271.3,0,39915,100,87,284.64
3271.3,1,55,0,34,11.56
3271.3,2,15,0,59,29.63
3273.4,0,39883,100,87,284.75
3273.4,1,55,0,34,6.99
3273.4,2,15,0,58,21.10
3275.5,0,39755,100,87,283.49
3275.5,1,55,0,34,6.70
3275.5,2,15,0,58,20.67
3277.5,0,39691,100,87,285.00
3277.5,1,55,0,34,8.39
3277.5,2,15,0,59,23.86
3279.6,0,39595,100,87,285.09
3279.6,1,55,0,34,7.53
3279.6,2,15,0,59,22.16
3281.7,0,39563,100,87,284.57
3281.7,1,55,0,34,6.66
3281.7,2,15,0,58,20.68
3283.8,0,39499,100,87,284.61
3283.8,1,55,0,34,7.21
3283.8,2,15,0,58,20.69
3285.9,0,39435,100,87,281.28
3285.9,1,55,0,34,11.63
3285.9,2,15,0,59,30.08
3288.0,0,39435,100,87,282.07
3288.0,1,55,0,34,6.89
3288.0,2,15,0,58,20.65
3290.1,0,39723,100,87,282.14
3290.1,1,55,0,34,6.98
3290.1,2,15,0,58,20.71
3292.2,0,39755,100,87,283.69
3292.2,1,55,0,34,11.71
3292.2,2,15,0,59,30.36
3294.3,0,39755,100,87,280.20
3294.3,1,55,0,34,7.16
3294.3,2,15,0,58,21.26
3296.4,0,39787,100,87,283.90
3296.4,1,55,0,34,6.75
3296.4,2,15,0,58,20.86
3298.4,0,39851,100,87,282.85
3298.4,1,55,0,34,6.82
3298.4,2,15,0,58,20.79
3300.5,0,39851,99,87,284.11
3300.5,1,55,0,34,11.45
3300.5,2,15,0,59,22.52
3302.6,0,39851,100,87,285.33
3302.6,1,55,0,34,6.79
3302.6,2,15,0,58,20.82
3304.7,0,39915,100,87,286.02
3304.7,1,55,0,34,6.97
3304.7,2,15,0,58,20.85
3306.8,0,39947,100,88,283.21
3306.8,1,55,0,34,11.50
3306.8,2,15,0,59,30.34
3308.9,0,40043,100,87,283.72
3308.9,1,55,0,34,6.97
3308.9,2,15,0,58,20.90
3311.0,0,39851,100,87,282.32
3311.0,1,55,0,34,6.76
3311.0,2,15,0,58,20.75
3313.1,0,39851,100,87,285.19
3313.1,1,55,0,34,8.90
3313.1,2,15,0,59,21.76
3315.2,0,39851,100,87,283.55
3315.2,1,55,0,34,6.87
3315.2,2,15,0,59,22.67
3317.3,0,39691,100,87,284.18
3317.3,1,55,0,34,6.96
3317.3,2,15,0,58,20.74
3319.3,0,39595,100,87,284.24
3319.3,1,55,0,34,6.99
3319.3,2,15,0,58,20.92
3321.4,0,39371,99,87,286.98
3321.4,1,55,0,34,11.55
3321.4,2,15,0,59,29.84
3323.5,0,39275,100,87,285.29
3323.5,1,55,0,34,7.03
3323.5,2,15,0,58,21.09
3325.6,0,39307,97,87,284.29
3325.6,1,55,0,34,6.73
3325.6,2,15,0,58,20.86
3327.7,0,39307,100,87,285.11
3327.7,1,55,0,34,11.18
3327.7,2,15,0,59,25.20
3329.8,0,42763,100,87,246.17
3329.8,1,55,0,34,7.53
3329.8,2,15,0,59,22.18
3331.9,0,39947,100,87,278.52
3331.9,1,55,0,34,6.84
3331.9,2,15,0,58,20.92
3334.0,0,42347,100,87,279.26
3334.0,1,55,0,34,7.07
3334.0,2,15,0,58,21.02
3336.0,0,39755,100,87,282.75
3336.0,1,55,0,34,11.38
3336.0,2,15,0,59,30.39
3338.1,0,39755,100,87,284.01
3338.1,1,55,0,34,6.96
3338.1,2,15,0,58,20.79
3340.2,0,39755,99,87,286.31
3340.2,1,55,0,34,7.10
3340.2,2,15,0,58,20.84
3342.3,0,39787,98,87,285.89
3342.3,1,55,0,34,11.67
3342.3,2,15,0,59,30.52
3344.4,0,39819,99,87,287.94
3344.4,1,55,0,34,7.08
3344.4,2,15,0,58,21.19
3346.5,0,39819,100,87,283.47
3346.5,1,55,0,34,6.72
3346.5,2,15,0,58,20.74
3348.6,0,39883,100,87,283.34
3348.6,1,55,0,34,6.56
3348.6,2,15,0,58,20.76
3350.7,0,39851,100,87,283.31
3350.7,1,55,0,34,6.76
3350.7,2,15,0,59,30.06
3352.8,0,39851,100,87,283.79
3352.8,1,55,0,34,6.61
3352.8,2,15,0,58,20.77
3354.9,0,39883,100,87,286.93
3354.9,1,55,0,34,6.69
3354.9,2,15,0,58,20.81
3357.0,0,39819,100,87,283.98
3357.0,1,55,0,34,11.51
3357.0,2,15,0,59,30.21
3359.0,0,39691,99,87,286.19
3359.0,1,55,0,34,6.74
3359.0,2,15,0,58,20.81
3361.1,0,39659,100,87,287.40
3361.1,1,55,0,34,6.93
3361.1,2,15,0,58,20.70
3363.2,0,39627,100,87,283.18
3363.2,1,55,0,34,8.51
3363.2,2,15,0,59,23.76
3365.3,0,39563,100,87,288.45
3365.3,1,55,0,34,7.08
3365.3,2,15,0,59,22.62
3367.4,0,39339,100,87,284.58
3367.4,1,55,0,34,6.74
3367.4,2,15,0,58,20.76
3369.5,0,39339,100,87,285.27
3369.5,1,55,0,34,6.72
3369.5,2,15,0,58,20.86
3371.6,0,39723,100,87,285.55
3371.6,1,55,0,34,11.70
3371.6,2,15,0,59,30.06
3373.7,0,39723,100,87,283.32
3373.7,1,55,0,34,6.85
3373.7,2,15,0,58,21.11
3375.8,0,39723,100,87,283.61
3375.8,1,55,0,34,6.57
3375.8,2,15,0,58,20.74
3377.8,0,39787,100,87,283.88
3377.8,1,55,0,34,8.43
3377.8,2,15,0,59,24.83
3379.9,0,39851,100,87,282.80
3379.9,1,55,0,34,7.14
3379.9,2,15,0,59,21.89
3382.0,0,39755,100,87,285.92
3382.0,1,55,0,34,6.32
3382.0,2,15,0,58,20.67
3384.1,0,39755,99,87,283.81
3384.1,1,55,0,34,6.74
3384.1,2,15,0,58,20.85
3386.2,0,39787,100,87,284.50
3386.2,1,55,0,34,11.57
3386.2,2,15,0,59,22.64
3388.3,0,39787,100,87,283.69
3388.3,1,55,0,34,6.67
3388.3,2,15,0,58,20.75
3390.5,0,39819,100,87,282.21
3390.5,1,55,0,34,6.56
3390.5,2,15,0,58,20.81
3392.6,0,39691,100,87,283.53
3392.6,1,55,0,34,8.95
3392.6,2,15,0,59,29.56
3394.7,0,39691,100,87,286.94
3394.7,1,55,0,34,6.85
3394.7,2,15,0,59,22.34
3396.8,0,39595,100,87,284.86
3396.8,1,55,0,34,6.65
3396.8,2,15,0,58,20.70
3398.8,0,39403,100,87,286.50
3398.8,1,55,0,34,7.28
3398.8,2,15,0,59,22.08
3400.9,0,39275,100,87,286.27
3400.9,1,55,0,34,6.75
3400.9,2,15,0,59,22.09
3403.0,0,39403,100,87,284.96
3403.0,1,55,0,34,6.73
3403.0,2,15,0,58,20.75
3405.1,0,39307,99,87,286.36
3405.1,1,55,0,34,6.74
3405.1,2,15,0,58,20.97
3407.2,0,42731,100,87,283.12
3407.2,1,55,0,34,11.54
3407.2,2,15,0,59,30.55
3409.5,0,22547,100,84,244.25
3409.5,1,55,0,34,6.70
3409.5,2,15,0,58,21.02
3411.5,0,23723,100,87,277.69
3411.5,1,55,0,34,6.32
3411.5,2,15,0,58,20.77
3413.6,0,21261,99,87,285.12
3413.6,1,55,0,34,8.07
3413.6,2,15,0,59,23.79
3415.7,0,21165,99,87,298.45
3415.7,1,55,0,34,7.44
3415.7,2,15,0,59,23.04
3417.8,0,21165,99,87,295.14
3417.8,1,55,0,34,6.88
3417.8,2,15,0,58,21.44
3419.9,0,21357,99,87,296.43
3419.9,1,55,0,34,6.82
3419.9,2,15,0,58,21.50
3422.0,0,20717,99,87,295.70
3422.0,1,55,0,34,11.50
3422.0,2,15,0,59,30.07
3424.1,0,24205,57,87,263.28
3424.1,1,55,0,34,7.05
3424.1,2,15,0,58,21.68
3426.1,0,15787,100,87,261.61
3426.1,1,55,0,34,6.83
3426.1,2,15,0,58,20.92
3428.2,0,11595,0,87,206.20
3428.2,1,55,0,34,11.54
3428.2,2,15,0,59,29.95
3430.3,0,14859,100,85,209.57
3430.3,1,55,0,34,7.36
3430.3,2,15,0,59,20.58
3432.4,0,14923,100,85,275.51
3432.4,1,55,0,34,6.74
3432.4,2,15,0,58,20.81
3434.5,0,11917,99,86,293.67
3434.5,1,55,0,34,6.88
3434.5,2,15,0,59,20.92
3436.5,0,11501,83,86,293.84
3436.5,1,55,0,34,11.56
3436.5,2,15,0,59,30.21
3438.6,0,12045,97,86,296.73
3438.6,1,55,0,34,6.86
3438.6,2,15,0,59,21.68
3440.7,0,11597,100,87,297.67
3440.7,1,55,0,34,6.97
3440.7,2,15,0,58,21.37
3442.8,0,14893,100,86,267.72
3442.8,1,55,0,34,11.91
3442.8,2,15,0,59,30.04
3444.8,0,14509,100,86,279.03
3444.8,1,55,0,34,7.05
3444.8,2,15,0,59,21.23
3446.9,0,12013,78,86,273.16
3446.9,1,55,0,34,6.85
3446.9,2,15,0,59,20.82
3449.0,0,11981,93,87,297.79
3449.0,1,55,0,34,6.93
3449.0,2,15,0,59,21.09
3451.1,0,12077,98,87,295.30
3451.1,1,55,0,34,7.12
3451.1,2,15,0,59,22.36
3453.2,0,11821,99,87,298.79
3453.2,1,55,0,34,6.84
3453.2,2,15,0,59,21.09
3455.3,0,12109,99,87,298.90
3455.3,1,55,0,34,7.09
3455.3,2,15,0,59,21.27
3457.3,0,12237,99,87,297.47
3457.3,1,55,0,34,11.66
3457.3,2,15,0,59,30.26
3459.4,0,15757,100,86,275.65
3459.4,1,55,0,34,6.92
3459.4,2,15,0,59,21.63
3461.5,0,13165,86,86,261.51
3461.5,1,55,0,34,6.80
3461.5,2,15,0,59,20.80
3463.6,0,11981,99,87,289.44
3463.6,1,55,0,34,7.42
3463.6,2,15,0,59,22.30
3465.7,0,11821,99,87,298.20
3465.7,1,55,0,34,7.11
3465.7,2,15,0,59,22.81
3467.7,0,12077,99,87,298.34
3467.7,1,55,0,34,6.26
3467.7,2,15,0,59,21.33
3469.8,0,11661,99,87,296.79
3469.8,1,55,0,34,6.24
3469.8,2,15,0,59,21.48
3471.9,0,11693,99,87,297.14
3471.9,1,55,0,34,10.15
3471.9,2,15,0,59,29.97
3473.9,0,23575,100,87,257.08
3473.9,1,55,0,34,6.07
3473.9,2,15,0,59,21.42
3476.0,0,33025,97,87,284.66
3476.0,1,55,0,34,5.79
3476.0,2,15,0,59,20.96
3478.1,0,42315,98,87,277.69
3478.1,1,55,0,34,7.84
3478.1,2,15,0,59,23.18
3480.2,0,39851,100,86,279.69
3480.2,1,55,0,34,7.41
3480.2,2,15,0,59,21.68
3482.3,0,39723,100,87,288.63
3482.3,1,55,0,34,7.05
3482.3,2,15,0,59,20.71
3484.4,0,39723,99,87,286.74
3484.4,1,55,0,34,6.89
3484.4,2,15,0,59,20.80
3486.5,0,39755,99,87,287.68
3486.5,1,55,0,34,11.40
3486.5,2,15,0,59,30.47
3488.6,0,39755,100,87,287.73
3488.6,1,55,0,34,6.97
3488.6,2,15,0,59,21.15
3490.7,0,39851,100,87,286.02
3490.7,1,55,0,34,6.47
3490.7,2,15,0,59,20.70
3492.7,0,39787,100,87,286.33
3492.7,1,55,0,34,11.06
3492.7,2,15,0,59,29.97
3494.8,0,39819,100,87,288.55
3494.8,1,55,0,34,7.14
3494.8,2,15,0,59,20.98
3496.9,0,39755,100,87,282.45
3496.9,1,55,0,34,6.86
3496.9,2,15,0,59,20.65
3499.0,0,39659,100,87,285.76
3499.0,1,55,0,34,6.72
3499.0,2,15,0,59,20.60
3501.1,0,39723,100,87,286.52
3501.1,1,55,0,34,11.49
3501.1,2,15,0,59,29.98
3503.2,0,39691,100,87,283.50
3503.2,1,55,0,34,6.79
3503.2,2,15,0,59,20.58
3505.3,0,39627,100,87,285.68
3505.3,1,55,0,34,7.08
3505.3,2,15,0,59,20.74
3507.4,0,21195,99,87,297.77
3507.4,1,55,0,34,11.69
3507.4,2,15,0,59,30.46
3509.5,0,21355,99,87,297.79
3509.5,1,55,0,34,6.95
3509.5,2,15,0,59,21.91
3511.6,0,20813,99,87,294.23
3511.6,1,55,0,34,6.96
3511.6,2,15,0,59,21.28
3513.7,0,24237,100,87,271.76
3513.7,1,55,0,34,6.87
3513.7,2,15,0,59,21.19
3515.8,0,21197,100,87,273.95
3515.8,1,55,0,34,7.54
3515.8,2,15,0,59,22.43
3517.8,0,21261,99,87,297.10
3517.8,1,55,0,34,6.75
3517.8,2,15,0,59,21.35
3519.9,0,21197,99,87,295.23
3519.9,1,55,0,34,7.16
3519.9,2,15,0,59,21.36
3522.0,0,21389,99,87,296.91
3522.0,1,55,0,34,11.35
3522.0,2,15,0,59,30.21
3524.1,0,20717,99,87,296.49
3524.1,1,55,0,34,6.99
3524.1,2,15,0,59,21.52
3526.2,0,24205,100,87,258.94
3526.2,1,55,0,34,7.00
3526.2,2,15,0,59,21.21
3528.2,0,21165,100,87,275.83
3528.2,1,55,0,34,8.82
3528.2,2,15,0,59,24.71
3530.3,0,21261,99,87,296.79
3530.3,1,55,0,34,7.20
3530.3,2,15,0,59,23.18
3532.4,0,20909,99,87,294.37
3532.4,1,55,0,34,6.78
3532.4,2,15,0,59,21.16
3534.5,0,21261,99,87,294.22
3534.5,1,55,0,34,7.06
3534.5,2,15,0,59,21.35
3536.6,0,21037,99,87,295.98
3536.6,1,55,0,34,11.71
3536.6,2,15,0,59,29.75
3538.6,0,24109,81,87,288.10
3538.6,1,55,0,34,7.28
3538.6,2,15,0,59,21.66
3540.7,0,23757,100,87,269.15
3540.7,1,55,0,34,7.35
3540.7,2,15,0,59,21.14
3542.8,0,21229,99,87,296.18
3542.8,1,55,0,34,9.21
3542.8,2,15,0,59,25.40
3544.9,0,21005,99,87,295.62
3544.9,1,55,0,34,7.32
3544.9,2,15,0,59,22.65
3547.0,0,21229,99,87,297.04
3547.0,1,55,0,34,7.06
3547.0,2,15,0,59,21.39
3549.1,0,21357,99,87,293.89
3549.1,1,55,0,34,7.12
3549.1,2,15,0,59,21.44
3551.2,0,20781,94,87,293.01
3551.2,1,55,0,34,11.82
3551.2,2,15,0,59,30.51
3553.2,0,23757,100,87,272.60
3553.2,1,55,0,34,6.81
3553.2,2,15,0,59,21.30
3555.3,0,21261,95,87,257.81
3555.3,1,55,0,34,7.21
3555.3,2,15,0,59,21.21
3557.4,0,21421,99,87,297.13
3557.4,1,55,0,34,11.74
3557.4,2,15,0,59,30.54
3559.5,0,20941,99,87,294.39
3559.5,1,55,0,34,7.22
3559.5,2,15,0,59,21.69
3561.6,0,21293,100,87,295.04
3561.6,1,55,0,34,7.06
3561.6,2,15,0,59,21.29
3563.7,0,21165,99,87,293.88
3563.7,1,55,0,34,7.05
3563.7,2,15,0,59,21.27
3565.7,0,23661,86,87,286.59
3565.7,1,55,0,34,7.94
3565.7,2,15,0,59,22.77
3567.8,0,23693,84,85,247.65
3567.8,1,55,0,34,7.09
3567.8,2,15,0,59,21.07
3569.9,0,21229,99,87,291.81
3569.9,1,55,0,34,7.17
3569.9,2,15,0,59,21.21
3572.0,0,21037,99,87,296.35
3572.0,1,55,0,34,11.28
3572.0,2,15,0,59,30.28
3574.0,0,21261,99,87,296.27
3574.0,1,55,0,34,7.28
3574.0,2,15,0,59,21.62
3576.1,0,21101,99,87,295.17
3576.1,1,55,0,34,6.78
3576.1,2,15,0,59,21.32
3578.2,0,23885,98,85,285.13
3578.2,1,55,0,34,8.76
3578.2,2,15,0,59,21.84
3580.3,0,23757,100,87,264.93
3580.3,1,55,0,34,7.49
3580.3,2,15,0,59,22.99
3582.4,0,21261,99,87,297.72
3582.4,1,55,0,34,7.12
3582.4,2,15,0,59,21.16
3584.5,0,21101,99,87,295.77
3584.5,1,55,0,34,7.12
3584.5,2,15,0,59,21.50
3586.6,0,21293,99,87,293.88
3586.6,1,55,0,34,11.57
3586.6,2,15,0,59,29.96
3588.7,0,11755,99,87,293.42
3588.7,1,55,0,34,7.04
3588.7,2,15,0,59,21.76
3590.8,0,14475,98,87,295.98
3590.8,1,55,0,34,6.90
3590.8,2,15,0,59,21.43
3592.8,0,13323,99,87,266.04
3592.8,1,55,0,34,9.18
3592.8,2,15,0,59,25.14
3594.9,0,11915,98,87,273.99
3594.9,1,55,0,34,7.60
3594.9,2,15,0,59,22.39
3597.0,0,11661,99,87,295.84
3597.0,1,55,0,34,7.10
3597.0,2,15,0,59,21.40
3599.1,0,11885,98,87,294.44
3599.1,1,55,0,34,6.82
3599.1,2,15,0,59,21.42
3601.2,0,11917,99,87,295.63
3601.2,1,55,0,34,11.47
3601.2,2,15,0,59,30.35
3603.3,0,11309,2,82,158.91
3603.3,1,55,0,34,6.96
3603.3,2,15,0,59,20.67
3605.3,0,11309,0,81,109.46
3605.3,1,55,0,34,7.27
3605.3,2,15,0,59,20.62
3607.4,0,11309,0,79,103.95
3607.4,1,55,0,34,9.48
3607.4,2,15,0,59,25.38
3609.5,0,14445,68,81,255.93
3609.5,1,55,0,34,7.91
3609.5,2,15,0,59,22.51
3611.6,0,11949,98,84,265.37
3611.6,1,55,0,34,7.08
3611.6,2,15,0,59,21.08
3613.6,0,11949,99,85,293.33
3613.6,1,55,0,34,7.12
3613.6,2,15,0,59,21.43
3615.7,0,11501,99,85,291.83
3615.7,1,55,0,34,11.52
3615.7,2,15,0,59,29.95
3617.8,0,12045,91,85,296.02
3617.8,1,55,0,34,7.08
3617.8,2,15,0,59,21.47
3619.9,0,11469,99,85,298.53
3619.9,1,55,0,34,7.31
3619.9,2,15,0,59,21.66
3622.0,0,14925,100,84,255.45
3622.0,1,55,0,34,11.86
3622.0,2,15,0,59,30.74
3624.1,0,11725,94,85,261.58
3624.1,1,55,0,34,7.33
3624.1,2,15,0,59,21.25
3626.2,0,11277,100,84,261.29
3626.2,1,55,0,34,7.12
3626.2,2,15,0,59,20.98
3628.3,0,11661,100,82,269.42
3628.3,1,55,0,34,8.24
3628.3,2,15,0,59,23.65
3630.3,0,14893,100,84,234.22
3630.3,1,55,0,34,7.65
3630.3,2,15,0,59,23.11
3632.4,0,12173,94,83,275.62
3632.4,1,55,0,34,7.04
3632.4,2,15,0,59,21.23
3634.5,0,14861,84,84,282.81
3634.5,1,55,0,34,7.17
3634.5,2,15,0,59,21.48
3636.6,0,14861,100,84,257.09
3636.6,1,55,0,34,10.88
3636.6,2,15,0,59,30.46
3638.7,0,11691,98,85,280.36
3638.7,1,55,0,34,6.67
3638.7,2,15,0,59,21.60
3640.7,0,11305,0,80,115.84
3640.7,1,55,0,34,6.45
3640.7,2,15,0,59,21.21
3642.8,0,14923,100,83,270.59
3642.8,1,55,1,34,7.65
3642.8,2,15,1,59,24.44
3644.9,0,11917,100,84,269.55
3644.9,1,55,0,34,6.18
3644.9,2,15,0,59,22.32
3646.9,0,11885,99,84,298.48
3646.9,1,55,0,34,6.07
3646.9,2,15,0,59,21.43
3649.0,0,11893,99,84,293.16
3649.0,1,55,0,34,5.99
3649.0,2,15,0,59,21.49
3651.1,0,14293,56,81,214.10
3651.1,1,55,0,34,10.26
3651.1,2,15,0,59,30.52
3653.2,0,14837,77,84,263.98
3653.2,1,55,0,34,5.82
3653.2,2,15,0,59,21.46
3655.2,0,14901,99,84,271.69
3655.2,1,55,0,34,5.59
3655.2,2,15,0,59,21.16
3657.3,0,15029,100,84,256.54
3657.3,1,55,0,34,7.97
3657.3,2,15,0,59,24.91
3659.4,0,11989,99,85,298.03
3659.4,1,55,0,34,7.40
3659.4,2,15,0,59,23.03
3661.5,0,11925,100,85,295.54
3661.5,1,55,0,34,6.91
3661.5,2,15,0,59,21.42
3663.6,0,11861,98,85,285.59
3663.6,1,55,0,34,6.93
3663.6,2,15,0,59,21.53
3665.7,0,11413,99,85,281.42
3665.7,1,55,0,34,11.65
3665.7,2,15,0,59,30.10
3667.8,0,11605,100,85,261.89
3667.8,1,55,0,34,6.90
3667.8,2,15,0,59,21.46
3669.8,0,11957,99,86,298.16
3669.8,1,55,0,34,7.01
3669.8,2,15,0,59,21.62
3671.9,0,11413,99,86,298.30
3671.9,1,55,0,34,8.94
3671.9,2,15,0,59,25.86
3674.0,0,14997,100,85,246.58
3674.0,1,55,0,34,7.21
3674.0,2,15,0,59,22.02
3676.1,0,15093,97,86,261.92
3676.1,1,55,0,34,6.76
3676.1,2,15,0,59,21.01
3678.2,0,12021,90,86,276.56
3678.2,1,55,0,34,6.95
3678.2,2,15,0,59,21.19
3680.3,0,11765,99,86,298.09
3680.3,1,55,0,34,11.81
3680.3,2,15,0,59,30.67
3682.3,0,12119,99,86,297.80
3682.3,1,55,0,34,6.84
3682.3,2,15,0,59,21.35
3684.4,0,11863,93,86,296.32
3684.4,1,55,0,34,7.00
3684.4,2,15,0,59,21.61
3686.5,0,12055,100,86,278.32
3686.5,1,55,0,34,11.64
3686.5,2,15,0,59,30.22
3688.6,0,12183,93,87,297.62
3688.6,1,55,0,34,6.93
3688.6,2,15,0,59,21.66
3690.7,0,12343,100,87,297.93
3690.7,1,55,0,34,6.81
3690.7,2,15,0,59,21.46
3692.8,0,11767,99,87,298.57
3692.8,1,55,0,34,6.72
3692.8,2,15,0,59,21.25
3694.9,0,11351,90,87,287.57
3694.9,1,55,0,34,7.15
3694.9,2,15,0,59,22.36
3697.0,0,15031,100,87,273.64
3697.0,1,55,0,34,6.74
3697.0,2,15,0,59,21.03
3699.0,0,11639,100,87,274.20
3699.0,1,55,0,34,6.94
3699.0,2,15,0,59,21.19
3701.1,0,11991,99,87,297.19
3701.1,1,55,0,34,11.31
3701.1,2,15,0,59,30.39
3703.2,0,12119,99,87,294.78
3703.2,1,55,0,34,6.83
3703.2,2,15,0,59,21.71
3705.3,0,11479,99,87,294.02
3705.3,1,55,0,34,6.33
3705.3,2,15,0,59,21.21
3707.3,0,12055,99,87,259.76
3707.3,1,55,0,34,8.19
3707.3,2,15,0,59,23.96
3709.4,0,12087,100,87,292.62
3709.4,1,55,0,34,5.99
3709.4,2,15,0,59,22.71
3711.5,0,21385,93,87,279.06
3711.5,1,55,0,34,5.49
3711.5,2,15,0,59,21.21
3713.6,0,30675,100,87,283.36
3713.6,1,55,0,34,5.58
3713.6,2,15,0,59,20.96
3715.6,0,33075,100,87,277.06
3715.6,1,55,0,34,9.93
3715.6,2,15,0,59,30.36
3717.7,0,30643,85,85,262.25
3717.7,1,55,0,34,5.87
3717.7,2,15,0,59,20.89
3719.8,0,30261,94,87,277.13
3719.8,1,55,0,34,6.93
3719.8,2,15,0,59,20.71
3721.9,0,12445,100,84,235.60
3721.9,1,55,0,34,8.95
3721.9,2,15,0,59,25.10
3723.9,0,11297,100,87,261.45
3723.9,1,55,0,34,7.19
3723.9,2,15,0,59,22.92
3726.0,0,11519,94,86,248.86
3726.0,1,55,0,34,6.69
3726.0,2,15,0,59,20.76
3728.1,0,11903,97,86,273.33
3728.1,1,55,0,34,6.82
3728.1,2,15,0,59,21.21
3730.2,0,14945,100,87,265.02
3730.2,1,55,0,34,11.64
3730.2,2,15,0,59,30.09
3732.3,0,30571,100,87,277.00
3732.3,1,55,0,34,7.07
3732.3,2,15,0,59,21.50
3734.4,0,30219,84,87,281.23
3734.4,1,55,0,34,6.76
3734.4,2,15,0,59,21.48
3736.4,0,14005,100,87,262.55
3736.4,1,55,0,34,11.23
3736.4,2,15,0,59,30.40
3738.5,0,11787,99,87,293.53
3738.5,1,55,0,34,7.28
3738.5,2,15,0,59,22.59
3740.6,0,14443,99,87,295.96
3740.6,1,55,0,34,6.70
3740.6,2,15,0,59,21.29
3742.7,0,30465,94,87,274.86
3742.7,1,55,0,34,6.88
3742.7,2,15,0,59,21.18
3744.8,0,39787,100,87,286.25
3744.8,1,55,0,34,11.58
3744.8,2,15,0,59,30.35
3746.8,0,39787,100,87,289.51
3746.8,1,55,0,34,6.75
3746.8,2,15,0,59,20.67
3748.9,0,39851,99,87,279.90
3748.9,1,55,0,34,6.53
3748.9,2,15,0,59,20.87
3751.0,0,39755,100,87,283.87
3751.0,1,55,0,34,10.87
3751.0,2,15,0,59,30.43
3753.1,0,39851,100,87,284.42
3753.1,1,55,0,34,6.39
3753.1,2,15,0,59,21.18
3755.2,0,39755,100,87,283.35
3755.2,1,55,0,34,6.21
3755.2,2,15,0,59,20.84
3757.2,0,39657,100,87,286.76
3757.2,1,55,0,34,6.25
3757.2,2,15,0,59,20.81
3759.3,0,39531,100,87,284.14
3759.3,1,55,0,34,6.68
3759.3,2,15,0,59,22.25
3761.4,0,39435,100,87,285.18
3761.4,1,55,0,34,6.26
3761.4,2,15,0,59,20.78
3763.5,0,39211,100,87,287.43
3763.5,1,55,0,34,6.36
3763.5,2,15,0,59,20.88
3765.6,0,39499,100,87,284.37
3765.6,1,55,0,34,10.60
3765.6,2,15,0,59,30.06
3767.6,0,39275,100,87,284.59
3767.6,1,55,0,34,6.50
3767.6,2,15,0,59,20.74
3769.7,0,42187,100,87,254.12
3769.7,1,55,0,34,5.78
3769.7,2,15,0,59,20.67
3771.8,0,40555,100,87,274.82
3771.8,1,55,1,34,5.87
3771.8,2,15,1,59,20.86
3773.9,0,42283,100,87,287.14
3773.9,1,55,0,34,6.01
3773.9,2,15,0,59,22.42
3775.9,0,39243,99,87,275.07
3775.9,1,55,0,34,5.68
3775.9,2,15,0,59,20.79
3778.0,0,39723,99,87,282.39
3778.0,1,55,0,34,6.05
3778.0,2,15,0,59,20.85
3780.1,0,39723,97,87,285.37
3780.1,1,55,0,34,11.75
3780.1,2,15,0,59,29.89
3782.2,0,39723,100,87,284.50
3782.2,1,55,0,34,6.92
3782.2,2,15,0,59,21.09
3784.3,0,39787,98,87,284.17
3784.3,1,55,0,34,6.81
3784.3,2,15,0,59,20.79
3786.4,0,39819,100,87,284.32
3786.4,1,55,0,34,8.78
3786.4,2,15,0,59,24.96
3788.5,0,39851,100,87,284.95
3788.5,1,55,0,34,7.45
3788.5,2,15,0,59,22.14
3790.6,0,39883,100,87,282.94
3790.6,1,55,0,34,6.78
3790.6,2,15,0,59,20.72
3792.7,0,39819,99,87,283.82
3792.7,1,55,0,34,7.16
3792.7,2,15,0,59,20.81
3794.8,0,39915,100,87,282.29
3794.8,1,55,0,34,11.59
3794.8,2,15,0,59,30.27
3796.9,0,39723,100,87,283.67
3796.9,1,55,0,34,6.60
3796.9,2,15,0,59,20.62
3798.9,0,39563,100,87,286.75
3798.9,1,55,0,34,6.65
3798.9,2,15,0,59,20.75
3801.1,0,39403,100,87,283.44
3801.1,1,55,0,34,8.93
3801.1,2,15,0,59,29.59
3803.1,0,39403,100,87,285.67
3803.1,1,55,0,34,7.26
3803.1,2,15,0,59,22.23
3805.2,0,39403,100,88,286.89
3805.2,1,55,0,34,6.42
3805.2,2,15,0,59,20.60
3807.3,0,39371,100,88,285.61
3807.3,1,55,0,34,6.59
3807.3,2,15,0,59,20.75
3809.4,0,39307,100,87,283.45
3809.4,1,55,0,34,6.93
3809.4,2,15,0,59,22.12
3811.5,0,39307,99,87,284.60
3811.5,1,55,0,34,6.56
3811.5,2,15,0,59,20.63
3813.6,0,39755,100,87,283.82
3813.6,1,55,0,34,6.83
3813.6,2,15,0,59,20.90
3815.6,0,39755,100,87,282.94
3815.6,1,55,0,34,11.35
3815.6,2,15,0,59,30.45
3817.7,0,39755,100,87,283.03
3817.7,1,55,0,34,6.55
3817.7,2,15,0,59,20.78
3819.8,0,39787,100,87,282.06
3819.8,1,55,0,34,6.71
3819.8,2,15,0,59,20.83
3821.9,0,39819,100,87,283.61
3821.9,1,55,0,34,7.94
3821.9,2,15,0,59,23.40
3824.0,0,39851,100,87,285.45
3824.0,1,55,0,34,7.05
3824.0,2,15,0,59,22.58
3826.1,0,39851,100,87,283.93
3826.1,1,55,0,34,6.34
3826.1,2,15,0,59,20.72
3828.2,0,39947,99,87,285.62
3828.2,1,55,0,34,6.53
3828.2,2,15,0,59,20.98
3830.3,0,39915,100,87,283.92
3830.3,1,55,0,34,10.97
3830.3,2,15,0,59,30.17
3832.4,0,39787,100,87,285.80
3832.4,1,55,0,34,6.74
3832.4,2,15,0,59,20.99
3834.5,0,39595,100,87,284.73
3834.5,1,55,0,34,6.45
3834.5,2,15,0,59,20.73
3836.6,0,39339,100,87,284.71
3836.6,1,55,0,34,8.53
3836.6,2,15,0,59,24.06
3838.7,0,39755,93,87,281.01
3838.7,1,55,0,34,7.32
3838.7,2,15,0,59,22.02
3840.8,0,39435,100,87,284.77
3840.8,1,55,0,34,6.57
3840.8,2,15,0,59,20.66
3842.9,0,42763,100,87,266.82
3842.9,1,55,0,34,6.65
3842.9,2,15,0,59,20.80
3845.0,0,43659,100,87,271.07
3845.0,1,55,0,34,11.45
3845.0,2,15,0,59,30.44
3847.1,0,40203,100,87,259.55
3847.1,1,55,0,34,7.04
3847.1,2,15,0,59,21.22
3849.2,0,39275,100,87,279.57
3849.2,1,55,0,34,6.75
3849.2,2,15,0,59,20.76
3851.2,0,39787,100,87,286.90
3851.2,1,55,0,34,8.87
3851.2,2,15,0,59,24.64
3853.3,0,39787,99,87,283.82
3853.3,1,55,0,34,7.38
3853.3,2,15,0,59,21.03
3855.4,0,39819,100,87,286.22
3855.4,1,55,0,34,6.50
3855.4,2,15,0,59,20.68
3857.5,0,39819,100,87,284.68
3857.5,1,55,0,34,7.13
3857.5,2,15,1,59,20.84
3859.6,0,39883,100,87,285.53
3859.6,1,55,0,34,7.25
3859.6,2,15,0,59,21.85
3861.7,0,39915,100,87,287.38
3861.7,1,55,0,34,6.52
3861.7,2,15,0,59,20.59
3863.8,0,39915,100,87,285.08
3863.8,1,55,0,34,6.75
3863.8,2,15,0,59,20.76
3865.9,0,39915,99,87,283.52
3865.9,1,55,0,34,11.39
3865.9,2,15,0,59,30.15
3868.0,0,39915,100,87,285.29
3868.0,1,55,0,34,6.54
3868.0,2,15,0,59,21.31
3870.0,0,39883,100,87,283.03
3870.0,1,55,0,34,6.43
3870.0,2,15,0,59,20.70
3872.1,0,39755,100,87,287.40
3872.1,1,55,0,34,7.72
3872.1,2,15,0,59,21.94
3874.2,0,39595,100,87,284.89
3874.2,1,55,0,34,7.06
3874.2,2,15,0,59,22.38
3876.3,0,39435,100,87,284.97
3876.3,1,55,0,34,6.44
3876.3,2,15,0,59,20.69
3878.4,0,39883,100,87,282.61
3878.4,1,55,0,34,6.77
3878.4,2,15,0,59,20.84
3880.5,0,39883,97,87,285.39
3880.5,1,55,0,34,11.09
3880.5,2,15,0,59,30.13
3882.6,0,39915,100,87,283.29
3882.6,1,55,0,34,6.72
3882.6,2,15,0,59,20.89
3884.6,0,39915,100,87,283.31
3884.6,1,55,0,34,6.67
3884.6,2,15,0,59,20.63
3886.7,0,39915,100,87,285.06
3886.7,1,55,0,34,8.24
3886.7,2,15,0,59,23.01
3888.8,0,40011,100,87,285.44
3888.8,1,55,0,34,6.32
3888.8,2,15,0,59,21.72
3890.9,0,39915,100,87,287.10
3890.9,1,55,0,34,6.65
3890.9,2,15,0,59,20.63
3893.0,0,39947,100,87,284.11
3893.0,1,55,0,34,6.79
3893.0,2,15,0,59,20.77
3895.1,0,39787,100,87,286.08
3895.1,1,55,0,34,11.51
3895.1,2,15,0,59,30.43
3897.2,0,39819,100,87,286.09
3897.2,1,55,0,34,6.93
3897.2,2,15,0,59,21.09
3899.3,0,39595,100,87,285.94
3899.3,1,55,0,34,6.80
3899.3,2,15,0,59,20.74
3901.3,0,39499,100,87,286.86
3901.3,1,55,0,34,8.39
3901.3,2,15,0,59,30.08
3903.4,0,39371,100,87,286.35
3903.4,1,55,0,34,6.51
3903.4,2,15,0,59,21.00
3905.5,0,39403,100,87,284.94
3905.5,1,55,0,34,6.27
3905.5,2,15,0,59,20.81
3907.6,0,42187,100,87,281.00
3907.6,1,55,0,34,6.31
3907.6,2,15,0,59,20.86
3909.7,0,43659,100,87,266.31
3909.7,1,55,0,34,11.09
3909.7,2,15,0,59,30.16
3911.8,0,39403,100,87,279.08
3911.8,1,55,0,34,6.57
3911.8,2,15,0,59,20.97
3913.9,0,39403,99,87,284.06
3913.9,1,55,0,34,6.56
3913.9,2,15,0,59,20.80
3916.0,0,39403,100,87,286.66
3916.0,1,55,0,34,11.61
3916.0,2,15,0,59,30.44
3918.1,0,39403,100,87,284.24
3918.1,1,55,0,34,6.57
3918.1,2,15,0,59,21.24
3920.2,0,39403,100,87,286.74
3920.2,1,55,0,34,6.55
3920.2,2,15,0,59,20.69
3922.2,0,39403,100,87,285.01
3922.2,1,55,0,34,7.16
3922.2,2,15,0,59,21.16
3924.3,0,39371,100,87,286.30
3924.3,1,55,0,34,7.31
3924.3,2,15,0,59,22.35
3926.4,0,39371,98,87,286.10
3926.4,1,55,0,34,6.52
3926.4,2,15,0,59,20.64
3928.5,0,39371,97,87,283.77
3928.5,1,55,0,34,6.72
3928.5,2,15,0,59,20.80
3930.6,0,39371,99,87,286.11
3930.6,1,55,0,34,11.12
3930.6,2,15,0,59,30.08
3932.7,0,39371,99,87,285.43
3932.7,1,55,0,34,6.72
3932.7,2,15,0,59,20.95
3934.8,0,39371,100,87,284.11
3934.8,1,55,0,34,6.53
3934.8,2,15,0,59,20.74
3936.9,0,39339,100,87,285.43
3936.9,1,55,0,34,7.57
3936.9,2,15,0,59,25.01
3939.0,0,39339,100,87,283.60
3939.0,1,55,0,34,6.96
3939.0,2,15,0,59,21.73
3941.1,0,39275,100,87,287.00
3941.1,1,55,0,34,6.48
3941.1,2,15,0,59,20.80
3943.2,0,39275,100,87,284.85
3943.2,1,55,0,34,6.67
3943.2,2,15,0,59,20.88
3945.2,0,39275,100,87,285.33
3945.2,1,55,0,34,11.61
3945.2,2,15,0,59,30.69
3947.3,0,39627,100,87,284.97
3947.3,1,55,0,34,6.70
3947.3,2,15,0,59,20.68
3949.4,0,39659,98,87,288.36
3949.4,1,55,0,34,6.59
3949.4,2,15,0,59,20.81
3951.5,0,39659,97,87,285.73
3951.5,1,55,0,34,10.98
3951.5,2,15,0,59,29.80
3953.6,0,39691,100,87,289.57
3953.6,1,55,0,34,6.56
3953.6,2,15,0,59,22.07
3955.7,0,39755,96,87,288.65
3955.7,1,55,0,34,6.42
3955.7,2,15,0,59,20.64
3957.8,0,39755,100,87,285.22
3957.8,1,55,0,34,6.38
3957.8,2,15,0,59,20.74
3959.8,0,39755,100,87,287.02
3959.8,1,55,0,34,11.41
3959.8,2,15,0,59,21.74
3961.9,0,39787,100,87,284.73
3961.9,1,55,0,34,6.32
3961.9,2,15,0,59,20.56
3964.0,0,39691,100,87,285.84
3964.0,1,55,0,34,6.55
3964.0,2,15,0,59,20.80
3966.1,0,39691,97,87,292.20
3966.1,1,55,0,34,11.40
3966.1,2,15,0,59,30.57
3968.1,0,39723,100,87,287.10
3968.1,1,55,0,34,6.49
3968.1,2,15,0,59,21.20
3970.2,0,39435,94,87,286.24
3970.2,1,55,0,34,6.55
3970.2,2,15,0,59,20.73
3972.3,0,39307,99,87,286.42
3972.3,1,55,0,34,6.39
3972.3,2,15,0,59,20.66
3974.4,0,39275,100,87,288.92
3974.4,1,55,0,34,7.10
3974.4,2,15,0,59,22.28
3976.4,0,39211,100,87,281.30
3976.4,1,55,0,34,6.59
3976.4,2,15,0,59,20.70
3978.5,0,39819,100,87,284.30
3978.5,1,55,0,34,6.86
3978.5,2,15,0,59,20.86
3980.6,0,42187,100,87,262.24
3980.6,1,55,0,34,11.34
3980.6,2,15,0,59,30.39
3982.7,0,39595,97,86,279.85
3982.7,1,55,0,34,6.81
3982.7,2,15,0,59,20.93
3984.8,0,39595,99,87,282.27
3984.8,1,55,0,34,6.64
3984.8,2,15,0,59,20.75
3986.9,0,39627,100,86,286.31
3986.9,1,55,0,34,7.70
3986.9,2,15,1,59,24.22
3989.0,0,39691,96,87,284.91
3989.0,1,55,0,34,6.59
3989.0,2,15,0,59,22.65
3991.1,0,39723,98,87,285.81
3991.1,1,55,0,34,6.71
3991.1,2,15,0,59,20.77
3993.2,0,39723,100,87,285.40
3993.2,1,55,0,34,6.89
3993.2,2,15,0,59,20.85
3995.3,0,39725,100,87,287.16
3995.3,1,55,0,34,11.61
3995.3,2,15,0,59,29.77
3997.4,0,39789,100,87,283.29
3997.4,1,55,0,34,6.90
3997.4,2,15,0,59,21.14
3999.4,0,39597,99,87,284.37
3999.4,1,55,0,34,6.50
3999.4,2,15,0,59,20.61
4001.5,0,39661,97,87,286.13
4001.5,1,55,0,34,11.30
4001.5,2,15,0,59,24.75
4003.6,0,39469,94,87,282.60
4003.6,1,55,0,34,7.56
4003.6,2,15,0,59,22.06
4005.7,0,39277,97,86,287.13
4005.7,1,55,0,34,6.88
4005.7,2,15,0,59,20.69
4007.8,0,39213,100,87,288.24
4007.8,1,55,0,34,6.93
4007.8,2,15,0,59,20.89
4009.9,0,39149,100,87,286.07
4009.9,1,55,0,34,11.34
4009.9,2,15,0,59,21.88
4012.0,0,39021,100,86,275.00
4012.0,1,55,0,34,6.63
4012.0,2,15,0,59,20.72
4014.1,0,42221,100,87,270.57
4014.1,1,55,0,34,6.76
4014.1,2,15,0,59,20.85
4016.1,0,39149,96,87,271.18
4016.1,1,55,0,34,11.45
4016.1,2,15,0,59,25.68
4018.2,0,39693,98,87,286.09
4018.2,1,55,0,34,6.93
4018.2,2,15,0,59,22.47
4020.3,0,39693,100,87,285.15
4020.3,1,55,0,34,6.61
4020.3,2,15,0,59,20.85
4022.4,0,39725,99,86,284.80
4022.4,1,55,0,34,6.54
4022.4,2,15,0,59,22.09
4024.5,0,39757,100,87,287.83
4024.5,1,55,0,34,7.22
4024.5,2,15,0,59,22.36
4026.6,0,39725,100,87,287.19
4026.6,1,55,0,34,6.29
4026.6,2,15,0,59,20.77
4028.7,0,39757,100,87,283.47
4028.7,1,55,0,34,6.96
4028.7,2,15,0,59,20.95
4030.7,0,39757,100,87,284.27
4030.7,1,55,0,34,11.19
4030.7,2,15,0,59,30.38
4032.8,0,39885,100,87,287.80
4032.8,1,55,0,34,7.00
4032.8,2,15,0,59,21.08
4034.9,0,39725,100,87,287.91
4034.9,1,55,0,34,6.89
4034.9,2,15,0,59,20.90
4037.0,0,39565,100,87,287.78
4037.0,1,55,0,34,8.36
4037.0,2,15,0,59,23.41
4039.1,0,39309,98,87,285.31
4039.1,1,55,0,34,7.13
4039.1,2,15,0,59,22.70
4041.2,0,39181,100,87,285.91
4041.2,1,55,0,34,6.83
4041.2,2,15,0,59,20.71
4043.3,0,42125,100,87,277.92
4043.3,1,55,0,34,7.14
4043.3,2,15,0,59,20.93
4045.4,0,42221,100,87,279.71
4045.4,1,55,0,34,11.72
4045.4,2,15,0,59,30.19
4047.5,0,39629,96,87,262.65
4047.5,1,55,0,34,7.26
4047.5,2,15,0,59,21.30
4049.6,0,39629,100,87,288.29
4049.6,1,55,0,34,6.85
4049.6,2,15,0,59,20.81
4051.7,0,39661,96,87,286.96
4051.7,1,55,0,34,8.40
4051.7,2,15,0,59,24.13
4053.8,0,39661,98,87,289.38
4053.8,1,55,0,34,7.10
4053.8,2,15,0,59,21.96
4055.9,0,39693,100,87,287.10
4055.9,1,55,0,34,6.61
4055.9,2,15,0,59,20.82
4058.0,0,39661,100,87,286.16
4058.0,1,55,0,34,6.78
4058.0,2,15,0,59,20.83
4060.1,0,39693,99,87,285.84
4060.1,1,55,0,34,11.50
4060.1,2,15,0,59,30.48
4062.2,0,39757,97,87,281.56
4062.2,1,55,0,34,6.91
4062.2,2,15,0,59,21.45
4064.2,0,39821,100,87,287.11
4064.2,1,55,0,34,6.77
4064.2,2,15,0,59,20.84
4066.3,0,39693,98,87,288.91
4066.3,1,55,0,34,8.87
4066.3,2,15,0,59,24.71
4068.4,0,39661,96,87,289.53
4068.4,1,55,0,34,7.79
4068.4,2,15,0,59,21.16
4070.5,0,39437,100,87,285.46
4070.5,1,55,0,34,6.96
4070.5,2,15,0,59,20.70
4072.6,0,39309,100,87,285.32
4072.6,1,55,0,34,7.73
4072.6,2,15,1,59,21.00
4074.7,0,39181,100,87,288.03
4074.7,1,55,0,34,7.20
4074.7,2,15,0,59,22.19
4076.8,0,39245,98,87,284.20
4076.8,1,55,0,34,6.87
4076.8,2,15,0,59,20.70
4078.9,0,41165,100,87,284.38
4078.9,1,55,0,34,6.89
4078.9,2,15,0,59,20.79
4081.0,0,39309,100,87,280.06
4081.0,1,55,0,34,11.50
4081.0,2,15,0,59,30.23
4083.0,0,41421,93,87,278.83
4083.0,1,55,0,34,7.13
4083.0,2,15,0,59,20.59
4085.1,0,39597,100,87,280.43
4085.1,1,55,0,34,6.78
4085.1,2,15,0,59,20.55
4087.2,0,39629,98,87,284.68
4087.2,1,55,0,34,8.22
4087.2,2,15,0,59,21.84
4089.3,0,39693,97,87,285.48
4089.3,1,55,0,34,7.51
4089.3,2,15,0,59,22.41
4091.4,0,39693,97,87,284.61
4091.4,1,55,0,34,6.79
4091.4,2,15,0,59,20.63
4093.5,0,39725,100,87,285.75
4093.5,1,55,0,34,6.76
4093.5,2,15,0,59,20.88
4095.6,0,21139,100,83,246.58
4095.6,1,55,0,34,11.12
4095.6,2,15,0,59,29.96
4097.7,0,30497,100,86,283.99
4097.7,1,55,0,34,6.87
4097.7,2,15,0,59,20.92
4099.8,0,39329,97,87,288.30
4099.8,1,55,0,34,6.82
4099.8,2,15,0,59,20.56
4101.9,0,40641,100,86,270.04
4101.9,1,55,0,34,8.73
4101.9,2,15,0,59,30.21
4104.0,0,39681,97,87,272.97
4104.0,1,55,0,34,7.15
4104.0,2,15,0,59,22.17
4106.1,0,39553,98,86,288.52
4106.1,1,55,0,34,7.08
4106.1,2,15,0,59,21.35
4108.2,0,42209,89,86,267.18
4108.2,1,55,0,34,7.11
4108.2,2,15,0,59,21.40
4110.2,0,39649,100,87,279.76
4110.2,1,55,0,34,11.78
4110.2,2,15,0,59,30.63
4112.3,0,39809,97,87,290.26
4112.3,1,55,0,34,7.18
4112.3,2,15,0,59,21.82
4114.4,0,39201,99,86,288.61
4114.4,1,55,0,34,7.05
4114.4,2,15,0,59,21.54
4116.5,0,40065,80,86,252.84
4116.5,1,55,0,34,11.78
4116.5,2,15,0,59,30.14
4118.6,0,39713,98,86,283.48
4118.6,1,55,0,34,7.26
4118.6,2,15,0,59,21.62
4120.7,0,39457,97,87,285.47
4120.7,1,55,0,34,7.03
4120.7,2,15,0,59,21.24
4122.8,0,42145,99,86,266.34
4122.8,1,55,0,34,6.82
4122.8,2,15,0,59,21.15
4124.9,0,39681,99,86,252.49
4124.9,1,55,0,34,7.35
4124.9,2,15,0,59,22.26
4127.0,0,39745,99,86,284.28
4127.0,1,55,0,34,6.79
4127.0,2,15,0,59,21.18
4129.0,0,39201,97,86,285.71
4129.0,1,55,0,34,7.10
4129.0,2,15,0,59,21.26
4131.1,0,14945,100,83,251.76
4131.1,1,55,0,34,11.49
4131.1,2,15,0,59,30.12
4133.2,0,11843,100,86,298.13
4133.2,1,55,0,34,6.58
4133.2,2,15,0,59,21.57
4135.3,0,11267,99,86,292.52
4135.3,1,55,0,34,6.37
4135.3,2,15,0,59,21.20
4137.3,0,12131,100,83,255.22
4137.3,1,55,0,34,7.46
4137.3,2,15,0,59,21.26
4139.4,0,15745,100,83,257.43
4139.4,1,55,0,34,7.72
4139.4,2,15,0,59,22.74
4141.5,0,14337,90,83,256.62
4141.5,1,55,0,34,6.95
4141.5,2,15,0,59,21.15
4143.6,0,11779,99,86,272.99
4143.6,1,55,0,34,7.19
4143.6,2,15,0,59,21.12
4145.7,0,11331,98,86,299.14
4145.7,1,55,0,34,11.32
4145.7,2,15,0,59,30.39
4147.8,0,11299,91,85,212.50
4147.8,1,55,0,34,7.14
4147.8,2,15,0,59,21.43
4149.9,0,11267,99,86,298.86
4149.9,1,55,0,34,6.98
4149.9,2,15,0,59,21.43
4152.0,0,20461,99,86,285.49
4152.0,1,55,0,34,8.03
4152.0,2,15,0,59,25.35
4154.0,0,29751,100,85,284.74
4154.0,1,55,0,34,7.19
4154.0,2,15,0,59,21.80
4156.1,0,29751,100,86,287.70
4156.1,1,55,0,34,6.74
4156.1,2,15,0,59,20.73
4158.2,0,29751,100,86,285.07
4158.2,1,55,0,34,6.94
4158.2,2,15,0,59,20.86
4160.3,0,29751,100,86,289.27
4160.3,1,55,0,34,11.83
4160.3,2,15,0,59,30.48
4162.4,0,29751,100,86,288.65
4162.4,1,55,0,34,7.11
4162.4,2,15,0,59,20.67
4164.5,0,29751,100,86,286.08
4164.5,1,55,0,34,6.78
4164.5,2,15,0,59,20.79
4166.6,0,29751,99,87,286.50
4166.6,1,55,0,34,11.10
4166.6,2,15,0,59,29.99
4168.7,0,29751,99,86,288.96
4168.7,1,55,0,34,7.03
4168.7,2,15,0,59,22.17
4170.8,0,39041,100,87,289.56
4170.8,1,55,0,34,6.64
4170.8,2,15,0,59,20.66
4172.9,0,29725,87,86,281.19
4172.9,1,55,0,34,6.66
4172.9,2,15,0,59,22.40
4175.0,0,29727,100,86,260.39
4175.0,1,55,0,34,6.88
4175.0,2,15,0,59,21.91
4177.1,0,11145,0,82,116.45
4177.1,1,55,0,34,6.46
4177.1,2,15,0,59,20.55
4179.2,0,11147,0,80,113.22
4179.2,1,55,0,34,6.35
4179.2,2,15,0,59,20.73
4181.3,0,11149,98,85,284.94
4181.3,1,55,0,34,10.64
4181.3,2,15,0,59,30.47
4183.3,0,11149,99,85,287.89
4183.3,1,55,0,34,5.75
4183.3,2,15,0,59,21.89
4185.4,0,11149,0,85,235.92
4185.4,1,55,0,34,5.69
4185.4,2,15,0,59,21.17
4187.5,0,11149,90,85,276.60
4187.5,1,55,0,34,5.91
4187.5,2,15,0,59,24.01
4189.5,0,11149,92,85,278.76
4189.5,1,55,0,34,6.16
4189.5,2,15,0,59,22.83
4191.6,0,11149,93,85,281.37
4191.6,1,55,0,34,5.54
4191.6,2,15,0,59,21.48
4193.7,0,11149,95,86,286.20
4193.7,1,55,0,34,5.85
4193.7,2,15,0,59,21.65
4195.8,0,11149,97,86,285.27
4195.8,1,55,0,34,9.86
4195.8,2,15,0,59,30.34
4197.8,0,11147,91,86,291.03
4197.8,1,55,0,34,5.98
4197.8,2,15,0,59,21.79
4200.0,0,11169,93,86,295.32
4200.0,1,55,0,34,6.64
4200.0,2,15,0,59,21.49
4202.1,0,11169,94,86,296.17
4202.1,1,55,0,34,8.80
4202.1,2,15,0,59,24.77
4204.2,0,11169,83,86,294.80
4204.2,1,55,0,34,7.24
4204.2,2,15,0,59,23.29
4206.3,0,11169,97,86,296.28
4206.3,1,55,0,34,6.85
4206.3,2,15,0,59,21.53
4208.4,0,11169,91,86,294.09
4208.4,1,55,0,34,6.94
4208.4,2,15,0,59,21.53
4210.5,0,11171,100,87,296.98
4210.5,1,55,0,34,11.83
4210.5,2,15,0,59,30.05
4212.5,0,11747,100,86,277.34
4212.5,1,55,0,34,6.88
4212.5,2,15,0,59,21.85
4214.6,0,11939,99,87,297.95
4214.6,1,55,0,34,6.92
4214.6,2,15,0,59,21.45
4216.7,0,11395,99,87,298.40
4216.7,1,55,0,34,11.01
4216.7,2,15,0,59,25.27
4218.8,0,14339,100,86,269.73
4218.8,1,55,0,34,7.38
4218.8,2,15,0,59,22.71
4220.9,0,11875,99,87,298.57
4220.9,1,55,0,34,6.85
4220.9,2,15,0,59,21.14
4223.0,0,11523,100,87,295.54
4223.0,1,55,0,34,6.84
4223.0,2,15,0,59,21.74
4225.0,0,15651,100,84,251.85
4225.0,1,55,0,34,6.56
4225.0,2,15,0,59,22.26
4227.2,0,11811,87,87,283.74
4227.2,1,55,0,34,6.85
4227.2,2,15,0,59,21.17
4229.3,0,11779,82,87,284.69
4229.3,1,55,0,34,7.00
4229.3,2,15,0,59,21.61
4231.4,0,11299,95,87,284.26
4231.4,1,55,0,34,11.30
4231.4,2,15,0,59,25.89
4233.4,0,14339,98,87,268.62
4233.4,1,55,0,34,6.64
4233.4,2,15,0,59,22.01
4235.5,0,11779,95,87,288.50
4235.5,1,55,0,34,6.75
4235.5,2,15,0,59,21.29
4237.6,0,11907,100,87,288.42
4237.6,1,55,0,34,7.88
4237.6,2,15,0,59,22.87
4239.7,0,11363,97,87,291.90
4239.7,1,55,0,34,6.56
4239.7,2,15,0,59,22.83
4241.8,0,12387,100,87,267.85
4241.8,1,55,0,34,6.06
4241.8,2,15,0,59,21.35
4243.8,0,11875,99,87,296.51
4243.8,1,55,0,34,5.67
4243.8,2,15,0,59,21.47
4245.9,0,11467,99,87,294.97
4245.9,1,55,0,34,9.75
4245.9,2,15,0,59,30.66
4248.0,0,15659,96,85,245.91
4248.0,1,55,0,34,5.47
4248.0,2,15,0,59,21.54
4250.0,0,11851,100,87,265.60
4250.0,1,55,0,34,5.41
4250.0,2,15,0,59,21.27
4252.1,0,11819,99,87,295.48
4252.1,1,55,1,34,7.26
4252.1,2,15,0,59,23.85
4254.2,0,11509,99,87,294.78
4254.2,1,55,0,34,5.97
4254.2,2,15,0,59,23.25
4256.2,0,11253,100,87,279.32
4256.2,1,55,0,34,5.63
4256.2,2,15,0,59,21.27
4258.3,0,11893,100,87,280.97
4258.3,1,55,0,34,5.99
4258.3,2,15,0,59,21.21
4260.4,0,11285,0,83,176.32
4260.4,1,55,0,34,11.49
4260.4,2,15,0,59,30.27
4262.5,0,11285,0,80,109.19
4262.5,1,55,0,34,6.94
4262.5,2,15,0,59,20.91
4264.6,0,14357,100,84,264.80
4264.6,1,55,0,34,6.82
4264.6,2,15,0,59,20.74
4266.7,0,15829,56,82,253.17
4266.7,1,55,0,34,8.70
4266.7,2,15,0,59,24.41
4268.8,0,11893,99,85,289.70
4268.8,1,55,0,34,7.19
4268.8,2,15,0,59,22.54
4270.8,0,11765,98,85,297.62
4270.8,1,55,0,34,6.43
4270.8,2,15,0,59,21.58
4272.9,0,11861,96,85,297.22
4272.9,1,55,0,34,6.60
4272.9,2,15,0,59,21.39
4275.0,0,14517,100,85,264.63
4275.0,1,55,0,34,11.40
4275.0,2,15,0,59,30.86
4277.1,0,11925,100,85,264.33
4277.1,1,55,0,34,6.57
4277.1,2,15,0,59,21.17
4279.2,0,11511,99,86,298.38
4279.2,1,55,0,34,6.71
4279.2,2,15,0,59,21.37
4281.3,0,14775,94,82,242.12
4281.3,1,55,0,34,8.96
4281.3,2,15,0,59,25.89
4283.4,0,14903,100,85,256.91
4283.4,1,55,0,34,7.18
4283.4,2,15,0,59,22.81
4285.5,0,11287,95,81,205.23
4285.5,1,55,0,34,6.68
4285.5,2,15,0,59,21.03
4287.6,0,11287,0,79,106.95
4287.6,1,55,0,34,6.96
4287.6,2,15,0,59,21.17
4289.6,0,11287,0,78,102.86
4289.6,1,55,0,34,6.70
4289.6,2,15,0,59,22.00
4291.7,0,11287,0,77,102.35
4291.7,1,55,0,34,5.60
4291.7,2,15,0,59,20.44
4293.8,0,14775,100,81,208.10
4293.8,1,55,0,34,5.74
4293.8,2,15,0,59,21.16
4295.8,0,11799,100,81,257.52
4295.8,1,55,0,34,10.01
4295.8,2,15,0,59,30.76
4297.9,0,12055,82,82,283.60
4297.9,1,55,0,34,5.43
4297.9,2,15,0,59,22.54
4300.0,0,14773,28,80,169.10
4300.0,1,55,0,34,5.47
4300.0,2,15,0,59,21.08
4302.0,0,14837,100,82,268.37
4302.0,1,55,0,34,5.58
4302.0,2,15,0,59,23.16
4304.1,0,11957,99,83,292.59
4304.1,1,55,0,34,5.75
4304.1,2,15,0,59,23.51
4306.2,0,11509,99,83,299.08
4306.2,1,55,0,34,5.42
4306.2,2,15,0,59,21.66
4308.2,0,14901,100,82,257.67
4308.2,1,55,0,34,5.55
4308.2,2,15,0,59,21.60
4310.3,0,12053,80,83,263.82
4310.3,1,55,0,34,10.03
4310.3,2,15,0,59,30.42
4312.3,0,14901,100,83,261.66
4312.3,1,55,0,34,5.40
4312.3,2,15,0,59,21.74
4314.4,0,12181,100,82,257.53
4314.4,1,55,0,34,5.29
4314.4,2,15,0,59,21.23
4316.5,0,14837,3,83,213.82
4316.5,1,55,0,34,5.56
4316.5,2,15,0,59,24.14
4318.6,0,11925,81,81,254.12
4318.6,1,55,0,34,7.31
4318.6,2,15,0,59,22.44
4320.7,0,14869,100,83,217.04
4320.7,1,55,0,34,6.64
4320.7,2,15,0,59,21.33
4322.8,0,13237,100,83,262.48
4322.8,1,55,0,34,6.84
4322.8,2,15,0,59,21.21
4324.8,0,11991,99,84,290.35
4324.8,1,55,0,34,11.26
4324.8,2,15,0,59,30.60
4326.9,0,11283,0,80,210.80
4326.9,1,55,0,34,6.84
4326.9,2,15,0,59,22.14
4329.0,0,14773,100,83,215.60
4329.0,1,55,0,34,6.77
4329.0,2,15,0,59,20.63
4331.1,0,11923,100,82,257.49
4331.1,1,55,0,34,9.18
4331.1,2,15,0,59,24.57
4333.2,0,12117,99,84,297.23
4333.2,1,55,0,34,7.34
4333.2,2,15,0,59,23.22
4335.3,0,11221,99,85,297.83
4335.3,1,55,0,34,6.75
4335.3,2,15,0,59,21.79
4337.3,0,14421,100,84,264.93
4337.3,1,55,0,34,6.65
4337.3,2,15,0,59,21.44
4339.4,0,11957,99,85,279.45
4339.4,1,55,0,34,10.68
4339.4,2,15,0,59,30.41
4341.5,0,12213,99,85,298.74
4341.5,1,55,0,34,6.23
4341.5,2,15,0,59,21.73
4343.6,0,11863,99,86,298.80
4343.6,1,55,0,34,6.13
4343.6,2,15,0,59,21.55
4345.6,0,14871,100,85,279.93
4345.6,1,55,0,34,10.84
4345.6,2,15,0,59,25.49
4347.7,0,14391,100,86,264.10
4347.7,1,55,0,34,6.63
4347.7,2,15,0,59,22.08
4349.8,0,11959,99,86,296.26
4349.8,1,55,0,34,5.98
4349.8,2,15,0,59,21.19
4351.8,0,12279,99,86,297.78
4351.8,1,55,0,34,6.05
4351.8,2,15,0,59,21.65
4353.9,0,12023,99,87,298.82
4353.9,1,55,0,34,10.61
4353.9,2,15,0,59,23.06
4356.0,0,11287,99,87,297.68
4356.0,1,55,0,34,5.75
4356.0,2,15,0,59,21.43
4358.0,0,14903,99,87,272.99
4358.0,1,55,0,34,5.37
4358.0,2,15,0,59,21.20
4360.1,0,11895,98,87,296.23
4360.1,1,55,0,34,9.79
4360.1,2,15,0,59,30.01
4362.2,0,11575,99,87,294.68
4362.2,1,55,0,34,5.74
4362.2,2,15,0,59,22.84
4364.3,0,12023,99,87,292.47
4364.3,1,55,0,34,5.48
4364.3,2,15,0,59,21.28
4366.3,0,14871,99,87,277.44
4366.3,1,55,0,34,5.39
4366.3,2,15,0,59,21.37
4368.4,0,14423,98,87,260.80
4368.4,1,55,0,34,9.92
4368.4,2,15,0,59,30.15
4370.4,0,12023,100,87,291.26
4370.4,1,55,0,34,5.52
4370.4,2,15,0,59,21.25
4372.5,0,11863,99,88,288.48
4372.5,1,55,0,34,5.46
4372.5,2,15,0,59,21.45
4374.6,0,11639,100,87,287.29
4374.6,1,55,0,34,10.05
4374.6,2,15,0,59,30.53
4376.7,0,14839,100,87,253.04
4376.7,1,55,0,34,5.47
4376.7,2,15,0,59,21.65
4378.7,0,11831,100,88,271.99
4378.7,1,55,0,34,6.28
4378.7,2,15,0,59,20.92
4380.8,0,11991,77,88,280.66
4380.8,1,55,1,34,6.82
4380.8,2,15,0,59,21.18
4382.9,0,11895,99,88,280.31
4382.9,1,55,0,34,7.17
4382.9,2,15,0,59,29.87
4385.0,0,12055,99,88,284.99
4385.0,1,55,0,34,6.46
4385.0,2,15,0,59,21.08
4387.0,0,14871,99,87,266.95
4387.0,1,55,0,34,6.87
4387.0,2,15,0,59,21.23
4389.1,0,14423,100,87,255.12
4389.1,1,55,0,34,11.36
4389.1,2,15,0,59,30.20
4391.2,0,11959,99,88,285.76
4391.2,1,55,0,34,7.06
4391.2,2,15,0,59,21.14
4393.3,0,11543,99,88,281.85
4393.3,1,55,0,34,6.80
4393.3,2,15,0,59,20.94
4395.4,0,12055,99,88,281.70
4395.4,1,55,0,34,7.81
4395.4,2,15,0,59,21.26
4397.5,0,14839,99,85,262.05
4397.5,1,55,0,34,7.04
4397.5,2,15,0,59,22.90
4399.6,0,14423,100,87,265.74
4399.6,1,55,0,34,6.93
4399.6,2,15,0,59,20.79
4401.6,0,11991,99,87,282.96
4401.6,1,55,0,34,6.85
4401.6,2,15,0,58,21.03
4403.7,0,11863,99,87,283.40
4403.7,1,55,0,34,11.57
4403.7,2,15,0,59,29.76
4405.8,0,11447,94,87,283.23
4405.8,1,55,0,34,7.22
4405.8,2,15,0,59,21.53
4407.9,0,14807,100,88,247.71
4407.9,1,55,0,34,6.64
4407.9,2,15,0,59,21.01
4410.0,0,11863,100,87,270.23
4410.0,1,55,0,34,8.03
4410.0,2,15,0,59,24.82
4412.1,0,12055,99,88,286.59
4412.1,1,55,0,34,7.34
4412.1,2,15,0,59,22.44
4414.2,0,11799,99,88,282.30
4414.2,1,55,0,34,6.86
4414.2,2,15,0,58,21.04
4416.3,0,12023,99,88,283.82
4416.3,1,55,0,34,6.86
4416.3,2,15,0,58,21.16
4418.3,0,11287,95,88,280.80
4418.3,1,55,0,34,11.74
4418.3,2,15,0,59,29.96
4420.4,0,14423,100,88,260.44
4420.4,1,55,0,34,7.18
4420.4,2,15,0,59,20.74
4422.5,0,11895,66,88,262.96
4422.5,1,55,0,34,6.98
4422.5,2,15,0,59,20.94
4424.5,0,11479,99,87,285.62
4424.5,1,55,0,34,8.71
4424.5,2,15,0,59,25.49
4426.6,0,11895,100,88,285.81
4426.6,1,55,0,34,7.00
4426.6,2,15,0,59,22.62
4428.7,0,11735,91,87,282.64
4428.7,1,55,0,34,6.71
4428.7,2,15,0,58,20.93
4430.8,0,14871,99,87,284.98
4430.8,1,55,0,34,6.70
4430.8,2,15,0,58,21.08
4432.9,0,14903,100,87,261.11
4432.9,1,55,0,34,11.77
4432.9,2,15,0,59,29.65
4435.0,0,11927,99,87,268.28
4435.0,1,55,0,34,6.90
4435.0,2,15,0,59,20.88
4437.1,0,11479,99,88,285.70
4437.1,1,55,0,34,6.75
4437.1,2,15,0,58,21.33
4439.1,0,11927,100,87,288.84
4439.1,1,55,0,34,11.51
4439.1,2,15,0,59,30.23
4441.2,0,11447,100,88,284.92
4441.2,1,55,0,34,6.86
4441.2,2,15,0,59,21.44
4443.3,0,13175,100,87,265.38
4443.3,1,55,0,34,6.73
4443.3,2,15,0,58,21.10
4445.4,0,11831,100,87,260.65
4445.4,1,55,0,34,7.01
4445.4,2,15,0,59,21.01
4447.5,0,11799,96,88,288.26
4447.5,1,55,0,34,7.45
4447.5,2,15,0,59,23.03
4449.6,0,11895,99,88,285.21
4449.6,1,55,0,34,6.82
4449.6,2,15,0,59,21.26
4451.7,0,12087,99,88,286.92
4451.7,1,55,0,34,6.95
4451.7,2,15,0,58,21.36
4453.7,0,14871,100,88,284.97
4453.7,1,55,0,34,11.36
4453.7,2,15,0,59,29.92
4455.8,0,14903,100,87,262.68
4455.8,1,55,0,34,7.12
4455.8,2,15,0,59,21.30
4457.9,0,11959,91,87,257.15
4457.9,1,55,0,34,6.79
4457.9,2,15,0,59,20.94
4460.0,0,11799,99,88,287.99
4460.0,1,55,0,34,7.69
4460.0,2,15,1,59,24.37
4462.1,0,11959,100,88,290.93
4462.1,1,55,0,34,7.32
4462.1,2,15,0,59,22.50
4464.2,0,11735,99,88,286.44
4464.2,1,55,0,34,6.63
4464.2,2,15,0,59,21.20
4466.2,0,14839,100,87,245.55
4466.2,1,55,0,34,6.83
4466.2,2,15,0,58,21.26
4468.3,0,11831,100,87,270.26
4468.3,1,55,0,34,11.59
4468.3,2,15,0,59,30.53
4470.4,0,12055,99,87,286.27
4470.4,1,55,0,34,7.04
4470.4,2,15,0,59,21.90
4472.5,0,11863,99,87,287.94
4472.5,1,55,0,34,6.79
4472.5,2,15,0,59,21.52
4474.6,0,11799,99,87,286.84
4474.6,1,55,0,34,8.61
4474.6,2,15,0,59,25.31
4476.6,0,14871,100,87,247.21
4476.6,1,55,0,34,7.84
4476.6,2,15,0,59,22.81
4478.7,0,11927,100,88,271.62
4478.7,1,55,0,34,6.86
4478.7,2,15,0,59,21.12
4480.8,0,12119,99,87,289.76
4480.8,1,55,0,34,7.04
4480.8,2,15,0,59,21.34
4482.9,0,11863,99,88,287.67
4482.9,1,55,0,34,11.41
4482.9,2,15,0,59,30.01
4485.0,0,11895,99,88,286.96
4485.0,1,55,0,34,7.11
4485.0,2,15,0,59,21.09
4487.1,0,12055,99,87,265.45
4487.1,1,55,0,34,6.98
4487.1,2,15,0,59,21.27
4489.1,0,29899,100,87,282.08
4489.1,1,55,0,34,8.88
4489.1,2,15,0,59,30.18
4491.2,0,29899,100,87,280.52
4491.2,1,55,0,34,6.70
4491.2,2,15,0,59,21.83
4493.3,0,29899,100,88,282.92
4493.3,1,55,0,34,6.54
4493.3,2,15,0,59,20.62
4495.4,0,29899,98,87,281.02
4495.4,1,55,0,34,6.12
4495.4,2,15,0,59,20.75
4497.5,0,29899,100,88,280.48
4497.5,1,55,0,34,11.81
4497.5,2,15,0,59,22.39
4499.6,0,29899,99,87,283.60
4499.6,1,55,0,34,6.70
4499.6,2,15,0,59,20.62
4501.7,0,29899,99,87,285.85
4501.7,1,55,0,34,7.19
4501.7,2,15,0,59,20.84
4503.8,0,29899,100,87,280.13
4503.8,1,55,0,34,11.69
4503.8,2,15,0,59,30.13
4505.9,0,29899,100,87,282.01
4505.9,1,55,0,34,7.01
4505.9,2,15,0,59,21.12
4508.0,0,29899,100,88,282.20
4508.0,1,55,0,34,6.80
4508.0,2,15,0,59,20.82
4510.1,0,29899,100,87,284.61
4510.1,1,55,0,34,7.28
4510.1,2,15,0,59,23.57
4512.2,0,29835,100,87,286.10
4512.2,1,55,0,34,6.84
4512.2,2,15,0,59,21.83
4514.3,0,29835,100,87,284.10
4514.3,1,55,0,34,6.76
4514.3,2,15,0,59,20.71
4516.4,0,29771,100,87,282.52
4516.4,1,55,0,34,6.89
4516.4,2,15,0,59,20.82
4518.5,0,29707,100,88,283.20
4518.5,1,55,0,34,11.57
4518.5,2,15,0,59,30.53
4520.6,0,29707,100,88,284.61
4520.6,1,55,0,34,6.95
4520.6,2,15,0,59,21.32
4522.7,0,29707,99,88,281.14
4522.7,1,55,0,34,6.82
4522.7,2,15,0,59,20.80
4524.8,0,29707,96,87,281.33
4524.8,1,55,0,34,9.01
4524.8,2,15,0,59,24.17
4526.8,0,29707,98,88,284.33
4526.8,1,55,0,34,7.72
4526.8,2,15,0,59,22.30
4528.9,0,29707,99,88,282.92
4528.9,1,55,0,34,6.80
4528.9,2,15,0,59,20.70
4531.0,0,29707,99,87,281.82
4531.0,1,55,0,34,6.99
4531.0,2,15,0,59,20.70
4533.1,0,29707,100,87,281.66
4533.1,1,55,0,34,11.38
4533.1,2,15,0,59,30.02
4535.2,0,29707,100,87,286.21
4535.2,1,55,0,34,6.78
4535.2,2,15,0,59,20.95
4537.3,0,29707,100,87,281.10
4537.3,1,55,0,34,6.97
4537.3,2,15,0,59,20.72
4539.4,0,38997,100,87,282.70
4539.4,1,55,0,34,11.53
4539.4,2,15,0,59,25.13
4541.5,0,38997,100,87,282.86
4541.5,1,55,0,34,7.29
4541.5,2,15,0,59,23.07
4543.5,0,48287,100,87,279.85
4543.5,1,55,0,34,6.63
4543.5,2,15,0,59,20.83
4545.6,0,48287,92,86,283.69
4545.6,1,55,0,34,6.79
4545.6,2,15,0,59,20.98
4547.7,0,48287,85,87,280.20
4547.7,1,55,0,34,6.94
4547.7,2,15,0,59,22.35
4549.8,0,48287,88,87,283.03
4549.8,1,55,0,34,6.85
4549.8,2,15,0,59,20.69
4551.9,0,48287,90,87,280.69
4551.9,1,55,0,34,6.85
4551.9,2,15,0,59,20.90
4554.0,0,48287,92,87,284.53
4554.0,1,55,0,34,11.12
4554.0,2,15,0,59,30.14
4556.1,0,48287,97,87,279.51
4556.1,1,55,0,34,7.03
4556.1,2,15,0,59,21.10
4558.2,0,48287,99,87,285.35
4558.2,1,55,0,34,6.88
4558.2,2,15,0,59,20.86
4560.3,0,48287,100,87,284.04
4560.3,1,55,0,34,8.84
4560.3,2,15,0,59,22.49
4562.4,0,48287,99,87,285.24
4562.4,1,55,0,34,7.25
4562.4,2,15,0,59,21.97
4564.5,0,48287,100,87,284.24
4564.5,1,55,0,34,7.02
4564.5,2,15,0,59,20.83
4566.5,0,48287,99,87,284.26
4566.5,1,55,0,34,7.11
4566.5,2,15,0,59,20.98
4568.6,0,48287,100,87,283.51
4568.6,1,55,0,34,11.31
4568.6,2,15,0,59,30.61
4570.7,0,48287,100,87,284.08
4570.7,1,55,0,34,6.93
4570.7,2,15,0,59,21.40
4572.8,0,48287,100,87,284.43
4572.8,1,55,0,34,6.94
4572.8,2,15,0,59,20.88
4574.9,0,48287,100,87,283.79
4574.9,1,55,0,34,8.93
4574.9,2,15,0,59,23.42
4577.0,0,48287,100,87,284.09
4577.0,1,55,0,34,7.60
4577.0,2,15,0,59,22.21
4579.1,0,48287,100,87,285.01
4579.1,1,55,0,34,6.69
4579.1,2,15,0,59,20.77
4581.2,0,48287,100,87,279.55
4581.2,1,55,0,34,7.00
4581.2,2,15,0,59,20.94
4583.2,0,48287,97,87,278.69
4583.2,1,55,0,34,7.17
4583.2,2,15,0,59,30.51
4585.3,0,48287,100,87,280.84
4585.3,1,55,0,34,6.70
4585.3,2,15,0,59,21.11
4587.4,0,48287,100,87,282.47
4587.4,1,55,0,34,6.98
4587.4,2,15,0,59,20.89
4589.5,0,48287,100,87,285.85
4589.5,1,55,0,34,9.17
4589.5,2,15,0,59,30.55
4591.6,0,48287,100,87,281.95
4591.6,1,55,0,34,7.43
4591.6,2,15,0,59,21.36
4593.7,0,48287,100,87,284.21
4593.7,1,55,0,34,6.66
4593.7,2,15,0,59,20.87
4595.7,0,48287,100,87,281.52
4595.7,1,55,0,34,7.70
4595.7,2,15,0,59,20.86
4597.8,0,48287,100,87,279.73
4597.8,1,55,0,34,7.07
4597.8,2,15,0,59,29.90
4599.9,0,48287,100,87,284.83
4599.9,1,55,0,34,6.79
4599.9,2,15,0,59,21.20
4601.9,0,48287,95,87,280.47
4601.9,1,55,0,34,6.97
4601.9,2,15,0,59,20.78
4604.0,0,48287,100,87,287.06
4604.0,1,55,0,34,11.14
4604.0,2,15,0,59,30.33
4606.1,0,48287,97,87,280.22
4606.1,1,55,0,34,6.79
4606.1,2,15,0,59,21.05
4608.2,0,48287,100,87,281.55
4608.2,1,55,0,34,6.54
4608.2,2,15,0,59,20.76
4610.2,0,48287,100,88,283.72
4610.2,1,55,0,34,8.06
4610.2,2,15,0,59,21.08
4612.3,0,48287,100,87,282.53
4612.3,1,55,0,34,6.73
4612.3,2,15,0,59,21.87
4614.4,0,48287,100,87,282.64
4614.4,1,55,0,34,6.87
4614.4,2,15,0,59,20.92
4616.5,0,48287,100,87,281.36
4616.5,1,55,0,34,6.97
4616.5,2,15,0,59,21.02
4618.6,0,48287,100,87,283.28
4618.6,1,55,0,34,11.77
4618.6,2,15,0,59,30.66
4620.7,0,48287,100,87,282.77
4620.7,1,55,0,34,7.12
4620.7,2,15,0,59,21.26
4622.8,0,48287,100,87,283.96
4622.8,1,55,0,34,6.69
4622.8,2,15,0,59,20.87
4624.9,0,48287,100,87,285.62
4624.9,1,55,0,34,8.36
4624.9,2,15,0,59,22.22
4627.0,0,48287,100,87,284.31
4627.0,1,55,0,34,7.43
4627.0,2,15,0,59,22.28
4629.1,0,48287,99,87,280.45
4629.1,1,55,0,34,6.61
4629.1,2,15,0,59,20.84
4631.2,0,48287,100,87,284.58
4631.2,1,55,0,34,7.03
4631.2,2,15,0,59,20.91
4633.2,0,48287,100,87,284.42
4633.2,1,55,0,34,11.68
4633.2,2,15,0,59,30.59
4635.3,0,48287,100,87,283.85
4635.3,1,55,0,34,7.08
4635.3,2,15,0,59,21.02
4637.4,0,48287,100,87,284.96
4637.4,1,55,0,34,7.07
4637.4,2,15,0,59,20.84
4639.5,0,48287,100,87,285.69
4639.5,1,55,0,34,8.91
4639.5,2,15,0,59,25.49
4641.6,0,48287,100,87,284.19
4641.6,1,55,0,34,7.16
4641.6,2,15,0,59,22.75
4643.7,0,48287,99,87,286.82
4643.7,1,55,0,34,6.69
4643.7,2,15,0,59,20.83
4645.8,0,48287,100,87,285.29
4645.8,1,55,0,34,6.68
4645.8,2,15,0,59,20.81
4647.9,0,48287,98,87,286.08
4647.9,1,55,0,34,7.20
4647.9,2,15,0,59,29.95
4650.0,0,48287,100,87,280.68
4650.0,1,55,0,34,6.86
4650.0,2,15,0,59,21.11
4652.1,0,48287,100,87,284.82
4652.1,1,55,0,34,6.98
4652.1,2,15,0,59,20.86
4654.2,0,48287,100,87,287.39
4654.2,1,55,0,34,8.95
4654.2,2,15,0,59,30.23
4656.2,0,48287,100,87,284.20
4656.2,1,55,0,34,7.05
4656.2,2,15,0,59,20.85
4658.3,0,48287,100,87,285.54
4658.3,1,55,0,34,6.90
4658.3,2,15,0,59,20.63
4660.4,0,48287,100,87,283.61
4660.4,1,55,0,34,7.51
4660.4,2,15,0,59,20.72
4662.5,0,48287,100,87,287.09
4662.5,1,55,0,34,7.42
4662.5,2,15,0,59,22.62
4664.6,0,48287,100,87,286.95
4664.6,1,55,0,34,6.87
4664.6,2,15,0,59,20.64
4666.7,0,48287,100,86,284.46
4666.7,1,55,0,34,6.97
4666.7,2,15,0,59,20.87
4668.8,0,48287,100,87,281.92
4668.8,1,55,0,34,11.71
4668.8,2,15,0,59,29.89
4670.9,0,48287,100,87,283.98
4670.9,1,55,0,34,7.10
4670.9,2,15,0,59,21.10
4672.9,0,48287,100,87,287.55
4672.9,1,55,0,34,6.82
4672.9,2,15,0,59,20.73
4675.0,0,48287,100,87,285.17
4675.0,1,55,0,34,8.34
4675.0,2,15,0,59,24.43
4677.1,0,48287,97,87,285.55
4677.1,1,55,0,34,7.38
4677.1,2,15,0,59,22.02
4679.2,0,48287,99,87,284.86
4679.2,1,55,0,34,6.87
4679.2,2,15,0,59,20.63
4681.3,0,48287,97,87,287.00
4681.3,1,55,0,34,7.11
4681.3,2,15,0,59,20.96
4684.3,0,29705,100,83,184.57
4684.3,1,55,0,34,6.90
4684.3,2,15,0,59,21.73
4686.4,0,29729,97,86,284.20
4686.4,1,55,0,34,6.38
4686.4,2,15,0,59,20.72
4688.5,0,29729,98,87,287.38
4688.5,1,55,0,34,6.81
4688.5,2,15,0,59,21.52
4690.6,0,29729,98,87,283.54
4690.6,1,55,0,34,11.18
4690.6,2,15,0,59,30.81
4692.7,0,29729,98,87,288.14
4692.7,1,55,0,34,7.09
4692.7,2,15,0,59,21.83
4694.8,0,29729,98,86,285.39
4694.8,1,55,0,34,7.01
4694.8,2,15,0,59,21.36
4696.9,0,11125,100,87,251.73
4696.9,1,55,0,34,9.15
4696.9,2,15,0,59,24.60
4699.0,0,11147,100,87,299.43
4699.0,1,55,0,34,7.71
4699.0,2,15,0,59,22.71
4701.1,0,11147,99,87,299.35
4701.1,1,55,0,34,6.95
4701.1,2,15,0,59,21.20
4703.2,0,11147,96,87,297.07
4703.2,1,55,0,34,7.14
4703.2,2,15,0,59,21.21
4705.2,0,11147,100,87,298.14
4705.2,1,55,0,34,11.54
4705.2,2,15,0,59,30.18
4707.3,0,11147,99,87,298.98
4707.3,1,55,0,34,6.53
4707.3,2,15,0,59,21.36
4709.4,0,11147,100,87,298.44
4709.4,1,55,0,34,7.08
4709.4,2,15,0,59,21.20
4711.5,0,11147,100,83,237.49
4711.5,1,55,0,34,11.56
4711.5,2,15,0,59,25.42
4713.6,0,11147,0,82,117.03
4713.6,1,55,0,34,7.15
4713.6,2,15,0,59,20.91
4715.7,0,11147,0,80,104.00
4715.7,1,55,0,34,7.24
4715.7,2,15,0,59,20.40
4717.8,0,11147,100,85,296.58
4717.8,1,55,0,34,8.47
4717.8,2,15,0,59,21.86
4719.9,0,11149,99,85,289.37
4719.9,1,55,0,34,7.45
4719.9,2,15,0,59,22.74
4722.0,0,11149,100,85,293.60
4722.0,1,55,0,34,6.76
4722.0,2,15,0,59,21.39
4724.0,0,11149,99,86,298.41
4724.0,1,55,0,34,7.09
4724.0,2,15,0,59,21.55
4726.2,0,11149,96,85,297.75
4726.2,1,55,0,34,11.66
4726.2,2,15,0,59,30.24
4728.3,0,11149,71,86,294.85
4728.3,1,55,0,34,7.18
4728.3,2,15,0,59,21.75
4730.3,0,11149,100,86,291.03
4730.3,1,55,0,34,6.96
4730.3,2,15,0,59,21.58
4732.4,0,11149,100,86,297.42
4732.4,1,55,1,34,8.55
4732.4,2,15,0,59,23.14
4734.5,0,11149,100,86,299.36
4734.5,1,55,0,34,7.23
4734.5,2,15,0,59,23.31
4736.6,0,11149,100,82,238.70
4736.6,1,55,0,34,7.00
4736.6,2,15,0,59,21.37
4738.6,0,11149,14,81,131.65
4738.6,1,55,0,34,7.12
4738.6,2,15,0,59,20.87
4740.7,0,11149,99,85,296.21
4740.7,1,55,0,34,11.94
4740.7,2,15,0,59,29.91
4742.8,0,11149,100,85,299.08
4742.8,1,55,0,34,7.04
4742.8,2,15,0,59,21.74
4744.9,0,11149,7,80,138.64
4744.9,1,55,0,34,6.66
4744.9,2,15,0,59,21.14
4747.0,0,11149,2,79,124.73
4747.0,1,55,0,34,8.88
4747.0,2,15,0,59,23.43
4749.1,0,11149,4,78,122.20
4749.1,1,55,0,34,7.63
4749.1,2,15,0,59,22.10
4751.2,0,11149,99,82,265.87
4751.2,1,55,0,34,6.91
4751.2,2,15,0,59,20.66
4753.2,0,11149,0,78,168.59
4753.2,1,55,0,34,6.98
4753.2,2,15,0,59,21.39
4755.3,0,11147,100,82,286.51
4755.3,1,55,0,34,6.81
4755.3,2,15,0,59,30.41
4757.4,0,11147,0,81,123.32
4757.4,1,55,0,34,6.75
4757.4,2,15,0,59,21.17
4759.5,0,11149,99,82,298.63
4759.5,1,55,0,34,6.55
4759.5,2,15,0,59,21.08
4761.6,0,11149,100,83,298.62
4761.6,1,55,0,34,8.13
4761.6,2,15,0,59,30.50
4763.6,0,11149,100,83,297.84
4763.6,1,55,0,34,6.45
4763.6,2,15,0,59,21.97
4765.7,0,11149,99,84,298.41
4765.7,1,55,0,34,5.62
4765.7,2,15,0,59,21.55
4767.8,0,11149,100,84,298.92
4767.8,1,55,0,34,5.91
4767.8,2,15,0,59,21.51
4769.8,0,11149,100,84,299.08
4769.8,1,55,0,34,6.37
4769.8,2,15,0,59,30.18
4771.9,0,11149,100,85,298.98
4771.9,1,55,0,34,5.91
4771.9,2,15,0,59,21.84
4774.0,0,11149,100,85,299.22
4774.0,1,55,0,34,6.05
4774.0,2,15,0,59,21.50
4776.1,0,11149,100,85,298.39
4776.1,1,55,0,34,10.19
4776.1,2,15,0,59,30.38
4778.1,0,11149,97,85,299.37
4778.1,1,55,0,34,5.98
4778.1,2,15,0,59,21.58
4780.2,0,11149,99,86,297.79
4780.2,1,55,0,34,5.68
4780.2,2,15,0,59,21.24
4782.3,0,11149,100,86,298.76
4782.3,1,55,0,34,5.79
4782.3,2,15,0,59,21.46
4784.3,0,11149,100,86,298.77
4784.3,1,55,0,34,6.15
4784.3,2,15,0,59,22.98
4786.4,0,11125,99,86,283.26
4786.4,1,55,0,34,5.85
4786.4,2,15,0,59,21.15
4788.5,0,11125,100,86,298.78
4788.5,1,55,0,34,5.87
4788.5,2,15,0,59,21.37
4790.5,0,11125,0,82,160.53
4790.5,1,55,0,34,10.33
4790.5,2,15,0,59,30.09
4792.6,0,11125,98,86,295.90
4792.6,1,55,0,34,6.09
4792.6,2,15,0,59,21.38
4794.7,0,11125,93,85,187.58
4794.7,1,55,0,34,5.94
4794.7,2,15,0,59,20.91
4796.7,0,11125,14,82,193.95
4796.7,1,55,0,34,6.03
4796.7,2,15,0,59,22.58
4798.8,0,11125,8,81,215.10
4798.8,1,55,0,34,7.47
4798.8,2,15,0,59,22.22
4800.9,0,11125,98,84,225.09
4800.9,1,55,0,34,6.89
4800.9,2,15,0,59,20.71
4803.0,0,11125,100,83,191.24
4803.0,1,55,0,34,7.12
4803.0,2,15,0,59,20.75
4805.1,0,11127,99,84,297.96
4805.1,1,55,0,34,11.62
4805.1,2,15,0,59,30.35
4807.1,0,11127,100,85,298.55
4807.1,1,55,0,34,6.61
4807.1,2,15,0,59,21.95
4809.2,0,11127,97,85,299.40
4809.2,1,55,0,34,6.42
4809.2,2,15,0,59,21.36
4811.3,0,11127,96,85,299.30
4811.3,1,55,0,34,7.44
4811.3,2,15,0,59,23.75
4813.4,0,11127,98,86,299.30
4813.4,1,55,0,34,7.03
4813.4,2,15,0,59,23.07
4815.5,0,11127,100,86,299.25
4815.5,1,55,0,34,6.57
4815.5,2,15,0,59,21.43
4817.5,0,11127,97,86,298.61
4817.5,1,55,0,34,6.69
4817.5,2,15,0,59,21.71
4819.6,0,11127,98,86,298.03
4819.6,1,55,0,34,11.01
4819.6,2,15,0,59,30.19
4821.7,0,11127,99,87,298.32
4821.7,1,55,0,34,6.65
4821.7,2,15,0,59,21.78
4823.8,0,11127,99,87,298.80
4823.8,1,55,0,34,6.52
4823.8,2,15,0,59,21.54
4825.9,0,11127,100,87,299.00
4825.9,1,55,0,34,8.81
4825.9,2,15,0,59,24.73
4827.9,0,11127,99,87,298.69
4827.9,1,55,0,34,6.94
4827.9,2,15,0,59,22.57
4830.0,0,11127,100,87,296.13
4830.0,1,55,0,34,6.39
4830.0,2,15,0,59,21.43
4832.1,0,11127,99,87,296.27
4832.1,1,55,0,34,6.41
4832.1,2,15,0,59,21.47
4834.2,0,11127,99,87,293.58
4834.2,1,55,0,34,10.94
4834.2,2,15,0,59,30.66
4836.2,0,11127,99,88,291.32
4836.2,1,55,0,34,6.37
4836.2,2,15,0,59,21.88
4838.3,0,11127,100,88,291.29
4838.3,1,55,0,34,6.52
4838.3,2,15,0,59,21.35
4840.4,0,11127,100,88,291.42
4840.4,1,55,0,34,10.89
4840.4,2,15,0,59,25.11
4842.5,0,11127,100,88,289.30
4842.5,1,55,0,34,6.56
4842.5,2,15,0,59,22.77
4844.6,0,11127,100,88,286.20
4844.6,1,55,0,34,6.51
4844.6,2,15,0,59,21.39
4846.6,0,11127,99,88,285.07
4846.6,1,55,0,34,6.45
4846.6,2,15,1,59,22.18
4848.7,0,11127,99,88,284.11
4848.7,1,55,0,34,10.80
4848.7,2,15,0,59,22.50
4850.8,0,11127,100,88,285.06
4850.8,1,55,0,34,6.34
4850.8,2,15,0,59,21.36
4852.9,0,11127,98,88,286.37
4852.9,1,55,0,34,6.42
4852.9,2,15,0,59,21.41
4854.9,0,11127,99,88,286.32
4854.9,1,55,0,34,10.43
4854.9,2,15,0,59,30.22
4857.0,0,11127,99,88,286.05
4857.0,1,55,0,34,5.87
4857.0,2,15,0,59,21.82
4859.1,0,11127,98,88,284.50
4859.1,1,55,0,34,6.66
4859.1,2,15,0,59,21.30
4861.2,0,11127,100,88,284.64
4861.2,1,55,1,34,6.92
4861.2,2,15,0,59,23.26
4863.2,0,11127,100,88,283.47
4863.2,1,55,0,34,7.18
4863.2,2,15,0,59,22.99
4865.3,0,11127,99,88,283.17
4865.3,1,55,0,34,6.74
4865.3,2,15,0,59,21.24
4867.4,0,11127,99,88,283.84
4867.4,1,55,0,34,6.85
4867.4,2,15,0,59,21.28
4869.5,0,11127,100,88,285.29
4869.5,1,55,0,34,11.00
4869.5,2,15,0,59,30.16
4871.6,0,11127,100,88,285.18
4871.6,1,55,0,34,7.05
4871.6,2,15,0,59,21.42
4873.7,0,11127,100,88,285.21
4873.7,1,55,0,34,6.79
4873.7,2,15,0,59,21.14
4875.8,0,11127,100,88,286.00
4875.8,1,55,0,34,7.71
4875.8,2,15,0,59,23.90
4877.9,0,11127,99,88,284.65
4877.9,1,55,0,34,7.32
4877.9,2,15,0,59,22.99
4880.0,0,11127,100,88,285.36
4880.0,1,55,0,34,7.01
4880.0,2,15,0,59,21.07
4882.0,0,11127,99,88,284.16
4882.0,1,55,0,34,7.24
4882.0,2,15,0,59,21.16
4884.1,0,11127,98,88,285.54
4884.1,1,55,0,34,11.55
4884.1,2,15,0,59,29.79
4886.2,0,11127,99,88,283.30
4886.2,1,55,0,34,7.23
4886.2,2,15,0,59,21.59
4888.3,0,11127,99,88,285.89
4888.3,1,55,0,34,7.07
4888.3,2,15,0,59,21.12
4890.4,0,11127,99,88,286.88
4890.4,1,55,0,34,11.08
4890.4,2,15,0,59,24.64
4892.5,0,11127,99,88,286.76
4892.5,1,55,0,34,7.26
4892.5,2,15,0,59,22.61
4894.6,0,11127,97,88,284.70
4894.6,1,55,0,34,6.90
4894.6,2,15,0,59,21.13
4896.7,0,11127,98,88,286.32
4896.7,1,55,0,34,6.95
4896.7,2,15,0,59,21.05
4898.8,0,11127,98,88,285.47
4898.8,1,55,0,34,11.70
4898.8,2,15,0,59,30.38
4900.9,0,11127,100,88,285.23
4900.9,1,55,0,34,7.09
4900.9,2,15,0,59,21.34
4903.0,0,11127,100,88,286.78
4903.0,1,55,0,34,7.19
4903.0,2,15,0,59,21.16
4905.1,0,11127,100,88,286.12
4905.1,1,55,0,34,11.60
4905.1,2,15,0,59,30.35
4907.2,0,11127,100,88,287.31
4907.2,1,55,0,34,7.08
4907.2,2,15,0,59,21.60
4909.3,0,11127,99,88,288.13
4909.3,1,55,0,34,7.13
4909.3,2,15,0,59,21.08
4911.4,0,11127,96,88,287.03
4911.4,1,55,0,34,8.66
4911.4,2,15,0,59,21.66
4913.5,0,11127,97,88,287.05
4913.5,1,55,0,34,7.76
4913.5,2,15,0,59,22.67
4915.6,0,11127,99,88,286.62
4915.6,1,55,0,34,6.73
4915.6,2,15,0,59,21.16
4917.7,0,11127,99,88,285.83
4917.7,1,55,0,34,7.11
4917.7,2,15,0,59,21.27
4919.8,0,11127,100,88,286.85
4919.8,1,55,0,34,11.36
4919.8,2,15,0,59,30.24
4921.8,0,11127,99,88,287.07
4921.8,1,55,0,34,6.90
4921.8,2,15,0,59,21.45
4923.9,0,11127,99,88,288.30
4923.9,1,55,0,34,7.07
4923.9,2,15,0,59,21.23
4926.0,0,11127,99,88,287.99
4926.0,1,55,0,34,8.64
4926.0,2,15,0,59,23.10
4928.1,0,11127,100,88,288.26
4928.1,1,55,0,34,7.32
4928.1,2,15,0,59,23.23
4930.2,0,11127,97,88,288.34
4930.2,1,55,0,34,7.01
4930.2,2,15,0,59,21.22
4932.3,0,11127,100,88,288.88
4932.3,1,55,0,34,7.00
4932.3,2,15,0,59,21.39
4934.4,0,11127,98,88,287.09
4934.4,1,55,0,34,11.42
4934.4,2,15,0,59,29.94
4936.4,0,11127,100,88,288.59
4936.4,1,55,0,34,6.67
4936.4,2,15,0,59,21.70
4938.5,0,11127,99,88,287.18
4938.5,1,55,0,34,6.77
4938.5,2,15,0,59,21.41
4940.6,0,11127,100,88,289.15
4940.6,1,55,0,34,8.76
4940.6,2,15,0,59,30.28
4942.7,0,11127,100,88,287.97
4942.7,1,55,0,34,7.44
4942.7,2,15,0,59,22.77
4944.8,0,11127,97,88,289.27
4944.8,1,55,0,34,6.76
4944.8,2,15,0,59,21.44
4946.9,0,11127,98,88,290.15
4946.9,1,55,1,34,6.90
4946.9,2,15,0,59,21.50
4949.0,0,11127,100,88,288.83
4949.0,1,55,0,34,7.16
4949.0,2,15,0,59,30.49
4951.1,0,11127,98,88,289.58
4951.1,1,55,0,34,6.77
4951.1,2,15,0,59,21.25
4953.1,0,11127,100,88,287.08
4953.1,1,55,0,34,7.02
4953.1,2,15,0,59,21.47
4955.2,0,11127,100,88,288.66
4955.2,1,55,0,34,9.20
4955.2,2,15,0,59,30.53
4957.3,0,11127,100,88,288.48
4957.3,1,55,0,34,7.58
4957.3,2,15,0,59,21.68
4959.4,0,11127,96,88,287.77
4959.4,1,55,0,34,6.83
4959.4,2,15,0,59,21.20
4961.5,0,11127,100,88,289.53
4961.5,1,55,0,34,7.95
4961.5,2,15,0,59,21.16
4963.6,0,11127,100,88,291.23
4963.6,1,55,0,34,7.53
4963.6,2,15,0,59,22.54
4965.7,0,11127,100,88,290.66
4965.7,1,55,0,34,7.07
4965.7,2,15,0,59,21.25
4967.8,0,11127,100,88,290.33
4967.8,1,55,0,34,7.24
4967.8,2,15,0,59,21.31
4969.8,0,11103,82,87,234.44
4969.8,1,55,0,34,11.39
4969.8,2,15,0,59,30.13
4971.9,0,11103,98,88,290.87
4971.9,1,55,0,34,7.29
4971.9,2,15,0,59,21.27
4974.0,0,11103,99,88,289.10
4974.0,1,55,0,34,6.99
4974.0,2,15,0,59,21.19
4976.1,0,11103,97,88,290.42
4976.1,1,55,0,34,8.57
4976.1,2,15,1,59,24.72
4978.2,0,11105,99,88,290.25
4978.2,1,55,0,34,7.27
4978.2,2,15,0,59,23.24
4980.3,0,11105,99,88,289.15
4980.3,1,55,0,34,6.78
4980.3,2,15,0,59,21.53
4982.4,0,11105,97,88,290.39
4982.4,1,55,0,34,7.15
4982.4,2,15,0,59,21.32
4984.5,0,11105,97,88,290.70
4984.5,1,55,0,34,11.64
4984.5,2,15,0,59,29.93
4986.5,0,11105,97,88,291.28
4986.5,1,55,0,34,7.15
4986.5,2,15,0,59,21.74
4988.6,0,11105,98,88,289.33
4988.6,1,55,0,34,6.98
4988.6,2,15,0,59,21.39
4990.7,0,11105,99,88,289.56
4990.7,1,55,0,34,8.77
4990.7,2,15,0,59,25.41
4992.8,0,11105,0,83,118.52
4992.8,1,55,0,34,7.75
4992.8,2,15,0,59,22.07
4994.8,0,11105,0,81,106.58
4994.8,1,55,0,34,7.16
4994.8,2,15,0,59,20.44
4996.9,0,11105,0,80,104.05
4996.9,1,55,0,34,6.73
4996.9,2,15,0,59,20.72
4999.0,0,11105,0,79,103.48
4999.0,1,55,0,34,11.67
4999.0,2,15,0,59,30.47
5001.1,0,11105,100,83,296.70
5001.1,1,55,0,34,7.22
5001.1,2,15,0,59,21.61
5003.1,0,11105,89,84,297.20
5003.1,1,55,0,34,6.95
5003.1,2,15,0,59,21.77
5005.2,0,11105,95,85,297.00
5005.2,1,55,0,34,9.26
5005.2,2,15,0,59,29.91
5007.3,0,11105,97,85,290.61
5007.3,1,55,0,34,7.75
5007.3,2,15,0,59,23.14
5009.4,0,11105,98,85,288.56
5009.4,1,55,0,34,6.73
5009.4,2,15,0,59,21.60
5011.5,0,11105,99,85,296.95
5011.5,1,55,0,34,7.24
5011.5,2,15,0,59,21.72
5013.6,0,11105,98,85,292.45
5013.6,1,55,0,34,7.56
5013.6,2,15,0,59,22.67
5015.7,0,11105,96,85,296.90
5015.7,1,55,0,34,6.92
5015.7,2,15,0,59,21.33
5017.8,0,11105,98,86,291.32
5017.8,1,55,0,34,7.05
5017.8,2,15,0,59,21.50
5019.8,0,11105,98,86,298.49
5019.8,1,55,0,34,11.78
5019.8,2,15,0,59,30.48
5021.9,0,11105,97,86,298.57
5021.9,1,55,0,34,7.03
5021.9,2,15,0,59,21.43
5024.0,0,11105,32,84,285.66
5024.0,1,55,0,34,6.99
5024.0,2,15,0,59,21.40
5026.1,0,11105,3,81,128.31
5026.1,1,55,0,34,8.05
5026.1,2,15,0,59,20.74
5028.1,0,11105,95,83,150.52
5028.1,1,55,0,34,7.43
5028.1,2,15,0,59,22.60
5030.2,0,11105,97,85,298.88
5030.2,1,55,0,34,6.47
5030.2,2,15,0,59,21.41
5032.3,0,11105,5,81,177.12
5032.3,1,55,0,34,6.59
5032.3,2,15,0,59,21.43
5034.3,0,11105,8,79,121.79
5034.3,1,55,0,34,10.89
5034.3,2,15,0,59,30.21
5036.4,0,11105,8,78,116.76
5036.4,1,55,0,34,6.49
5036.4,2,15,0,59,20.93
5038.5,0,11105,3,77,111.39
5038.5,1,55,0,34,6.26
5038.5,2,15,0,59,20.64
5040.5,0,11105,41,81,179.91
5040.5,1,55,0,34,8.11
5040.5,2,15,0,59,21.62
5042.6,0,11105,96,82,297.81
5042.6,1,55,0,34,7.35
5042.6,2,15,0,59,22.48
5044.7,0,11105,0,80,156.87
5044.7,1,55,0,34,6.86
5044.7,2,15,0,59,20.83
5046.8,0,11105,38,79,289.07
5046.8,1,55,0,34,6.80
5046.8,2,15,0,59,21.68
5048.9,0,11101,0,76,107.22
5048.9,1,55,0,34,11.97
5048.9,2,15,0,59,30.41
5050.9,0,11103,98,82,296.79
5050.9,1,55,0,34,6.84
5050.9,2,15,0,59,21.57
5053.0,0,11103,98,82,298.06
5053.0,1,55,0,34,6.46
5053.0,2,15,0,59,21.46
5055.1,0,11103,99,83,297.06
5055.1,1,55,0,34,8.34
5055.1,2,15,0,59,25.44
5057.2,0,11103,98,83,297.28
5057.2,1,55,0,34,7.15
5057.2,2,15,0,59,22.80
5059.3,0,11103,96,84,297.85
5059.3,1,55,0,34,6.47
5059.3,2,15,0,59,21.24
5061.3,0,11105,94,84,297.54
5061.3,1,55,0,34,6.67
5061.3,2,15,0,59,21.44
5063.4,0,11105,100,84,298.16
5063.4,1,55,0,34,11.04
5063.4,2,15,0,59,29.99
5065.5,0,11105,98,85,298.62
5065.5,1,55,0,34,6.55
5065.5,2,15,0,59,21.50
5067.6,0,11105,99,85,298.69
5067.6,1,55,0,34,6.28
5067.6,2,15,0,59,21.41
5069.6,0,11105,99,85,298.58
5069.6,1,55,0,34,8.61
5069.6,2,15,0,59,30.39
5071.7,0,11105,99,86,298.91
5071.7,1,55,0,34,6.88
5071.7,2,15,0,59,22.05
5073.8,0,11105,98,86,298.00
5073.8,1,55,0,34,6.46
5073.8,2,15,0,59,21.25
5075.9,0,11105,96,86,299.14
5075.9,1,55,0,34,6.18
5075.9,2,15,0,59,21.21
5077.9,0,11105,99,87,298.96
5077.9,1,55,0,34,10.47
5077.9,2,15,0,59,29.78
5080.0,0,11105,98,87,298.20
5080.0,1,55,0,34,5.68
5080.0,2,15,0,59,21.76
5082.1,0,11105,99,87,298.27
5082.1,1,55,0,34,5.79
5082.1,2,15,0,59,21.25
5084.1,0,11105,97,87,298.19
5084.1,1,55,0,34,9.73
5084.1,2,15,0,59,29.75
5086.2,0,11105,98,87,296.95
5086.2,1,55,0,34,6.22
5086.2,2,15,0,59,21.45
5088.3,0,11105,98,87,295.98
5088.3,1,55,0,34,5.66
5088.3,2,15,0,59,21.17
5090.3,0,11105,99,87,292.00
5090.3,1,55,0,34,5.80
5090.3,2,15,0,59,21.05
5092.4,0,11081,96,88,289.09
5092.4,1,55,0,34,10.49
5092.4,2,15,0,59,30.19
5094.5,0,11081,98,88,286.84
5094.5,1,55,0,34,5.72
5094.5,2,15,0,59,21.24
5096.6,0,11081,98,88,286.18
5096.6,1,55,0,34,5.86
5096.6,2,15,0,59,21.01
5098.6,0,11081,97,88,284.83
5098.6,1,55,0,34,11.32
5098.6,2,15,0,59,30.14
5100.7,0,11081,97,88,285.42
5100.7,1,55,0,34,6.83
5100.7,2,15,0,59,21.44
5102.8,0,11081,98,88,284.36
5102.8,1,55,0,34,6.69
5102.8,2,15,0,59,20.97
5104.9,0,11081,0,83,118.49
5104.9,1,55,0,34,6.81
5104.9,2,15,0,59,20.99
5106.9,0,11081,0,82,105.75
5106.9,1,55,0,34,7.46
5106.9,2,15,0,59,21.94
5109.0,0,11081,94,86,293.95
5109.0,1,55,0,34,6.88
5109.0,2,15,0,59,21.13
5111.1,0,11081,95,86,293.53
5111.1,1,55,0,34,6.97
5111.1,2,15,0,59,21.49
5113.2,0,11081,6,81,129.41
5113.2,1,55,0,34,11.15
5113.2,2,15,0,59,30.30
5115.3,0,2749,91,86,285.78
5115.3,1,55,0,34,7.15
5115.3,2,15,0,59,21.35
5117.4,0,2749,4,81,122.33
5117.4,1,55,0,34,6.53
5117.4,2,15,0,59,20.79
5119.5,0,2749,6,79,109.94
5119.5,1,55,0,34,7.18
5119.5,2,15,0,59,22.36
5121.5,0,2749,87,84,275.78
5121.5,1,55,0,34,6.69
5121.5,2,15,0,59,23.06
5123.6,0,2549,0,79,110.88
5123.6,1,55,0,34,6.43
5123.6,2,15,0,59,20.98
5125.7,0,2549,85,80,255.68
5125.7,1,55,0,34,6.74
5125.7,2,15,0,59,21.35
5127.8,0,2749,94,83,292.20
5127.8,1,55,0,34,10.24
5127.8,2,15,0,59,29.45
5129.8,0,2749,93,84,293.52
5129.8,1,55,0,34,6.04
5129.8,2,15,0,59,21.61
5131.9,0,2749,94,84,288.10
5131.9,1,55,0,34,5.82
5131.9,2,15,0,59,21.32
5134.0,0,2749,94,85,288.10
5134.0,1,55,0,34,7.81
5134.0,2,15,0,59,23.75
5136.0,0,2749,95,85,294.05
5136.0,1,55,0,34,6.26
5136.0,2,15,0,59,22.36
5138.1,0,2749,94,85,289.59
5138.1,1,55,0,34,5.81
5138.1,2,15,0,59,21.42
5140.2,0,1745,0,79,108.58
5140.2,1,55,0,34,6.03
5140.2,2,15,0,59,20.82
5142.2,0,1745,0,78,102.45
5142.2,1,55,0,34,10.22
5142.2,2,15,0,59,30.34
5144.3,0,1745,0,77,101.85
5144.3,1,55,0,34,6.08
5144.3,2,15,0,59,21.00
5146.4,0,1745,0,76,100.20
5146.4,1,55,0,34,5.97
5146.4,2,15,0,59,20.47
5148.4,0,1745,0,75,99.19
5148.4,1,55,0,34,7.45
5148.4,2,15,0,59,23.99
5150.5,0,1745,0,74,98.32
5150.5,1,55,0,34,6.05
5150.5,2,15,0,59,22.18
5152.6,0,1745,0,74,97.21
5152.6,1,55,0,34,5.77
5152.6,2,15,0,59,20.42
5154.6,0,1745,0,73,95.92
5154.6,1,55,0,34,5.51
5154.6,2,15,0,59,20.37
5156.7,0,1745,0,70,31.20
5156.7,1,55,0,34,10.07
5156.7,2,15,0,59,29.93
5158.8,0,1745,0,69,27.76
5158.8,1,55,0,34,6.44
5158.8,2,15,0,59,20.73
5160.9,0,1745,0,68,27.81
5160.9,1,55,0,34,7.14
5160.9,2,15,0,58,20.36
5163.0,0,1745,0,68,34.79
5163.0,1,55,0,34,8.93
5163.0,2,15,0,59,24.67
5165.0,0,1745,0,67,28.04
5165.0,1,55,0,34,7.16
5165.0,2,15,0,59,21.39
5167.1,0,1745,0,66,27.42
5167.1,1,55,0,34,7.08
5167.1,2,15,0,58,20.30
5169.2,0,1745,0,66,28.71
5169.2,1,55,0,34,6.90
5169.2,2,15,0,59,20.72
5171.3,0,1745,0,66,27.93
5171.3,1,55,0,34,11.74
5171.3,2,15,0,59,22.22
5173.4,0,1745,0,65,26.75
5173.4,1,55,0,34,7.00
5173.4,2,15,0,58,20.33
5175.4,0,1745,0,64,26.76
5175.4,1,55,0,34,7.01
5175.4,2,15,0,58,20.40
5177.5,0,1745,0,64,33.16
5177.5,1,55,0,34,11.76
5177.5,2,15,0,59,29.65
5179.6,0,1745,0,63,26.42
5179.6,1,55,0,34,7.32
5179.6,2,15,0,59,21.84
5181.7,0,1745,0,63,26.06
5181.7,1,55,0,34,7.07
5181.7,2,15,0,58,20.34
5183.8,0,1745,0,63,32.48
5183.8,1,55,0,34,7.33
5183.8,2,15,0,58,21.97
5185.9,0,1745,0,62,25.84
5185.9,1,55,0,34,7.20
5185.9,2,15,0,58,21.56
5187.9,0,1745,0,62,25.24
5187.9,1,55,0,34,6.70
5187.9,2,15,0,58,20.33
5190.0,0,1745,0,61,25.12
5190.0,1,55,0,34,6.99
5190.0,2,15,0,58,20.51
5192.1,0,1745,0,62,31.49
5192.1,1,55,0,35,11.27
5192.1,2,15,0,58,30.23
5194.2,0,1745,0,61,25.01
5194.2,1,55,0,34,6.71
5194.2,2,15,0,58,20.90
5196.3,0,1745,0,61,24.51
5196.3,1,55,0,34,6.67
5196.3,2,15,0,58,20.35
5198.4,0,1745,0,61,31.24
5198.4,1,55,0,34,7.99
5198.4,2,15,0,58,22.97
5200.5,0,1745,0,60,23.68
5200.5,1,55,0,35,7.37
5200.5,2,15,0,58,21.94
5202.6,0,1745,0,60,23.36
5202.6,1,55,0,34,6.97
5202.6,2,15,0,58,20.36
5204.7,0,1745,0,59,23.76
5204.7,1,55,0,34,6.88
5204.7,2,15,0,58,20.43
5206.7,0,1745,0,60,25.19
5206.7,1,55,0,34,11.25
5206.7,2,15,0,58,29.98
5208.8,0,1745,0,59,23.04
5208.8,1,55,0,34,7.09
5208.8,2,15,0,58,20.60
5210.9,0,1745,0,59,23.00
5210.9,1,55,0,34,7.03
5210.9,2,15,0,58,20.39
5213.0,0,1745,0,59,30.41
5213.0,1,55,0,34,8.71
5213.0,2,15,0,58,24.33
5215.1,0,1745,0,58,23.39
5215.1,1,55,0,34,7.01
5215.1,2,15,0,58,21.35
5217.2,0,1745,0,58,22.86
5217.2,1,55,0,34,6.82
5217.2,2,15,0,58,20.39
5219.3,0,1745,0,58,26.13
5219.3,1,55,0,34,6.81
5219.3,2,15,0,58,20.35
5221.3,0,1745,0,58,23.69
5221.3,1,55,0,35,11.98
5221.3,2,15,0,58,22.12
5223.4,0,1745,0,58,22.60
5223.4,1,55,0,34,7.21
5223.4,2,15,0,58,20.37
5225.5,0,1745,0,57,22.79
5225.5,1,55,0,34,7.12
5225.5,2,15,0,58,20.53
5227.6,0,1745,0,58,30.72
5227.6,1,55,0,35,11.27
5227.6,2,15,0,58,24.91
5229.7,0,1745,0,57,22.76
5229.7,1,55,0,34,7.16
5229.7,2,15,0,58,20.66
5231.8,0,1745,0,57,22.47
5231.8,1,55,0,34,6.59
5231.8,2,15,0,58,20.38
5233.8,0,1745,0,57,26.20
5233.8,1,55,0,34,7.03
5233.8,2,15,0,58,21.31
5235.9,0,1745,0,57,23.73
5235.9,1,55,0,35,7.54
5235.9,2,15,0,58,21.51
5238.0,0,1745,0,57,22.18
5238.0,1,55,0,34,7.12
5238.0,2,15,0,58,20.35
5240.1,0,1745,0,56,22.47
5240.1,1,55,0,34,7.06
5240.1,2,15,0,58,20.44
5242.2,0,1745,0,57,29.87
5242.2,1,55,0,35,11.66
5242.2,2,15,0,58,30.19
5244.3,0,1745,0,56,22.12
5244.3,1,55,0,34,7.38
5244.3,2,15,0,58,20.82
5246.3,0,1745,0,56,22.27
5246.3,1,55,0,34,7.12
5246.3,2,15,0,58,20.31
5248.4,0,1745,0,56,30.11
5248.4,1,55,0,35,7.93
5248.4,2,15,0,58,22.43
5250.5,0,1745,0,56,21.88
5250.5,1,55,0,35,7.57
5250.5,2,15,0,58,21.95
5252.6,0,1745,0,56,22.11
5252.6,1,55,0,34,6.88
5252.6,2,15,0,58,20.35
5254.7,0,1745,0,55,21.96
5254.7,1,55,0,34,7.03
5254.7,2,15,0,57,20.50
5256.8,0,1745,0,56,23.40
5256.8,1,55,0,35,11.65
5256.8,2,15,0,58,30.12
5258.9,0,1745,0,55,21.74
5258.9,1,55,0,34,7.11
5258.9,2,15,0,57,20.53
5261.0,0,1745,0,55,21.89
5261.0,1,55,0,34,6.84
5261.0,2,15,0,57,20.34
5263.1,0,1745,0,55,29.63
5263.1,1,55,0,35,9.06
5263.1,2,15,0,58,23.48
5265.2,0,1745,0,55,21.93
5265.2,1,55,0,35,7.50
5265.2,2,15,0,58,21.06
5267.3,0,1745,0,55,21.70
5267.3,1,55,0,34,6.86
5267.3,2,15,0,57,20.43
5269.3,0,1745,1,55,24.49
5269.3,1,55,0,34,7.04
5269.3,2,15,0,57,20.36
5271.4,0,1745,0,55,22.82
5271.4,1,55,0,35,11.86
5271.4,2,15,0,58,29.65
5273.5,0,1745,0,54,21.57
5273.5,1,55,0,34,7.17
5273.5,2,15,0,57,20.77
5275.6,0,1745,0,54,21.55
5275.6,1,55,0,34,7.13
5275.6,2,15,0,57,20.39
5277.7,0,1745,0,55,29.70
5277.7,1,55,0,35,11.29
5277.7,2,15,0,58,29.85
5279.8,0,1745,0,54,22.07
5279.8,1,55,0,34,7.08
5279.8,2,15,0,57,20.60
5281.8,0,1745,0,54,21.67
5281.8,1,55,0,34,6.76
5281.8,2,15,0,57,20.38
5283.9,0,1745,0,54,24.91
5283.9,1,55,0,34,6.57
5283.9,2,15,0,57,20.34
5286.0,0,1745,0,54,23.14
5286.0,1,55,0,35,11.46
5286.0,2,15,0,57,30.11
5288.1,0,1745,0,54,21.60
5288.1,1,55,0,34,6.76
5288.1,2,15,0,57,20.40
5290.1,0,1745,0,54,21.59
5290.1,1,55,0,34,6.86
5290.1,2,15,0,57,20.51
5292.2,0,1745,0,54,29.45
5292.2,1,55,0,35,11.67
5292.2,2,15,0,57,30.40
5294.3,0,1745,0,54,21.35
5294.3,1,55,0,34,7.21
5294.3,2,15,0,57,20.85
5296.4,0,1745,0,53,21.52
5296.4,1,55,0,34,6.77
5296.4,2,15,0,57,20.42
5298.5,0,1745,0,54,25.39
5298.5,1,55,0,34,6.78
5298.5,2,15,0,57,21.08
5300.6,0,1745,0,54,22.49
5300.6,1,55,0,35,7.43
5300.6,2,15,0,57,21.80
5302.7,0,1745,0,53,21.45
5302.7,1,55,0,34,6.87
5302.7,2,15,0,57,20.33
5304.8,0,1745,0,53,21.40
5304.8,1,55,0,34,7.11
5304.8,2,15,0,57,20.50
5306.9,0,1745,0,54,23.08
5306.9,1,55,0,35,11.48
5306.9,2,15,0,57,30.06
5308.9,0,1745,0,53,21.66
5308.9,1,55,0,34,7.17
5308.9,2,15,0,57,20.49
5311.0,0,1745,0,53,21.52
5311.0,1,55,0,34,6.78
5311.0,2,15,0,57,20.37
5313.1,0,1745,0,53,29.38
5313.1,1,55,0,35,8.72
5313.1,2,15,0,57,22.29
5315.2,0,1745,0,53,21.86
5315.2,1,55,0,35,7.01
5315.2,2,15,0,57,22.18
5317.3,0,1745,0,53,21.36
5317.3,1,55,0,34,6.56
5317.3,2,15,0,57,20.35
5319.4,0,1745,0,53,23.22
5319.4,1,55,0,34,6.86
5319.4,2,15,0,57,20.47
5321.5,0,1745,0,53,22.36
5321.5,1,55,0,35,11.58
5321.5,2,15,0,57,29.66
5323.5,0,1745,0,53,21.22
5323.5,1,55,0,34,6.97
5323.5,2,15,0,57,20.69
5325.6,0,1745,0,52,21.41
5325.6,1,55,0,34,6.77
5325.6,2,15,0,57,20.38
5327.7,0,1745,0,53,29.62
5327.7,1,55,0,35,8.84
5327.7,2,15,0,57,29.91
5329.8,0,1745,0,52,21.53
5329.8,1,55,0,35,6.85
5329.8,2,15,0,57,21.67
5331.9,0,1745,0,52,21.25
5331.9,1,55,0,34,6.56
5331.9,2,15,0,57,20.42
5334.0,0,1745,0,53,23.98
5334.0,1,55,0,34,6.80
5334.0,2,15,0,56,20.52
